member_id,group_id,Max_Fatigue_UC,Max_Lift_UC,Max_Strength_UC,UC_max,color,Governing_Check
3001-3509,LBP,1.553,0.0796361265091851,0.3480326989761981,1.553,255 0   0,Fatigue
3001-2297,YR4,1.553,0.091649614175863,0.2889339387799974,1.553,255 0   0,Fatigue
2222-3001,E02,1.553,0.0796361265091851,0.346757492267856,1.553,255 0   0,Fatigue
3018-4500,ZH4,0.003,1.3627050167251773,0.30258583400725,1.3627050167251773,255 0   0,Lift
4500-4524,QX2,0.192,1.3627050167251773,0.6329554070577574,1.3627050167251773,255 0   0,Lift
1377-1374,C12,0.214,0.1164305171740197,1.2443016617047986,1.2443016617047986,255 0   0,Strength
1564-1377,Y80,0.214,0.1561017967715512,1.2443016617047986,1.2443016617047986,255 0   0,Strength
1125-1127,LP5,0.063,1.2374501745154696,0.7715557246432059,1.2374501745154696,255 0   0,Lift
1575-1125,880,0.045,1.2374501745154696,0.6670718120827313,1.2374501745154696,255 0   0,Lift
PK04-1125,OY2,0.063,1.2161902521760946,0.6957435727984896,1.2161902521760946,255 0   0,Lift
1098-1102,LP4,0.115,1.2093048145848626,0.6670830168998702,1.2093048145848626,255 0   0,Lift
1576-1102,980,0.115,1.2093048145848626,0.6670830168998702,1.2093048145848626,255 0   0,Lift
PK01-1102,NY2,0.115,1.19415279972462,0.6664454124570613,1.19415279972462,255 0   0,Lift
PK06-1377,E12,0.214,0.1099483955685816,1.1602016290777002,1.1602016290777002,255 0   0,Strength
2024-4500,NI2,0.018,1.1465082099402095,0.6289522130830305,1.1465082099402095,255 0   0,Lift
2098-2095,SZ2,0.549,1.113202113741447,0.5450166732949864,1.113202113741447,255 0   0,Lift
2098-2048,V30,0.549,1.113202113741447,0.4286684727246684,1.113202113741447,255 0   0,Lift
3037-2223,K02,1.102,0.0760539000191582,0.3331079227856501,1.102,255 0   0,Fatigue
2295-3037,ZS4,1.102,0.0868249988216898,0.274683450443216,1.102,255 0   0,Fatigue
3037-3249,L02,1.102,0.0760539000191582,0.3336422141545243,1.102,255 0   0,Fatigue
2542-3520,CY2,1.087,0.1336304449188648,0.1795741231396804,1.087,255 0   0,Fatigue
3520-3038,XE2,1.087,0.1967697774412149,0.2402822564159251,1.087,255 0   0,Fatigue
3520-3521,EY2,1.087,0.1340103035021723,0.1792147511791342,1.087,255 0   0,Fatigue
2098-1124,RZ2,0.549,1.0553323812241793,0.5611716371520266,1.0553323812241793,255 0   0,Lift
1560-1169,2S0,0.086,0.3056053568436677,1.019479431742394,1.019479431742394,255 0   0,Strength
1560-1266,530,0.086,0.3056053568436677,1.019479431742394,1.019479431742394,255 0   0,Strength
1562-1170,3S0,0.065,0.2712403802500163,1.017758200346106,1.017758200346106,255 0   0,Strength
1562-1314,630,0.11,0.3228518865124216,1.017758200346106,1.017758200346106,255 0   0,Strength
Q748-4918,V60,0.001,0.4495665995189862,0.9895005047223194,0.9895005047223194,255 40  0,Strength
Q748-Q871,JW8,0.0,0.4499154642344121,0.9895005047223194,0.9895005047223194,255 40  0,Strength
2301-2298,XA4,0.548785941295278,0.5156294224597846,0.9884658879996172,0.9884658879996172,255 40  0,Strength
1348-1563,HHB,0.336,0.1635666055470502,0.9851441345309526,0.9851441345309526,255 40  0,Strength
1348-1353,LPB,0.336,0.1275390567651868,0.9851441345309526,0.9851441345309526,255 40  0,Strength
1036-2098,JE2,0.08,0.9746649450204736,0.5611716371520266,0.9746649450204736,255 40  0,Lift
PK07-1348,F12,0.336,0.1354488048376643,0.9689794999281184,0.9689794999281184,255 40  0,Strength
1077-1040,DH2,0.0002836593714165,0.965340121471836,0.3769841146620501,0.965340121471836,255 40  0,Lift
3519-3518,HAW,0.2397100655053821,0.2640699002391484,0.9593499964343416,0.9593499964343416,255 40  0,Strength
1557-1264,430,0.02,0.2366473791778505,0.957433116735172,0.957433116735172,255 40  0,Strength
1557-1168,1S0,0.02,0.2366473791778505,0.957433116735172,0.957433116735172,255 40  0,Strength
4917-Q748,Q50,0.003,0.4499154642344121,0.9406640130592944,0.9406640130592944,255 80 0,Strength
2066-2057,N30,0.367,0.8910985333268177,0.36950317027463,0.8910985333268177,255 80 0,Lift
2066-2065,QZ2,0.492,0.8910985333268177,0.4407015395605739,0.8910985333268177,255 80 0,Lift
1509-1530,2X2,0.051,0.372306513080036,0.8842073829605305,0.8842073829605305,255 80 0,Strength
1509-1262,Y20,0.041,0.2513616612166972,0.8842073829605305,0.8842073829605305,255 80 0,Strength
1078-1047,EH2,0.0002148083058011,0.8824394542507943,0.3976127829629349,0.8824394542507943,255 80 0,Lift
1268-1350,L80,0.227,0.0372885576739237,0.8823522111222554,0.8823522111222554,255 80 0,Strength
1268-1558,AX2,0.402,0.2497999361868491,0.8823522111222554,0.8823522111222554,255 80 0,Strength
4500-4501,100,0.006,0.8822096782931934,0.4017071914858581,0.8822096782931934,255 80 0,Lift
1349-1354,LCK,5.253250203585403e-05,0.1118958620217166,0.8814631443252032,0.8814631443252032,255 80 0,Strength
1120-1509,LFB,0.051,0.3740360008646111,0.8762256409422348,0.8762256409422348,255 80 0,Strength
1271-1268,BX2,0.402,0.1963257664612681,0.8754484541481609,0.8754484541481609,255 80 0,Strength
1380-1378,612,3.805796471225247e-05,0.1243295656994014,0.8711864848008204,0.8711864848008204,255 80 0,Strength
4500-3616,3H2,0.192,0.8662355032667772,0.4511435291026411,0.8662355032667772,255 80 0,Lift
2536-3575,J02,0.859,0.1455293579246189,0.2691346119679187,0.859,255 80 0,Fatigue
3575-3522,Y02,0.859,0.1461140271745634,0.2691346119679187,0.859,255 80 0,Fatigue
3575-3526,V02,0.859,,,0.859,255 80 0,Fatigue
2066-1101,LB1,0.492,0.8535701213202188,0.4517925781046608,0.8535701213202188,255 80 0,Lift
Q483-BO96,KE0,0.003,0.3793757231758677,0.8461570709202965,0.8461570709202965,255 100 0,Strength
Q483-4001,GW0,0.003,0.374254319441535,0.8461570709202965,0.8461570709202965,255 100 0,Strength
2298-3211,0S4,0.845,0.1502574289553736,0.2893622479948139,0.845,255 100 0,Fatigue
3211-3267,XAP,0.845,0.1494753616545503,0.2744929506631047,0.845,255 100 0,Fatigue
3211-G095,EM1,0.845,0.0135123538224743,0.2255055136782952,0.845,255 100 0,Fatigue
4875-LGD1,VZ2,0.047,0.2400766387145192,0.8354855273303045,0.8354855273303045,255 100 0,Strength
4875-4880,G50,0.015,0.3776168998538816,0.8354855273303045,0.8354855273303045,255 100 0,Strength
1041-1077,AH2,7.869680531303335e-05,0.8262169879638296,0.3400678004327554,0.8262169879638296,255 100 0,Lift
3146-4875,TZ2,0.047,0.2400685385301613,0.820966440108721,0.820966440108721,255 100 0,Strength
3307-3308,O70,0.82,0.0657663359944969,0.1321519801011542,0.82,255 100 0,Fatigue
3308-3309,P70,0.82,0.0608981562475324,0.1314557286440545,0.82,255 100 0,Fatigue
3308-G392,NJ1,0.82,0.0155795533855672,0.2357631526871488,0.82,255 100 0,Fatigue
1509-1309,Z30,0.051,0.3740360008646111,0.8155265230503385,0.8155265230503385,255 100 0,Strength
4002-Q483,FW0,0.003,0.3793757231758677,0.8149741752300053,0.8149741752300053,255 100 0,Strength
2258-2546,R40,0.086,0.8148197834996036,0.3554470565256009,0.8148197834996036,255 100 0,Lift
1040-2546,9H2,0.003,0.8148197834996036,0.3030007252241662,0.8148197834996036,255 100 0,Lift
3616-3548,HZ2,0.0036415171204568,0.8125161776736438,0.3600553185947354,0.8125161776736438,255 100 0,Lift
Q773-4891,170,0.002,0.4845856446474283,0.8073167384953458,0.8073167384953458,255 100 0,Strength
4891-3168,SX2,0.049,0.382331659851738,0.8073167384953458,0.8073167384953458,255 100 0,Strength
4190-3572,QX0,0.058,0.269505745327826,0.8059821326020881,0.8059821326020881,255 100 0,Strength
3572-4186,KV0,0.058,0.269505745327826,0.8059821326020881,0.8059821326020881,255 100 0,Strength
1046-1078,BH2,6.884763923698978e-05,0.7832604278805284,0.5280527067641945,0.7832604278805284,255 100 0,Lift
3216-3208,UA4,0.783,0.0532309583144129,0.1839521778173075,0.783,255 100 0,Fatigue
3216-G059,HM1,0.783,0.0081825736949626,0.2018794339421635,0.783,255 100 0,Fatigue
2299-3216,1S4,0.783,0.059323723666781,0.1934056231002952,0.783,255 100 0,Fatigue
1515-1562,030,0.373,0.2797438176251275,0.7804183054102837,0.7804183054102837,255 100 0,Strength
1025-1021,7H2,0.0003127436855765,0.7794392601892017,0.3694176591511983,0.7794392601892017,255 100 0,Lift
4891-4890,TX2,0.049,0.3778287353402479,0.777535082872001,0.777535082872001,255 100 0,Strength
1015-2066,GE2,0.056,0.7760850386904077,0.4517925781046608,0.7760850386904077,255 100 0,Lift
1286-1560,D20,0.086,0.2449939714862937,0.7735555297524682,0.7735555297524682,255 100 0,Strength
1544-1125,330,0.06,0.3896981693209495,0.7715557246432059,0.7715557246432059,255 100 0,Strength
2209-2145,ZZ2,7.564105204622371e-05,0.1558959525233573,0.7711056521912164,0.7711056521912164,255 100 0,Strength
1047-2546,CH2,0.003,0.7706800301157264,0.3708660453816934,0.7706800301157264,255 100 0,Lift
3557-4500,NX2,0.192,0.7692230519682469,0.6530748098080719,0.7692230519682469,255 100 0,Lift
2004-3085,DI2,0.029,0.1272012304315163,0.765796426232373,0.765796426232373,255 100 0,Strength
3092-3236,LZ1,0.765,0.0588003877652044,0.4498216193790065,0.765,255 100 0,Fatigue
3092-3160,8S4,0.765,0.0985199852493536,0.3533189965290823,0.765,255 100 0,Fatigue
3092-2280,LB0,0.765,0.0589706764628082,0.4487708400136287,0.765,255 100 0,Fatigue
2217-3170,TD2,0.757,0.1356236220128509,0.7170790380178655,0.757,255 100 0,Fatigue
3237-3170,LAG,0.757,0.0911579191188144,0.5109185061524496,0.757,255 100 0,Fatigue
3170-2281,LAE,0.757,0.0905913913181786,0.5071413358152049,0.757,255 100 0,Fatigue
4905-LGD3,WZ2,0.042,0.7524618876418634,0.5704656602529828,0.7524618876418634,255 100 0,Lift
3575-3118,H18,0.752,0.0398378805804564,0.2107726704614646,0.752,255 100 0,Fatigue
2138-2142,202,0.751,0.1175999930118938,0.4775935916564915,0.751,255 100 0,Fatigue
2138-2550,HAX,0.751,0.1622756844939083,0.4583442871465701,0.751,255 100 0,Fatigue
2138-1254,102,0.751,0.1175725231238805,0.4632190026261462,0.751,255 100 0,Fatigue
1035-2008,LAO,0.746,0.1483723008740407,0.4793288037440303,0.746,255 255 0,Fatigue
2008-2058,VAA,0.746,0.1115913670077292,0.4002469744883187,0.746,255 255 0,Fatigue
2008-2007,5Z2,0.746,0.1440569277554648,0.4951156393748429,0.746,255 255 0,Fatigue
1102-1177,HED,0.062,0.7448144680905734,0.6205562550657474,0.7448144680905734,255 255 0,Lift
1167-1564,OR0,0.001,0.2300529757751125,0.743805396092614,0.743805396092614,255 255 0,Strength
1373-1564,HHG,0.002,0.183940180562318,0.743805396092614,0.743805396092614,255 255 0,Strength
4004-4875,PZ0,0.038,0.2997545103059247,0.7422085348876984,0.7422085348876984,255 255 0,Strength
3067-3238,LBZ,0.741,0.1508746476703865,0.3213727641428222,0.741,255 255 0,Fatigue
3067-3088,ES4,0.741,0.2712586419649466,0.2280171789922033,0.741,255 255 0,Fatigue
3067-2275,AY2,0.741,0.1511728824319961,0.3199661097787874,0.741,255 255 0,Fatigue
2012-2004,EI2,0.0036812302148598,0.1211854315110852,0.7394657973092147,0.7394657973092147,255 255 0,Strength
2208-2144,YY2,8.420299223908669e-05,0.2693954218573114,0.7394460170336341,0.7394460170336341,255 255 0,Strength
3067-3131,DS4,0.738,0.2754684323862215,0.2891106805737913,0.738,255 255 0,Fatigue
1125-1041,HH2,0.002,0.7357817309692316,0.3041978095466713,0.7357817309692316,255 255 0,Lift
3138-3245,HBH,0.1024457753534188,0.0981106063383979,0.7332194023250579,0.7332194023250579,255 255 0,Strength
1054-1052,LAB,0.248,0.6350950927011029,0.7314259122188822,0.7314259122188822,255 255 0,Strength
0017-1052,R10,0.065,0.1744563716158192,0.7314259122188822,0.7314259122188822,255 255 0,Strength
3001-3251,TV4,0.731,0.09903838602953,0.3334930200680277,0.731,255 255 0,Fatigue
4891-Q778,L50,0.001,0.6164139201640435,0.7309727165204142,0.7309727165204142,255 255 0,Strength
1284-1282,002,8.289471442840446e-06,0.1140050831539604,0.7302287608797575,0.7302287608797575,255 255 0,Strength
2501-2003,II2,0.072,0.1487340990687703,0.7296503969364725,0.7296503969364725,255 255 0,Strength
1258-1557,820,0.06,0.2045665989299615,0.7293734745050018,0.7293734745050018,255 255 0,Strength
3552-3557,LAP,1.0198393560384689e-07,0.7287770183861904,0.116279813227579,0.7287770183861904,255 255 0,Lift
1257-1254,Z02,2.164625933641857e-06,0.0931549740066562,0.7249409745967801,0.7249409745967801,255 255 0,Strength
1282-2175,LAC,0.724,0.1091646120816706,0.3975203403070882,0.724,255 255 0,Fatigue
2175-2553,FX0,0.724,0.0747630890063481,0.4019067495356295,0.724,255 255 0,Fatigue
2175-2174,502,0.724,0.110653870194361,0.4414731734467562,0.724,255 255 0,Fatigue
2095-2097,SY2,3.340497715344901e-05,0.7235228136263351,0.4061469521969351,0.7235228136263351,255 255 0,Lift
2285-3092,OC2,0.041,0.1207584874860044,0.7231942922703477,0.7231942922703477,255 255 0,Strength
2546-2250,S40,0.086,0.7137540954614693,0.3708660453816934,0.7137540954614693,255 255 0,Lift
2048-2051,E30,0.0023893059164807,0.713207313775564,0.2901592587436913,0.713207313775564,255 255 0,Lift
BO99-Q743,F60,0.018,0.3981907930780597,0.7114989319475733,0.7114989319475733,255 255 0,Strength
Q743-Q900,JW7,0.0,0.3981907930780597,0.7114989319475733,0.7114989319475733,255 255 0,Strength
Q743-4885,U60,1.999290743045159e-07,0.3974881075705305,0.707976647857349,0.707976647857349,255 255 0,Strength
2202-2214,VCG,0.263,0.0771173391700537,0.7076519952482588,0.7076519952482588,255 255 0,Strength
3037-3248,QV4,0.706,0.1003784666574853,0.3367845541832226,0.706,255 255 0,Fatigue
1583-1286,Q80,0.01,0.0818893816214522,0.7051527054249573,0.7051527054249573,255 255 0,Strength
2003-2012,CI2,0.0090639247370835,0.1334278337663464,0.7031697934857993,0.7031697934857993,255 255 0,Strength
2288-2285,RC2,0.0024680463567907,0.1196635091219462,0.7007332509769161,0.7007332509769161,255 255 0,Strength
2138-2284,EC2,0.023,0.1618783189821405,0.6978746918505837,0.6978746918505837,255 255 0,Strength
1372-1373,HHC,0.002,0.2200251094108337,0.6950772323459409,0.6950772323459409,255 255 0,Strength
1354-2202,LCO,0.263,0.0728185199361705,0.6898218194921468,0.6898218194921468,255 255 0,Strength
3092-3157,VCB,0.689,0.0857693799501995,0.2660260711144531,0.689,255 255 0,Fatigue
2214-3254,SD2,0.003631189527615,0.0690786658509226,0.6886999841217798,0.6886999841217798,255 255 0,Strength
2284-2288,NC2,0.0015141649688626,0.1464203381921818,0.6864411183384345,0.6864411183384345,255 255 0,Strength
3629-3018,2H4,0.0003980703729239,0.6857321395069338,0.26312451235687,0.6857321395069338,255 255 0,Lift
2260-2217,3E2,0.172,0.1158999913449885,0.6854923675293665,0.6854923675293665,255 255 0,Strength
1527-1535,3X2,0.062,0.1801992521988737,0.685439660512115,0.685439660512115,255 255 0,Strength
1527-1310,130,0.048,0.1476795890821527,0.685439660512115,0.685439660512115,255 255 0,Strength
1165-1561,MR0,0.055,0.2354012542338985,0.6838833764521333,0.6838833764521333,255 255 0,Strength
1565-1561,L70,0.055,0.2087910562495714,0.6838833764521333,0.6838833764521333,255 255 0,Strength
1265-1527,B20,0.062,0.0921849221703648,0.6834520562213181,0.6834520562213181,255 255 0,Strength
1115-1195,020,0.22,0.1994089292503024,0.6828756391150569,0.6828756391150569,255 255 0,Strength
1115-1112,9X2,0.334,0.3135808804452561,0.6828756391150569,0.6828756391150569,255 255 0,Strength
1117-1527,LAF,0.062,0.1814254962111789,0.680741796463415,0.680741796463415,255 255 0,Strength
1045-1042,6X2,0.68,0.2547136026328717,0.515310691023796,0.68,255 255 0,Fatigue
1045-1056,VA2,0.68,0.1159844011124938,0.4574728290621669,0.68,255 255 0,Fatigue
1044-1045,LNA,0.68,0.247407056765931,0.5071061134288872,0.68,255 255 0,Fatigue
2065-2067,QY2,3.805590129442039e-05,0.6799926184760664,0.4370098669034095,0.6799926184760664,255 255 0,Lift
1377-1057,WE2,0.039,0.1295379302711226,0.6783100905073597,0.6783100905073597,255 255 0,Strength
1114-1115,8X2,0.334,0.3618173762701864,0.6753042319098436,0.6753042319098436,255 255 0,Strength
1258-1027,VIK,0.051,0.0583232959891613,0.6752394566111829,0.6752394566111829,255 255 0,Strength
1256-1258,LP6,0.06,0.3498976383565503,0.6752394566111829,0.6752394566111829,255 255 0,Strength
1026-1023,8H2,0.0002411794901151,0.675074885316326,0.3858067010884534,0.675074885316326,255 255 0,Lift
2057-2060,I30,0.003145593501649,0.6745975320759643,0.28442795282388,0.6745975320759643,255 255 0,Lift
2192-2161,MU0,0.0141294784224797,0.1462377274430905,0.6742826361260444,0.6742826361260444,255 255 0,Strength
2031-3104,GI2,0.03,0.0538884100312331,0.6727727657052797,0.6727727657052797,255 255 0,Strength
2202-2201,912,0.263,0.0603820329546829,0.6725894198144802,0.6725894198144802,255 255 0,Strength
1620-1348,730,0.002,0.1550935885523698,0.6723105622564223,0.6723105622564223,255 255 0,Strength
3570-4180,JV0,0.031,0.3549441974033848,0.6719321783628842,0.6719321783628842,255 255 0,Strength
3570-4178,IX0,0.031,0.3549441974033848,0.6719321783628842,0.6719321783628842,255 255 0,Strength
2142-2139,LBC,3.1241095164516405e-05,0.0775256318488098,0.6694524560952217,0.6694524560952217,255 255 0,Strength
PK03-1052,LAD,0.248,0.6156914746059812,0.6674770659729897,0.6674770659729897,255 255 0,Strength
1690-1575,480,1.2301605425196876e-05,0.6652128549594183,0.3521781870729466,0.6652128549594183,255 255 0,Lift
2015-3001,8B2,0.389,0.1477454567449702,0.6649922802730732,0.6649922802730732,255 255 0,Strength
1019-1025,HDC,8.267078485696052e-05,0.6646742428710535,0.3698238393453039,0.6646742428710535,255 255 0,Lift
1123-1124,3Z2,4.973296355321418e-05,0.2294227182006184,0.6623315330930304,0.6623315330930304,255 255 0,Strength
2501-2518,5Y2,0.139,0.1688603994941415,0.6608546741551927,0.6608546741551927,255 255 0,Strength
1028-2501,RE2,0.054,0.0620731831900413,0.6608546741551927,0.6608546741551927,255 255 0,Strength
1102-1543,X10,0.019,0.4144748597973308,0.6593908999651015,0.6593908999651015,255 255 0,Strength
2216-2212,MX2,0.341,0.0789062633926876,0.6593644779276642,0.6593644779276642,255 255 0,Strength
2216-2218,640,0.341,0.0792089881017803,0.6593644779276642,0.6593644779276642,255 255 0,Strength
2193-2162,NU0,0.0139400491747315,0.1199862368406985,0.6574621770800341,0.6574621770800341,255 255 0,Strength
3631-2024,QI2,2.860138428165745e-05,0.656564343219808,0.5798899291612114,0.656564343219808,255 255 0,Lift
1540-2501,2Y2,0.139,0.1685608552694856,0.6549991570731273,0.6549991570731273,255 255 0,Strength
1272-2138,QA2,0.008,0.1260692901947925,0.6549294923279833,0.6549294923279833,255 255 0,Strength
2020-2015,9B2,0.0786804188345318,0.1395933247482579,0.654243394204718,0.654243394204718,255 255 0,Strength
1691-1576,580,3.041357158378315e-05,0.6538770800787023,0.3509749979576659,0.6538770800787023,255 255 0,Lift
1079-1036,KE2,0.0002600076911661,0.6534588442662499,0.3194563035120775,0.6534588442662499,255 255 0,Lift
4500-Q197,200,0.038,0.5187969574157568,0.6530748098080719,0.6530748098080719,255 255 0,Strength
1021-2548,5H2,0.004,0.6530687195842507,0.2965437611626753,0.6530687195842507,255 255 0,Lift
2241-2548,E40,0.085,0.6530687195842507,0.3320506132471362,0.6530687195842507,255 255 0,Lift
1125-1546,5Y0,0.063,0.6523375899591882,0.6231512401553696,0.6523375899591882,255 255 0,Lift
2051-2258,G30,0.0004533565076782,0.6515529945798317,0.2421552805191652,0.6515529945798317,255 255 0,Lift
1169-1175,QR0,0.0003827278594384,0.2135385921772125,0.6514902117822242,0.6514902117822242,255 255 0,Strength
3019-3232,LAX,0.648,0.0650877346393346,0.2864350840680009,0.648,0   255 0,Fatigue
3019-S055,1A4,0.648,0.0727440495575718,0.2254594349728578,0.648,0   255 0,Fatigue
3019-2274,9Y2,0.648,0.0645182782381903,0.2855241645906303,0.648,0   255 0,Fatigue
2034-2031,HI2,0.0035280969574,0.043503094318947,0.6475913053761707,0.6475913053761707,0   255 0,Strength
1366-2216,JX2,0.341,0.0792089881017803,0.6473698872420752,0.6473698872420752,0   255 0,Strength
2565-3170,YB2,0.459,0.0523004519200391,0.643665503426145,0.643665503426145,0   255 0,Strength
1164-1561,LR0,0.015,0.1529052664418456,0.643547870373604,0.643547870373604,0   255 0,Strength
1175-1165,WR0,0.0007955248331516,0.2168772953799962,0.641407977532492,0.641407977532492,0   255 0,Strength
K708-3565,HK1,0.01,0.3469113977784249,0.6395317449573943,0.6395317449573943,0   255 0,Strength
4283-LGB3,012,0.03,0.6381021241628426,0.2122774589722219,0.6381021241628426,0   255 0,Lift
2027-3037,VBY,0.34,0.140340394940471,0.6379147877909791,0.6379147877909791,0   255 0,Strength
1052-1034,LE2,0.248,0.5938588915427954,0.6377559913872847,0.6377559913872847,0   255 0,Strength
1097-1101,LB2,9.639243797540728e-05,0.2084175109352077,0.6365944609323474,0.6365944609323474,0   255 0,Strength
1052-1689,780,0.019,0.6350950927011029,0.5947881722154958,0.6350950927011029,0   255 0,Lift
1286-1279,112,0.081,0.4408289867106235,0.6343072268682866,0.6343072268682866,0   255 0,Strength
3644-3552,OX2,0.0001788193881918,0.6343052979632449,0.0954676454270037,0.6343052979632449,0   255 0,Lift
2516-2030,JI2,0.079,0.0885393866036462,0.6340807898287637,0.6340807898287637,0   255 0,Strength
1276-1272,TA2,0.0013199835912513,0.1131355869967613,0.6325275672433852,0.6325275672433852,0   255 0,Strength
1534-1372,W80,0.0002500780705113,0.0871726506678056,0.6315056431782636,0.6315056431782636,0   255 0,Strength
4164-4166,SV0,0.0004905527827691,0.1893814551358093,0.6314322858122527,0.6314322858122527,0   255 0,Strength
1017-1015,HE2,0.0003305312725788,0.6313848032506367,0.3064792890526643,0.6313848032506367,0   255 0,Lift
2249-2260,2E2,0.2,0.0853557951984739,0.6306212916157753,0.6306212916157753,0   255 0,Strength
4900-4905,P50,0.007,0.6296887385237788,0.5155609196006478,0.6296887385237788,0   255 0,Lift
2174-2172,WY2,5.470202065817374e-05,0.1214428600848609,0.629087481518805,0.629087481518805,0   255 0,Strength
1020-1026,4H2,8.945259897552498e-05,0.6285613589161112,0.5071263127291084,0.6285613589161112,0   255 0,Lift
1689-1690,HFG,2.639107160756252e-05,0.6275032849423259,0.3406218683745909,0.6275032849423259,0   255 0,Lift
2029-2027,BB2,0.0655968497776345,0.1324605517803875,0.625562705832425,0.625562705832425,0   255 0,Strength
1374-1724,G12,0.0001936058176964,0.1062798004500391,0.6248358066149127,0.6248358066149127,0   255 0,Strength
1353-1722,LP9,8.67089885368109e-05,0.0886492271812368,0.6244493572887982,0.6244493572887982,0   255 0,Strength
2566-2565,ZC2,0.1002255290408035,0.0425732205794001,0.624423977072659,0.624423977072659,0   255 0,Strength
4195-4193,4W0,9.876043684961832e-05,0.6242437925106029,0.5388530899616928,0.6242437925106029,0   255 0,Lift
1275-1583,M80,6.439520359335482e-05,0.0614855341602451,0.6241170281636662,0.6241170281636662,0   255 0,Strength
PK08-1258,312,0.06,0.3498976383565502,0.6231238151292463,0.6231238151292463,0   255 0,Strength
PK05-1286,212,0.081,0.4408289867106234,0.6203634568500269,0.6203634568500269,0   255 0,Strength
K777-3564,IK1,0.005,0.3429012879152591,0.6170718265334894,0.6170718265334894,0   255 0,Strength
1173-1167,UR0,9.631078676877723e-05,0.213683136853643,0.6165473337539911,0.6165473337539911,0   255 0,Strength
1267-2155,ZY2,0.615,0.1200586613976412,0.3042849083505644,0.615,0   255 0,Fatigue
2155-2158,4Y2,0.615,0.1228339766245328,0.3021645163734509,0.615,0   255 0,Fatigue
2549-2155,JZ0,0.615,0.1250825514219258,0.3042849083505644,0.615,0   255 0,Fatigue
1286-1046,NH2,3.636974778558744e-05,0.6149197378836176,0.4373976188746175,0.6149197378836176,0   255 0,Lift
4194-4195,3W0,4.243363568114774e-05,0.61380550707203,0.4275492450441048,0.61380550707203,0   255 0,Lift
4270-LGB1,Z12,0.057,0.6111856346808204,0.2364482742584622,0.6111856346808204,0   255 0,Lift
1692-1691,680,5.891268537111383e-05,0.6108268525860863,0.3456480573732935,0.6108268525860863,0   255 0,Lift
3572-4704,JX0,0.058,0.2175627840981638,0.609205520740348,0.609205520740348,0   255 0,Strength
2030-2034,FI2,0.0102238282876123,0.0741273245049864,0.6091372578207127,0.6091372578207127,0   255 0,Strength
2060-2241,K30,0.0005947587078167,0.6087424576212512,0.2429260468938767,0.6087424576212512,0   255 0,Lift
1268-1270,NA2,0.402,0.1156894463894471,0.6084837773057211,0.6084837773057211,0   255 0,Strength
2066-2014,CB2,0.492,0.2950181354108482,0.6084045450970181,0.6084045450970181,0   255 0,Strength
4905-3614,AV4,0.041,0.6064419015092932,0.4936702161124726,0.6064419015092932,0   255 0,Lift
3534-3531,1K4,0.604,0.1002308388747322,0.191677099678225,0.604,0   255 0,Fatigue
3531-G332,1N1,0.604,0.0245499785334037,0.311435142639901,0.604,0   255 0,Fatigue
3531-3530,ZK4,0.604,0.1236527800908464,0.2323188050290279,0.604,0   255 0,Fatigue
3542-3548,DV4,0.0135847588746327,0.603335365660397,0.2856170926423361,0.603335365660397,0   255 0,Lift
1110-1109,OS0,0.002,0.0320263623984515,0.6032733632055857,0.6032733632055857,0   255 0,Strength
1109-G232,X90,0.002,0.0165386842441669,0.6032733632055857,0.6032733632055857,0   255 0,Strength
4146-4160,450,0.443,0.2286973694052939,0.6010000334122393,0.6010000334122393,0   255 0,Strength
4146-4145,FX2,0.443,0.2235633090492352,0.6010000334122393,0.6010000334122393,0   255 0,Strength
2014-2020,VBX,0.0367207460884095,0.2738165813799558,0.5996997513389992,0.5996997513389992,0   255 0,Strength
3550-3644,222,0.0003624918297818,0.5990670295684655,0.0944474858531033,0.5990670295684655,0   255 0,Lift
3174-3212,XAT,0.599,0.0286356795685292,0.1594890051590807,0.599,0   255 0,Fatigue
3212-G047,FM1,0.599,0.0081896141682758,0.1653443873407112,0.599,0   255 0,Fatigue
3212-3042,5S4,0.599,0.0220852208609233,0.1441241684484435,0.599,0   255 0,Fatigue
4146-3710,EX2,0.443,0.2286973694052939,0.5983237030892197,0.5983237030892197,0   255 0,Strength
2550-2150,GX0,0.236,0.1971816407826606,0.5978340747572466,0.5978340747572466,0   255 0,Strength
2550-2119,KS0,0.236,0.1971816407826606,0.5978340747572466,0.5978340747572466,0   255 0,Strength
2242-2249,1E2,0.258,0.0625211026263818,0.5974159499364214,0.5974159499364214,0   255 0,Strength
3190-4905,UZ2,0.042,0.5762849909378878,0.5967420593063747,0.5967420593063747,0   255 0,Strength
4003-4905,OZ0,0.042,0.3334858007077659,0.5967420593063747,0.5967420593063747,0   255 0,Strength
4888-Q773,K50,1.234036000140807e-07,0.4062350665507008,0.594957663277633,0.594957663277633,0   255 0,Strength
1023-2548,6H2,0.003,0.594608665099681,0.3456029574247093,0.594608665099681,0   255 0,Lift
1270-1276,PA2,0.0006118153537659,0.106130093886513,0.5945567204524627,0.5945567204524627,0   255 0,Strength
3254-2230,CE2,0.012,0.0720798271784479,0.5917098438660895,0.5917098438660895,0   255 0,Strength
1034-1079,IE2,0.0001923334420582,0.5910918245522653,0.3349765880947229,0.5910918245522653,0   255 0,Lift
2221-3170,VD2,0.591,0.1496636655943813,0.5271686140444483,0.591,0   255 0,Fatigue
1197-1544,520,0.003,0.44512516112906,0.5897559816961995,0.5897559816961995,0   255 0,Strength
1109-1468,HAD,0.002,0.0361436773709655,0.5891922471332233,0.5891922471332233,0   255 0,Strength
1355-1356,S80,0.001,0.1948182106909042,0.5887398928071076,0.5887398928071076,0   255 0,Strength
1355-1409,0T0,0.001,0.1948182106909042,0.5887398928071076,0.5887398928071076,0   255 0,Strength
2211-2216,540,0.311,0.0625463286064069,0.5861814850382745,0.5861814850382745,0   255 0,Strength
1561-1515,K70,0.412,0.1821473587462963,0.5859830147398742,0.5859830147398742,0   255 0,Strength
1515-1536,GX2,0.412,0.1722046485413041,0.5859830147398742,0.5859830147398742,0   255 0,Strength
1728-1460,BD2,0.0010123240556656,0.0413880248277385,0.5853322199091547,0.5853322199091547,0   255 0,Strength
1563-1355,X80,0.002,0.1996427959271314,0.5836980369338426,0.5836980369338426,0   255 0,Strength
2545-3575,OB2,0.07,0.2720015402143306,0.5836926963661258,0.5836926963661258,0   255 0,Strength
3219-3629,OB4,0.033,0.581844935651578,0.4346481518049547,0.581844935651578,0   255 0,Lift
1562-1171,4S0,0.11,0.3228518865124216,0.5818439020985924,0.5818439020985924,0   255 0,Strength
3179-3055,XBB,0.497,0.369736051921143,0.5807585046564949,0.5807585046564949,0   255 0,Strength
3194-3179,XZ3,0.222,0.3701491988202731,0.5807585046564949,0.5807585046564949,0   255 0,Strength
2230-2238,YD2,0.012,0.0730874477206982,0.5805236771464545,0.5805236771464545,0   255 0,Strength
3032-4521,OI2,0.011,0.1058678597199107,0.580498666543633,0.580498666543633,0   255 0,Strength
2098-2028,DB2,0.541,0.2919009413929734,0.5797798068791933,0.5797798068791933,0   255 0,Strength
1118-1515,LA9,0.412,0.1719576198594782,0.5795818994638137,0.5795818994638137,0   255 0,Strength
1373-1410,4T0,0.002,0.2200251094108337,0.5776369457510088,0.5776369457510088,0   255 0,Strength
3193-3252,U02,0.577,0.2194884818347958,0.2713531863852643,0.577,0   255 0,Fatigue
2229-3193,F02,0.577,0.146039966420829,0.3219393996721892,0.577,0   255 0,Fatigue
3193-3196,X03,0.577,0.1381869605661243,0.24099221151158,0.577,0   255 0,Fatigue
2287-3092,QC2,0.046,0.1619718388446751,0.5766392020299669,0.5766392020299669,0   255 0,Strength
2548-2240,T40,0.085,0.5762397806504346,0.3456029574247093,0.5762397806504346,0   255 0,Lift
4898-4900,O50,0.007,0.5753264546209859,0.3836815989238244,0.5753264546209859,0   255 0,Lift
4900-Q610,6W0,0.007,0.5753264546209859,0.2772584622285917,0.5753264546209859,0   255 0,Lift
3626-3179,5B4,0.222,0.370320847725032,0.5753072833052544,0.5753072833052544,0   255 0,Strength
3025-3219,CB4,0.033,0.5751627048704929,0.4378158596100627,0.5751627048704929,0   255 0,Lift
4509-4510,600,0.114,0.5745441231708743,0.2682814804157559,0.5745441231708743,0   255 0,Lift
3217-3268,3P4,0.573,0.128880562166216,0.1918130040229111,0.573,0   255 0,Fatigue
3217-G101,IM1,0.573,0.0159724106300314,0.1823025043534893,0.573,0   255 0,Fatigue
3195-3217,XAK,0.573,0.132917874806091,0.2094776202171673,0.573,0   255 0,Fatigue
2028-2029,AB2,0.0226723689121574,0.2706181615380622,0.5718129557262333,0.5718129557262333,0   255 0,Strength
2006-3151,SH2,0.0309473086026289,0.224869317904243,0.5713286030708,0.5713286030708,0   255 0,Strength
1102-1019,FH2,0.002,0.5710284512104201,0.3390834679992939,0.5710284512104201,0   255 0,Lift
1460-1678,3D2,0.0010123473819662,0.0392444815778778,0.5706418879982736,0.5706418879982736,0   255 0,Strength
1000-1017,VGH,0.0002436144774906,0.5700896628820307,0.3336315468696124,0.5700896628820307,0   255 0,Lift
3278-3536,UR4,0.1117433213590075,0.5700869392428646,0.2986467528526417,0.5700869392428646,0   255 0,Lift
2224-2242,WD2,0.258,0.0717775153582294,0.5692490779990157,0.5692490779990157,0   255 0,Strength
3647-3190,GZ2,0.0003051339371396,0.5692065328245737,0.3983889144264554,0.5692065328245737,0   255 0,Lift
3575-2293,IK4,0.568,0.0552624517086065,0.1653565911099317,0.568,0   255 0,Fatigue
4513-3576,G70,0.012,0.5676237372830959,0.4891768942622455,0.5676237372830959,0   255 0,Lift
1729-1457,CD2,0.001194848388539,0.062880027904649,0.5663753772469314,0.5663753772469314,0   255 0,Strength
2097-2277,TY2,6.390395449751778e-05,0.5662347904187475,0.3106344458232603,0.5662347904187475,0   255 0,Lift
4508-4509,500,0.049,0.5662005872497543,0.2315094921786361,0.5662005872497543,0   255 0,Lift
2011-2035,TH2,0.0247937698025586,0.3191745433958117,0.5660635513572339,0.5660635513572339,0   255 0,Strength
4270-3621,OD2,0.057,0.565739292689281,0.5384399493265276,0.565739292689281,0   255 0,Lift
1179-1177,6Y0,3.4121492012643525e-05,0.5653798810383024,0.3535530706038839,0.5653798810383024,0   255 0,Lift
3575-2227,JK4,0.564,0.1343139034488751,0.1784998768937897,0.564,0   255 0,Fatigue
1201-2501,WA2,0.022,0.2721849880579692,0.5637837404877879,0.5637837404877879,0   255 0,Strength
1168-1174,PR0,7.64666307200747e-05,0.1672403730619595,0.5626175409901572,0.5626175409901572,0   255 0,Strength
3639-3078,FZ2,0.0007924666468869,0.5619203668579402,0.2154130067165572,0.5619203668579402,0   255 0,Lift
3067-2099,TC2,0.014,0.1062740394366055,0.5610499791443195,0.5610499791443195,0   255 0,Strength
4283-3605,PD2,0.03,0.5605493354156601,0.4685010482998308,0.5605493354156601,0   255 0,Lift
BO88-Q870,BO3,5.101158280608717e-07,0.3197180167813159,0.5584338537467188,0.5584338537467188,0   255 0,Strength
3028-3631,UV4,0.0126977999707223,0.5570189541094341,0.4788251405621843,0.5570189541094341,0   255 0,Lift
4704-3213,RD2,0.009,0.0857142602247954,0.5561605444018399,0.5561605444018399,0   255 0,Strength
1129-2066,CA2,0.007,0.1806837859319466,0.55613377916571,0.55613377916571,0   255 0,Strength
3549-3576,VX2,0.014,0.5551622055221712,0.4998313770781403,0.5551622055221712,0   255 0,Lift
1457-1458,1D2,0.0011948255003363,0.0545207900347355,0.5547436323434255,0.5547436323434255,0   255 0,Strength
4507-4508,400,,0.5538071763015352,0.0935672578632226,0.5538071763015352,0   255 0,Lift
2289-2287,SC2,0.0033847030219316,0.1468703159037596,0.5523544333685804,0.5523544333685804,0   255 0,Strength
4510-4511,700,0.176,0.5521662706900444,0.3094217562209747,0.5521662706900444,0   255 0,Lift
2066-2096,4C2,0.098,0.1035362550609593,0.55128325296008,0.55128325296008,0   255 0,Strength
1170-1173,RR0,0.0003192497742161,0.1975440692553518,0.5511364646766422,0.5511364646766422,0   255 0,Strength
3193-3040,MB4,0.551,0.0788342179147734,0.4132461321806342,0.551,0   255 0,Fatigue
3203-3614,2V4,0.0023640480338189,0.5509170011353943,0.443942264579218,0.5509170011353943,0   255 0,Lift
3208-3174,RA4,0.55,0.0344735935915348,0.1631508451496389,0.55,0   255 0,Fatigue
3208-G053,CM1,0.55,0.0078569542938383,0.164868381966375,0.55,0   255 0,Fatigue
4689-3570,SX0,0.031,0.2859031249957756,0.5492767078923465,0.5492767078923465,0   255 128,Strength
Q871-Q902,4W2,,0.2538685090860369,0.5492758650126001,0.5492758650126001,0   255 128,Strength
1027-1032,VII,0.0004740995785416,0.0529346532464258,0.5492024361508787,0.5492024361508787,0   255 128,Strength
2175-2286,KC2,0.007,0.0989849966518491,0.5485812621375012,0.5485812621375012,0   255 128,Strength
1546-1547,PY0,3.841878489310913e-05,0.548437643000644,0.3806714245086949,0.548437643000644,0   255 128,Lift
3576-4523,WX2,0.014,0.5482673355076904,0.4904192911049059,0.5482673355076904,0   255 128,Lift
2501-1037,OE2,0.114,0.1262625285959457,0.5479515929764528,0.5479515929764528,0   255 128,Strength
2238-2239,ZE2,0.001,0.0748654043201277,0.5473227484192645,0.5473227484192645,0   255 128,Strength
1119-1197,120,0.0001521478307713,0.138860528733559,0.5468094873369185,0.5468094873369185,0   255 128,Strength
1174-1164,VR0,0.0002366101748508,0.1407101504020973,0.5466158930909237,0.5466158930909237,0   255 128,Strength
3178-4875,1V4,0.047,0.0895849132633128,0.5456271886616361,0.5456271886616361,0   255 128,Strength
1326-2032,QH2,0.0978057775372795,0.2656240474119922,0.5454896248072205,0.5454896248072205,0   255 128,Strength
1115-1126,7A2,0.207,0.1570681966627798,0.5442176379622825,0.5442176379622825,0   255 128,Strength
2102-2099,CC2,0.0018288826851092,0.0938018591475575,0.5435641898980884,0.5435641898980884,0   255 128,Strength
1378-2228,812,0.146,0.1306594829605044,0.5432087199966859,0.5432087199966859,0   255 128,Strength
2228-2220,XD2,0.146,0.1970823523313973,0.5432087199966859,0.5432087199966859,0   255 128,Strength
1217-1201,1B2,0.0043817348973993,0.2490972347067563,0.5432008174488341,0.5432008174488341,0   255 128,Strength
1081-2008,1A2,0.037,0.1634526506047549,0.5431621124252433,0.5431621124252433,0   255 128,Strength
2302-3163,9S4,0.0799580857738608,0.1308958819143853,0.5409366602248886,0.5409366602248886,0   255 128,Strength
1033-1035,LB3,1.4163659477100084e-05,0.1003782095710188,0.5400061483731986,0.5400061483731986,0   255 128,Strength
2538-2539,XW2,0.0001070364828687,0.5387923063271473,0.2188168911008456,0.5387923063271473,0   255 128,Lift
1458-1211,2D2,0.004,0.04798960489775,0.5386877333560441,0.5386877333560441,0   255 128,Strength
2559-2545,RB2,0.0121499380622484,0.2552809809583283,0.5384388521364535,0.5384388521364535,0   255 128,Strength
2286-2289,PC2,0.0010073645841831,0.1032217295099798,0.5383589486177753,0.5383589486177753,0   255 128,Strength
Q778-4893,270,1.064746706194315e-07,0.510481828238422,0.5381313101231346,0.5381313101231346,0   255 128,Strength
1268-1273,OA2,0.077,0.1093027916607007,0.5379390544382697,0.5379390544382697,0   255 128,Strength
Q870-BO89,EE0,5.101151266576501e-07,0.2997866317512405,0.5378059163952552,0.5378059163952552,0   255 128,Strength
2554-2509,HAG,0.537,0.1212774052814123,0.3251667559695271,0.537,0   255 128,Fatigue
3019-S054,XAA,0.537,0.0727602878860853,0.1843400969001023,0.537,0   255 128,Fatigue
1574-2509,LAT,0.537,0.0680444289016656,0.3949721473652992,0.537,0   255 128,Fatigue
2509-2519,UX2,0.537,0.0676640398966728,0.3949721473652992,0.537,0   255 128,Fatigue
3634-3032,RI2,0.0035968747366183,0.0975331713076594,0.5369121067683353,0.5369121067683353,0   255 128,Strength
1216-2202,YC2,0.005,0.0613143361631139,0.5364756860970469,0.5364756860970469,0   255 128,Strength
2183-2006,7I2,0.047,0.2210917740017622,0.5361795045715733,0.5361795045715733,0   255 128,Strength
2096-2102,8C2,0.0039022514296527,0.0901514183318337,0.5358517062894826,0.5358517062894826,0   255 128,Strength
3079-3639,922,0.0027262349002003,0.5356752766872068,0.2075027153456455,0.5356752766872068,0   255 128,Lift
1130-1129,DA2,0.0008332581189537,0.1653795253595693,0.5355178404412939,0.5355178404412939,0   255 128,Strength
2509-2564,VAC,0.502,0.0467499769978585,0.5345192367025772,0.5345192367025772,0   255 128,Strength
2564-2566,WB2,0.0497535287060836,0.0398529657456736,0.5345150228261609,0.5345150228261609,0   255 128,Strength
1273-1277,RA2,0.0005478090648019,0.0924709255051813,0.5328771706980191,0.5328771706980191,0   255 128,Strength
E502-4512,B10,1.3405078143377911e-06,0.5325533319979557,0.1620283305705217,0.5325533319979557,0   255 128,Lift
3117-3621,VCZ,0.0002173797716443,0.5322464365069145,0.4682409073838266,0.5322464365069145,0   255 128,Lift
2239-2224,0E2,0.001,0.0754074893959413,0.5322091930369984,0.5322091930369984,0   255 128,Strength
1126-1130,BA2,0.0004579487044243,0.1431056506775235,0.5321297219567986,0.5321297219567986,0   255 128,Strength
1194-1115,220,0.057,0.2375784188049577,0.5316657099472708,0.5316657099472708,0   255 128,Strength
4521-3559,2C2,0.162,0.1985160221469453,0.5300126867535522,0.5300126867535522,0   255 128,Strength
3638-3059,LBH,0.0008585230903906,0.5298661061538658,0.2041659292278658,0.5298661061538658,0   255 128,Lift
4512-4513,F70,0.012,0.52959681155315,0.4044175227952161,0.52959681155315,0   255 128,Lift
3654-3605,ND2,0.0001144156078857,0.5283298763298365,0.42577001540544,0.5283298763298365,0   255 128,Lift
3525-3550,122,0.0012480482401545,0.527954534255875,0.0918826574439398,0.527954534255875,0   255 128,Lift
4704-LGC3,NZ2,0.038,0.1266930184647687,0.5275047608769058,0.5275047608769058,0   255 128,Strength
Q026-4704,G10,0.038,0.1266930184647687,0.5275047608769058,0.5275047608769058,0   255 128,Strength
2067-2271,RY2,7.047501358478075e-05,0.5274575038320849,0.3252791042841141,0.5274575038320849,0   255 128,Lift
4704-3103,MZ2,0.038,0.1261530968728745,0.5271968176296393,0.5271968176296393,0   255 128,Strength
4689-LGC1,LZ2,0.019,0.1123857215261921,0.5271896733079222,0.5271896733079222,0   255 128,Strength
4689-Q031,I00,0.019,0.1661583571444117,0.5271896733079222,0.5271896733079222,0   255 128,Strength
2228-2231,A12,0.146,0.1306700573511069,0.5270201387085374,0.5270201387085374,0   255 128,Strength
1274-2175,SA2,0.003,0.050882413254734,0.5270192366174697,0.5270192366174697,0   255 128,Strength
1211-1214,UC2,0.004,0.0513491117763574,0.5268809822455562,0.5268809822455562,0   255 128,Strength
1214-1216,WC2,0.0005987711438378,0.0613169421139102,0.5260307884735391,0.5260307884735391,0   255 128,Strength
1350-1275,N80,0.000254249276787,0.0281412581844891,0.525433491662495,0.525433491662495,0   255 128,Strength
3213-3617,MD2,5.478148903597973e-05,0.0824719830205331,0.5244886843668609,0.5244886843668609,0   255 128,Strength
1049-2516,UE2,0.06,0.1202780472675054,0.5244809895410915,0.5244809895410915,0   255 128,Strength
2516-2517,6Y2,0.168,0.1258922291038401,0.5244809895410915,0.5244809895410915,0   255 128,Strength
4501-4507,300,,0.5241034148425893,0.2113723389178371,0.5241034148425893,0   255 128,Lift
1330-1620,T20,4.751258028323232e-06,0.1273486812692235,0.5240442123612037,0.5240442123612037,0   255 128,Strength
1055-1058,PZ2,1.7856222811874782e-05,0.1019156207490186,0.5223614647029303,0.5223614647029303,0   255 128,Strength
3576-4514,E70,0.012,0.5209922729164551,0.4998313770781403,0.5209922729164551,0   255 128,Lift
4918-Q751,R50,0.001,0.4163644421418275,0.5209476060879659,0.5209476060879659,0   255 128,Strength
2047-2077,9U0,0.0417182217595979,0.5201813651484429,0.2490395495814739,0.5201813651484429,0   255 128,Lift
1371-1534,HCD,0.0002822269798936,0.0881600442026837,0.5197438238597506,0.5197438238597506,0   255 128,Strength
3619-3011,XY3,0.519,0.0562629684496088,0.4039293650765524,0.519,0   255 128,Fatigue
3520-1329,Y70,0.519,0.0716586500084151,0.1795741231396804,0.519,0   255 128,Fatigue
3011-3624,3B4,0.519,0.0998201394222404,0.3421975069642041,0.519,0   255 128,Fatigue
3011-G008,JSZ,0.519,0.0223044194331023,0.3425677096716512,0.519,0   255 128,Fatigue
3182-3025,KB4,0.014,0.5178596104212296,0.3805727881638511,0.5178596104212296,0   255 128,Lift
1541-2516,3Y2,0.168,0.1259732934251197,0.5175022373277711,0.5175022373277711,0   255 128,Strength
4689-3083,KZ2,0.019,0.1096437733206986,0.5170899070790588,0.5170899070790588,0   255 128,Strength
2501-2544,IB2,0.102,0.2784000640043061,0.5157829256839317,0.5157829256839317,0   255 128,Strength
1045-1051,T10,0.214,0.2377750579831699,0.515310691023796,0.515310691023796,0   255 128,Strength
1279-1723,412,0.000295803745447,0.1311583515138343,0.5144632678427867,0.5144632678427867,0   255 128,Strength
2300-2299,XA3,0.3500554830102352,0.1413617945438128,0.513566123764155,0.513566123764155,0   255 128,Strength
4182-4181,XV0,7.906183116785318e-05,0.2493682829733554,0.511852918532315,0.511852918532315,0   255 128,Strength
1258-1020,IH2,4.7252102132519016e-05,0.511214773833054,0.4007953277626225,0.511214773833054,0   255 128,Lift
1678-1679,5D2,0.0006368195140425,0.0258331772689235,0.5110330629989781,0.5110330629989781,0   255 128,Strength
3085-2026,XV4,0.415,0.4882117044450687,0.5097385640671714,0.5097385640671714,0   255 128,Strength
2026-3028,SV4,0.0318649072354284,0.4705272946172751,0.5097341421570581,0.5097341421570581,0   255 128,Strength
1277-1274,UA2,0.0006855624250892,0.0560352404410546,0.5097239594466303,0.5097239594466303,0   255 128,Strength
1682-2216,9D2,0.025,0.0291481372513711,0.5096644268788051,0.5096644268788051,0   255 128,Strength
Q736-BO88,T60,0.0,0.3197180167813159,0.5086328563966607,0.5086328563966607,0   255 128,Strength
1722-1349,LPA,3.069295982298e-05,0.0733054317805718,0.5072096724520343,0.5072096724520343,0   255 128,Strength
1724-1380,LP0,6.878013520732734e-05,0.0855158182880537,0.5072071355311876,0.5072071355311876,0   255 128,Strength
1325-1330,WS0,0.0,0.0879105670707133,0.5071212779558614,0.5071212779558614,0   255 128,Strength
K775-4935,UK1,0.0,0.3525564651581245,0.506890600754802,0.506890600754802,0   255 128,Strength
K747-4941,VK1,0.0,0.3350644523023892,0.5066425313940235,0.5066425313940235,0   255 128,Strength
1543-1196,230,0.002,0.4801888961615932,0.506584992171268,0.506584992171268,0   255 128,Strength
Q415-4935,Q60,0.0,0.2379089793885969,0.5056861340101142,0.5056861340101142,0   255 128,Strength
1731-1436,ED2,0.000627765928608,0.1823934180501417,0.5035019479450421,0.5035019479450421,0   255 128,Strength
1730-1469,DD2,0.0005900766489254,0.1265752733757238,0.5032859075883104,0.5032859075883104,0   255 128,Strength
1195-1119,320,0.0003914764073293,0.1002199156193018,0.5029304125468405,0.5029304125468405,0   255 128,Strength
1029-1000,VGJ,0.053,0.5029064639732741,0.4323522697194239,0.5029064639732741,0   255 128,Lift
Q751-4919,W60,0.001,0.4069668741933008,0.5028648051055311,0.5028648051055311,0   255 128,Strength
3056-3638,LBJ,0.002962419677959,0.5028469610778314,0.2008958564556978,0.5028469610778314,0   255 128,Lift
1356-1531,T80,0.0004765062567282,0.0406614621948176,0.5022207310571363,0.5022207310571363,0   255 128,Strength
4935-4936,760,0.0,0.2377615081404508,0.5020298023337789,0.5020298023337789,0   255 128,Strength
4188-4187,0W0,0.000166983209218,0.201541289250402,0.501802680234267,0.501802680234267,0   255 128,Strength
1198-1081,IA2,0.003,0.1451396271062421,0.5014852692873288,0.5014852692873288,0   255 128,Strength
BO88-BO99,E60,0.018,0.4011152109197805,0.5000526142591336,0.5000526142591336,0   255 128,Strength
1256-1721,LP7,5.429374795278656e-05,0.1060158872354836,0.5000375042911169,0.5000375042911169,0   255 128,Strength
3314-3315,U70,0.5,0.0611570042747473,0.1459877280124253,0.5,0   255 128,Fatigue
3314-G443,SJ1,0.5,0.0249190714111455,0.198064114844481,0.5,0   255 128,Fatigue
3309-G389,OJ1,0.5,0.0165204005228392,0.1892424530239721,0.5,0   255 128,Fatigue
3313-3314,T70,0.5,0.0780702965423759,0.1407912987312309,0.5,0   255 128,Fatigue
3309-3310,Q70,0.5,0.0520872510512689,0.1310023500097506,0.5,0   255 128,Fatigue
K774-4934,SK1,0.0,0.3577109275478041,0.4998376421293973,0.4998376421293973,0   255 128,Strength
Q427-4941,R60,0.0,0.2343901123142533,0.4994732488163251,0.4994732488163251,0   255 128,Strength
2042-2147,VAB,0.499,0.1325043578209435,0.3514885855048714,0.499,0   255 128,Fatigue
2042-2040,7Z2,0.499,0.1540558972692044,0.4743166009166453,0.499,0   255 128,Fatigue
1058-2042,2Z2,0.499,0.1556054253943242,0.4383896082797802,0.499,0   255 128,Fatigue
1215-2228,XC2,0.004,0.1503851798009898,0.4984273100804479,0.4984273100804479,0   255 128,Strength
3191-3647,C22,0.0004124811428074,0.497072655848919,0.3747603957832408,0.497072655848919,0   255 128,Lift
3055-G032,1M1,0.497,0.022454630491423,0.4562836391367912,0.497,0   255 128,Fatigue
3055-3223,GR4,0.497,0.1680904522294914,0.3034535007958202,0.497,0   255 128,Fatigue
4941-4943,C60,0.0,0.234531023036734,0.4962695146268425,0.4962695146268425,0   255 128,Strength
4933-4934,560,0.0,0.2395369343567499,0.4951637239710815,0.4951637239710815,0   255 128,Strength
2008-2049,H02,0.067,0.0827871163378299,0.4951156393748429,0.4951156393748429,0   255 128,Strength
1029-1692,HFJ,0.009,0.4946580439854406,0.4219611482056875,0.4946580439854406,0   255 128,Lift
4514-4515,H70,0.012,0.443461699640003,0.4944006425116721,0.4944006425116721,0   255 128,Strength
4187-4514,ZW0,0.012,0.154327358790294,0.4944006425116721,0.4944006425116721,0   255 128,Strength
2569-2524,1C2,0.0087191741802061,0.2396264481084153,0.4940136057513906,0.4940136057513906,0   255 128,Strength
3315-3316,V70,0.493,0.0789349602002704,0.1410752084491778,0.493,0   255 128,Fatigue
3315-G446,TJ1,0.493,0.0234707497201742,0.1868158774345004,0.493,0   255 128,Fatigue
4934-Q415,660,0.0,0.2393822342799524,0.4924019673447845,0.4924019673447845,0   255 128,Strength
2261-2221,4E2,0.153,0.1357708459624177,0.4910281346496497,0.4910281346496497,0   255 128,Strength
3648-3083,LBI,0.0007776445016892,0.0445337150726375,0.4910138791898664,0.4910138791898664,0   255 128,Strength
1111-2078,LA3,0.491,0.2788187565210144,0.2753932921174066,0.491,0   255 128,Fatigue
2078-2081,KX2,0.491,0.2881434652528505,0.2745346577457484,0.491,0   255 128,Fatigue
2078-2112,0Z0,0.491,0.298085832312797,0.2119567841716222,0.491,0   255 128,Fatigue
1679-1682,6D2,0.0005638521380717,0.0201424262662114,0.4905268273329494,0.4905268273329494,0   255 128,Strength
3649-3103,0Z2,0.0006567560265238,0.0272381745405745,0.4902730458673125,0.4902730458673125,0   255 128,Strength
1469-1680,4D2,0.0005900827686154,0.1258751737726542,0.4901126806166213,0.4901126806166213,0   255 128,Strength
4511-E502,800,0.176,0.4895598005014316,0.3150334778729761,0.4895598005014316,0   255 128,Lift
3082-3648,J12,0.0009259996934252,0.0464519252463128,0.4884035068426643,0.4884035068426643,0   255 128,Strength
3109-3122,7B4,0.488,0.0757448666545654,0.2048102705419675,0.488,0   255 128,Fatigue
3109-3144,5A4,0.488,0.0767915081367377,0.2193412319544518,0.488,0   255 128,Fatigue
3127-3109,9B4,0.488,0.0762147277082953,0.20462603184749,0.488,0   255 128,Fatigue
2021-2025,DX2,0.488,0.1193345504095849,0.3797109570491922,0.488,0   255 128,Fatigue
2021-2543,HA3,0.488,0.2234850218463827,0.2953667094940523,0.488,0   255 128,Fatigue
1043-2021,LBG,0.488,0.120889771368952,0.3747436345402524,0.488,0   255 128,Fatigue
J283-4517,DL1,0.284,0.2046169538049685,0.4872868643305155,0.4872868643305155,0   255 128,Strength
J283-J284,JT1,0.02,0.1196795992537828,0.4872868643305155,0.4872868643305155,0   255 128,Strength
2544-2556,NB2,0.0067785860800308,0.2599823056374901,0.4872711711318299,0.4872711711318299,0   255 128,Strength
2164-2259,LU0,0.084498040680054,0.1710680834768868,0.4871045122535773,0.4871045122535773,0   255 128,Strength
3078-4283,P02,0.03,0.4870205531250781,0.2220422637488324,0.4870205531250781,0   255 128,Lift
4161-4165,PV0,0.0004661181329522,0.1923017196030634,0.4861237517828562,0.4861237517828562,0   255 128,Strength
3215-G098,GM1,0.485,0.0135477630461043,0.1843882025522011,0.485,0   255 128,Fatigue
3267-3215,2P4,0.485,0.1357452193010719,0.234943087109244,0.485,0   255 128,Fatigue
3215-3195,TA4,0.485,0.1341930731448527,0.2209617936264759,0.485,0   255 128,Fatigue
1515-1200,6B2,0.029,0.2182082199390968,0.4845035511343667,0.4845035511343667,0   255 128,Strength
1200-1204,VBR,0.000936247437858,0.2073690877948071,0.4826073010493741,0.4826073010493741,0   255 128,Strength
1076-1057,PE2,0.0007883438848305,0.1337080070180574,0.4821653749761015,0.4821653749761015,0   255 128,Strength
3151-3017,JB4,0.263,0.3822232300773055,0.4820819224513546,0.4820819224513546,0   255 128,Strength
3102-3105,L12,0.0032841627478523,0.0178331328080304,0.4806253482477707,0.4806253482477707,0   255 128,Strength
1258-1581,HGF,0.001,0.1568320822222425,0.4805078617002048,0.4805078617002048,0   255 128,Strength
3105-3649,M12,0.001120824654397,0.0240742675669694,0.4802453181052907,0.4802453181052907,0   255 128,Strength
1543-1137,ZS0,0.002,0.4801888961615932,0.1650399552460588,0.4801888961615932,0   255 128,Lift
3084-3082,K12,0.0023266700735992,0.0623219016590476,0.4798484196689747,0.4798484196689747,0   255 128,Strength
3104-3034,YV4,0.406,0.1153914791951025,0.4790839178186661,0.4790839178186661,0   255 128,Strength
2537-2538,WW2,5.549083380884109e-05,0.478459041466685,0.2071705034485267,0.478459041466685,0   255 128,Lift
2220-3250,UD2,0.0015448658488123,0.1803548396429825,0.4782196643616022,0.4782196643616022,0   255 128,Strength
3063-3179,XBG,0.235,0.370320847725032,0.4779980707424551,0.4779980707424551,0   255 128,Strength
1252-2569,3B2,0.008,0.2311508658701276,0.4778120039515589,0.4778120039515589,0   255 128,Strength
2138-2059,X30,0.242,0.1175999930118938,0.4775935916564915,0.4775935916564915,0   255 128,Strength
4192-4513,1W0,0.012,0.377032184210914,0.4775142416092124,0.4775142416092124,0   255 128,Strength
2503-2504,OW0,0.028,0.101860369263136,0.4766847067614991,0.4766847067614991,0   255 128,Strength
2504-GD07,4J1,0.028,0.1020469699211479,0.4766847067614991,0.4766847067614991,0   255 128,Strength
4919-Q756,S50,0.001,0.4071751868621388,0.4758805841753935,0.4758805841753935,0   255 128,Strength
1196-1107,420,8.924492034870443e-05,0.1485346322918903,0.4758244107518112,0.4758244107518112,0   255 128,Strength
J287-J286,ZU1,0.019,0.1299147321804402,0.4752760000108995,0.4752760000108995,0   255 128,Strength
J287-4518,EL1,0.325,0.1958358821058052,0.4752760000108995,0.4752760000108995,0   255 128,Strength
1132-2098,FA2,0.009,0.1853257443740897,0.4751530186514744,0.4751530186514744,0   255 128,Strength
3574-3182,1C4,0.014,0.4743703990105742,0.3813827277889643,0.4743703990105742,0   255 128,Lift
2042-2016,7U0,0.053,0.0860582048176963,0.4743166009166453,0.4743166009166453,0   255 128,Strength
2504-2505,PW0,0.028,0.1020469699211479,0.4743156208748691,0.4743156208748691,0   255 128,Strength
1122-1198,AA2,0.003,0.1256152144715934,0.4732623448271281,0.4732623448271281,0   255 128,Strength
4186-4188,YV0,0.0001611611105509,0.1725908187977094,0.4728629329546077,0.4728629329546077,0   255 128,Strength
J281-J283,WT1,0.02,0.1133848726854332,0.4723016706157243,0.4723016706157243,0   255 128,Strength
3034-3058,VV4,0.0300498801048343,0.1012102614243292,0.4722037270923023,0.4722037270923023,0   255 128,Strength
3575-3535,HAZ,0.472,0.2343653270635882,0.2010672493365155,0.472,0   255 128,Fatigue
2163-2164,HBJ,0.042442586922343,0.1213533103024718,0.4716085505579568,0.4716085505579568,0   255 128,Strength
1115-1131,8A2,0.334,0.1558719697480707,0.4715681251316682,0.4715681251316682,0   255 128,Strength
3071-3073,9V0,0.0145091571065265,0.3007830117087046,0.4711712513941171,0.4711712513941171,0   255 128,Strength
1179-1186,7Y0,2.1746777333784324e-05,0.4707701543392874,0.2655385164778287,0.4707701543392874,0   255 128,Lift
2082-3019,6C2,0.032,0.1270861525972125,0.4701654474142653,0.4701654474142653,0   255 128,Strength
1323-1330,Q20,1.937873257968367e-06,0.0966064740792029,0.4699624385488659,0.4699624385488659,0   255 128,Strength
1203-2516,YA2,0.02,0.123937122964604,0.4690210643114901,0.4690210643114901,0   255 128,Strength
1213-1215,VC2,0.0005723863051986,0.1481183440322122,0.4683187798327508,0.4683187798327508,0   255 128,Strength
1131-1134,EA2,0.000803294149609,0.1440031994326772,0.4673785659392233,0.4673785659392233,0   255 128,Strength
1074-2516,VIJ,0.052,0.0999032867114516,0.4670046408178466,0.4670046408178466,0   255 128,Strength
GD19-4519,NK1,0.229,0.1896605233747899,0.4666918755737359,0.4666918755737359,0   255 128,Strength
GD19-J293,0Q4,0.033,0.1361491931266515,0.4666918755737359,0.4666918755737359,0   255 128,Strength
1032-1028,SE2,0.0013566415549822,0.0513424361470543,0.4666248000512524,0.4666248000512524,0   255 128,Strength
2562-3575,UB2,0.112,0.0935856001741072,0.4665166332851323,0.4665166332851323,0   255 128,Strength
1436-1435,0D2,0.0006277633002258,0.1720961212265182,0.4655482883874965,0.4655482883874965,0   255 128,Strength
4880-3582,5W0,0.015,0.4652891271107019,0.4313159476118785,0.4652891271107019,0   255 128,Lift
4880-4883,H50,0.015,0.4652891271107019,0.4389045397667117,0.4652891271107019,0   255 128,Lift
3516-3517,HAQ,0.465,0.0180137774645477,0.11543671597542,0.465,0   255 128,Fatigue
3516-G344,4K1,0.465,0.008305829655333,0.2025227135580942,0.465,0   255 128,Fatigue
3515-3516,HAO,0.465,0.0213933831419595,0.1155277018319268,0.465,0   255 128,Fatigue
3163-3617,KV4,0.0214756941914344,0.083860783208249,0.4648931283635936,0.4648931283635936,0   255 128,Strength
3059-4270,O02,0.057,0.4644217737712855,0.2367030063229118,0.4644217737712855,0   255 128,Lift
3045-3067,H11,0.464,0.1198424136255158,0.1599806946690466,0.464,0   255 128,Fatigue
3541-3542,VAF,0.030164432370285,0.4636591911904629,0.3156916574007278,0.4636591911904629,0   255 128,Lift
1082-2042,2A2,0.025,0.1688332479653478,0.4636277061090482,0.4636277061090482,0   255 128,Strength
3001-3126,B80,0.462,0.0899436100269404,0.1527373344060376,0.462,0   255 128,Fatigue
2556-1252,QB2,0.0037905590926221,0.2234914486975781,0.4619997753101344,0.4619997753101344,0   255 128,Strength
BM20-3149,Z22,0.0010636661927264,0.0529928627902772,0.4618948379876659,0.4618948379876659,0   255 128,Strength
K762-4511,LK1,0.176,0.2234304090396176,0.4610141048777239,0.4610141048777239,0   255 128,Strength
K762-J278,GQ4,0.013,0.1438159779919008,0.4610141048777239,0.4610141048777239,0   255 128,Strength
J285-J287,YT1,0.019,0.1284620009332681,0.4607821622585995,0.4607821622585995,0   255 128,Strength
4521-Q211,H00,0.015,0.3204557632226157,0.4598654388361131,0.4598654388361131,0   255 128,Strength
K771-4917,YK1,0.003,0.4074120803205886,0.4591080802678166,0.4591080802678166,0   255 128,Strength
4885-4917,J50,0.003,0.4074120803205886,0.4591080802678166,0.4591080802678166,0   255 128,Strength
Q467-4004,P10,2.6854348269801708e-05,0.2526334704668552,0.4589835757939511,0.4589835757939511,0   255 128,Strength
2522-2537,UW2,5.4413418782012576e-05,0.4587750069410031,0.2196422385780464,0.4587750069410031,0   255 128,Lift
K755-4930,CL1,0.002,0.3579199339671408,0.4573757009454778,0.4573757009454778,0   255 128,Strength
4930-4896,360,0.002,0.3921610592476747,0.4573757009454778,0.4573757009454778,0   255 128,Strength
3506-3085,802,0.415,0.2682154070452294,0.4565009200861969,0.4565009200861969,0   255 128,Strength
Q803-4930,770,0.002,0.3979185436432722,0.4564624425232161,0.4564624425232161,0   255 128,Strength
Q799-4929,670,0.001,0.4008830532445206,0.4552541420974337,0.4552541420974337,0   255 128,Strength
K756-4929,AL1,0.001,0.374560832395008,0.4552541420974337,0.4552541420974337,0   255 128,Strength
4929-Q803,260,0.001,0.4010183770480825,0.4548016102804001,0.4548016102804001,0   255 128,Strength
2501-2011,8I2,0.139,0.268565894374348,0.4544853475857358,0.4544853475857358,0   255 128,Strength
3276-3194,RR4,0.1121754799008158,0.304477560258504,0.4544477625868696,0.4544477625868696,0   255 128,Strength
K757-4928,9L1,0.001,0.3681902825037856,0.4538774262818514,0.4538774262818514,0   255 128,Strength
4928-Q799,160,0.001,0.3924553311558304,0.4538774262818514,0.4538774262818514,0   255 128,Strength
4927-4928,060,0.001,0.3810800106568823,0.4532287542532249,0.4532287542532249,0   255 128,Strength
K770-4918,ZL1,0.001,0.4164686037524326,0.4532061357747749,0.4532061357747749,0   255 128,Strength
J290-GD19,ZQ4,0.033,0.1347256644566535,0.4517727766945723,0.4517727766945723,0   255 128,Strength
3245-3051,UO4,0.3277580458801357,0.0737399511616776,0.4511368799801833,0.4511368799801833,0   255 128,Strength
3022-3574,AB4,0.0076160652696658,0.4505460107168793,0.2363487001376482,0.4505460107168793,0   255 128,Lift
2035-2173,XH2,0.082,0.2478175350149541,0.4503969536267684,0.4503969536267684,0   255 128,Strength
K769-4919,0L1,0.001,0.4071751868621388,0.4501955453853898,0.4501955453853898,0   255 128,Strength
3559-3555,VBZ,0.0009313449608291,0.1839990145963901,0.449710925272661,0.449710925272661,0   255 255,Strength
3021-4875,0H4,0.006,0.2043484660068497,0.4496794903597306,0.4496794903597306,0   255 255,Strength
3085-2278,602,0.415,0.2669380887113599,0.4496365912545224,0.4496365912545224,0   255 255,Strength
3558-4521,LA5,0.162,0.2197744286258652,0.4495867328896503,0.4495867328896503,0   255 255,Strength
2173-2179,3I2,0.082,0.226481216711514,0.4494909350884064,0.4494909350884064,0   255 255,Strength
J279-K762,FQ4,0.013,0.0949672208311733,0.4483562697439011,0.4483562697439011,0   255 255,Strength
2161-2202,JU0,0.043,0.0910910266098923,0.4480895995605508,0.4480895995605508,0   255 255,Strength
1419-G436,AA0,0.001,0.044925208196813,0.4473274019567529,0.4473274019567529,0   255 255,Strength
1219-1419,720,0.001,0.0979072456743725,0.4473274019567529,0.4473274019567529,0   255 255,Strength
1435-1210,ZD2,0.002,0.1605159144318401,0.4473103215669969,0.4473103215669969,0   255 255,Strength
BM19-BM20,Y12,,0.0618231876694421,0.4471509838714013,0.4471509838714013,0   255 255,Strength
1056-1103,ZA2,0.0011606430097091,0.1018992887609125,0.4471316188012331,0.4471316188012331,0   255 255,Strength
2200-1217,FB2,0.015,0.1654608717062849,0.4465859701763746,0.4465859701763746,0   255 255,Strength
2553-2151,HX0,0.374,0.082179629057417,0.4465622963746922,0.4465622963746922,0   255 255,Strength
2553-2124,LS0,0.374,0.082179629057417,0.4465622963746922,0.4465622963746922,0   255 255,Strength
2079-2082,5C2,0.0032107054712805,0.1173435097233579,0.4459741582486073,0.4459741582486073,0   255 255,Strength
1419-0017,V20,0.001,0.1231138660054858,0.445715386319058,0.445715386319058,0   255 255,Strength
1134-1132,GA2,0.001090360042774,0.1700622243273025,0.4452491165461126,0.4452491165461126,0   255 255,Strength
1544-1133,0S0,0.003,0.44512516112906,0.4050863163883306,0.44512516112906,0   255 255,Lift
K768-4920,1L1,0.01,0.3799346012716525,0.4446771341948246,0.4446771341948246,0   255 255,Strength
4920-Q759,T50,0.01,0.3799346012716525,0.4446771341948246,0.4446771341948246,0   255 255,Strength
2552-2559,PB2,0.0019496775234695,0.214624725768587,0.444082870826718,0.444082870826718,0   255 255,Strength
Q756-4920,X60,0.01,0.3795682221317984,0.4440302124406138,0.4440302124406138,0   255 255,Strength
4193-4514,2W0,0.004,0.443461699640003,0.3802146207301584,0.443461699640003,0   255 255,Lift
K776-4936,WK1,0.0,0.3047960905349932,0.4431793535921089,0.4431793535921089,0   255 255,Strength
2081-2080,LW2,0.0875706637792036,0.4422187616872411,0.3453537091103594,0.4422187616872411,0   255 255,Lift
1680-1681,7D2,0.0003826795158971,0.1168749521865394,0.442004680873076,0.442004680873076,0   255 255,Strength
2543-2046,WU0,0.442,0.2389375698262454,0.2336530668766313,0.442,0   255 255,Fatigue
2071-2543,6S0,0.442,0.2181706499041515,0.2234800203204951,0.442,0   255 255,Fatigue
3192-3191,D22,0.0020437804311195,0.4416104602127287,0.3668975975833536,0.4416104602127287,0   255 255,Lift
3058-3634,WV4,0.012324830145675,0.0844433496733513,0.4413213935794673,0.4413213935794673,0   255 255,Strength
4936-4863,860,6.469133017901791e-06,0.2197677146756808,0.4401183057110925,0.4401183057110925,0   255 255,Strength
1184-1115,8Y0,0.003,0.4399759117551695,0.1546920787239633,0.4399759117551695,0   255 255,Lift
1351-1268,O80,0.048,0.1109911248948401,0.4399175184775047,0.4399175184775047,0   255 255,Strength
4521-4522,RX2,0.162,0.217655536911505,0.4384564590059228,0.4384564590059228,0   255 255,Strength
2179-2181,4I2,0.01,0.2215867248790272,0.4382972825428666,0.4382972825428666,0   255 255,Strength
4160-4164,OV0,0.018,0.1479073928413633,0.4378971928360229,0.4378971928360229,0   255 255,Strength
3219-G259,KM1,0.033,0.12927632754442,0.4378158596100627,0.4378158596100627,0   255 255,Strength
2199-2200,EB2,0.418,0.1845612657626769,0.437660901733148,0.437660901733148,0   255 255,Strength
K753-4943,XK1,0.0,0.2915564204102639,0.4370665389517282,0.4370665389517282,0   255 255,Strength
2122-2554,H08,0.437,0.078848080847776,0.3516438174426731,0.437,0   255 255,Fatigue
2259-2554,HAF,0.437,0.1480300118446415,0.4306782721074592,0.437,0   255 255,Fatigue
K746-4940,TK1,0.007,0.3064859107091406,0.436878546766567,0.436878546766567,0   255 255,Strength
3050-3652,XY1,0.032,0.0678377109320281,0.436211810598858,0.436211810598858,0   255 255,Strength
3652-G402,8N1,0.032,0.0425810763701192,0.436211810598858,0.436211810598858,0   255 255,Strength
3147-3654,IV4,0.0312883905446604,0.4361428918557101,0.3520097446336134,0.4361428918557101,0   255 255,Lift
3259-3000,HAV,0.0432510379511961,0.4048221135592528,0.4357705681848921,0.4357705681848921,0   255 255,Strength
3112-3117,GV4,0.0406870535508753,0.4353607055267032,0.3643273314772604,0.4353607055267032,0   255 255,Lift
4166-4163,UV0,0.0002326902146269,0.1844372593466683,0.4352587653555636,0.4352587653555636,0   255 255,Strength
2032-3193,VH2,0.0534360245719289,0.2260538251170996,0.434991193854834,0.434991193854834,0   255 255,Strength
Q610-Q535,9W0,,0.4345366355644975,0.2624086926254636,0.4345366355644975,0   255 255,Lift
4943-4864,D60,7.479571238491331e-06,0.207683831985738,0.4343794031005584,0.4343794031005584,0   255 255,Strength
1515-1202,7B2,0.057,0.1425911676669205,0.4340848164108628,0.4340848164108628,0   255 255,Strength
1547-1187,QY0,2.2099351638061967e-05,0.4336808975372935,0.2557060738213723,0.4336808975372935,0   255 255,Lift
2171-2017,JC2,0.061,0.0730492436199355,0.4333619309632246,0.4333619309632246,0   255 255,Strength
3652-3633,6C4,0.032,0.0674063948261004,0.4325867716808818,0.4325867716808818,0   255 255,Strength
1029-1031,LP1,0.053,0.4277084041936412,0.4323522697194239,0.4323522697194239,0   255 255,Strength
K724-4939,RK1,0.001,0.2800189364623293,0.4322387566560147,0.4322387566560147,0   255 255,Strength
1121-1122,9A2,0.005,0.1025451985734512,0.4321066150885003,0.4321066150885003,0   255 255,Strength
2182-2183,6I2,0.047,0.224388270766193,0.4317546581616712,0.4317546581616712,0   255 255,Strength
2304-3147,GS4,0.0738238664239259,0.3922710451862174,0.4311491099108986,0.4311491099108986,0   255 255,Strength
1220-1203,2B2,0.0022960496362831,0.1064252735282536,0.431063981150575,0.431063981150575,0   255 255,Strength
2120-2554,H07,0.416,0.1480300118446415,0.4306782721074592,0.4306782721074592,0   255 255,Strength
4923-4888,W50,1.234034913914214e-07,0.3452849810274686,0.4304678638389049,0.4304678638389049,0   255 255,Strength
K773-4933,QK1,0.001,0.3180076699761736,0.4291745102584792,0.4291745102584792,0   255 255,Strength
Q535-4194,8W0,1.251795352113352e-05,0.4287640015267117,0.2579283614318268,0.4287640015267117,0   255 255,Lift
2181-2013,5I2,0.0110694309113953,0.2235495317653076,0.4287590823591382,0.4287590823591382,0   255 255,Strength
3170-S056,VDE,0.428,0.0670120516793994,0.2014118514993336,0.428,0   255 255,Fatigue
3160-2302,VCD,0.0576225353064468,0.1110839523518108,0.4278069469500249,0.4278069469500249,0   255 255,Strength
2201-2209,L01,1.8143132233534424e-06,0.0625483179935657,0.4277359214590368,0.4277359214590368,0   255 255,Strength
1202-1205,XA2,0.0025677603107545,0.1278350778078784,0.4274865986681087,0.4274865986681087,0   255 255,Strength
1683-2216,AD2,0.022,0.1134101878899671,0.4273319976427057,0.4273319976427057,0   255 255,Strength
3015-3019,H10,0.427,0.0704290083021493,0.159649359004164,0.427,0   255 255,Fatigue
2262-2261,5E2,0.192,0.1406678237032319,0.4269423475777804,0.4269423475777804,0   255 255,Strength
4939-4940,A60,0.007,0.213179874186423,0.4264217531156627,0.4264217531156627,0   255 255,Strength
2563-2562,VB2,0.0218387362863964,0.0742660247632796,0.426321192964468,0.426321192964468,0   255 255,Strength
200A-2180,FP4,0.057,0.1134103033168616,0.4262448192950667,0.4262448192950667,0   255 255,Strength
4932-4933,460,0.0,0.2337743726754537,0.4259273695970584,0.4259273695970584,0   255 255,Strength
Q331-4939,P60,0.0,0.1903000184515377,0.425890039717284,0.425890039717284,0   255 255,Strength
1681-1683,8D2,0.0003749461561543,0.110425115044208,0.4258680806002112,0.4258680806002112,0   255 255,Strength
K763-4510,KK1,0.114,0.2178200557548855,0.4258625245492158,0.4258625245492158,0   255 255,Strength
K763-J274,IQ4,0.006,0.1464327932538065,0.4258625245492158,0.4258625245492158,0   255 255,Strength
3517-3518,IV0,0.3049637039909417,0.1334990162068315,0.4257719688295966,0.4257719688295966,0   255 255,Strength
1075-1048,VE2,0.0005634036901168,0.0778099941970586,0.4252034339880667,0.4252034339880667,0   255 255,Strength
3637-3563,EZ2,0.0003233407677335,0.0692083642974549,0.4251296697212633,0.4251296697212633,0   255 255,Strength
3150-3637,B22,0.0004070994400687,0.0670607484498148,0.4251286912461225,0.4251286912461225,0   255 255,Strength
3563-BO01,DZ2,,0.0729047301538403,0.4246475188316014,0.4246475188316014,0   255 255,Strength
BM22-3150,E22,0.0004070995915981,0.0513109884999349,0.4240485797968439,0.4240485797968439,0   255 255,Strength
2143-2037,Y30,0.332,0.4239808621098471,0.305690935774061,0.4239808621098471,0   255 255,Lift
2037-2074,5S0,0.332,0.4239808621098471,0.305690935774061,0.4239808621098471,0   255 255,Lift
3149-BM22,A22,0.0008284765514432,0.0488478409369939,0.4238253204117042,0.4238253204117042,0   255 255,Strength
2178-2171,LC2,0.071,0.079329459890583,0.4233377375558069,0.4233377375558069,0   255 255,Strength
1581-1263,P80,5.736018116775264e-05,0.1276396838457273,0.4228932710997632,0.4228932710997632,0   255 255,Strength
2046-2047,HB1,0.0332550997908655,0.4225516149494679,0.2557633283787417,0.4225516149494679,0   255 255,Lift
3151-3161,X01,0.422,0.086788165299136,0.2060394564581124,0.422,0   255 255,Fatigue
3151-2279,T02,0.422,0.2370853299864751,0.3225270316285917,0.422,0   255 255,Fatigue
3562-3151,DR4,0.422,0.2387671602654718,0.313781944495726,0.422,0   255 255,Fatigue
2013-2182,UH2,0.013,0.2239027207343402,0.4219650019164765,0.4219650019164765,0   255 255,Strength
BO01-3146,OZ2,9.331486242035592e-07,0.0758986910125998,0.4214963027762552,0.4214963027762552,0   255 255,Strength
2017-2079,VBD,0.0013693391076891,0.0913271306382587,0.4210687390339795,0.4210687390339795,0   255 255,Strength
1553-1554,VY0,0.022,0.2698718074085137,0.4209831596217618,0.4209831596217618,0   255 255,Strength
1554-1143,1R0,0.022,0.2540667928706545,0.4209831596217618,0.4209831596217618,0   255 255,Strength
3627-G086,5K1,0.162,0.0473469727175607,0.4208304731593834,0.4208304731593834,0   255 255,Strength
3576-4785,KX0,0.014,0.2354240364777953,0.4206031102925096,0.4206031102925096,0   255 255,Strength
4270-4268,690,0.016,0.4197343708795449,0.1679467019680779,0.4197343708795449,0   255 255,Lift
4940-Q427,B60,0.007,0.2198263590952029,0.4196939441126194,0.4196939441126194,0   255 255,Strength
3250-2267,BE2,0.008,0.1446458532403196,0.4185999986010055,0.4185999986010055,0   255 255,Strength
1204-2199,ZB2,0.418,0.1879741640226124,0.413804666038207,0.418,0   255 255,Fatigue
3528-3534,ZAC,0.418,0.0856301402086499,0.1414646683670462,0.418,0   255 255,Fatigue
3534-GJ89,CS3,0.418,0.0285884279173688,0.1623986558677173,0.418,0   255 255,Fatigue
2199-G556,BF0,0.418,0.060485620322281,0.324824820167466,0.418,0   255 255,Fatigue
2009-2137,830,0.31,0.4179119069890171,0.2696946815234286,0.4179119069890171,0   255 255,Lift
2009-2064,H04,0.31,0.4179119069890171,0.2696946815234286,0.4179119069890171,0   255 255,Lift
2119-2136,BS0,0.0024531626152697,0.164773544535358,0.4178473658491849,0.4178473658491849,0   255 255,Strength
3017-3027,XE1,0.0083600224354132,0.3601927575825098,0.4177465124609994,0.4177465124609994,0   255 255,Strength
PK02-1029,FY2,0.053,0.4176830080165561,0.4146746860124148,0.4176830080165561,0   255 255,Lift
2231-2208,9W2,1.6746924585662415e-06,0.1343718680808819,0.4171961161492877,0.4171961161492877,0   255 255,Strength
2162-2228,KU0,0.036,0.0870843108088761,0.4161930399978194,0.4161930399978194,0   255 255,Strength
1357-1531,H01,0.0004765059239803,0.031544917426151,0.4155841821858612,0.4155841821858612,0   255 255,Strength
J275-K763,HQ4,0.006,0.1125992140168533,0.4155247835121489,0.4155247835121489,0   255 255,Strength
1210-1213,VBF,0.002,0.1531668070330027,0.4148544607009278,0.4148544607009278,0   255 255,Strength
1362-1260,U80,0.014,0.0717684402661547,0.4144409531339106,0.4144409531339106,0   255 255,Strength
1362-1364,LNR,0.014,0.0890106034666416,0.4144409531339106,0.4144409531339106,0   255 255,Strength
1359-1524,DE2,0.009,0.0326680115829494,0.414414297422528,0.414414297422528,0   255 255,Strength
1357-1359,HLJ,0.009,0.1446547371199586,0.414414297422528,0.414414297422528,0   255 255,Strength
K758-4927,8L1,0.001,0.3532376351387162,0.4141982277799029,0.4141982277799029,0   255 255,Strength
Q793-4927,570,0.001,0.3532376351387162,0.4141982277799029,0.4141982277799029,0   255 255,Strength
4267-4283,590,0.016,0.4139100615336641,0.2097023363803924,0.4139100615336641,0   255 255,Lift
1363-1362,HX2,0.014,0.0890106034666416,0.4137292751748438,0.4137292751748438,0   255 255,Strength
4160-4171,750,0.018,0.1508584181788461,0.4126744330644116,0.4126744330644116,0   255 255,Strength
2180-2178,MC2,0.071,0.1031490417538322,0.4117967621455762,0.4117967621455762,0   255 255,Strength
Q788-4926,470,0.017,0.3302452416421173,0.4117656514059872,0.4117656514059872,0   255 255,Strength
K759-4926,7L1,0.017,0.3302452416421173,0.4117656514059872,0.4117656514059872,0   255 255,Strength
2018-4270,MI2,0.005,0.1497770008082933,0.4112912431382175,0.4112912431382175,0   255 255,Strength
4926-Q793,Z60,0.017,0.3288801183292096,0.4111661684280066,0.4111661684280066,0   255 255,Strength
3029-4283,KI2,0.003,0.155638814867484,0.4111197736227511,0.4111197736227511,0   255 255,Strength
4001-Q358,MV0,7.884838368522655e-06,0.2472818113554494,0.4106506443075816,0.4106506443075816,0   255 255,Strength
3145-BM19,W12,0.002412849032142,0.0696331323596281,0.4102415164096944,0.4102415164096944,0   255 255,Strength
2100-3067,AC2,0.023,0.1033121629843559,0.4102146103977097,0.4102146103977097,0   255 255,Strength
2292-2131,7P4,0.0139216116348685,0.1428230258249738,0.409409928960527,0.409409928960527,0   255 255,Strength
4160-4161,NV0,0.017,0.1508584181788461,0.40914850249031,0.40914850249031,0   255 255,Strength
2267-2266,AE2,0.008,0.1497738778250686,0.4086323986485348,0.4086323986485348,0   255 255,Strength
1723-1284,512,9.906826641613172e-05,0.1018917413707198,0.4085407438738176,0.4085407438738176,0   255 255,Strength
3065-3069,6V0,0.0131311203389901,0.1410307046165189,0.4082116155372114,0.4082116155372114,0   255 255,Strength
4277-3070,XX2,0.045,0.4081273705366401,0.1873604183841564,0.4081273705366401,0   255 255,Lift
4275-4277,290,0.002,0.4081273705366401,0.1873604183841564,0.4081273705366401,0   255 255,Lift
3169-3619,XCA,0.349,0.0578022218845981,0.4080923291870538,0.4080923291870538,0   255 255,Strength
3623-3619,4B4,0.349,0.0789555962719485,0.4080923291870538,0.4080923291870538,0   255 255,Strength
1221-1121,MA2,0.005,0.0971981856201558,0.4079287459756843,0.4079287459756843,0   255 255,Strength
1369-1371,V90,0.005,0.1505403551026569,0.4066278715045103,0.4066278715045103,0   255 255,Strength
1369-1525,EE2,0.005,0.0900985936357711,0.4066278715045103,0.4066278715045103,0   255 255,Strength
1717-1033,JY2,1.2446804505180064e-05,0.1241062994186919,0.4063899182676174,0.4063899182676174,0   255 255,Strength
4277-4280,390,0.002,0.4063255519866933,0.1854206964411066,0.4063255519866933,0   255 255,Lift
4277-4278,YX2,0.045,0.4060755300875647,0.1859428183815936,0.4060755300875647,0   255 255,Lift
3104-3246,LBN,0.406,0.0508868285164657,0.3946346276136113,0.406,0   255 255,Fatigue
3104-2282,702,0.406,0.053740510457016,0.3857509423251202,0.406,0   255 255,Fatigue
BO89-Q894,DE0,,0.1158114644007794,0.4054467780172935,0.4054467780172935,0   255 255,Strength
4181-4513,WV0,0.006,0.20664835565133,0.4044175227952161,0.4044175227952161,0   255 255,Strength
1188-1190,CY0,2.077159789146029e-05,0.4042252532723095,0.2190678152431538,0.4042252532723095,0   255 255,Lift
K764-4509,MK1,0.049,0.247376043428635,0.4039558920530794,0.4039558920530794,0   255 255,Strength
K764-J271,KQ4,0.008,0.165632140491659,0.4039558920530794,0.4039558920530794,0   255 255,Strength
Q197-4781,L10,8.369324492526481e-06,0.3914615314891627,0.4037769261952877,0.4037769261952877,0   255 255,Strength
2175-2050,Z40,0.131,0.1667317467375912,0.4035798651188192,0.4035798651188192,0   255 255,Strength
3255-3619,XA1,0.345,0.0566404942281388,0.4033179202056585,0.4033179202056585,0   255 255,Strength
3170-2300,XAD,0.403,0.0532267411216923,0.2114093865735469,0.403,0   255 255,Fatigue
1359-1361,T90,0.009,0.144792526464994,0.4024926687314711,0.4024926687314711,0   255 255,Strength
2266-2265,9E2,0.0,0.1540806517134916,0.4024642553684211,0.4024642553684211,0   255 255,Strength
2263-2262,6E2,0.225,0.1500303258329153,0.4022956784492869,0.4022956784492869,0   255 255,Strength
1720-1123,LY2,1.3292212294305117e-05,0.1738203960691883,0.4020423221015271,0.4020423221015271,0   255 255,Strength
3565-E207,Z80,0.01,0.2421890755503945,0.4019623039279001,0.4019623039279001,0   255 255,Strength
E127-3565,280,0.01,0.2416210858466317,0.4019623039279001,0.4019623039279001,0   255 255,Strength
2049-2056,AU0,0.0032525819516425,0.1368426810342508,0.4019520705127772,0.4019520705127772,0   255 255,Strength
BO99-BO98,IE0,0.018,0.4011152109197805,0.3826658095631273,0.4011152109197805,0   255 255,Lift
2294-2136,8P4,0.0039055461785841,0.1633493811197615,0.4002141569521988,0.4002141569521988,0   255 255,Strength
4180-4182,VV0,8.169760676331035e-05,0.2295016583576205,0.3999828294381328,0.3999828294381328,0   255 255,Strength
3047-4905,1H4,0.003,0.3996809169159458,0.3851351623774336,0.3996809169159458,0   255 255,Lift
2501-2187,PU0,0.062,0.1145573914917242,0.3992928201615362,0.3992928201615362,0   255 255,Strength
4921-Q764,U50,0.009,0.3592773820901282,0.3990585436766892,0.3990585436766892,0   255 255,Strength
K767-4921,2L1,0.009,0.3592773820901282,0.3990585436766892,0.3990585436766892,0   255 255,Strength
3765-3769,O90,0.399,0.1047015450596199,0.1610076637034787,0.399,0   255 255,Fatigue
3769-G074,CK1,0.399,0.0205432124872868,0.2048997069891688,0.399,0   255 255,Fatigue
3769-3766,S90,0.399,0.091634177936378,0.1602946372506977,0.399,0   255 255,Fatigue
3222-3054,RB4,0.222,0.2538827233512855,0.3989430912876346,0.3989430912876346,0   255 255,Strength
3222-G383,MM1,0.222,0.082259494307167,0.3989430912876346,0.3989430912876346,0   255 255,Strength
BO08-3178,BV4,0.0001681711122157,0.0871503267752798,0.3987548060825612,0.3987548060825612,0   255 255,Strength
3221-G269,LM1,0.013,0.060917943471652,0.398740065175764,0.398740065175764,0   255 255,Strength
3221-3260,QB4,0.013,0.1435489969472728,0.398740065175764,0.398740065175764,0   255 255,Strength
Q759-4921,Y60,0.009,0.3591497564891035,0.3987250833996149,0.3987250833996149,0   255 255,Strength
1286-1048,YE2,0.066,0.0987569873658793,0.3985700053283553,0.3985700053283553,0   255 255,Strength
3024-3221,BB4,0.013,0.1544294634413031,0.3978228302020649,0.3978228302020649,0   255 255,Strength
3049-3222,GB4,0.222,0.2275217709007781,0.397671035214529,0.397671035214529,0   255 255,Strength
2056-2055,CU0,0.00161065881019,0.257692640132838,0.3973040240263202,0.3973040240263202,0   255 255,Strength
4863-Q467,M00,9.97876316497359e-06,0.2454334803990277,0.3972619049422689,0.3972619049422689,0   255 255,Strength
2527-2552,KB2,0.0061406493296317,0.2114681753193639,0.3969564556541764,0.3969564556541764,0   255 255,Strength
1103-1221,3A2,0.000772576940045,0.0971970080098247,0.3960522348572065,0.3960522348572065,0   255 255,Strength
3068-3520,7V0,0.396,0.0872441256249889,0.2142824221099979,0.396,0   255 255,Fatigue
3057-2271,M02,0.395,0.2046175150025488,0.154655513372124,0.395,0   255 255,Fatigue
3057-3507,N02,0.395,0.2323702309582443,0.1576490043050466,0.395,0   255 255,Fatigue
3057-2290,FK4,0.395,0.1854280190504276,0.20744971828458,0.395,0   255 255,Fatigue
J270-K764,JQ4,0.008,0.1189488626915303,0.3941255060253439,0.3941255060253439,0   255 255,Strength
2098-2101,9C2,0.223,0.1295927940640333,0.3937465463097885,0.3937465463097885,0   255 255,Strength
2105-2100,DC2,0.0029948678371098,0.0901949925324425,0.3935752719460673,0.3935752719460673,0   255 255,Strength
2264-2263,7E2,0.225,0.15538149763869,0.3932543699185812,0.3932543699185812,0   255 255,Strength
2265-2264,8E2,0.0,0.1548712347527059,0.3931757917900744,0.3931757917900744,0   255 255,Strength
2303-3162,BS4,0.0725036423163668,0.1382198490243753,0.3928988847891909,0.3928988847891909,0   255 255,Strength
Q358-4192,7W0,3.738508938869808e-05,0.302807212248773,0.3927529967666988,0.3927529967666988,0   255 255,Strength
1721-1257,LP8,1.8062944756252343e-05,0.0833985716493842,0.3925362779652572,0.3925362779652572,0   255 255,Strength
2203-2204,340,0.051,0.1465459969240015,0.3919274836076857,0.3919274836076857,0   255 255,Strength
2127-2203,GS0,0.051,0.1465459969240015,0.3919274836076857,0.3919274836076857,0   255 255,Strength
1107-1194,Z20,0.0001843714607084,0.1164822424968716,0.3915291410326855,0.3915291410326855,0   255 255,Strength
3630-2018,PI2,3.097706132087747e-05,0.132595122440267,0.390044818194736,0.390044818194736,0   255 255,Strength
3632-3029,LI2,4.074984356234914e-05,0.1380716396151992,0.3899441771922687,0.3899441771922687,0   255 255,Strength
2128-2226,HS0,0.023,0.1593703163291835,0.3897971300035388,0.3897971300035388,0   255 255,Strength
2225-2226,940,0.023,0.1593703163291835,0.3897971300035388,0.3897971300035388,0   255 255,Strength
1045-1080,Y92,0.205,0.1223588516808262,0.3890509939844945,0.3890509939844945,0   255 255,Strength
1108-1082,6A2,0.0010526280035762,0.1525794678461586,0.3890497948462986,0.3890497948462986,0   255 255,Strength
1185-1184,9Y0,5.192527018079374e-07,0.3888674644474695,0.0867575477180135,0.3888674644474695,0   255 255,Lift
1127-1720,IY2,1.3292219102349608e-05,0.1771433064328899,0.3883661427142367,0.3883661427142367,0   255 255,Strength
1367-1369,U90,0.005,0.1495762205389094,0.3881166128026247,0.3881166128026247,0   255 255,Strength
1031-1717,LP2,1.244682389679416e-05,0.1438375269901622,0.3878177257318693,0.3878177257318693,0   255 255,Strength
3622-4891,8V4,0.049,0.2097164237443101,0.3873722002611107,0.3873722002611107,0   255 255,Strength
4893-4924,M50,1.0647473019450609e-07,0.3822115407145746,0.3872511112990946,0.3872511112990946,0   255 255,Strength
3128-3112,HV4,0.084360547072995,0.3869240525987434,0.3730234758836248,0.3869240525987434,0   255 255,Lift
2058-200A,HB4,0.0083630199897164,0.1049636596091481,0.3861833290922637,0.3861833290922637,0   255 255,Strength
2305-3097,IS4,0.095843630595272,0.3860676105227077,0.2774741998929201,0.3860676105227077,0   255 255,Lift
1051-1105,V10,0.0003955472621039,0.1093634549883,0.385970469227235,0.385970469227235,0   255 255,Strength
1166-1563,NR0,0.002,0.2583294648954763,0.3856935006994818,0.3856935006994818,0   255 255,Strength
2101-2105,BC2,0.0057889997136198,0.0878801280495807,0.3853767934590104,0.3853767934590104,0   255 255,Strength
K141-3203,0B4,0.0169178523365999,0.3718169588250369,0.3850160289998858,0.3850160289998858,0   255 255,Strength
3627-3622,9V4,0.162,0.1856009501622645,0.3843140846963974,0.3843140846963974,0   255 255,Strength
3073-3072,BV0,0.0584856423877323,0.3237506353721617,0.3840125636956912,0.3840125636956912,0   255 255,Strength
1074-1208,VIG,0.0037972217613937,0.1099986408962414,0.38392515457001,0.38392515457001,0   255 255,Strength
4689-3210,QD2,0.007,0.167009992768671,0.3838970997443952,0.3838970997443952,0   255 255,Strength
4201-4268,HHH,0.016,0.3837558851164867,0.2184841269953909,0.3837558851164867,0   255 255,Lift
2205-1220,GB2,0.001,0.0838018336464636,0.3829081502829079,0.3829081502829079,0   255 255,Strength
1080-1104,0A2,0.0007994760498727,0.1086105501518345,0.3828287020960181,0.3828287020960181,0   255 255,Strength
300B-3627,RO4,0.162,0.1952255461345286,0.381961546010398,0.381961546010398,0   255 255,Strength
2045-2039,8U0,0.0008521368571679,0.2657512027679743,0.381730888401246,0.381730888401246,0   255 255,Strength
3161-3240,XB2,0.0565896509824989,0.1328306393942722,0.3814303835712189,0.3814303835712189,0   255 255,Strength
3182-G266,5M1,0.014,0.1177520342107754,0.3813827277889643,0.3813827277889643,0   255 255,Strength
K723-4938,PK1,0.0,0.2735242751784719,0.381295637576634,0.381295637576634,0   255 255,Strength
2007-2005,LBB,6.186944726082125e-05,0.1520379336368161,0.3810754706324786,0.3810754706324786,0   255 255,Strength
1411-1443,7T0,0.004,0.0229680331967758,0.3802250551930235,0.3802250551930235,0   255 255,Strength
1443-G245,CA0,0.004,0.0250582210770458,0.3802250551930235,0.3802250551930235,0   255 255,Strength
1209-2205,0B2,0.0020599146634342,0.0859062335334626,0.380062587774497,0.380062587774497,0   255 255,Strength
3561-3024,0C4,0.211,0.2151450014874892,0.3800319976918014,0.3800319976918014,0   255 255,Strength
2016-2045,HDB,0.0020591620899606,0.1415600248257734,0.3798515182285749,0.3798515182285749,0   255 255,Strength
2086-2021,S30,0.084,0.120889771368952,0.3797109570491922,0.3797109570491922,0   255 255,Strength
3500-3524,DY2,0.379,0.2659326432006061,0.1839821797723712,0.379,0   255 255,Fatigue
3500-3312,X70,0.379,0.1755846374590945,0.1848717759610011,0.379,0   255 255,Fatigue
2539-3500,LAN,0.379,0.213843033499352,0.1859465863386014,0.379,0   255 255,Fatigue
2516-2560,JB2,0.143,0.1136197712176603,0.3787989577990694,0.3787989577990694,0   255 255,Strength
4267-4200,490,0.016,0.3785284863204856,0.2576927939910834,0.3785284863204856,0   255 255,Lift
K772-4932,OK1,0.0,0.3162011628170771,0.3784885548444098,0.3784885548444098,0   255 255,Strength
1718-1097,KY2,4.872280138532833e-06,0.1548309790795341,0.3784582351837045,0.3784582351837045,0   255 255,Strength
3072-3500,AV0,0.378,0.2415423112344828,0.2537593608240006,0.378,0   255 255,Fatigue
3186-3192,X12,0.0029791938370303,0.3435055385293537,0.3778314734266821,0.3778314734266821,0   255 255,Strength
1588-1039,NE2,6.940211524707726e-05,0.0752087008844936,0.3777812828332351,0.3777812828332351,0   255 255,Strength
1037-1207,VHJ,0.0011567747762397,0.1113644977963254,0.3776363557483823,0.3776363557483823,0   255 255,Strength
2555-2125,MS0,0.219,0.1610028929064323,0.3770097743662444,0.3770097743662444,0   255 255,Strength
2555-2216,2X0,0.219,0.1610028929064323,0.3770097743662444,0.3770097743662444,0   255 255,Strength
4896-Q807,N50,5.135100183340402e-07,0.376845961207763,0.3634468968763196,0.376845961207763,0   255 255,Lift
3585-3587,2C4,0.051,0.0508199750772981,0.3765649526005793,0.3765649526005793,0   255 255,Strength
3587-G405,6N1,0.051,0.0432202505117905,0.3765649526005793,0.3765649526005793,0   255 255,Strength
3587-3050,5C4,0.051,0.0573601821773563,0.3764075652940757,0.3764075652940757,0   255 255,Strength
3108-3080,4A4,0.376,0.0719527219939437,0.2377913419935955,0.376,0   255 255,Fatigue
3123-3108,8B4,0.376,0.0665910517296202,0.21970250663383,0.376,0   255 255,Fatigue
3108-3121,6B4,0.376,0.0660697411536479,0.2196043712556607,0.376,0   255 255,Fatigue
1189-1555,DY0,1.8523810441164986e-05,0.3747207432741142,0.1784614049724676,0.3747207432741142,0   255 255,Lift
1443-1416,ET0,0.004,0.0250582210770458,0.3746384081785147,0.3746384081785147,0   255 255,Strength
Q723-4891,3Y0,0.006,0.105075148052914,0.3742039567963151,0.3742039567963151,0   255 255,Strength
3546-3273,NR4,0.374,0.0936830083475688,0.1143098663247472,0.374,0   255 255,Fatigue
3546-3547,P22,0.374,0.053933678882764,0.10635418711152,0.374,0   255 255,Fatigue
3545-3546,LNG,0.374,0.0572719848915648,0.1122901578854423,0.374,0   255 255,Fatigue
2138-2268,AZ0,0.004,0.0894111598572678,0.3734693846813739,0.3734693846813739,0   255 255,Strength
Q468-4003,Q10,2.717783588618061e-05,0.2336296282452156,0.3733144400567525,0.3733144400567525,0   255 255,Strength
Q162-4521,K10,0.005,0.2547685253492994,0.3731054564184099,0.3731054564184099,0   255 255,Strength
4866-Q723,ZY0,0.0004430168238087,0.1034325708581123,0.372919674284296,0.372919674284296,0   255 255,Strength
E150-3564,380,0.005,0.2391408484974742,0.3718107674861129,0.3718107674861129,0   255 255,Strength
3564-E238,HEH,0.005,0.2400732679968568,0.3718107674861129,0.3718107674861129,0   255 255,Strength
3537-3278,ZAM,0.0536201263822266,0.371429275646664,0.2144383206973494,0.371429275646664,0   255 255,Lift
1199-1108,JA2,0.002,0.140091901996533,0.3713777387133654,0.3713777387133654,0   255 255,Strength
1106-1206,5A2,0.001,0.1074876301776019,0.3705628328756202,0.3705628328756202,0   255 255,Strength
1029-0016,S10,0.003,0.1634280103413004,0.3701850986627465,0.3701850986627465,0   255 255,Strength
1206-1199,KA2,0.002,0.1243956204485199,0.3699422032685315,0.3699422032685315,0   255 255,Strength
2037-2098,D30,0.332,0.3699330773509384,0.2606279495722707,0.3699330773509384,0   255 255,Lift
4521-4005,G00,0.003,0.0773392551768163,0.3696266598017325,0.3696266598017325,0   255 255,Strength
Q807-Q811,870,,0.3694802259290674,0.3513917118781835,0.3694802259290674,0   255 255,Lift
3019-3023,4X0,0.369,0.0676846165442353,0.1338238847886698,0.369,0   255 255,Fatigue
1255-2563,5B2,0.0036042538387833,0.0382303613690648,0.3687221469505624,0.3687221469505624,0   255 255,Strength
3210-3618,LD2,7.962205490573612e-05,0.1527320651581071,0.3685592015538299,0.3685592015538299,0   255 255,Strength
300D-K140,9P4,0.025510374975481,0.0708092168487555,0.3678530111836905,0.3678530111836905,0   255 255,Strength
4720-4500,J00,0.004,0.3663940881055152,0.3664620098335609,0.3664620098335609,0   255 255,Strength
4938-Q331,960,0.0,0.1826377883536604,0.3659267013420351,0.3659267013420351,0   255 255,Strength
1141-1181,OQ0,4.8904808014826826e-05,0.1579293377541493,0.3653874352359535,0.3653874352359535,0   255 255,Strength
1098-1718,HY2,4.872283259931553e-06,0.1539523352830792,0.3649190790032761,0.3649190790032761,0   255 255,Strength
2186-2191,JW0,0.02,0.041809653166652,0.3648874789652395,0.3648874789652395,0   255 255,Strength
4865-4866,YX0,0.0004430178021839,0.0984252597441372,0.3648535416533007,0.3648535416533007,0   255 255,Strength
1105-1219,Y10,5.138438878452151e-05,0.0750582909332252,0.3644621929865516,0.3644621929865516,0   255 255,Strength
4517-4518,B00,0.325,0.2138007488280536,0.3642103829901231,0.3642103829901231,0   255 255,Strength
4782-4938,C50,4.611194033792189e-06,0.2264901431269466,0.3640122596604769,0.3640122596604769,0   255 255,Strength
1186-1550,AY0,0.001,0.3637363531325802,0.2776442211477344,0.3637363531325802,0   255 255,Lift
4781-4932,B50,5.425301074558898e-06,0.3243827456328932,0.3628268147716688,0.3628268147716688,0   255 255,Strength
3198-G089,7M1,0.088,0.0469090976241988,0.3628268065531645,0.3628268065531645,0   255 255,Strength
K760-4925,6L1,0.006,0.3053638051224002,0.362691062693808,0.362691062693808,0   255 255,Strength
4925-Q788,Y50,0.006,0.3043689588817457,0.362691062693808,0.362691062693808,0   255 255,Strength
2066-2009,M30,0.31,0.3624039809762742,0.2824693213102511,0.3624039809762742,0   255 255,Lift
Q785-4925,370,0.006,0.3053638051224002,0.3622818580915252,0.3622818580915252,0   255 255,Strength
2085-3019,7C2,0.041,0.1314734495426566,0.3622486981492918,0.3622486981492918,0   255 255,Strength
3097-3096,FV4,0.0593512688769602,0.362100217356932,0.3156044263493692,0.362100217356932,0   255 255,Lift
Q279-4517,O10,0.284,0.1968457745889485,0.3617989702569588,0.3617989702569588,0   255 255,Strength
1369-1526,FE2,0.005,0.1304341311282443,0.361621678899994,0.361621678899994,0   255 255,Strength
1104-1106,4A2,0.0003243845748448,0.1076321612767441,0.3615838965001845,0.3615838965001845,0   255 255,Strength
3582-4002,LV0,1.4353351586218125e-05,0.2426726518577788,0.3615787189475511,0.3615787189475511,0   255 255,Strength
2064-2075,HB8,0.0017603649593175,0.361391881061973,0.2251005520712677,0.361391881061973,0   255 255,Lift
2516-2188,VU0,0.069,0.0764463415866392,0.3611833091617054,0.3611833091617054,0   255 255,Strength
1554-1142,0R0,0.005,0.2698718074085137,0.3608139948475813,0.3608139948475813,0   255 255,Strength
3096-3129,VCC,0.1049732180357523,0.3607886139071625,0.3390215330125815,0.3607886139071625,0   255 255,Lift
1263-1351,K80,0.0001322081247158,0.0749156750897613,0.3605188753400203,0.3605188753400203,0   255 255,Strength
2185-2186,IW0,0.019,0.0437195176111228,0.359761734733601,0.359761734733601,0   255 255,Strength
3240-3177,TO4,0.1127778508986246,0.1567915854281263,0.3593962986821913,0.3593962986821913,0   255 255,Strength
2124-2131,DS0,0.0058059714568436,0.0962790129584165,0.3591578679424893,0.3591578679424893,0   255 255,Strength
2021-2084,B30,0.082,0.1087531137569265,0.3583423449552471,0.3583423449552471,0   255 255,Strength
3040-3062,XBT,0.0084996842290572,0.0680592727253077,0.3580322080842644,0.3580322080842644,0   255 255,Strength
Q211-4782,M10,7.113371272422378e-06,0.2531278771684055,0.3575745238709664,0.3575745238709664,0   255 255,Strength
1545-1548,OY0,0.009,0.332369238112613,0.3573624376293676,0.3573624376293676,0   255 255,Strength
1162-1545,SQ0,0.009,0.2840773576450058,0.3573624376293676,0.3573624376293676,0   255 255,Strength
1049-1075,TE2,0.0015665724615273,0.1022832114249426,0.3570494472511484,0.3570494472511484,0   255 255,Strength
2555-2126,NS0,0.092,0.1422803806879125,0.356746620825296,0.356746620825296,0   255 255,Strength
2226-2228,B40,0.023,0.1408879670880982,0.3564377575410066,0.3564377575410066,0   255 255,Strength
1359-1499,VFH,0.009,0.0469346127030689,0.3555719380434675,0.3555719380434675,0   255 255,Strength
2560-2567,SB2,0.0140329171274807,0.0949266991547659,0.3554943189133769,0.3554943189133769,0   255 255,Strength
3636-3021,5H4,0.0010277339171035,0.1871065842446528,0.3551923248590644,0.3551923248590644,0   255 255,Strength
3142-3109,DA4,0.355,0.0802800064507352,0.2083881833489811,0.355,0   255 255,Fatigue
2170-2169,2I2,0.097,0.1949703653744599,0.3549301930187866,0.3549301930187866,0   255 255,Strength
K766-4922,3L1,0.003,0.3320533611685513,0.3548736035864482,0.3548736035864482,0   255 255,Strength
Q764-4922,Z70,0.003,0.330297037339425,0.3548736035864482,0.3548736035864482,0   255 255,Strength
4922-Q768,V50,0.003,0.3320533611685513,0.3544652103950776,0.3544652103950776,0   255 255,Strength
2509-2555,HA4,0.219,0.1469518324148246,0.3539665344327802,0.3539665344327802,0   255 255,Strength
1172-1166,TR0,0.0002690067282844,0.2395521455126814,0.3535655673300569,0.3535655673300569,0   255 255,Strength
1190-1192,EY0,4.669202319734019e-05,0.3533757695134393,0.2799503395122502,0.3533757695134393,0   255 255,Lift
K600-K591,SU2,0.0036525609198933,0.0644422013443592,0.3533447283473813,0.3533447283473813,0   255 255,Strength
K765-4923,4L1,0.0,0.3481060835139003,0.3531743046851375,0.3531743046851375,0   255 255,Strength
3014-3529,XAZ,0.353,0.2130422063734455,0.2910287880387425,0.353,0   255 255,Fatigue
3529-G262,ZN1,0.353,0.0204471013026787,0.2910287880387425,0.353,0   255 255,Fatigue
3529-3561,YB4,0.353,0.2778408680031651,0.3433251167675802,0.353,0   255 255,Fatigue
3066-3571,LNK,0.3529007556244802,0.0455036482291562,0.3048123607733915,0.3529007556244802,0   255 255,Fatigue
2202-2203,240,0.051,0.1216899676942604,0.3523567856833615,0.3523567856833615,0   255 255,Strength
Q768-4923,070,0.0,0.3481060835139003,0.3523513486727081,0.3523513486727081,0   255 255,Strength
2516-2033,9I2,0.168,0.1865863114627388,0.3521491448286008,0.3521491448286008,0   255 255,Strength
2033-2170,WH2,0.097,0.1923626591167455,0.3521414392799044,0.3521414392799044,0   255 255,Strength
1137-1182,IR0,5.246107626741034e-05,0.352074085934097,0.1591223236898401,0.352074085934097,0   255 255,Lift
1554-1268,WY0,0.092,0.2619569803593181,0.352029088480391,0.352029088480391,0   255 255,Strength
2077-2078,H05,0.047,0.3518525055340439,0.1649442037990058,0.3518525055340439,0   255 255,Lift
2191-2194,MW0,0.02,0.0570409777420087,0.3508553304819721,0.3508553304819721,0   255 255,Strength
1208-1076,QE2,0.001,0.1000837994971791,0.3502077513507192,0.3502077513507192,0   255 255,Strength
1112-1278,GH2,0.002,0.3500508795681153,0.2004184140618444,0.3500508795681153,0   255 255,Lift
1112-1116,7X2,0.002,0.3500508795681153,0.2004184140618444,0.3500508795681153,0   255 255,Lift
2166-1326,YH2,0.048,0.1802921427298342,0.3499895042720914,0.3499895042720914,0   128 255,Strength
3604-4891,6V4,0.034,0.0979166222381747,0.3486456729745171,0.3486456729745171,0   128 255,Strength
1140-1180,HAB,2.770205044117107e-05,0.1976597300447664,0.3482140767462193,0.3482140767462193,0   128 255,Strength
1178-1163,VQ0,5.254388831310138e-05,0.1516774430933971,0.3476017880161937,0.3476017880161937,0   128 255,Strength
2140-2085,GC2,0.0053973908247464,0.1218014816113273,0.3474582615439882,0.3474582615439882,0   128 255,Strength
Q817-4898,B70,6.701447174479265e-07,0.3466784787190093,0.1969637463290149,0.3466784787190093,0   128 255,Lift
1113-1111,AW2,0.0093123362174294,0.3462919564193543,0.2177821604852703,0.3462919564193543,0   128 255,Lift
K761-4924,5L1,0.0,0.3322020991822228,0.3459017509301694,0.3459017509301694,0   128 255,Strength
3635-3047,4H4,0.0012531827763046,0.3458980837476961,0.334092877721265,0.3458980837476961,0   128 255,Lift
4924-Q785,X50,0.0,0.3320883247342407,0.3452039005065263,0.3452039005065263,0   128 255,Strength
3046-3575,AW0,0.345,0.0338146227187674,0.1947163029826238,0.345,0   128 255,Fatigue
1261-1362,R80,0.014,0.0834163748549694,0.3448619619393555,0.3448619619393555,0   128 255,Strength
2149-2038,IC2,0.077,0.0742055981452098,0.3445288718179386,0.3445288718179386,0   128 255,Strength
2187-2184,KW0,0.001926778721845,0.092128457713878,0.3444579213432963,0.3444579213432963,0   128 255,Strength
1171-1172,SR0,0.0004346902114085,0.2262205417724887,0.3443926891493026,0.3443926891493026,0   128 255,Strength
2195-3241,YO4,0.0103432646565194,0.0952385405990304,0.3443416864586133,0.3443416864586133,0   128 255,Strength
3225-G407,OM1,0.138,0.0194096875349317,0.3442700855837542,0.3442700855837542,0   128 255,Strength
1054-1059,GY2,4.367226801920932e-05,0.1453630794916932,0.3440561807874154,0.3440561807874154,0   128 255,Strength
2040-2041,PY2,7.133191701631198e-05,0.1532505981805283,0.3440451004748484,0.3440451004748484,0   128 255,Strength
3226-G273,PM1,0.312,0.0181436461184311,0.3438862631031,0.3438862631031,0   128 255,Strength
1327-1377,S20,0.001,0.1183501716058595,0.3435329870093598,0.3435329870093598,0   128 255,Strength
2169-2168,1I2,0.009,0.1961910385599657,0.3433761056897376,0.3433761056897376,0   128 255,Strength
2107-2115,5R0,0.0005837705959986,0.1313701180944224,0.3433597407773812,0.3433597407773812,0   128 255,Strength
3220-3561,PB4,0.225,0.2778408680031651,0.3433251167675802,0.3433251167675802,0   128 255,Strength
2268-2269,DZ0,5.359467327506189e-05,0.0769707204537948,0.3430703531155659,0.3430703531155659,0   128 255,Strength
2225-2257,A40,0.0001202346994172,0.0853124416641346,0.3423715696913013,0.3423715696913013,0   128 255,Strength
3561-3022,ZC4,0.225,0.2771320883554169,0.3423060422342716,0.3423060422342716,0   128 255,Strength
1550-1188,SY0,0.001,0.3422482944997158,0.2690959517987671,0.3422482944997158,0   128 255,Lift
1555-1556,XY0,3.78862216400652e-05,0.3422216778722605,0.2310896198680586,0.3422216778722605,0   128 255,Lift
1556-1286,YY0,0.007,0.3422216778722605,0.2533027100471195,0.3422216778722605,0   128 255,Lift
3306-3307,N70,0.342,0.0664965829972201,0.1130633288231262,0.342,0   128 255,Fatigue
3170-3257,990,0.342,0.1328141957000971,0.1960131042502667,0.342,0   128 255,Fatigue
3307-G395,MJ1,0.342,0.0141280398557807,0.1945676533562651,0.342,0   128 255,Fatigue
Q509-4865,2Y0,0.0001335994592837,0.0812128767702574,0.3415938173154383,0.3415938173154383,0   128 255,Strength
L648-1445,2U0,0.001,0.021281822573311,0.3413112411095679,0.3413112411095679,0   128 255,Strength
L648-G241,VL1,0.001,0.021281822573311,0.3413112411095679,0.3413112411095679,0   128 255,Strength
1421-JF58,X20,0.001,0.1003589834036086,0.3410986999475914,0.3410986999475914,0   128 255,Strength
1421-G431,BA0,0.001,0.0230664259863863,0.3410986999475914,0.3410986999475914,0   128 255,Strength
2532-1255,MB2,0.0023910328483788,0.0386351062377513,0.3405935636258718,0.3405935636258718,0   128 255,Strength
3033-3053,ZV0,0.0518717311275741,0.1211871116077364,0.3404921287390902,0.3404921287390902,0   128 255,Strength
1262-1303,920,0.009,0.122576084059694,0.3404631957941304,0.3404631957941304,0   128 255,Strength
3198-300B,OP4,0.088,0.2050210451408278,0.3403671796761761,0.3403671796761761,0   128 255,Strength
1207-1039,ME2,6.940773731414142e-05,0.0977556627625991,0.3402895006853078,0.3402895006853078,0   128 255,Strength
0016-1421,HEE,0.001,0.1264570035908291,0.3401438441222961,0.3401438441222961,0   128 255,Strength
1268-1559,HEG,0.043,0.113203417324079,0.3396626561645045,0.3396626561645045,0   128 255,Strength
3533-3553,CV4,0.0423218369221682,0.2144664939128981,0.3396255375419573,0.3396255375419573,0   128 255,Strength
2561-2528,TB2,0.0241966604017925,0.0825400345291005,0.3395405688828324,0.3395405688828324,0   128 255,Strength
2168-2167,0I2,0.012,0.1915132812052817,0.339268509293852,0.339268509293852,0   128 255,Strength
3206-G056,EJ1,0.13,0.0466924703343284,0.3392550298921243,0.3392550298921243,0   128 255,Strength
3586-3225,4C4,0.339,0.2188818232862171,0.2649249790597194,0.339,0   128 255,Fatigue
3041-3586,FB4,0.339,0.2172507812006998,0.2562302671839435,0.339,0   128 255,Fatigue
3124-3037,E80,0.339,0.0864875992956872,0.1202653923503618,0.339,0   128 255,Fatigue
3239-3586,XAJ,0.339,0.220703003704607,0.2697971484740663,0.339,0   128 255,Fatigue
1038-1348,VKJ,0.04,0.0834453009289773,0.3388532154757231,0.3388532154757231,0   128 255,Strength
1444-L648,FT0,0.001,0.0173357788839761,0.3388092336664984,0.3388092336664984,0   128 255,Strength
3239-G491,WM1,0.245,0.0123064060712319,0.3387263821968024,0.3387263821968024,0   128 255,Strength
3131-2304,FS4,0.0541970141619972,0.2644621797418639,0.338524599497094,0.338524599497094,0   128 255,Strength
2108-2117,6R0,0.0009591797723172,0.1159048681623283,0.3383181581280312,0.3383181581280312,0   128 255,Strength
3756-3164,G90,0.0015361882718936,0.0931519184542637,0.3382329864453546,0.3382329864453546,0   128 255,Strength
2038-2140,3C2,0.0014240888922435,0.0977048515809147,0.3379106283384852,0.3379106283384852,0   128 255,Strength
3205-3198,QA4,0.088,0.2185976886329897,0.3376452528007404,0.3376452528007404,0   128 255,Strength
2218-2251,740,0.002,0.0537066166901356,0.3376270063236645,0.3376270063236645,0   128 255,Strength
1558-1269,CX2,0.005,0.3372693485488296,0.2132958539621504,0.3372693485488296,0   128 255,Lift
1558-1281,RH2,0.005,0.3372693485488296,0.2132958539621504,0.3372693485488296,0   128 255,Lift
2167-2166,ZI2,0.048,0.1821373653829663,0.3369716879497608,0.3369716879497608,0   128 255,Strength
2019-3630,VED,0.0123728389396736,0.0951833465657652,0.3369376031667601,0.3369376031667601,0   128 255,Strength
3535-3536,ZAF,0.0813542094617421,0.3365860869135371,0.2832318180904068,0.3365860869135371,0   128 255,Lift
2272-2175,FZ0,0.001,0.0505544270943432,0.3364951894797158,0.3364951894797158,0   128 255,Strength
1253-2561,4B2,0.016,0.0744721399873254,0.3359558678875973,0.3359558678875973,0   128 255,Strength
3031-3632,VEC,0.0204185720098766,0.0978142629318676,0.3357039528901614,0.3357039528901614,0   128 255,Strength
1187-1551,BY0,0.002,0.3356599673421698,0.3056291875007318,0.3356599673421698,0   128 255,Lift
CA15-4100,3F0,0.017,0.1423660084382179,0.335594274867321,0.335594274867321,0   128 255,Strength
3000-3503,SO4,0.06088265373258,0.3007643984534822,0.3353509291354424,0.3353509291354424,0   128 255,Strength
3246-3102,P12,0.0012742053247758,0.0115244378573016,0.3347953248678055,0.3347953248678055,0   128 255,Strength
4165-4162,TV0,0.0002224496567002,0.1838104314054278,0.334679902907548,0.334679902907548,0   128 255,Strength
4518-4519,C00,0.325,0.2134349257648606,0.3342621071976761,0.3342621071976761,0   128 255,Strength
CA16-CA15,0F0,0.004,0.0622948956927549,0.3342121918235716,0.3342121918235716,0   128 255,Strength
3196-3262,XCB,0.0431702879982199,0.181810975366358,0.3340302746710793,0.3340302746710793,0   128 255,Strength
2118-2110,DR0,0.0007927381906465,0.0957079752015339,0.3337858232823963,0.3337858232823963,0   128 255,Strength
2141-2149,HC2,0.077,0.0940606742031188,0.333013077761306,0.333013077761306,0   128 255,Strength
2283-2229,G02,8.106313827572277e-07,0.1463076400444262,0.3329439288634985,0.3329439288634985,0   128 255,Strength
1161-1545,RQ0,0.009,0.332369238112613,0.303863270757413,0.332369238112613,0   128 255,Lift
2194-2192,NW0,0.016,0.06668297190998,0.3320402278975801,0.3320402278975801,0   128 255,Strength
2567-1253,0C2,0.007247150226255,0.0663861878421676,0.3316956953917205,0.3316956953917205,0   128 255,Strength
2160-2502,IU0,0.0013012172865793,0.1534845820566159,0.3315509682776247,0.3315509682776247,0   128 255,Strength
3162-3618,JV4,0.0268900372808834,0.1382197296409808,0.3306439574624421,0.3306439574624421,0   128 255,Strength
2247-G257,NF0,0.102,0.0269555125294912,0.3306102583087755,0.3306102583087755,0   128 255,Strength
CA15-CA14,ZF0,0.004,0.0234695067757269,0.3299921083396352,0.3299921083396352,0   128 255,Strength
1192-1258,GY0,0.009,0.3298502926991229,0.2991532018671836,0.3298502926991229,0   128 255,Lift
1331-1327,U20,0.001,0.0984936002092518,0.3294413555136025,0.3294413555136025,0   128 255,Strength
2126-2130,FS0,0.000598682338299,0.1243292100539541,0.3293489904565028,0.3293489904565028,0   128 255,Strength
Q433-Q509,1Y0,,0.0846994565085855,0.3290848126927748,0.3290848126927748,0   128 255,Strength
4200-4280,090,6.734120122022307e-07,0.3290077903527592,0.1428042465551817,0.3290077903527592,0   128 255,Lift
2301-3170,XAF,0.329,0.128139650472242,0.2541496993350644,0.329,0   128 255,Fatigue
2204-2243,440,0.0002862403671984,0.0306732786415983,0.3288242058195262,0.3288242058195262,0   128 255,Strength
4005-4006,QZ0,2.325335346315928e-06,0.0638823712962521,0.3287363349820812,0.3287363349820812,0   128 255,Strength
3176-3623,XY4,0.0460361935202023,0.1297396730716283,0.3285822715608398,0.3285822715608398,0   128 255,Strength
1577-1185,ZZ0,1.7276158889995656e-06,0.3283285190081006,0.0631588543239924,0.3283285190081006,0   128 255,Lift
3248-3031,RV4,0.0744740919226159,0.0849120175292094,0.328171728269032,0.328171728269032,0   128 255,Strength
3069-3068,8V0,0.0653654681331549,0.1190439525744177,0.3273067786910441,0.3273067786910441,0   128 255,Strength
1193-1527,HY0,0.009,0.1814254962111789,0.3272426092526206,0.3272426092526206,0   128 255,Strength
2059-2061,J30,0.0009268027756717,0.1178062259069414,0.3272181498229223,0.3272181498229223,0   128 255,Strength
4006-Q026,RZ0,5.657441645997182e-07,0.0791074726437754,0.3272074257444385,0.3272074257444385,0   128 255,Strength
1411-1444,8T0,2.530014419020557e-07,0.021036073015144,0.3271331537381143,0.3271331537381143,0   128 255,Strength
1409-1411,5T0,1.0002247400114545e-08,0.0375152258833776,0.327046008482606,0.327046008482606,0   128 255,Strength
4864-Q468,N00,1.1538232317553048e-05,0.2128183461731737,0.327037992852938,0.327037992852938,0   128 255,Strength
2152-2515,DU0,0.0007630535327336,0.0814868394402937,0.3268510737417043,0.3268510737417043,0   128 255,Strength
3183-3206,7S4,0.13,0.1080686583531767,0.3265806846722897,0.3265806846722897,0   128 255,Strength
1278-1302,JH2,4.258053689962929e-05,0.3263038835333489,0.152175643382517,0.3263038835333489,0   128 255,Lift
4100-4201,Z90,0.017,0.3262087111339578,0.1628236958145391,0.3262087111339578,0   128 255,Lift
2158-2159,NW2,0.0039004915093073,0.1203408775276049,0.3258887240683548,0.3258887240683548,0   128 255,Strength
3251-2019,5K4,0.0604273609920239,0.0837710132223913,0.3257308027543537,0.3257308027543537,0   128 255,Strength
Q031-4007,I10,4.7042577584091926e-07,0.1647553518448758,0.3250454394932218,0.3250454394932218,0   128 255,Strength
3312-3313,S70,0.325,0.1126209792959812,0.1299350412480327,0.325,0   128 255,Fatigue
3313-G287,RJ1,0.325,0.0147099483351908,0.1947297346630967,0.325,0   128 255,Fatigue
3206-3604,VZ1,0.13,0.0932289422466959,0.3249403597422828,0.3249403597422828,0   128 255,Strength
1719-1055,MY2,1.5983421807554233e-05,0.1031094332732261,0.3248539421723931,0.3248539421723931,0   128 255,Strength
1050-1045,U10,0.05,0.2547136026328717,0.3245223907413267,0.3245223907413267,0   128 255,Strength
1133-1183,HAC,0.0001284174409943,0.3243802197330712,0.2604736224205508,0.3243802197330712,0   128 255,Lift
2210-2141,EK4,0.059,0.1109129235338107,0.3240091482236419,0.3240091482236419,0   128 255,Strength
2072-2543,7S0,0.324,0.2302556615446734,0.2862199640280494,0.324,0   128 255,Fatigue
2184-2185,HW0,0.017,0.0673314468506418,0.3238775602188284,0.3238775602188284,0   128 255,Strength
3527-3528,VBC,0.3130918533726077,0.2144419454957941,0.3225077863158611,0.3225077863158611,0   128 255,Strength
1454-G206,FA0,0.009,0.0298562131471284,0.3220284455685991,0.3220284455685991,0   128 255,Strength
1454-1417,JT0,0.009,0.0298562131471284,0.3220284455685991,0.3220284455685991,0   128 255,Strength
3763-3764,M90,0.322,0.0887519473311051,0.1578406289415561,0.322,0   128 255,Fatigue
3764-3258,N90,0.322,0.1099252171369727,0.1567909649394989,0.322,0   128 255,Fatigue
3764-G083,AK1,0.322,0.0288406808504209,0.1996834678257743,0.322,0   128 255,Fatigue
1415-1454,CT0,0.009,0.0387356085410868,0.321975343201731,0.321975343201731,0   128 255,Strength
4007-4720,SZ0,5.252535858487237e-06,0.2939215383363804,0.3208643015817305,0.3208643015817305,0   128 255,Strength
2125-2129,ES0,0.0016056884466442,0.1392384915391402,0.3205997114871208,0.3205997114871208,0   128 255,Strength
1321-1323,O20,1.9378733702450977e-06,0.09496867305321,0.3205981197095491,0.3205981197095491,0   128 255,Strength
K777-K709,AR4,0.003,0.1235186360451186,0.3198374375127586,0.3198374375127586,0   128 255,Strength
Q811-Q814,970,,0.319806467982396,0.2633863628606983,0.319806467982396,0   128 255,Lift
2129-2127,IS0,0.0007978404799859,0.1256634240722762,0.3194568297968141,0.3194568297968141,0   128 255,Strength
3004-3005,C80,0.319,0.047310649913226,0.1702110277624007,0.319,0   128 255,Fatigue
3164-3170,890,0.319,0.0723773265850098,0.2602574695826612,0.319,0   128 255,Fatigue
3288-3004,I80,0.319,0.0579766408378874,0.1693523306450378,0.319,0   128 255,Fatigue
3004-G296,CJ1,0.319,0.0130170665141175,0.1860642863452033,0.319,0   128 255,Fatigue
K576-1303,M60,0.009,0.1021741145108859,0.3187488842576632,0.3187488842576632,0   128 255,Strength
2010-2008,930,0.057,0.1032244086917287,0.3186905180170071,0.3186905180170071,0   128 255,Strength
1302-1283,OH2,0.0001291538605868,0.3183860057089703,0.167112171406209,0.3183860057089703,0   128 255,Lift
1551-1189,TY0,0.002,0.317722069037408,0.2962639142796662,0.317722069037408,0   128 255,Lift
3053-3100,3V0,0.0442300365370918,0.12012111226709,0.3175831560134492,0.3175831560134492,0   128 255,Strength
1115-1545,4Y0,0.009,0.31734844786667,0.2944652193046643,0.31734844786667,0   128 255,Lift
3231-G412,FJ1,0.136,0.019587883630242,0.3163219627042479,0.3163219627042479,0   128 255,Strength
Q894-Q927,FE0,,0.086553943009186,0.3162392298538314,0.3162392298538314,0   128 255,Strength
2074-2076,8S0,0.0014227084183573,0.3162173421004932,0.2478339788836361,0.3162173421004932,0   128 255,Lift
3064-3052,5V0,0.0335034697305887,0.1214191069689359,0.31587977493561,0.31587977493561,0   128 255,Strength
4153-LGA3,VY2,3.7246265655056833e-07,0.0021733017834399,0.3153758777471654,0.3153758777471654,0   128 255,Strength
K591-K597,MU2,0.0043525139962671,0.0598276809489502,0.3152456142808264,0.3152456142808264,0   128 255,Strength
2050-2052,F30,0.0008514702579849,0.1732392115095361,0.3151688715181192,0.3151688715181192,0   128 255,Strength
2273-2272,HZ0,2.2351054852101624e-05,0.0608736858272692,0.3147356132016966,0.3147356132016966,0   128 255,Strength
4135-4134,IZ2,0.189,0.0996916204212196,0.3146822442231044,0.3146822442231044,0   128 255,Strength
4135-E127,080,0.189,0.1172667058025635,0.3146822442231044,0.3146822442231044,0   128 255,Strength
1281-1306,KH2,4.6654445659975406e-05,0.3146186202463353,0.1607038694129256,0.3146186202463353,0   128 255,Lift
1306-1285,PH2,6.113911293475992e-05,0.3146183307220193,0.1607049678154374,0.3146183307220193,0   128 255,Lift
2130-2128,JS0,0.000368337123664,0.1374805780262619,0.3142826034499976,0.3142826034499976,0   128 255,Strength
1410-1415,6T0,0.001,0.0413465817496314,0.3139349101822641,0.3139349101822641,0   128 255,Strength
1702-1415,QT0,0.001,0.0455453764135768,0.3139349101822641,0.3139349101822641,0   128 255,Strength
3153-3256,HJC,0.0024578621320331,0.1155936362651338,0.3134754301583655,0.3134754301583655,0   128 255,Strength
2120-2294,HB7,0.0012313422728645,0.1157696086752032,0.3133925880682957,0.3133925880682957,0   128 255,Strength
4163-4267,RV0,0.016,0.1497594310354896,0.3131543356012202,0.3131543356012202,0   128 255,Strength
3766-3763,P90,0.313,0.0779908309565669,0.1554917524618622,0.313,0   128 255,Fatigue
3766-G077,BK1,0.313,0.0193963974749041,0.1927515688578594,0.313,0   128 255,Fatigue
3568-4270,MZ0,0.012,0.138699281858002,0.3127801437255919,0.3127801437255919,0   128 255,Strength
3157-2303,AS4,0.0527073489659505,0.0786668093138898,0.312024882449853,0.312024882449853,0   128 255,Strength
3226-3220,SB4,0.312,0.2188360746143548,0.2420590606706105,0.312,0   128 255,Fatigue
3016-3226,XAE,0.312,0.2124531958441775,0.2431102770857708,0.312,0   128 255,Fatigue
2188-3355,LW0,0.0020996145504664,0.0735965722595572,0.3118521674726702,0.3118521674726702,0   128 255,Strength
2114-2116,6Z0,0.0172686451740644,0.3105084823653979,0.1975538230586859,0.3105084823653979,0   128 255,Lift
3322-3756,F90,0.0005625040851445,0.0827449655921003,0.3104040321276051,0.3104040321276051,0   128 255,Strength
3003-4135,BZ2,0.189,0.1001238759331397,0.3100118660795341,0.3100118660795341,0   128 255,Strength
2080-2083,KW2,0.0146048095569653,0.3093355263636403,0.2139627425949141,0.3093355263636403,0   128 255,Lift
1584-1038,ZF2,8.286028981445877e-05,0.0584073113851562,0.3091718760956589,0.3091718760956589,0   128 255,Strength
2251-2219,L40,0.002,0.0591783362632457,0.3090548266191215,0.3090548266191215,0   128 255,Strength
2083-2275,MW2,0.1077955645929249,0.2002260552231435,0.3088573197083305,0.3088573197083305,0   128 255,Strength
2293-2195,HAY,0.0118137194732084,0.0721461607473658,0.3088067858222715,0.3088067858222715,0   128 255,Strength
3084-3506,N12,0.0008958024752289,0.0452506662877201,0.3085829864160864,0.3085829864160864,0   128 255,Strength
1445-L649,GT0,3.694541988183145e-08,0.0225380350166372,0.30837154625693,0.30837154625693,0   128 255,Strength
L649-G238,WL1,0.0,0.0225380350166372,0.30837154625693,0.30837154625693,0   128 255,Strength
1059-1719,LP3,2.009414801092201e-05,0.1057141614415061,0.308083090057979,0.308083090057979,0   128 255,Strength
3156-G062,DJ1,0.308,0.0242243999897219,0.17925386254999,0.308,0   128 255,Fatigue
3156-3761,790,0.308,0.0523783791498224,0.1560008490798891,0.308,0   128 255,Fatigue
3256-3156,B90,0.308,0.0565552945625337,0.1528024297607085,0.308,0   128 255,Fatigue
2254-2255,O40,0.002,0.0748121020824551,0.3073809148123335,0.3073809148123335,0   128 255,Strength
3761-3760,L90,0.307,0.0487037351669897,0.1518493212112074,0.307,0   128 255,Fatigue
3760-G068,7K1,0.307,0.011808744002393,0.1910187061487685,0.307,0   128 255,Fatigue
3760-3759,K90,0.307,0.0440386748213631,0.1642191026250092,0.307,0   128 255,Fatigue
1455-L656,LT0,0.006,0.0379069257451271,0.3067490929369586,0.3067490929369586,0   128 255,Strength
L656-G220,YL1,0.006,0.0404504356724131,0.3067490929369586,0.3067490929369586,0   128 255,Strength
2145-2279,C02,4.176113689739389e-06,0.0714284517654779,0.3060360728418237,0.3060360728418237,0   128 255,Strength
L649-1412,3U0,0.0,0.0320966159886912,0.3058522532525058,0.3058522532525058,0   128 255,Strength
1304-G536,7A0,0.008,0.0822078336650183,0.3056754048755886,0.3056754048755886,0   128 255,Strength
1163-1551,TQ0,0.002,0.1673388041194419,0.3056291875007318,0.3056291875007318,0   128 255,Strength
3503-3116,HAP,0.0073443229142542,0.2776689911527267,0.3055549187549292,0.3055549187549292,0   128 255,Strength
4134-LGA1,UY2,3.626564051874247e-07,0.0021733017834399,0.3054920048455475,0.3054920048455475,0   128 255,Strength
3351-2193,XW0,0.017,0.0533319999600034,0.3051223735021502,0.3051223735021502,0   128 255,Strength
1303-G512,6A0,0.009,0.083102374703771,0.3049508829943601,0.3049508829943601,0   128 255,Strength
L656-L655,4U0,0.006,0.0404504356724131,0.304605110605075,0.304605110605075,0   128 255,Strength
3352-3351,YW0,0.021,0.0510230013526504,0.3041513158794892,0.3041513158794892,0   128 255,Strength
2068-2501,BX0,0.027,0.0686107233360372,0.303985986839948,0.303985986839948,0   128 255,Strength
2253-G254,SF0,0.106,0.0278641109231396,0.3039349439806016,0.3039349439806016,0   128 255,Strength
2253-2254,N40,0.106,0.0745109204120162,0.3035590099807241,0.3035590099807241,0   128 255,Strength
2255-2256,P40,0.002,0.0726434393495776,0.3035381278370356,0.3035381278370356,0   128 255,Strength
3586-3049,3C4,0.14,0.2450390884858332,0.3033882523842644,0.3033882523842644,0   128 255,Strength
3111-3064,FV0,0.0489186321953103,0.1185629781706808,0.3030378045159642,0.3030378045159642,0   128 255,Strength
2206-G559,EF0,0.108,0.043100801640196,0.3028819356953577,0.3028819356953577,0   128 255,Strength
2219-2252,840,0.002,0.0652146795885673,0.3023274324172158,0.3023274324172158,0   128 255,Strength
1551-1141,ZR0,0.002,0.1931698130785587,0.3022617678906783,0.3022617678906783,0   128 255,Strength
J118-K777,9R4,0.003,0.1125484403671505,0.3022298591141856,0.3022298591141856,0   128 255,Strength
K753-J579,QP4,1.2843418766539622e-05,0.2559108989930794,0.301093962784031,0.301093962784031,0   128 255,Strength
K747-J511,SP4,0.0001668720847888,0.1979387503606396,0.3006299165710138,0.3006299165710138,0   128 255,Strength
2144-2283,B02,4.630144840768543e-06,0.1270861635624274,0.3001471358825933,0.3001471358825933,0   128 255,Strength
J510-K747,RP4,0.0,0.1930447532694989,0.2996709738566743,0.2996709738566743,0   128 255,Strength
2147-2210,HB5,0.001364530603257,0.1072572879374168,0.2986604476968549,0.2986604476968549,0   128 255,Strength
1100-1050,W10,0.0001397087073964,0.1136624188641398,0.2981107931753322,0.2981107931753322,0   128 255,Strength
CA13-CA12,YE0,0.001,0.0643689333869445,0.2972184751816414,0.2972184751816414,0   128 255,Strength
CA12-4516,2F0,0.024,0.1002637993283813,0.2972184751816414,0.2972184751816414,0   128 255,Strength
3763-G080,9K1,0.297,0.0191718134091777,0.1949380496602479,0.297,0   128 255,Fatigue
2025-2022,JW2,0.0314579995694107,0.194605021180713,0.2964157691967138,0.2964157691967138,0   128 255,Strength
K724-J431,WP4,0.001,0.2684396616188861,0.2961557894246236,0.2961557894246236,0   128 255,Strength
4696-4697,5X2,0.022,0.0837388224169378,0.2961218580555484,0.2961218580555484,0   128 255,Strength
4696-4699,VX0,0.021,0.0556849522517995,0.2961218580555484,0.2961218580555484,0   128 255,Strength
3187-3205,LA4,0.068,0.2229258429051973,0.2958209047330172,0.2958209047330172,0   128 255,Strength
1283-2547,LH2,0.001,0.2957775243676028,0.1509634272833514,0.2957775243676028,0   128 255,Lift
2087-2547,1Z0,0.0012941299961338,0.2957775243676028,0.1617864508705163,0.2957775243676028,0   128 255,Lift
2524-2568,VBG,0.022,0.1405081027809732,0.2957271256530843,0.2957271256530843,0   128 255,Strength
J581-K753,PP4,0.0,0.2499578820731291,0.2957230296826595,0.2957230296826595,0   128 255,Strength
1143-1178,QQ0,0.0001304794210499,0.1522961029605727,0.295665845363747,0.295665845363747,0   128 255,Strength
CA12-CA11,CA7,0.001,0.0562491596637573,0.2953099645875401,0.2953099645875401,0   128 255,Strength
J745-3063,WA4,0.235,0.2948304061762395,0.2946955622562821,0.2948304061762395,0   128 255,Lift
3139-3151,Y40,0.0009534865631995,0.1469529875518465,0.2946307937215331,0.2946307937215331,0   128 255,Strength
K583-J086,IU2,0.0015453288462059,0.070456760366477,0.2937672404546305,0.2937672404546305,0   128 255,Strength
2547-2088,IZ0,0.0012432618656171,0.293653665477851,0.1933323195226987,0.293653665477851,0   128 255,Lift
1304-1265,E20,0.008,0.0703930498421179,0.2936083480361154,0.2936083480361154,0   128 255,Strength
3343-2211,050,0.003,0.0422108236337088,0.2935083018317014,0.2935083018317014,0   128 255,Strength
3155-G038,4M1,0.233,0.0179013766915063,0.293489299072129,0.293489299072129,0   128 255,Strength
4519-Q270,E00,0.229,0.2019874877547831,0.2930465395375101,0.2930465395375101,0   128 255,Strength
2256-2257,Q40,0.002,0.0657843438650504,0.2929843949946133,0.2929843949946133,0   128 255,Strength
3085-3071,CV0,0.029,0.2102961777519418,0.292969116089282,0.292969116089282,0   128 255,Strength
3757-3322,H90,0.0004505256175763,0.0728684178234401,0.2929320992294338,0.2929320992294338,0   128 255,Strength
E493-4283,910,0.009,0.1228998095758446,0.2920548675618357,0.2920548675618357,0   128 255,Strength
K482-1304,K60,0.008,0.0721401435763401,0.2920384246286938,0.2920384246286938,0   128 255,Strength
2206-1209,HB2,0.108,0.0656464530621976,0.2918272249104279,0.2918272249104279,0   128 255,Strength
1116-1113,BW2,0.0011440192731196,0.2917325669213791,0.1674522931689697,0.2917325669213791,0   128 255,Lift
Q369-Q433,0Y0,,0.108425804519331,0.2916977858621328,0.2916977858621328,0   128 255,Strength
4157-4153,JZ2,0.112,0.0859635208054357,0.2916456871734527,0.2916456871734527,0   128 255,Strength
4157-E150,180,0.112,0.1100561411659591,0.2916456871734527,0.2916456871734527,0   128 255,Strength
3265-3185,ZP4,0.0202387413849838,0.0801784288128006,0.2916269875247662,0.2916269875247662,0   128 255,Strength
3544-3545,G22,0.0590676809843445,0.1156399770450137,0.2915624962044285,0.2915624962044285,0   128 255,Strength
3553-3555,EV4,0.014146584452035,0.2095087565992182,0.2914969435442797,0.2914969435442797,0   128 255,Strength
J430-K724,VP4,0.001,0.262370289636066,0.2911320846340129,0.2911320846340129,0   128 255,Strength
3761-G065,8K1,0.291,0.0120712127429005,0.1927726471268933,0.291,0   128 255,Fatigue
J745-G022,9N1,0.232,0.025946926426174,0.2907205920736364,0.2907205920736364,0   128 255,Strength
3353-3352,ZX0,0.021,0.0558922947441436,0.2906036881428936,0.2906036881428936,0   128 255,Strength
3180-3046,GV0,0.1393716197486726,0.0604647206720396,0.2902307366067921,0.2902307366067921,0   128 255,Strength
1542-1577,D70,0.001,0.2895193111695253,0.2458516601710914,0.2895193111695253,0   128 255,Lift
2116-2090,7Z0,0.005734521616145,0.2895168914963363,0.1832876573329343,0.2895168914963363,0   128 255,Lift
2153-2154,EU0,0.0006555911163376,0.1132746026200352,0.2895024665867404,0.2895024665867404,0   128 255,Strength
J745-K141,YA4,0.232,0.2633795162716199,0.2891070329594999,0.2891070329594999,0   128 255,Strength
Q814-Q817,A70,,0.2887333194602726,0.2124162027884107,0.2887333194602726,0   128 255,Lift
4800-Q369,XX0,8.098412620496905e-05,0.1292481229371964,0.288445108261398,0.288445108261398,0   128 255,Strength
3035-4157,CZ2,0.112,0.0871894631951705,0.2882985534537901,0.2882985534537901,0   128 255,Strength
E471-3568,810,0.0001452663841857,0.1150016296103291,0.2878918612956161,0.2878918612956161,0   128 255,Strength
K776-K646,8R4,1.71844318499568e-05,0.2865459757890976,0.2695581963607587,0.2865459757890976,0   128 255,Lift
3183-G050,6M1,0.041,0.0463903642490006,0.2860209584604665,0.2860209584604665,0   128 255,Strength
3019-3039,YU0,0.286,0.108414291692693,0.1256488864629225,0.286,0   128 255,Fatigue
K315-K305,GF1,5.633360825189173e-05,0.0426788776564473,0.2857084782721562,0.2857084782721562,0   128 255,Strength
2055-2066,BU0,0.02,0.1692669918776165,0.2849026046148418,0.2849026046148418,0   128 255,Strength
3231-3113,4V4,0.136,0.0664181167847085,0.2847384374640734,0.2847384374640734,0   128 255,Strength
3063-G028,2M1,0.235,0.0134479810261155,0.2846395716968114,0.2846395716968114,0   128 255,Strength
2069-2068,CX0,0.0030429108813516,0.0575402273381367,0.2843893121048696,0.2843893121048696,0   128 255,Strength
4696-3093,LND,0.022,0.0838716371008306,0.284380150685918,0.284380150685918,0   128 255,Strength
1176-1160,UQ0,6.565704360808735e-05,0.1950148130041009,0.2843396326706013,0.2843396326706013,0   128 255,Strength
1328-G521,9A0,0.005,0.0686944346499086,0.2841220749793394,0.2841220749793394,0   128 255,Strength
K772-J376,0R4,3.66136385773793e-08,0.2662928062592061,0.2837302452503062,0.2837302452503062,0   128 255,Strength
2519-2520,RW2,0.0081746358490038,0.0434849802629857,0.2834574919117842,0.2834574919117842,0   128 255,Strength
3231-3263,BK4,0.136,0.0660589185065702,0.2831311731393659,0.2831311731393659,0   128 255,Strength
K746-J440,UP4,0.0011681799778133,0.2355227508206171,0.282914707858535,0.282914707858535,0   128 255,Strength
K312-J845,DF1,8.690375170202497e-05,0.0547064406007254,0.2828155002361395,0.2828155002361395,0   128 255,Strength
2155-2163,H06,0.121,0.0731470119327434,0.2827507136241627,0.2827507136241627,0   128 255,Strength
3043-4521,HZ1,0.002,0.0812779209595586,0.282330270252124,0.282330270252124,0   128 255,Strength
2558-2253,V40,0.106,0.0718692099099072,0.2822162026889326,0.2822162026889326,0   128 255,Strength
K723-K556,YP4,4.434231180700893e-08,0.2721321119401246,0.2821354089367786,0.2821354089367786,0   128 255,Strength
J441-K746,TP4,0.0,0.229531609462259,0.2817132822440281,0.2817132822440281,0   128 255,Strength
1285-2547,MH2,0.001,0.2815971862899643,0.1627331476023804,0.2815971862899643,0   128 255,Lift
3113-4135,ZV4,0.029,0.0625398684145241,0.281572461007726,0.281572461007726,0   128 255,Strength
3562-3145,ZL4,0.0010452515828366,0.0578781680266969,0.2812692795176354,0.2812692795176354,0   128 255,Strength
K773-J458,2R4,0.001,0.2811854218450966,0.2770846292134299,0.2811854218450966,0   128 255,Lift
2252-2558,M40,0.002,0.0681380921929764,0.2806442963922078,0.2806442963922078,0   128 255,Strength
E058-4146,T00,0.005,0.1243957590909493,0.2805867504679712,0.2805867504679712,0   128 255,Strength
GF66-1328,ST0,0.005,0.0669518679280685,0.2801934150016909,0.2801934150016909,0   128 255,Strength
3054-3635,IB4,0.0012526548024895,0.2791629529352094,0.2380984887210576,0.2791629529352094,0   128 255,Lift
3228-G278,RM1,0.279,0.0200792228307039,0.1824123051775159,0.279,0   128 255,Fatigue
3012-3228,XAV,0.279,0.1196660219610205,0.1455334991941797,0.279,0   128 255,Fatigue
3228-3026,TB4,0.279,0.123863148509302,0.1425561265985893,0.279,0   128 255,Fatigue
K641-K776,7R4,0.0,0.2788653491750922,0.2635790712092753,0.2788653491750922,0   128 255,Lift
K313-K303,EF1,8.397302252875832e-05,0.0536892660185728,0.2786689468034848,0.2786689468034848,0   128 255,Strength
J353-K772,ZR4,0.0,0.2645115083646003,0.2784918369177585,0.2784918369177585,0   128 255,Strength
3530-G329,0N1,0.238,0.0201920776324195,0.2783614865465845,0.2783614865465845,0   128 255,Strength
2113-2094,AR0,0.0005656988195935,0.1263284984650822,0.2779944680317339,0.2779944680317339,0   128 255,Strength
3252-3186,N22,0.0012891668473085,0.2061578473575412,0.2778393458591986,0.2778393458591986,0   128 255,Strength
J467-J465,JX1,0.0003849435568777,0.0491762762589693,0.2777307931379458,0.2777307931379458,0   128 255,Strength
3354-3353,0X0,0.021,0.0615877730849372,0.2776872028320272,0.2776872028320272,0   128 255,Strength
2148-2155,BZ0,0.014,0.0740841546742333,0.2776536473243243,0.2776536473243243,0   128 255,Strength
1550-1140,YQ0,0.001,0.2101646034929753,0.2776442211477344,0.2776442211477344,0   128 255,Strength
3007-3015,HBQ,0.0130499824983991,0.1135536649394032,0.2776389258756919,0.2776389258756919,0   128 255,Strength
I062-K600,8O4,0.0074726321925681,0.0593058704549663,0.2773328808802829,0.2773328808802829,0   128 255,Strength
K576-G515,KL1,0.006,0.0938881151922211,0.2772788179797673,0.2772788179797673,0   128 255,Strength
2036-2042,C30,0.02,0.0963337108096403,0.277222795341955,0.277222795341955,0   128 255,Strength
3177-3176,JA4,0.0250896565699274,0.1171102369135179,0.2769863663259863,0.2769863663259863,0   128 255,Strength
J361-K723,XP4,0.0,0.2671764743209747,0.2769650788082318,0.2769650788082318,0   128 255,Strength
1412-1110,9T0,0.0,0.032609879977574,0.2769103571971028,0.2769103571971028,0   128 255,Strength
1110-G236,Y90,0.0,0.032609879977574,0.2769103571971028,0.2769103571971028,0   128 255,Strength
3207-3183,ER4,0.072,0.1101631709735785,0.2768215472612955,0.2768215472612955,0   128 255,Strength
K482-G539,HL1,0.006,0.0876909632646341,0.2765757318747504,0.2765757318747504,0   128 255,Strength
1325-G497,8A0,0.005,0.0685669801459822,0.2761689863758493,0.2761689863758493,0   128 255,Strength
2568-2551,KD2,0.094,0.1373408975136563,0.2758619303619774,0.2758619303619774,0   128 255,Strength
K592-K576,N60,0.006,0.1015283528734453,0.275720865959056,0.275720865959056,0   128 255,Strength
J112-J111,1O2,0.0025681509840256,0.0732346895616219,0.275656452917595,0.275656452917595,0   128 255,Strength
2073-2078,P30,0.02,0.1204727066066674,0.2753932921174066,0.2753932921174066,0   128 255,Strength
2061-2240,L30,0.0004545032376027,0.1178062259069414,0.2753671316099318,0.2753671316099318,0   128 255,Strength
JF58-1218,J60,7.483198632995808e-06,0.076011139743077,0.2753487523776128,0.2753487523776128,0   128 255,Strength
2010-2237,A30,9.580962426522738e-05,0.0688718925221554,0.2749655246390021,0.2749655246390021,0   128 255,Strength
J111-I064,BO4,0.0038531011922746,0.0360638666643221,0.2746460667879772,0.2746460667879772,0   128 255,Strength
3140-3193,Z50,0.0010279720829683,0.1280796162211021,0.2742058999222277,0.2742058999222277,0   128 255,Strength
2000-3271,XBH,0.1013826990214186,0.0697911971133091,0.273258459757965,0.273258459757965,0   128 255,Strength
K597-J109,PU2,0.0043557539029518,0.0507146173194161,0.2732018417255124,0.2732018417255124,0   128 255,Strength
J451-K773,1R4,0.001,0.2730085536575953,0.270810109445637,0.2730085536575953,0   128 255,Lift
1530-1537,LAA,0.0002336905855902,0.0809001262362683,0.2728725176987445,0.2728725176987445,0   128 255,Strength
2112-2114,5Z0,0.254,0.2686460516186614,0.2727208027297656,0.2727208027297656,0   128 255,Strength
2109-2112,7R0,0.184,0.1106146136547162,0.2727208027297656,0.2727208027297656,0   128 255,Strength
1328-1333,YS0,0.005,0.0686944346499086,0.2726652167565478,0.2726652167565478,0   128 255,Strength
J564-J562,NZ1,0.0003352487491519,0.0488654598704047,0.2726446809341947,0.2726446809341947,0   128 255,Strength
4516-Q279,A00,0.024,0.1744940626630408,0.2725433689080776,0.2725433689080776,0   128 255,Strength
2155-2165,CZ0,0.007,0.0852978037983581,0.2719402138055087,0.2719402138055087,0   128 255,Strength
K314-K304,FF1,8.201126926578907e-05,0.0510659230509267,0.2718932515444598,0.2718932515444598,0   128 255,Strength
3758-3757,I90,0.000620211679898,0.0617645446788045,0.2718724257543015,0.2718724257543015,0   128 255,Strength
1160-1550,H03,0.001,0.21197105377406,0.2713238611777167,0.2713238611777167,0   128 255,Strength
2521-2533,TW2,0.0207434559834261,0.0477204163952412,0.2711467690137707,0.2711467690137707,0   128 255,Strength
BO98-BO97,HE0,,0.2578754976078896,0.2706954141354434,0.2706954141354434,0   128 255,Strength
3255-3253,2S4,0.143,0.0392342903279331,0.2703456922045179,0.2703456922045179,0   128 255,Strength
2022-2023,IW2,0.0582938716225772,0.1555196417238229,0.2700087108275202,0.2700087108275202,0   128 255,Strength
1702-L658,RT0,0.001,0.0467913665819275,0.2698263273077181,0.2698263273077181,0   128 255,Strength
1702-G208,HA0,0.001,0.0467913665819275,0.2698263273077181,0.2698263273077181,0   128 255,Strength
2039-2098,6U0,0.018,0.1743441729614964,0.2695239016964837,0.2695239016964837,0   128 255,Strength
1472-1325,NT0,0.005,0.0676852568870958,0.2692622554095921,0.2692622554095921,0   128 255,Strength
2157-2156,HU0,0.0008246051085069,0.125118404629594,0.2690700295857426,0.2690700295857426,0   128 255,Strength
3500-3012,XY2,0.269,0.2046516119322223,0.2599238719948834,0.269,0   128 255,Fatigue
3138-3170,H15,0.269,0.0333970793376914,0.2178195650138948,0.269,0   128 255,Fatigue
Q132-4516,J10,0.024,0.1453914032279407,0.2687173115580245,0.2687173115580245,0   128 255,Strength
K281-K276,GE1,0.00038152635145,0.0422807813998502,0.267872220464633,0.267872220464633,0   128 255,Strength
L657-L658,5U0,0.001,0.0336382946048606,0.267407025012651,0.267407025012651,0   128 255,Strength
L657-G214,ZM1,0.0,0.0272060797727278,0.267407025012651,0.267407025012651,0   128 255,Strength
L658-G211,0M1,0.001,0.0385641221646056,0.2673871365386228,0.2673871365386228,0   128 255,Strength
K397-K396,JH1,0.0003161822046848,0.0474764356192364,0.2673562249480969,0.2673562249480969,0   128 255,Strength
3242-2227,FR4,0.0108500449840238,0.218017506766597,0.2672077212760941,0.2672077212760941,0   128 255,Strength
3532-G326,2N1,0.108,0.016306833470921,0.266985566325623,0.266985566325623,0   128 255,Strength
K536-G542,JL1,0.006,0.0972575638697711,0.2666178378298571,0.2666178378298571,0   128 255,Strength
K305-K310,5F1,3.569907690975561e-05,0.0406083581790589,0.2664038003418106,0.2664038003418106,0   128 255,Strength
2551-G353,8J1,0.094,0.0679494297937111,0.2663667898310357,0.2663667898310357,0   128 255,Strength
1414-L657,BT0,0.0,0.0403272701591729,0.2663628913790202,0.2663628913790202,0   128 255,Strength
2052-2250,H30,0.0004006880082185,0.1732392115095361,0.2663030473872821,0.2663030473872821,0   128 255,Strength
2237-2236,D40,7.749506914493567e-05,0.0638996556457526,0.2662351221134572,0.2662351221134572,0   128 255,Strength
2247-2557,J40,0.102,0.0269555125294912,0.2660915995225095,0.2660915995225095,0   128 255,Strength
3355-3354,1X0,0.018,0.0698921194231729,0.2660290657576039,0.2660290657576039,0   128 255,Strength
3075-3108,XCJ,0.266,0.0744638751934114,0.2579576742962933,0.266,0   128 255,Fatigue
1331-1328,ZT0,0.001,0.0984936002092518,0.2659792532120998,0.2659792532120998,0   128 255,Strength
2246-2247,I40,0.102,0.0308818226843942,0.2654569635690008,0.2654569635690008,0   128 255,Strength
3094-3092,H13,0.265,0.0293773590597171,0.1581224374912415,0.265,0   128 255,Fatigue
2546-2108,ER0,0.079,0.1378728624882156,0.2649776777912294,0.2649776777912294,0   128 255,Strength
K318-K323,JF1,7.371899887762646e-05,0.0441286924090128,0.2645938454428325,0.2645938454428325,0   128 255,Strength
K316-K306,HF1,7.364095408700388e-05,0.0351727934190193,0.2641909877757476,0.2641909877757476,0   128 255,Strength
1325-1332,XS0,0.005,0.0685669801459822,0.2639520725073005,0.2639520725073005,0   128 255,Strength
3247-3166,VO4,0.0020286189757877,0.077538943406431,0.2639268705768126,0.2639268705768126,0   128 255,Strength
3244-3079,O12,0.0018011337893422,0.2636081593906735,0.1521614983738241,0.2636081593906735,0   128 255,Lift
2172-2282,402,8.285086584601221e-07,0.0266974799357242,0.2635974151936691,0.2635974151936691,0   128 255,Strength
J113-I062,7O4,0.0074720861717798,0.0751653349999647,0.263008741624422,0.263008741624422,0   128 255,Strength
3235-G488,VM1,0.263,0.0158270337579102,0.1813552931243508,0.263,0   128 255,Fatigue
300A-3235,QO4,0.263,0.1030892090246704,0.1323729745527928,0.263,0   128 255,Fatigue
3235-3061,WB4,0.263,0.0989497404148037,0.1299499987338298,0.263,0   128 255,Fatigue
K321-K326,MF1,0.0001286525154291,0.0610084345366759,0.2629960533026991,0.2629960533026991,0   128 255,Strength
2078-2089,Q30,0.067,0.0966682962820805,0.2628940378471933,0.2628940378471933,0   128 255,Strength
2076-2072,AS0,0.0014882881836423,0.2018243011742533,0.2623997736502338,0.2623997736502338,0   128 255,Strength
J845-K307,D41,6.084653508661417e-05,0.0516540422625467,0.2621574507654202,0.2621574507654202,0   128 255,Strength
J114-J113,MK4,0.0002998916267721,0.1082938921789493,0.2620821093465899,0.2620821093465899,0   128 255,Strength
3257-3768,C90,0.0017483373198446,0.1879613645391923,0.2620645853048789,0.2620645853048789,0   128 255,Strength
K592-G518,LL1,0.006,0.1039947924196029,0.2620090458684914,0.2620090458684914,0   128 255,Strength
3264-3099,XO4,0.0025096238803952,0.0631038553300085,0.2619738252275646,0.2619738252275646,0   128 255,Strength
BO08-300D,AP4,0.0014934464703323,0.0806411320802693,0.2616633024006553,0.2616633024006553,0   128 255,Strength
K280-K275,FE1,0.0003336615283009,0.0431583808166373,0.2610652748145823,0.2610652748145823,0   128 255,Strength
3321-3758,E90,0.0014863779787612,0.0447367244531598,0.2610380184847157,0.2610380184847157,0   128 255,Strength
2245-2246,H40,0.003,0.0352844799035803,0.2606658929890419,0.2606658929890419,0   128 255,Strength
3088-2305,HS4,0.0646122920845108,0.2602015596556386,0.2283770344317452,0.2602015596556386,0   128 255,Lift
3233-G424,GJ1,0.105,0.0165677088719444,0.2600399837304463,0.2600399837304463,0   128 255,Strength
3110-3067,DW0,0.26,0.0548979524425237,0.1465846734194866,0.26,0   128 255,Fatigue
3074-3224,4S4,0.26,0.076438587343812,0.1815817816021013,0.26,0   128 255,Fatigue
3224-G380,NM1,0.26,0.0219787026831627,0.1684551009348805,0.26,0   128 255,Fatigue
3062-3224,XBY,0.26,0.0578870219433475,0.153002538403336,0.26,0   128 255,Fatigue
3214-4146,3V4,0.04,0.1072667840941098,0.259841374026519,0.259841374026519,0   128 255,Strength
J086-K58A,QN2,0.0018581513801772,0.0647657295128883,0.25958300133329,0.25958300133329,0   128 255,Strength
1324-1331,R20,0.001,0.0977769428605445,0.2595681341106745,0.2595681341106745,0   128 255,Strength
2121-2123,8Z0,0.0030056233863294,0.1493779402718448,0.2591584134361067,0.2591584134361067,0   128 255,Strength
2111-2118,9R0,0.0042854879748734,0.096180728378439,0.2584441502807355,0.2584441502807355,0   128 255,Strength
2549-2111,HR0,0.234,0.0976321918576564,0.2584006693406592,0.2584006693406592,0   128 255,Strength
2123-2549,9Z0,0.234,0.1407395935714868,0.2584006693406592,0.2584006693406592,0   128 255,Strength
K303-K308,3F1,5.948664507528277e-05,0.0508890839537911,0.2583488631088056,0.2583488631088056,0   128 255,Strength
2117-2109,CR0,0.0034193810144629,0.1071601220062107,0.2583233878004492,0.2583233878004492,0   128 255,Strength
J465-J469,HX1,0.0002770449051594,0.0466890131803696,0.2580399305015758,0.2580399305015758,0   128 255,Strength
2242-G116,JF0,0.258,0.011049457585839,0.1595090050429999,0.258,0   128 255,Fatigue
K327-K317,SF1,7.528854675262629e-05,0.0355375393364778,0.2579711081009042,0.2579711081009042,0   128 255,Strength
K140-3253,ZB4,0.143,0.03073551130999,0.2577189501907578,0.2577189501907578,0   128 255,Strength
2185-G470,WA0,0.017,0.0180129076507464,0.2576119565353623,0.2576119565353623,0   128 255,Strength
K320-K325,LF1,0.0001138859296319,0.0589562104143127,0.2575020029222643,0.2575020029222643,0   128 255,Strength
1316-1321,K20,5.740727474295809e-07,0.098274720254664,0.2574282140654649,0.2574282140654649,0   128 255,Strength
3205-G092,AM1,0.068,0.0394260148831117,0.2573530668856411,0.2573530668856411,0   128 255,Strength
2548-2107,FR0,0.085,0.1532546277448811,0.2571419908226602,0.2571419908226602,0   128 255,Strength
1181-1162,XQ0,0.0001861922063878,0.1869551333569443,0.257099578730381,0.257099578730381,0   128 255,Strength
3577-3584,LV4,0.257,0.0670502563116462,0.1425140597594361,0.257,0   128 255,Fatigue
3048-3577,ZAZ,0.257,0.0929136314818436,0.069097945845468,0.257,0   128 255,Fatigue
3590-3577,OV4,0.257,0.0673790683039142,0.1707078586828139,0.257,0   128 255,Fatigue
K279-K274,EE1,0.0003128799540138,0.0458359817122129,0.2567381751875653,0.2567381751875653,0   128 255,Strength
2513-G544,5J1,0.024,0.0547365945930605,0.2566197976315965,0.2566197976315965,0   128 255,Strength
2512-2513,VW0,0.024,0.0452525221421749,0.2566197976315965,0.2566197976315965,0   128 255,Strength
3010-3045,HB0,0.0141369646410649,0.1812840446317778,0.2565456067730385,0.2565456067730385,0   128 255,Strength
X002-3800,CS5,0.256,0.0256253210953376,0.1614340563274256,0.256,0   128 255,Fatigue
3800-3128,4K4,0.256,0.2537507379690816,0.2475447229926784,0.256,0   128 255,Fatigue
3129-3800,XBS,0.256,0.2416881027595361,0.2419046061021825,0.256,0   128 255,Fatigue
1509-1191,KY0,0.008,0.163450495829671,0.2557817420893002,0.2557817420893002,0   128 255,Strength
1205-2206,VAE,0.108,0.0641962199107862,0.2556671030818875,0.2556671030818875,0   128 255,Strength
2139-2278,302,6.250096413080994e-07,0.0340790887252319,0.2556392696191766,0.2556392696191766,0   128 255,Strength
2053-2516,HEC,0.027,0.1420300449328911,0.255565370996545,0.255565370996545,0   128 255,Strength
E495-E471,A10,,0.0843769777385569,0.2552935426275466,0.2552935426275466,0   128 255,Strength
3526-3527,ZAH,0.0821400695024242,0.1407924195807419,0.2552429768925958,0.2552429768925958,0   128 255,Strength
2248-3343,K40,0.003,0.0250752455947538,0.2552203776729609,0.2552203776729609,0   128 255,Strength
J838-K315,641,5.6333536027811226e-05,0.0411760680451934,0.2551780853089191,0.2551780853089191,0   128 255,Strength
2513-2514,WW0,0.024,0.0453011861620003,0.2546416197181349,0.2546416197181349,0   128 255,Strength
2106-2112,4R0,0.254,0.1370721553764549,0.2426984475406994,0.254,0   128 255,Fatigue
K520-K511,7K2,0.0016004691572007,0.0537731889841321,0.2539272543433014,0.2539272543433014,0   128 255,Strength
3624-3204,VA4,0.022,0.1003872537231128,0.2535127004563353,0.2535127004563353,0   128 255,Strength
K536-K482,L60,0.006,0.0765242015551841,0.2534809787825878,0.2534809787825878,0   128 255,Strength
3354-G158,ZK1,0.018,0.0169347742855367,0.2534402635368156,0.2534402635368156,0   128 255,Strength
J562-J566,KZ1,0.0002452750958474,0.0466748711202371,0.2533396728302484,0.2533396728302484,0   128 255,Strength
K205-K201,VC1,0.0017204133667586,0.0374017247789158,0.2528519137003157,0.2528519137003157,0   128 255,Strength
K304-K309,4F1,5.792300247711696e-05,0.048460405180495,0.2526198311141448,0.2526198311141448,0   128 255,Strength
3233-3261,AK4,0.105,0.0655516000155623,0.2525344101380485,0.2525344101380485,0   128 255,Strength
3272-3075,JR4,0.0760526195481203,0.0758257659601009,0.2522821314846396,0.2522821314846396,0   128 255,Strength
2290-3060,HA2,0.0235743349211672,0.2336298612848809,0.2519418585867881,0.2519418585867881,0   128 255,Strength
BO97-BP25,BO7,2.8145593590743864e-08,0.1731580995226621,0.2518985863649361,0.2518985863649361,0   128 255,Strength
3615-G323,7N1,0.082,0.0164599457254798,0.2517962758752004,0.2517962758752004,0   128 255,Strength
3104-3065,EV0,0.034,0.1008925451070453,0.2516464840519173,0.2516464840519173,0   128 255,Strength
2244-2245,G40,0.002,0.0357117665363854,0.2516361138834692,0.2516361138834692,0   128 255,Strength
2269-2148,EZ0,4.01420995585358e-05,0.0614806207317903,0.2513005984720285,0.2513005984720285,0   128 255,Strength
K319-K324,KF1,0.0001023857884128,0.0543782656080748,0.2507203875017745,0.2507203875017745,0   128 255,Strength
1305-1509,RS0,0.003,0.0527456427398256,0.2505870727319293,0.2505870727319293,0   128 255,Strength
3199-3626,NA4,0.0421432096327338,0.2501783340360351,0.2490156175558708,0.2501783340360351,0   128 255,Lift
3158-4157,0V4,0.019,0.0628906656919772,0.2501629595940766,0.2501629595940766,0   128 255,Strength
3175-3265,HBU,0.007763497855782,0.0606605804439031,0.2495571096412814,0.2495571096412814,0   191 255,Strength
K276-K286,BE1,0.0002744246406764,0.0403069895970682,0.2494950111633283,0.2494950111633283,0   191 255,Strength
3258-3184,D90,0.0017714819302716,0.2491654051836909,0.2366490868749771,0.2491654051836909,0   191 255,Lift
3262-3200,WO4,0.0823942731612668,0.2150513591735335,0.2487663632101721,0.2487663632101721,0   191 255,Strength
3233-3158,5V4,0.105,0.065603303892719,0.2487237891464401,0.2487237891464401,0   191 255,Strength
3081-3244,S02,0.148,0.2485218908525128,0.1365912793006478,0.2485218908525128,0   191 255,Lift
2551-2527,JD2,0.094,0.1278812611167034,0.2484491848208157,0.2484491848208157,0   191 255,Strength
4694-4696,TX0,0.022,0.0598440253499425,0.2483006066286336,0.2483006066286336,0   191 255,Strength
K707-J112,OK4,0.0002247925506773,0.0998731427936915,0.2482962851852631,0.2482962851852631,0   191 255,Strength
K396-K398,IH1,0.0002338578779393,0.0454233937113314,0.2482441353312584,0.2482441353312584,0   191 255,Strength
3234-3041,VB4,0.248,0.1040295411520063,0.1331342204916775,0.248,0   191 255,Fatigue
3234-G485,UM1,0.248,0.0177151910429457,0.156078824109322,0.248,0   191 255,Fatigue
3061-3234,XAL,0.248,0.099447594341206,0.1285380000028795,0.248,0   191 255,Fatigue
J825-K312,Y31,8.690364960683174e-05,0.0515527169576583,0.24797198848841,0.24797198848841,0   191 255,Strength
2091-2121,4Z0,0.0009958742465516,0.1505412210448302,0.2476829023425168,0.2476829023425168,0   191 255,Strength
4794-4800,F50,3.227014309356728e-05,0.1091646267141948,0.2473720127763914,0.2473720127763914,0   191 255,Strength
2186-G473,XA0,0.019,0.0164282283123253,0.2472800649533943,0.2472800649533943,0   191 255,Strength
K328-K318,TF1,4.167214105468882e-05,0.0421715187221699,0.2471118942517106,0.2471118942517106,0   191 255,Strength
3353-G157,YJ1,0.021,0.0163334344592183,0.2461752542397366,0.2461752542397366,0   191 255,Strength
2191-G476,YA0,0.02,0.0164421507219726,0.2460788054314511,0.2460788054314511,0   191 255,Strength
1218-1100,620,8.514717387255369e-06,0.0538536889357504,0.2459053473208327,0.2459053473208327,0   191 255,Strength
1139-1542,KR0,0.001,0.1709946782692559,0.2458516601710914,0.2458516601710914,0   191 255,Strength
J437-J467,7X1,0.0003849435946882,0.0450507202904508,0.2451327716345215,0.2451327716345215,0   191 255,Strength
K306-K311,6F1,5.115974938670165e-05,0.033336512735585,0.2450535942194425,0.2450535942194425,0   191 255,Strength
3239-3074,3S4,0.245,0.0773951886380834,0.2140626597128572,0.245,0   191 255,Fatigue
K601-K594,TU2,0.0045106959548379,0.0293197319828747,0.2447288877547349,0.2447288877547349,0   191 255,Strength
J827-K313,Z41,8.397292637657902e-05,0.0509955329568235,0.2446668646169204,0.2446668646169204,0   191 255,Strength
3185-3180,HV0,0.0296469393075767,0.0604647206720396,0.2444554018701224,0.2444554018701224,0   191 255,Strength
4275-4100,190,0.017,0.2442688402187439,0.1628333861668274,0.2442688402187439,0   191 255,Lift
4785-Q253,D50,3.881539429832471e-05,0.1125551044086944,0.2441097486437034,0.2441097486437034,0   191 255,Strength
3352-G156,XJ1,0.021,0.0160550002620005,0.2440095498564416,0.2440095498564416,0   191 255,Strength
3089-3095,6X0,0.0153325683782254,0.1041651849743659,0.243804546048057,0.243804546048057,0   191 255,Strength
K331-K321,WF1,6.852224625801815e-05,0.0580818983277915,0.243443780927332,0.243443780927332,0   191 255,Strength
K275-K285,AE1,0.0002471036583736,0.0412429301731715,0.2431627895087676,0.2431627895087676,0   191 255,Strength
3271-3272,IR4,0.0942205213061239,0.0763290504116194,0.2420949469246915,0.2420949469246915,0   191 255,Strength
1045-1542,C70,0.01,0.2418956981910221,0.198157156368187,0.2418956981910221,0   191 255,Lift
K465-K466,4J2,0.0001636930437387,0.0677213278278879,0.2416282491694484,0.2416282491694484,0   191 255,Strength
3524-3525,822,0.0007900129752502,0.241602600380113,0.0661057275023759,0.241602600380113,0   191 255,Lift
3530-3532,ZBG,0.238,0.1264227906651779,0.2413671166263845,0.2413671166263845,0   191 255,Strength
J536-J564,2Z1,0.0003352488102657,0.0458661844524345,0.2412623410938414,0.2412623410938414,0   191 255,Strength
3136-3139,W40,0.0009534830643617,0.1277817370673086,0.2408911835420906,0.2408911835420906,0   191 255,Strength
2054-2053,AX0,0.0034270478927603,0.12350383866397,0.240785779580506,0.240785779580506,0   191 255,Strength
1468-G230,GA0,0.0,0.016182757405891,0.2405708356126147,0.2405708356126147,0   191 255,Strength
J832-K314,241,8.201117913109503e-05,0.0486589617947253,0.2404023169438438,0.2404023169438438,0   191 255,Strength
L655-G217,XL1,0.0,0.0225482390889228,0.2403987501859156,0.2403987501859156,0   191 255,Strength
1448-L655,IT0,0.0,0.0363513998136044,0.2403987501859156,0.2403987501859156,0   191 255,Strength
2236-JF01,C40,4.048299498345538e-05,0.0503885368396401,0.2403239591989724,0.2403239591989724,0   191 255,Strength
3130-3051,HAU,0.08232199105499,0.0171888580823312,0.2402125572139467,0.2402125572139467,0   191 255,Strength
K317-K322,IF1,5.421680345694914e-05,0.0338087037285516,0.2401816907092183,0.2401816907092183,0   191 255,Strength
1266-K536,C20,0.006,0.0784133661110998,0.2400690343591201,0.2400690343591201,0   191 255,Strength
3651-3035,1Z2,0.0009787462253076,0.0546007835730332,0.2393387162126584,0.2393387162126584,0   191 255,Strength
K274-K284,9E1,0.000231655498133,0.0438770715790422,0.2392231474920525,0.2392231474920525,0   191 255,Strength
3507-3056,R12,0.0019582748005958,0.2390962714480814,0.1583375174736276,0.2390962714480814,0   191 255,Lift
3218-3016,NB4,0.239,0.2077469654194536,0.2178749345986841,0.239,0   191 255,Fatigue
3218-G274,JM1,0.239,0.0179307646130112,0.1720871634025236,0.239,0   191 255,Fatigue
3027-3218,EB4,0.239,0.1921221160503015,0.1610791854607342,0.239,0   191 255,Fatigue
3204-3181,PA4,0.022,0.1036740626886518,0.2389743719479854,0.2389743719479854,0   191 255,Strength
Q733-Q736,S60,,0.1545327968064947,0.2388232579599668,0.2388232579599668,0   191 255,Strength
2150-2069,DX0,0.0010595479518773,0.0575402273381367,0.2385726865078739,0.2385726865078739,0   191 255,Strength
3633-3043,3H4,0.0004136896687548,0.0770137430231957,0.2382763827131267,0.2382763827131267,0   191 255,Strength
Q253-4794,O60,0.0,0.1125550435321953,0.2382344264605926,0.2382344264605926,0   191 255,Strength
2110-2546,8R0,0.086,0.0644363204670555,0.2381717159351549,0.2381717159351549,0   191 255,Strength
K330-K320,VF1,5.8586401494571386e-05,0.0562800563754943,0.2381128093441475,0.2381128093441475,0   191 255,Strength
3316-G449,UJ1,0.238,0.011597657102198,0.1522756629782676,0.238,0   191 255,Fatigue
3316-3136,W70,0.238,0.0857008266580893,0.1358092429475361,0.238,0   191 255,Fatigue
3086-4146,XCK,0.077,0.0957507281032164,0.2375282122889443,0.2375282122889443,0   191 255,Strength
1413-1448,AT0,0.0,0.0537492864298073,0.237336982918573,0.237336982918573,0   191 255,Strength
1448-G218,EA0,0.0,0.0142770058226834,0.237336982918573,0.237336982918573,0   191 255,Strength
2273-2165,GZ0,1.659784649376978e-05,0.0697573385646672,0.2369764356619383,0.2369764356619383,0   191 255,Strength
3569-E493,NZ0,,0.0730882984514324,0.2369720173615596,0.2369720173615596,0   191 255,Strength
1264-K592,A20,0.006,0.0942661009075478,0.2368840797316976,0.2368840797316976,0   191 255,Strength
J695-J709,CQ2,,0.0451940931211445,0.2366944034606454,0.2366944034606454,0   191 255,Strength
4696-4183,UX0,0.006,0.0838716371008306,0.2366311040270254,0.2366311040270254,0   191 255,Strength
J633-K397,E11,0.000316182277595,0.0451067140421001,0.2365068256842007,0.2365068256842007,0   191 255,Strength
J398-K281,BW1,0.0003815263187949,0.0396987940099431,0.2364091509181335,0.2364091509181335,0   191 255,Strength
K323-J846,OF1,7.371906808655277e-05,0.0391734337561562,0.2363596510219669,0.2363596510219669,0   191 255,Strength
J709-J723,GQ2,,0.04353916081917,0.2361793871775877,0.2361793871775877,0   191 255,Strength
2122-2292,HB6,0.0039448320545921,0.0977278714658367,0.2361661148545724,0.2361661148545724,0   191 255,Strength
E207-E334,010,,0.0673141527639339,0.2361081354098229,0.2361081354098229,0   191 255,Strength
I061-K601,6O4,0.0095697983612251,0.0292555261485302,0.2360910445961097,0.2360910445961097,0   191 255,Strength
3229-3014,UB4,0.236,0.1605476155899766,0.1693075821979117,0.236,0   191 255,Fatigue
3229-G281,SM1,0.236,0.0249265415517521,0.1562267234577948,0.236,0   191 255,Fatigue
3026-3229,DB4,0.236,0.140851227066039,0.1594843393267401,0.236,0   191 255,Fatigue
J078-I061,5O4,0.0095698020963342,0.0285590996643788,0.2359916201908177,0.2359916201908177,0   191 255,Strength
1468-1447,MT0,0.0,0.0358426572387149,0.2358750045123543,0.2358750045123543,0   191 255,Strength
K310-J836,AF1,3.5699084534796425e-05,0.035689957732871,0.2357757646611328,0.2357757646611328,0   191 255,Strength
K706-JF04,FL1,0.078,0.2134958414253601,0.2356891040543095,0.2356891040543095,0   191 255,Strength
JF04-E053,C10,0.078,0.2134958414253601,0.2356891040543095,0.2356891040543095,0   191 255,Strength
2154-2510,FU0,8.878499960273547e-05,0.0718060071432467,0.2356797728728638,0.2356797728728638,0   191 255,Strength
J685-J695,8Q2,,0.0455118835321318,0.2354926886663264,0.2354926886663264,0   191 255,Strength
3268-3276,XB6,0.0100391239111676,0.1492217536005572,0.235422622779792,0.235422622779792,0   191 255,Strength
3036-3107,I12,0.0062526764724615,0.0692212735537777,0.2353921167498093,0.2353921167498093,0   191 255,Strength
4883-Q733,I50,8.090975367961803e-07,0.2346545741213349,0.2353489587796659,0.2353489587796659,0   191 255,Strength
3181-3207,KA4,0.072,0.1092636656058114,0.2347345495799401,0.2347345495799401,0   191 255,Strength
E051-JF04,O00,0.078,0.2124448306015852,0.2346326346599488,0.2346326346599488,0   191 255,Strength
2502-2503,QU0,0.0002934165675761,0.0871825338048952,0.2346041839712824,0.2346041839712824,0   191 255,Strength
2243-2244,F40,0.002,0.0359324861341728,0.2344998785144629,0.2344998785144629,0   191 255,Strength
2514-2152,TU0,0.0001859234847337,0.0386964948768351,0.2343940384172484,0.2343940384172484,0   191 255,Strength
3768-3767,R90,0.0004138688139093,0.1807964325457338,0.2342297202150597,0.2342297202150597,0   191 255,Strength
2090-2087,3Z0,0.0012941297521533,0.2340889719104708,0.1364136081269059,0.2340889719104708,0   191 255,Lift
3310-3137,R70,0.234,0.0610505225326062,0.1475397670244931,0.234,0   191 255,Fatigue
3310-G386,PJ1,0.234,0.0115128464546841,0.1552620855330645,0.234,0   191 255,Fatigue
2137-2070,W30,1.2621790320524454e-05,0.0691141053537715,0.2337874971711889,0.2337874971711889,0   191 255,Strength
3044-3077,1V0,0.0138982781235951,0.2239230721100049,0.2337004855902461,0.2337004855902461,0   191 255,Strength
2194-G479,AF0,0.016,0.0166862652148069,0.233563025465091,0.233563025465091,0   191 255,Strength
J655-J685,1Q2,,0.044590535232691,0.233524916874231,0.233524916874231,0   191 255,Strength
J839-K316,741,7.36408643859787e-05,0.0340911259182172,0.2335142347599476,0.2335142347599476,0   191 255,Strength
2530-G341,7J1,0.093,0.0627805676512834,0.2332153132204736,0.2332153132204736,0   191 255,Strength
3155-3223,HR4,0.233,0.1534517148190282,0.2251055615374814,0.233,0   191 255,Fatigue
3155-3187,XBD,0.233,0.1524386466409358,0.2262155397248987,0.233,0   191 255,Fatigue
2075-2071,9S0,0.0029170904032069,0.20326372711545,0.2329092582547731,0.2329092582547731,0   191 255,Strength
K452-K450,RI1,0.0001657504095594,0.0516540947068538,0.2328856347844934,0.2328856347844934,0   191 255,Strength
K326-J859,RF1,0.0001286525675996,0.0543864156860244,0.2323803915240699,0.2323803915240699,0   191 255,Strength
3038-300A,PO4,0.0063396624909681,0.1853799006028361,0.2323637777838503,0.2323637777838503,0   191 255,Strength
I001-J723,RK4,0.0060940709008603,0.0403703670877372,0.2318906309729748,0.2318906309729748,0   191 255,Strength
3351-G155,WJ1,0.017,0.0170062300095167,0.231877194737236,0.231877194737236,0   191 255,Strength
K329-K319,UF1,5.05686990698084e-05,0.051978782435449,0.2317732335078638,0.2317732335078638,0   191 255,Strength
1142-1176,PQ0,0.0001161176530873,0.1757300096598637,0.2317306794600585,0.2317306794600585,0   191 255,Strength
3200-3199,OA4,0.0246487344884765,0.2317141277279336,0.226519976455699,0.2317141277279336,0   191 255,Lift
3650-3003,LAZ,0.0011519189660778,0.0630858528712728,0.2316148914308283,0.2316148914308283,0   191 255,Strength
K307-J824,7F1,6.084656962452668e-05,0.0450614901588122,0.2313628811123412,0.2313628811123412,0   191 255,Strength
3023-3009,5X0,0.0202343968590662,0.1092747056918357,0.2312552877889806,0.2312552877889806,0   191 255,Strength
K588-K379,7L2,3.3153375167439134e-05,0.0292918152105288,0.2311942083341879,0.2311942083341879,0   191 255,Strength
3151-3153,H14,0.0009781430363561,0.0878831979601346,0.2311486940141543,0.2311486940141543,0   191 255,Strength
3165-3098,8X0,0.0111103614261215,0.0213635187414585,0.2310417904489368,0.2310417904489368,0   191 255,Strength
J463-K280,FX1,0.0003336615824654,0.040933518709792,0.2309281330319594,0.2309281330319594,0   191 255,Strength
3090-3110,DV0,0.1529714978263933,0.0904858990337903,0.2305263972798285,0.2305263972798285,0   191 255,Strength
K512-K506,2K2,0.0002538214180021,0.1279773249476292,0.2303371429231493,0.2303371429231493,0   191 255,Strength
2159-2146,OW2,0.0003094625671639,0.103680819651047,0.2302367446104909,0.2302367446104909,0   191 255,Strength
J686-J696,9Q2,,0.0466458573995214,0.2302121121303071,0.2302121121303071,0   191 255,Strength
3114-3615,6A4,0.082,0.0581576408822506,0.2301648546417819,0.2301648546417819,0   191 255,Strength
J710-J724,HQ2,,0.0457660591933696,0.2301028752863334,0.2301028752863334,0   191 255,Strength
J696-J710,DQ2,,0.0470433807206294,0.2299919659875536,0.2299919659875536,0   191 255,Strength
1312-1316,H20,5.798365638137756e-07,0.1104479759995383,0.2297379020174382,0.2297379020174382,0   191 255,Strength
K487-K402,JJ2,0.0022688721724692,0.0356761219216574,0.2294576217745904,0.2294576217745904,0   191 255,Strength
1210-G248,4A0,0.002,0.0417727715967991,0.2293623063339315,0.2293623063339315,0   191 255,Strength
J843-K327,B41,7.528844535785735e-05,0.0347994266401432,0.2291535657739945,0.2291535657739945,0   191 255,Strength
K759-J664,AQ4,0.008,0.2005655004041496,0.229072323107677,0.229072323107677,0   191 255,Strength
3615-300G,DP4,0.082,0.0620890033815231,0.2286528178574008,0.2286528178574008,0   191 255,Strength
K760-K217,CQ4,0.002,0.2176772685318508,0.2285327976524909,0.2285327976524909,0   191 255,Strength
J469-J391,LX1,0.0002770448559765,0.0429764826392032,0.2283006422979297,0.2283006422979297,0   191 255,Strength
3060-3013,4V0,0.0147190353263948,0.2281753922666248,0.2170055634791834,0.2281753922666248,0   191 255,Lift
K774-J558,4R4,0.0001803246082801,0.2280804323877899,0.2194687489260219,0.2280804323877899,0   191 255,Lift
3002-3106,LBF,0.0065436213632801,0.0687850981978317,0.2279545877255175,0.2279545877255175,0   191 255,Strength
K308-J828,8F1,5.948668527405678e-05,0.0446484849675289,0.2278546050421915,0.2278546050421915,0   191 255,Strength
J532-K279,ZZ1,0.0003128800291769,0.0437369292677092,0.227848198144506,0.227848198144506,0   191 255,Strength
2244-G176,KF0,0.002,0.0182847078727957,0.227719028563838,0.227719028563838,0   191 255,Strength
1322-1324,P20,1.066742037891922e-06,0.0304126685858379,0.227707963465428,0.227707963465428,0   191 255,Strength
K58A-J110,LU2,0.001852494258533,0.053627237185107,0.2272025969294865,0.2272025969294865,0   191 255,Strength
3077-2291,GK4,0.0095536466817611,0.2270782559455414,0.2062721517731431,0.2270782559455414,0   191 255,Lift
K325-J854,QF1,0.0001138859864963,0.0526718758159077,0.2269651861490059,0.2269651861490059,0   191 255,Strength
K511-K517,1K2,0.0011759531467017,0.0514688423534839,0.2267469732029881,0.2267469732029881,0   191 255,Strength
3137-3140,X40,0.0010279693101218,0.1035579138048009,0.2265434267034199,0.2265434267034199,0   191 255,Strength
K589-K469,8L2,0.000180009718633,0.0297662505796091,0.226492786779164,0.226492786779164,0   191 255,Strength
K775-K394,6R4,0.0001961624000719,0.2261678161646247,0.2178495160789412,0.2261678161646247,0   191 255,Lift
I008-J724,6L4,0.005835610523418,0.0431091497532795,0.2260442776548051,0.2260442776548051,0   191 255,Strength
3287-3286,H80,0.226,0.0616133424837629,0.1851197921801249,0.226,0   191 255,Fatigue
3287-G292,IJ1,0.226,0.021419533972405,0.1730866599021867,0.226,0   191 255,Fatigue
3006-3287,D80,0.226,0.0509485279833013,0.1730866599021867,0.226,0   191 255,Fatigue
J657-J655,2Q2,0.0006799355317935,0.0430727055825474,0.2258199390964739,0.2258199390964739,0   191 255,Strength
K206-K202,WC1,0.0009388010368697,0.0348328722364025,0.2256064524276997,0.2256064524276997,0   191 255,Strength
1183-1139,YR0,0.0001128424160158,0.19784947884642,0.2254145079975159,0.2254145079975159,0   191 255,Strength
2263-G131,ZJ1,0.225,0.0155170131490459,0.1592710665188582,0.225,0   191 255,Fatigue
1180-1161,WQ0,0.0001136998481349,0.2248507484385237,0.1779858206676882,0.2248507484385237,0   191 255,Lift
K201-K209,RC1,0.0015131774433715,0.0351470219137368,0.2246831561776343,0.2246831561776343,0   191 255,Strength
S055-3087,2B4,0.0780447493757233,0.0713946855281277,0.2246320084563459,0.2246320084563459,0   191 255,Strength
1182-1138,XR0,4.652735389986042e-05,0.2244673093417759,0.1551186602190865,0.2244673093417759,0   191 255,Lift
K207-K203,XC1,0.0009423631745809,0.035411651120114,0.224365237981688,0.224365237981688,0   191 255,Strength
K197-K195,PC1,0.0010019087773727,0.0280468277753204,0.2242249010562927,0.2242249010562927,0   191 255,Strength
J659-J686,3Q2,,0.0471917451038244,0.2241600780450697,0.2241600780450697,0   191 255,Strength
K189-I001,QK4,0.0061046359305075,0.0385878066675897,0.2241301647599575,0.2241301647599575,0   191 255,Strength
3306-G398,LJ1,0.224,0.0170508820921571,0.1798601205864329,0.224,0   191 255,Fatigue
1329-3306,I70,0.224,0.0683077906728222,0.1360862282285672,0.224,0   191 255,Fatigue
3260-3636,XB4,0.0012146116173928,0.1541337436552238,0.2237134484716669,0.2237134484716669,0   191 255,Strength
BP25-BO96,JE0,2.814573552481361e-08,0.1019829100749037,0.2236810602432683,0.2236810602432683,0   191 255,Strength
J566-J489,PZ1,0.0002452750254224,0.0428094490299988,0.2236059379011259,0.2236059379011259,0   191 255,Strength
2245-G179,LF0,0.002,0.0156649451829857,0.2235381405744951,0.2235381405744951,0   191 255,Strength
K761-K214,EQ4,5.39289441032394e-07,0.210267851188649,0.2231565511186192,0.2231565511186192,0   191 255,Strength
K309-J831,9F1,5.7923044589924026e-05,0.0425514037573844,0.2230164560045761,0.2230164560045761,0   191 255,Strength
K286-J400,LE1,0.0002744246893062,0.0367208206348747,0.2225681583611408,0.2225681583611408,0   191 255,Strength
1447-1413,HT0,0.0,0.0534653448437054,0.2224533031453068,0.2224533031453068,0   191 255,Strength
1447-G227,DA0,0.0,0.0221613612738249,0.2224533031453068,0.2224533031453068,0   191 255,Strength
K466-K453,5J2,0.0001478624183498,0.0633539894890064,0.2224175584249201,0.2224175584249201,0   191 255,Strength
3132-3247,HBI,0.0013515375820284,0.061853860061655,0.2220810059697113,0.2220810059697113,0   191 255,Strength
1309-1312,F20,1.0315016238293802e-06,0.1334569673475795,0.22175918908057,0.22175918908057,0   191 255,Strength
2270-2222,8Z2,9.082351123718004e-06,0.0632622397416734,0.2217260149292631,0.2217260149292631,0   191 255,Strength
K324-J853,PF1,0.0001023858483358,0.0484547636878139,0.2214712182677532,0.2214712182677532,0   191 255,Strength
J548-K774,3R4,0.0,0.2213629324870389,0.2175669980489333,0.2213629324870389,0   191 255,Lift
2508-2157,RU0,0.0001837964666001,0.1145660289403872,0.2212741024437334,0.2212741024437334,0   191 255,Strength
2549-2093,GR0,0.107,0.1407395935714868,0.2212478562351114,0.2212478562351114,0   191 255,Strength
3081-2277,Q02,0.148,0.2210576873097514,0.136679161493912,0.2210576873097514,0   191 255,Lift
3188-3275,PR4,0.0095832809573656,0.0525368412075989,0.2202265088668212,0.2202265088668212,0   191 255,Strength
J847-K328,F41,4.16721033826917e-05,0.0410812273900178,0.2200559918136483,0.2200559918136483,0   191 255,Strength
3532-3533,0K4,0.108,0.125858601380319,0.2198804142745647,0.2198804142745647,0   191 255,Strength
K389-K775,5R4,0.0,0.2196812219347068,0.216097569978251,0.2196812219347068,0   191 255,Lift
I064-K583,CO4,0.0038519893974786,0.0640601966577813,0.219420417548759,0.219420417548759,0   191 255,Strength
K377-K375,6H1,4.854557734726145e-05,0.0322603377202664,0.2192440439335049,0.2192440439335049,0   191 255,Strength
2115-2106,BR0,0.0027368910275666,0.1336440852581313,0.2191155173301427,0.2191155173301427,0   191 255,Strength
K221-I008,5L4,0.0058247038698202,0.04191928747078,0.2190525219948148,0.2190525219948148,0   191 255,Strength
J665-K759,9Q4,0.008,0.189989553465734,0.2189943945230034,0.2189943945230034,0   191 255,Strength
K193-K192,MC1,0.0010046682285177,0.0289994259468365,0.2187512434740872,0.2187512434740872,0   191 255,Strength
2246-G182,MF0,0.003,0.0130562969100869,0.2186995972511686,0.2186995972511686,0   191 255,Strength
K398-J627,KH1,0.0002338577887492,0.0413719117346895,0.2186022023474298,0.2186022023474298,0   191 255,Strength
3087-3197,3A4,0.0320015252884501,0.0622554867688001,0.2185913753218462,0.2185913753218462,0   191 255,Strength
4162-4268,QV0,0.016,0.1512691429542186,0.2184841269953909,0.2184841269953909,0   191 255,Strength
K594-K598,NU2,0.0066986907941576,0.0285009916393516,0.2179298059906554,0.2179298059906554,0   191 255,Strength
2520-2521,SW2,0.0011203597346112,0.0413462020772958,0.2178888784854025,0.2178888784854025,0   191 255,Strength
2557-2248,U40,0.002,0.0120614611815546,0.2178753441120763,0.2178753441120763,0   191 255,Strength
J661-K760,BQ4,0.002,0.2078982486572006,0.2178632054357251,0.2178632054357251,0   191 255,Strength
1549-1552,HEB,5.374310484364148e-06,0.2177263707330008,0.0853377651749473,0.2177263707330008,0   191 255,Lift
K766-K183,OQ4,0.001,0.1935408605505524,0.2176268901817812,0.2176268901817812,0   191 255,Strength
3080-3612,2A4,0.0365603164265571,0.0624125974090769,0.217174645227891,0.217174645227891,0   191 255,Strength
3098-3104,LZ0,0.217,0.009724198666533,0.1459459847037728,0.217,0   191 255,Fatigue
2515-2516,UU0,0.004,0.056373088822952,0.216706238562276,0.216706238562276,0   191 255,Strength
K765-K186,MQ4,3.251556144234483e-07,0.1939906197454936,0.216577945945429,0.216577945945429,0   191 255,Strength
K285-J461,KE1,0.0002471035850891,0.0374923709492839,0.216412605929669,0.216412605929669,0   191 255,Strength
J660-J659,4Q2,0.0007638060442718,0.0451031302828908,0.2161004653555603,0.2161004653555603,0   191 255,Strength
3230-G418,TM1,0.161,0.029991825454306,0.2157760518231921,0.2157760518231921,0   191 255,Strength
K603-K602,CL2,7.077596139453158e-06,0.0338969469488494,0.2157117509258956,0.2157117509258956,0   191 255,Strength
J109-J107,ZO2,0.0011477917951316,0.036675865491571,0.2155254639282346,0.2155254639282346,0   191 255,Strength
3095-3099,7X0,0.0033932308098868,0.0803914192783614,0.2154150841511237,0.2154150841511237,0   191 255,Strength
K311-J841,CF1,5.115977907028196e-05,0.0286003157160999,0.2149633820977649,0.2149633820977649,0   191 255,Strength
K708-K138,NP4,0.008,0.1226050589103962,0.2149449805567015,0.2149449805567015,0   191 255,Strength
3539-3538,2K4,0.096,0.2148589754299101,0.1620057260532265,0.2148589754299101,0   191 255,Lift
K450-K451,PI1,0.0001522404229837,0.0479440564916342,0.2146249842174384,0.2146249842174384,0   191 255,Strength
2248-G185,OF0,0.002,0.0105422284982222,0.2141815266606573,0.2141815266606573,0   191 255,Strength
3538-3537,ZAI,0.096,0.2140199723011904,0.1376047638587105,0.2140199723011904,0   191 255,Lift
2005-2270,4Z2,1.0701383046090262e-05,0.0621516190782529,0.2139836026398803,0.2139836026398803,0   191 255,Strength
JF01-2086,I60,2.007117766230145e-05,0.0609061082108279,0.2139129700359161,0.2139129700359161,0   191 255,Strength
3571-3646,I22,0.0351682586653664,0.0450682362449541,0.2138038251676712,0.2138038251676712,0   191 255,Strength
2251-G191,QF0,0.002,0.0105215722451635,0.2136655773856025,0.2136655773856025,0   191 255,Strength
K379-K378,8H1,1.6821054599523118e-05,0.0268474856157183,0.2134241067438615,0.2134241067438615,0   191 255,Strength
1535-1539,FW2,0.0002496053436186,0.0729426988896232,0.2129844643835776,0.2129844643835776,0   191 255,Strength
K284-J531,JE1,0.000231655412467,0.0398596597643867,0.2129648982125934,0.2129648982125934,0   191 255,Strength
J658-K761,DQ4,0.0,0.201117911690098,0.2129204502908484,0.2129204502908484,0   191 255,Strength
K322-J844,NF1,5.4216837599270864e-05,0.0290827419745418,0.212495938445661,0.212495938445661,0   191 255,Strength
K208-K204,YC1,0.000928659493005,0.0516285498676679,0.2121282486006983,0.2121282486006983,0   191 255,Strength
K506-K521,WJ2,9.874037690761933e-05,0.1218947616972844,0.2120743794579624,0.2120743794579624,0   191 255,Strength
1211-G251,5A0,0.004,0.0315108241275276,0.212062560156132,0.212062560156132,0   191 255,Strength
J857-K331,M41,6.852218839055956e-05,0.0553836539119549,0.2119254004285507,0.2119254004285507,0   191 255,Strength
2088-2091,2Z0,0.0012432614561204,0.1505412210448302,0.2115954069806702,0.2115954069806702,0   191 255,Strength
K469-K590,8J2,0.0001646197523529,0.030219593396079,0.2112055369431216,0.2112055369431216,0   191 255,Strength
2254-G197,TF0,0.002,0.0188382018690855,0.210816297004242,0.210816297004242,0   191 255,Strength
4515-Q132,900,2.235163291218507e-06,0.2107186217971342,0.1644599635263842,0.2107186217971342,0   191 255,Lift
2252-G194,RF0,0.002,0.0174702073460054,0.2106704311524932,0.2106704311524932,0   191 255,Strength
3030-3651,T12,0.0007383010775145,0.0422763250695769,0.2105304585525814,0.2105304585525814,0   191 255,Strength
J681-J700,521,,0.1212113288876355,0.2104355682145775,0.2104355682145775,0   191 255,Strength
J700-J716,G21,,0.1133039791390183,0.2104182200859253,0.2104182200859253,0   191 255,Strength
3343-G188,VJ1,0.003,0.0104901123442277,0.2102673136330025,0.2102673136330025,0   191 255,Strength
J116-K708,MP4,0.008,0.1105884531882697,0.2100595638555132,0.2100595638555132,0   191 255,Strength
3312-G284,QJ1,0.21,0.0165846803064795,0.1802583289059215,0.21,0   191 255,Fatigue
3225-3188,MR4,0.138,0.0379616840808128,0.2097576916345402,0.2097576916345402,0   191 255,Strength
K725-J657,PV2,0.0006799344123326,0.0397375619728328,0.2094379943182111,0.2094379943182111,0   191 255,Strength
3253-G004,XM1,0.143,0.0133714660525403,0.2092766177908024,0.2092766177908024,0   191 255,Strength
3107-3030,V12,0.0016351262218344,0.0371089676784843,0.2091767278413023,0.2091767278413023,0   191 255,Strength
J716-K750,S21,0.0007890585980705,0.1030929527579217,0.2089221937639382,0.2089221937639382,0   191 255,Strength
2530-2531,HD2,0.093,0.0397879673364456,0.2088817551495128,0.2088817551495128,0   191 255,Strength
3767-3765,Q90,0.0021996659200446,0.1674188833995212,0.2088589600964177,0.2088589600964177,0   191 255,Strength
2255-G200,UF0,0.002,0.0194817317409476,0.2087035988528339,0.2087035988528339,0   191 255,Strength
K278-K273,DE1,9.988691807294242e-05,0.035081132917754,0.2086312003205326,0.2086312003205326,0   191 255,Strength
I038-K512,WM4,0.0002538214473953,0.119217005243556,0.2085309645372258,0.2085309645372258,0   191 255,Strength
3255-G003,YM1,0.142,0.0082308967526398,0.2084296071961836,0.2084296071961836,0   191 255,Strength
2523-2540,VW2,7.584905034986681e-05,0.0663312088636104,0.2084151184706586,0.2084151184706586,0   191 255,Strength
J703-J717,J21,,0.1288085967588612,0.2082034073458293,0.2082034073458293,0   191 255,Strength
J690-J703,A21,,0.1376652791307921,0.2082003640431083,0.2082003640431083,0   191 255,Strength
J652-K766,NQ4,0.001,0.1856688848815442,0.2077798947426375,0.2077798947426375,0   191 255,Strength
2092-2143,U30,1.721086383964679e-05,0.058332562969118,0.2077611573757055,0.2077611573757055,0   191 255,Strength
3001-3033,XU0,0.107,0.0877755551778869,0.2076812736680991,0.2076812736680991,0   191 255,Strength
J680-J699,421,,0.1172205243534782,0.2075987944843695,0.2075987944843695,0   191 255,Strength
J682-J701,621,,0.1073132407898425,0.2075931341341816,0.2075931341341816,0   191 255,Strength
J701-J714,H21,,0.0964266884204688,0.2075522368852096,0.2075522368852096,0   191 255,Strength
G014-2149,FK1,0.077,0.0167178438374035,0.207476789214623,0.207476789214623,0   191 255,Strength
K639-K465,6M2,0.0001636931199988,0.0631291578948899,0.2073848887819034,0.2073848887819034,0   191 255,Strength
J699-J713,F21,,0.1092712988678772,0.2073734596359849,0.2073734596359849,0   191 255,Strength
J856-K330,L41,5.858634730340236e-05,0.0540458438457889,0.2070788110257715,0.2070788110257715,0   191 255,Strength
J717-K743,T21,0.0006341682821787,0.1176125485409065,0.207026479847925,0.207026479847925,0   191 255,Strength
E238-E353,110,,0.064373308763409,0.206892229170576,0.206892229170576,0   191 255,Strength
3269-3142,4P4,0.0705389253639849,0.0806815046896309,0.2068431702601088,0.2068431702601088,0   191 255,Strength
J656-K765,LQ4,0.0,0.1861303603902166,0.2068334282399972,0.2068334282399972,0   191 255,Strength
3207-G044,BM1,0.072,0.0274003591320642,0.2067418676422317,0.2067418676422317,0   191 255,Strength
K750-J730,2W2,0.000788472184358,0.0977802486813855,0.2066276510593696,0.2066276510593696,0   191 255,Strength
J645-J681,N11,,0.1267689108497778,0.2065459275785427,0.2065459275785427,0   191 255,Strength
J713-K749,P21,0.0009379602145063,0.09979139751767,0.2064554748700362,0.2064554748700362,0   191 255,Strength
2529-2530,GD2,0.093,0.0465674800533609,0.2060946434910393,0.2060946434910393,0   191 255,Strength
2501-2160,OU0,0.005,0.1010965002287757,0.2060689424314756,0.2060689424314756,0   191 255,Strength
K649-K648,CM2,9.892329268921312e-05,0.0342791237405551,0.2060525794669634,0.2060525794669634,0   191 255,Strength
K402-K411,OH1,0.0018209870510675,0.0349226590587308,0.2058995856273011,0.2058995856273011,0   191 255,Strength
2276-2223,9Z2,1.0063825382445417e-05,0.0648134318037136,0.2058764596719453,0.2058764596719453,0   191 255,Strength
J268-K520,PT1,0.0016004691119431,0.0489237982298715,0.2057518729577163,0.2057518729577163,0   191 255,Strength
2190-2036,140,3.584559999617128e-05,0.0659049934686288,0.2056351892424347,0.2056351892424347,0   191 255,Strength
K363-K588,SG1,3.315337234522981e-05,0.0282763737070303,0.2056244129984242,0.2056244129984242,0   191 255,Strength
2093-2113,2R0,0.0024541495059265,0.1341884622701611,0.2054612347343666,0.2054612347343666,0   191 255,Strength
3539-3277,SR4,0.031,0.2052141836271913,0.1585800515069465,0.2052141836271913,0   191 255,Lift
2256-G203,VF0,0.002,0.0208679829480602,0.2051091598681486,0.2051091598681486,0   191 255,Strength
K758-J669,8Q4,0.001,0.1878903569606677,0.2051080836390074,0.2051080836390074,0   191 255,Strength
J714-K751,Q21,0.0001057649867176,0.0832667382347461,0.2050866086825714,0.2050866086825714,0   191 255,Strength
K757-J670,6Q4,0.001,0.1742551513217312,0.2050616707865696,0.2050616707865696,0   191 255,Strength
K743-J731,XV2,0.0006332748815713,0.1119010942627677,0.2048661028850024,0.2048661028850024,0   191 255,Strength
J691-J704,B21,,0.1365710422066656,0.2047372427226007,0.2047372427226007,0   191 255,Strength
2151-2054,EX0,0.0011315417978405,0.0900677768481205,0.2047108236146508,0.2047108236146508,0   191 255,Strength
2212-2215,PW2,0.0001083643784217,0.0458213210117627,0.2045954975743207,0.2045954975743207,0   191 255,Strength
J704-J718,K21,,0.1276117087358657,0.2045449185148417,0.2045449185148417,0   191 255,Strength
J646-J682,O11,,0.115969599184624,0.2042986569692539,0.2042986569692539,0   191 255,Strength
J672-J690,Y11,,0.1441156882982507,0.203983115226915,0.203983115226915,0   191 255,Strength
K749-J729,1W2,0.000939155038487,0.0941050353207991,0.2038761669734125,0.2038761669734125,0   191 255,Strength
3008-3650,LZ3,0.0008640290455303,0.0487289209938556,0.2037649609896111,0.2037649609896111,0   191 255,Strength
K756-J674,4Q4,0.001,0.1701134447120805,0.203745863417593,0.203745863417593,0   191 255,Strength
JR15-CA16,PE0,0.000135081356935,0.0829215762647938,0.2036964069277192,0.2036964069277192,0   191 255,Strength
J718-K744,U21,0.0007647726583761,0.1171550128680704,0.203664292299338,0.203664292299338,0   191 255,Strength
J852-K329,I41,5.056865192522256e-05,0.0502700952865765,0.2033975718556991,0.2033975718556991,0   191 255,Strength
J749-J730,XQ2,0.0042151625909899,0.0916586549873318,0.2033787880375412,0.2033787880375412,0   191 255,Strength
2541-2542,0X2,0.0001122101860095,0.0534379118594716,0.2029756884822752,0.2029756884822752,0   191 255,Strength
K375-K361,4H1,2.5508987761668235e-05,0.0298861962253603,0.2029274769940267,0.2029274769940267,0   191 255,Strength
3106-3008,U12,0.0018861103793322,0.0423447100385568,0.2025484426771688,0.2025484426771688,0   191 255,Strength
3091-3643,F22,0.0369126023342875,0.0522460162658554,0.2023836388578943,0.2023836388578943,0   191 255,Strength
K751-J727,3W2,0.0001060941299061,0.0760941156082506,0.2019461198005307,0.2019461198005307,0   191 255,Strength
S056-3589,PV4,0.0882231775092305,0.0669317337410239,0.2018349608901334,0.2018349608901334,0   191 255,Strength
J731-K146,KQ2,0.0034608775085545,0.1053850761080972,0.2017854815583871,0.2017854815583871,0   191 255,Strength
J641-J680,L11,,0.1207686018138926,0.201730846860496,0.201730846860496,0   191 255,Strength
1318-1322,M20,4.3804456153370164e-07,0.0606824650381419,0.2015829678106768,0.2015829678106768,0   191 255,Strength
K737-K205,JN2,0.0017204125477755,0.0329015495378489,0.2015365496950962,0.2015365496950962,0   191 255,Strength
3166-3165,9X0,0.0025232912570453,0.0213635187414585,0.2013686191061753,0.2013686191061753,0   191 255,Strength
Q900-Q930,5W2,,0.0920286236236603,0.2013578602577107,0.2013578602577107,0   191 255,Strength
K408-K452,UH1,0.000165750374449,0.0494547933616038,0.201292486677176,0.201292486677176,0   191 255,Strength
K755-J677,2Q4,0.001,0.1800885216932285,0.2012729343759666,0.2012729343759666,0   191 255,Strength
K744-J732,YV2,0.0007684104785452,0.11099144267187,0.2011849054438259,0.2011849054438259,0   191 255,Strength
3144-3148,EA4,0.0301694102961402,0.0670182635566592,0.2009026650703839,0.2009026650703839,0   191 255,Strength
J739-J729,RQ2,0.0054569220047003,0.0882406287430129,0.2007962895833524,0.2007962895833524,0   191 255,Strength
2189-2190,040,3.0476320568797843e-05,0.0612487126887285,0.2004452593838045,0.2004452593838045,0   191 255,Strength
2249-G119,PF0,0.2,0.0139584733900612,0.1495631601445169,0.2,0   191 255,Fatigue
3039-3090,0V0,0.1252930366319276,0.1553837046726616,0.1998836747553673,0.1998836747553673,0   191 255,Strength
K202-K210,SC1,0.0007828020022305,0.0326727011378744,0.1996471749842069,0.1996471749842069,0   191 255,Strength
3184-3193,A90,0.0007045103747127,0.1995887580079876,0.1735990991550953,0.1995887580079876,0   191 255,Lift
J165-K589,QQ1,0.0001801042178,0.0307995379015354,0.1994913055076001,0.1994913055076001,0   191 255,Strength
2070-2073,O30,8.468792773107751e-06,0.0875527360572393,0.1993359671703451,0.1993359671703451,0   191 255,Strength
3547-3640,H22,0.0136702196142451,0.1129725705408922,0.1991489069646229,0.1991489069646229,0   191 255,Strength
K726-J660,QV2,0.0007638046817647,0.0409122187530119,0.1991332557605504,0.1991332557605504,0   191 255,Strength
2528-2529,FD2,0.023,0.0502435782329538,0.1990207148069114,0.1990207148069114,0   191 255,Strength
K195-K199,NC1,0.0008198503573889,0.0262321144638352,0.1990054284167701,0.1990054284167701,0   191 255,Strength
K188-K185,KC1,0.0008969408289202,0.0323592826134071,0.1989725014137297,0.1989725014137297,0   191 255,Strength
J675-J691,021,,0.141214575510124,0.1989375931152652,0.1989375931152652,0   191 255,Strength
3204-G035,9M1,0.022,0.0197014353088729,0.1985618139882758,0.1985618139882758,0   191 255,Strength
K203-K211,TC1,0.0007671507285869,0.0332335908177175,0.198544141286238,0.198544141286238,0   191 255,Strength
K163-J727,NS2,0.001054961640374,0.0686635616838476,0.198376405266163,0.198376405266163,0   191 255,Strength
J732-J747,LQ2,0.0046664318779308,0.1047415457293429,0.1981785326194247,0.1981785326194247,0   191 255,Strength
3067-3044,BW0,0.198,0.1181131120475234,0.1541001315284017,0.198,0   191 255,Fatigue
3286-G291,HJ1,0.198,0.0128361403046356,0.1851197921801249,0.198,0   191 255,Fatigue
3286-3124,G80,0.198,0.0794651967858082,0.1834826797131411,0.198,0   191 255,Fatigue
J110-J108,0O2,0.0011008197966441,0.0435197137178368,0.1974511360982426,0.1974511360982426,0   191 255,Strength
1138-1542,JR0,0.001,0.1973937041167423,0.1702702919128377,0.1973937041167423,0   191 255,Lift
K706-J075,KP4,0.008,0.0959144962888306,0.1971106018502158,0.1971106018502158,0   191 255,Strength
3500-3259,H19,0.197,0.1238774844724587,0.1358570339782753,0.197,0   191 255,Fatigue
J667-K758,7Q4,0.001,0.1749521456359302,0.1968054601053042,0.1968054601053042,0   191 255,Strength
J671-K757,5Q4,0.001,0.1661756309392798,0.1967557637147377,0.1967557637147377,0   191 255,Strength
J062-K603,TO1,7.003976712287474e-06,0.0609137873830223,0.1965954816412501,0.1965954816412501,0   191 255,Strength
K346-K377,BG1,4.8545570568605394e-05,0.0315083575078529,0.1964032347546221,0.1964032347546221,0   191 255,Strength
K598-J079,QU2,0.0066986908149481,0.0266263088828361,0.1962355737966098,0.1962355737966098,0   191 255,Strength
1269-1267,DW2,3.141991232654924e-05,0.1957833835829166,0.1529939647137836,0.1957833835829166,0   191 255,Lift
2041-2276,6Z2,1.2391991379110978e-05,0.063746498775412,0.1957124927342917,0.1957124927342917,0   191 255,Strength
3277-3540,TR4,0.023,0.195661259422485,0.1548723169828113,0.195661259422485,0   191 255,Lift
3197-3127,MA4,0.0218474004578484,0.0577440262736369,0.1956267186395342,0.1956267186395342,0   191 255,Strength
J673-K756,3Q4,0.001,0.1638330958918145,0.1955181873001283,0.1955181873001283,0   191 255,Strength
3541-3540,3K4,0.023,0.1953688469374562,0.1503494486617181,0.1953688469374562,0   191 255,Lift
K453-J269,SI1,0.0001478625330694,0.0536949969828089,0.1953536030750064,0.1953536030750064,0   191 255,Strength
K767-J651,QQ4,0.005,0.1778716340254315,0.1952413121281832,0.1952413121281832,0   191 255,Strength
2215-2213,QW2,0.0001626104764634,0.0742065282824806,0.1951468169661379,0.1951468169661379,0   191 255,Strength
CA09-4794,CS1,0.0,0.0739752778479479,0.1950045976584557,0.1950045976584557,0   191 255,Strength
3288-G299,JJ1,0.195,0.02295870340672,0.1325623826607825,0.195,0   191 255,Fatigue
3289-3288,J80,0.195,0.0700632544404669,0.151050972764717,0.195,0   191 255,Fatigue
2094-2548,3R0,0.063,0.1278589050437995,0.194704022818365,0.194704022818365,0   191 255,Strength
3274-3086,LR4,3.4769628211526614e-05,0.0652152106295164,0.1942640402044708,0.1942640402044708,0   191 255,Strength
4174-4277,950,0.045,0.0504410865482642,0.1941575411769573,0.1941575411769573,0   191 255,Strength
K192-K194,LC1,0.0008061875821791,0.0272184692013079,0.1939257341564938,0.1939257341564938,0   191 255,Strength
3100-3057,CW0,0.149,0.0866988004758848,0.1938261870348969,0.1938261870348969,0   191 255,Strength
K560-K561,TK2,5.257008493755969e-05,0.0330551212464046,0.1936297256027403,0.1936297256027403,0   191 255,Strength
1042-1043,LNB,0.0084398819731992,0.1876598028686651,0.193577052041448,0.193577052041448,0   191 255,Strength
J676-K755,1Q4,0.001,0.1646195703298622,0.1933899053279212,0.1933899053279212,0   191 255,Strength
K607-K605,GL2,6.956264119236429e-06,0.0335022362413077,0.1929848344749288,0.1929848344749288,0   191 255,Strength
300E-3261,CP4,1.1760875437299483e-06,0.0643034260016204,0.192857118020858,0.192857118020858,0   191 255,Strength
1260-1533,HHE,4.629390004146114e-06,0.0547978501641901,0.1926417688101945,0.1926417688101945,0   191 255,Strength
K198-K196,QC1,0.000198320258274,0.0368588694389141,0.1926364781091877,0.1926364781091877,0   191 255,Strength
K234-K221,ET2,0.0026937328747299,0.0353113413909959,0.1922006178451293,0.1922006178451293,0   191 255,Strength
3125-2207,CK4,0.192,0.040621579753415,0.1104706798439725,0.192,0   191 255,Fatigue
3125-G414,3M1,0.192,0.0060168046737958,0.0989050649068334,0.192,0   191 255,Fatigue
3125-2000,XBA,0.192,0.0380736771067048,0.117160748131468,0.192,0   191 255,Fatigue
2262-G128,YF0,0.192,0.0164222718226063,0.151221049233492,0.192,0   191 255,Fatigue
3275-3585,QR4,0.003379724348933,0.0448775376453257,0.1914218742990868,0.1914218742990868,0   191 255,Strength
2540-2541,ZX2,4.732088571311951e-05,0.0536146279807919,0.1914067930256082,0.1914067930256082,0   191 255,Strength
J107-J106,XN2,0.0011475485723244,0.0310201285021852,0.1914022833518372,0.1914022833518372,0   191 255,Strength
K273-K283,8E1,6.887669090085229e-05,0.0328971979683487,0.1913476431406788,0.1913476431406788,0   191 255,Strength
3052-3037,2V0,0.156,0.0878993316290162,0.1912587725623247,0.1912587725623247,0   191 255,Strength
J106-J103,WN2,,0.0308964424881926,0.1911803927922157,0.1911803927922157,0   191 255,Strength
4171-4175,850,0.0006223442055649,0.0724242498270359,0.1907576799713599,0.1907576799713599,0   191 255,Strength
2200-G550,CF0,0.015,0.0158282364486828,0.190414476396925,0.190414476396925,0   191 255,Strength
K648-K650,BM2,6.813294421062024e-05,0.0320548829662685,0.1902960908080213,0.1902960908080213,0   191 255,Strength
3589-3590,NV4,0.058974040607868,0.0542628924282534,0.1898613140911535,0.1898613140911535,0   191 255,Strength
1532-1261,V80,1.0278174784737526e-05,0.04872363986161,0.1897460662791446,0.1897460662791446,0   191 255,Strength
K602-K604,BL2,2.502672091262065e-06,0.028260528849129,0.1895787885044573,0.1895787885044573,0   191 255,Strength
J064-K706,JP4,0.008,0.041181596045074,0.1895300122965965,0.1895300122965965,0   191 255,Strength
K590-J145,9L2,0.0001644463608876,0.0345458606730572,0.1894434479963659,0.1894434479963659,0   191 255,Strength
K517-I032,JM4,0.001175953414254,0.0490581510132332,0.1891661674597289,0.1891661674597289,0   191 255,Strength
K451-J291,QI1,0.0001522404241546,0.04016949053012,0.1884703497767007,0.1884703497767007,0   191 255,Strength
3712-3642,L22,0.0050091169948767,0.0794903779541218,0.1882726900650856,0.1882726900650856,0   191 255,Strength
K490-K403,MJ2,0.0007682356994213,0.0242847595380655,0.1882638404573313,0.1882638404573313,0   191 255,Strength
1515-1222,NY0,0.001,0.147380977029114,0.1882618397469403,0.1882618397469403,0   191 255,Strength
Q902-Q933,6W2,,0.1022154195151066,0.1882580983505739,0.1882580983505739,0   191 255,Strength
K204-K212,UC1,0.0009105418084271,0.0480316330813795,0.188013543511336,0.188013543511336,0   191 255,Strength
3115-300E,BP4,0.0027212145033981,0.0614025903481238,0.1879864988500379,0.1879864988500379,0   191 255,Strength
J292-K487,3U1,0.0022688721162172,0.0347114447540502,0.1876474288304948,0.1876474288304948,0   191 255,Strength
4135-4138,250,0.042,0.1379177743721763,0.1876208016122986,0.1876208016122986,0   191 255,Strength
3171-3167,J22,0.0185787749201059,0.0675027483639746,0.1873067429604804,0.1873067429604804,0   191 255,Strength
J650-K767,PQ4,0.005,0.1649434440362282,0.1872993691119618,0.1872993691119618,0   191 255,Strength
K209-I025,5M4,0.0015131803162129,0.0324890256010967,0.1872655297458087,0.1872655297458087,0   191 255,Strength
K709-J117,PK4,,0.1168400962961873,0.1872234958289277,0.1872234958289277,0   191 255,Strength
K519-K510,6K2,0.0003325962654806,0.0531599121424889,0.1869065092187471,0.1869065092187471,0   191 255,Strength
2509-2153,SU0,0.009,0.0727372668488809,0.1868226017582352,0.1868226017582352,0   191 255,Strength
K778-4793,JK1,0.0,0.1711085744642737,0.1865502051043421,0.1865502051043421,0   191 255,Strength
4149-4793,550,3.7087258789315535e-06,0.1711085744642737,0.1865502051043421,0.1865502051043421,0   191 255,Strength
1313-1318,I20,3.27940476583573e-07,0.0605577935216752,0.1858554534611856,0.1858554534611856,0   191 255,Strength
3642-3168,4X2,0.0006678078054942,0.097825201672863,0.1856208827001209,0.1856208827001209,0   191 255,Strength
J694-J708,BQ2,,0.0385822202988506,0.1855246197355262,0.1855246197355262,0   191 255,Strength
3111-3081,EW0,0.075,0.0855713898762255,0.185393276144385,0.185393276144385,0   191 255,Strength
J684-J694,7Q2,,0.038584819220857,0.185273505323546,0.185273505323546,0   191 255,Strength
J653-J684,JTE,,0.0377158375287827,0.1851402329951868,0.1851402329951868,0   191 255,Strength
4793-E068,E50,0.0,0.1699146528849208,0.1849881042175344,0.1849881042175344,0   191 255,Strength
J670-J672,X11,2.519900990560889e-08,0.13487874838391,0.1849211053302957,0.1849211053302957,0   191 255,Strength
K768-J648,SQ4,0.005,0.165425854050759,0.1843384176372895,0.1843384176372895,0   191 255,Strength
J654-J653,0Q2,0.0004375641586493,0.0345717864895356,0.1839960580210601,0.1839960580210601,0   191 255,Strength
2084-2189,R30,1.85751619308028e-05,0.0544179176283876,0.1835442254280036,0.1835442254280036,0   191 255,Strength
S054-3134,1B4,0.0743203647827099,0.0713169705335736,0.1833174773154233,0.1833174773154233,0   191 255,Strength
JR19-CA13,QE0,3.523638076293266e-05,0.0861441052870161,0.1831360145804341,0.1831360145804341,0   191 255,Strength
K378-J833,7H1,1.682105566676085e-05,0.01984328386656,0.1825022327996346,0.1825022327996346,0   191 255,Strength
J068-I065,DO4,0.0071345419151047,0.026336700031155,0.1824945920805217,0.1824945920805217,0   191 255,Strength
J834-K363,441,1.542375530098061e-05,0.0275270142414222,0.1820267168268868,0.1820267168268868,0   191 255,Strength
2531-2532,ID2,0.0002800652735982,0.0304697027912961,0.1820179350375282,0.1820179350375282,0   191 255,Strength
1369-1414,3T0,0.0,0.1611918778392199,0.1819271101510308,0.1819271101510308,0   191 255,Strength
I065-K158,EO4,0.0071447585575652,0.0302669646022971,0.1819224445980941,0.1819224445980941,0   191 255,Strength
J708-J722,FQ2,,0.0376785453935387,0.1817327346364956,0.1817327346364956,0   191 255,Strength
K630-K649,3M2,9.892321954611836e-05,0.0332375278813257,0.1811709540171578,0.1811709540171578,0   191 255,Strength
4138-E050,350,9.41141775470568e-06,0.128490835148219,0.1809292565459181,0.1809292565459181,0   191 255,Strength
2291-3081,HK4,0.148,0.1807848828166285,0.1738276752785486,0.1807848828166285,0   191 255,Lift
J602-K278,E01,9.988684647041516e-05,0.0341940208238474,0.1806707210348689,0.1806707210348689,0   191 255,Strength
3121-3120,9A4,0.0220734597126605,0.061920607584837,0.1799435436726206,0.1799435436726206,0   191 255,Strength
K738-K206,KN2,0.0009388005525759,0.0308087518633117,0.1797382048399748,0.1797382048399748,0   191 255,Strength
K729-K197,FN2,0.0010019083390612,0.0336411626534899,0.1796923989029485,0.1796923989029485,0   191 255,Strength
J697-J711,EQ2,,0.0440221131017238,0.1796355433971743,0.1796355433971743,0   191 255,Strength
4175-4174,A50,0.0008840192285898,0.0504410865482642,0.1796312501837705,0.1796312501837705,0   191 255,Strength
K561-K559,UK2,5.078339889570325e-05,0.0285852880724609,0.1796246890007775,0.1796246890007775,0   191 255,Strength
J687-J697,AQ2,,0.043991704202363,0.1794357564010108,0.1794357564010108,0   191 255,Strength
3020-3567,LNC,0.1301310679339703,0.0539744747223244,0.179281154946674,0.179281154946674,0   191 255,Strength
J679-J705,321,,0.1092499922620335,0.1792704473019848,0.1792704473019848,0   191 255,Strength
2205-G552,DF0,0.001,0.0078160079135446,0.1791547849995049,0.1791547849995049,0   191 255,Strength
K739-K207,LN2,0.000942362731679,0.0303645235333624,0.1791006491660081,0.1791006491660081,0   191 255,Strength
J638-J679,J11,,0.1153768246102755,0.1790187531929168,0.1790187531929168,0   191 255,Strength
3092-3132,H09,0.179,0.0496944847498224,0.139551190689988,0.179,0   191 255,Fatigue
J663-J687,6Q2,,0.0424594430394963,0.1789331260857525,0.1789331260857525,0   191 255,Strength
3241-3512,HA9,0.016,0.0561584373786988,0.1787781599471866,0.1787781599471866,0   191 255,Strength
3094-3264,HBO,0.0004241375709308,0.0435266746596711,0.1784505394269388,0.1784505394269388,0   191 255,Strength
J674-J675,Z21,2.76124220314228e-08,0.1375707951346467,0.1781061253743547,0.1781061253743547,0   191 255,Strength
3135-3123,CA4,0.0349793310388343,0.0561618555138811,0.1779911736389641,0.1779911736389641,0   191 255,Strength
J688-J698,821,,0.1352551221650612,0.1779078222667132,0.1779078222667132,0   191 255,Strength
K185-K191,HC1,0.0008702827178194,0.029426181740723,0.1779059819588908,0.1779059819588908,0   191 255,Strength
E050-4000,G60,0.0,0.1626541436072331,0.1776852156915925,0.1776852156915925,0   191 255,Strength
J743-4000,IP4,0.0,0.1631659139926742,0.1776807317622143,0.1776807317622143,0   191 255,Strength
4000-4142,150,9.217611476954632e-06,0.1631659139926742,0.1776807317622143,0.1776807317622143,0   191 255,Strength
I011-J758,DL4,0.0086006672822888,0.0330864713446321,0.1776367534450828,0.1776367534450828,0   191 255,Strength
J698-J712,E21,,0.121973633629225,0.1776077773954813,0.1776077773954813,0   191 255,Strength
K502-K407,VJ2,0.0002162600792515,0.1194516522101979,0.1775867978871726,0.1775867978871726,0   191 255,Strength
2568-G355,AJ1,0.022,0.0466328201005865,0.1775813847376672,0.1775813847376672,0   191 255,Strength
K521-J276,8K2,9.874032061248627e-05,0.1126026491806887,0.1774446910762578,0.1774446910762578,0   191 255,Strength
K181-K189,1T2,0.0024784243318838,0.022065826474093,0.1773643075827626,0.1773643075827626,0   191 255,Strength
J647-K768,RQ4,0.005,0.152161276003672,0.1772574898164413,0.1772574898164413,0   191 255,Strength
J712-J726,O21,,0.1069996076971015,0.177191979256298,0.177191979256298,0   191 255,Strength
K168-I011,CL4,0.0085839721809333,0.0373331574355038,0.1768103272492855,0.1768103272492855,0   191 255,Strength
J705-J719,L21,,0.0993908763818925,0.1767413019340282,0.1767413019340282,0   191 255,Strength
3209-3169,SA4,0.109,0.024526996546709,0.1766632462249999,0.1766632462249999,0   191 255,Strength
CA22-CA10,8F0,0.0002728302023737,0.1188308496819247,0.1764237915112626,0.1764237915112626,0   191 255,Strength
1310-1313,G20,4.029897736579963e-07,0.0422576320960809,0.176300303208942,0.176300303208942,0   191 255,Strength
3134-3135,BA4,0.0304363655732568,0.0615317683688297,0.1759946575674673,0.1759946575674673,0   191 255,Strength
J711-J725,IQ2,,0.0438793460978186,0.1758359063888523,0.1758359063888523,0   191 255,Strength
2295-2198,XAG,0.0168791341043973,0.0730353886759494,0.175380801914099,0.175380801914099,0   191 255,Strength
K728-K193,EN2,0.0010046678181704,0.0343293579647304,0.1752480206321547,0.1752480206321547,0   191 255,Strength
J648-J646,P11,5.439459612275016e-09,0.114906458500821,0.175158866576181,0.175158866576181,0   191 255,Strength
I054-K663,SN4,0.0018684890119957,0.0934438262184942,0.1750833677819437,0.1750833677819437,0   191 255,Strength
K411-I035,PM4,0.0018209874799796,0.0336588894292215,0.1742907705384285,0.1742907705384285,0   191 255,Strength
J108-J105,YN2,,0.0357454052005762,0.1742193511217921,0.1742193511217921,0   191 255,Strength
I002-J722,TK4,0.0014154795019112,0.0351404981458453,0.1741153533064926,0.1741153533064926,0   191 255,Strength
G002-1199,EK1,0.002,0.0157513370713309,0.1738240727719509,0.1738240727719509,0   191 255,Strength
J662-J663,5Q2,0.0005675211572326,0.0400483106816483,0.1738161005192515,0.1738161005192515,0   191 255,Strength
K361-J849,QG1,2.550898892743908e-05,0.0228554321778967,0.1737994397495509,0.1737994397495509,0   191 255,Strength
I056-K684,WN4,0.0018474467446366,0.0585826616874845,0.173590181307939,0.173590181307939,0   191 255,Strength
3759-3321,J90,0.148,0.0379841974931397,0.1735302766114854,0.1735302766114854,0   191 255,Strength
2156-2509,GU0,0.011,0.0820528521210821,0.1734302662808466,0.1734302662808466,0   191 255,Strength
J558-J544,OP2,0.0001803249240052,0.1185264588005989,0.1734080250529165,0.1734080250529165,0   191 255,Strength
J666-J688,T11,,0.145402528673564,0.1732170917727385,0.1732170917727385,0   191 255,Strength
J726-K741,Y21,0.001231629206639,0.0912135327273096,0.172937393976572,0.172937393976572,0   191 255,Strength
2089-2092,T30,4.215750786188846e-05,0.0720220976761975,0.1728320487519141,0.1728320487519141,0   191 255,Strength
4146-E059,WZ0,0.004,0.116165542163132,0.1727758081803787,0.1727758081803787,0   191 255,Strength
J641-J642,K11,2.78422312848026e-08,0.1187053938515424,0.1727702825930459,0.1727702825930459,0   191 255,Strength
3122-3154,AA4,0.0143195121544214,0.062669314358126,0.1725995818506625,0.1725995818506625,0   191 255,Strength
J645-J644,M11,2.4678634638786242e-08,0.1166640259573523,0.1725504059670771,0.1725504059670771,0   191 255,Strength
2023-2274,LNZ,0.0196967256137414,0.055727679088407,0.1722563181142502,0.1722563181142502,0   191 255,Strength
I055-K666,UN4,0.0018443306690948,0.0827551054606789,0.1721834546628325,0.1721834546628325,0   191 255,Strength
K182-J654,2T2,0.0004375634226762,0.030528793576417,0.1720593794917329,0.1720593794917329,0   191 255,Strength
3513-3514,HAS,0.172,0.0321890088928219,0.1088225722904229,0.172,0   191 255,Fatigue
2260-G122,WF0,0.172,0.0145020441493869,0.1433566909934192,0.172,0   191 255,Fatigue
3513-G350,2K1,0.172,0.0168594705839395,0.1327151168835406,0.172,0   191 255,Fatigue
3512-3513,HAR,0.172,0.034193200668294,0.1076538461422054,0.172,0   191 255,Fatigue
K196-K200,OC1,0.0001187222824064,0.0357864989253022,0.1719769507169884,0.1719769507169884,0   191 255,Strength
K394-K387,NT2,0.0001961628988878,0.1107508987981182,0.1719698292551824,0.1719698292551824,0   191 255,Strength
3152-3115,GA4,0.0042842000136354,0.0514158951236824,0.1719117705500132,0.1719117705500132,0   191 255,Strength
3154-3152,IA4,0.0067458306538595,0.0548119012114587,0.1718920450798477,0.1718920450798477,0   191 255,Strength
1222-K441,IY0,5.950172984330459e-06,0.121950034073873,0.1718011437360849,0.1718011437360849,0   191 255,Strength
3543-3544,LD1,0.023867003410477,0.0771105848406006,0.1715333848386525,0.1715333848386525,0   191 255,Strength
Q270-4520,N10,,0.1709428367696223,0.1254839546963468,0.1709428367696223,0   191 255,Lift
J683-J693,721,,0.1212849918653091,0.1707365035583923,0.1707365035583923,0   191 255,Strength
1251-1515,JY0,0.001,0.1493034940280144,0.1706506043482815,0.1706506043482815,0   191 255,Strength
K223-K228,8T2,0.0148515314970946,0.0493353841980327,0.1706062515187179,0.1706062515187179,0   191 255,Strength
J692-J706,C21,,0.1277553818033162,0.1705934005098799,0.1705934005098799,0   191 255,Strength
J678-J692,221,,0.1348527159717002,0.1704049788442245,0.1704049788442245,0   191 255,Strength
3201-3576,HDE,0.008,0.0943846871284134,0.1701481636844433,0.1701481636844433,0   191 255,Strength
J693-J707,D21,,0.1091966435972051,0.1698750290533299,0.1698750290533299,0   191 255,Strength
J707-J721,N21,,0.0954507917425377,0.1698096682113627,0.1698096682113627,0   191 255,Strength
J103-J085,TN2,,0.0303784062746903,0.1696352018199628,0.1696352018199628,0   191 255,Strength
J166-K560,RQ1,5.25984268036891e-05,0.041762449083037,0.1695689950978125,0.1695689950978125,0   191 255,Strength
K229-K227,4D1,1.1791329394741257e-06,0.0870026616521903,0.1695185434811449,0.1695185434811449,0   191 255,Strength
2178-G317,PA0,0.071,0.0182347267168843,0.169113365887893,0.169113365887893,0   191 255,Strength
K224-K231,9T2,0.002532585038475,0.0448079210414899,0.1688317480752263,0.1688317480752263,0   191 255,Strength
K403-K412,PH1,0.0007546349555041,0.0288188189331325,0.1686009783222371,0.1686009783222371,0   191 255,Strength
K444-K439,MI1,0.0003054266084936,0.0224818824125067,0.167986481649626,0.167986481649626,0   191 255,Strength
J719-K748,V21,0.0021157848035427,0.0874690679952998,0.1679702121910783,0.1679702121910783,0   191 255,Strength
J725-I009,7L4,0.0012612608782606,0.0421369606446415,0.1678800564381614,0.1678800564381614,0   191 255,Strength
J079-K444,3P1,0.0028142931724016,0.0235131958536257,0.1678088920700853,0.1678088920700853,0   191 255,Strength
3120-3119,8A4,0.010171695974173,0.052786981079932,0.1677439954604999,0.1677439954604999,0   191 255,Strength
J689-J702,921,,0.1305427073269748,0.1676017803339853,0.1676017803339853,0   191 255,Strength
2534-2533,LA2,0.0050979342430801,0.0224545192014813,0.1671432725301298,0.1671432725301298,0   191 255,Strength
J668-J689,U11,,0.1385038282478949,0.1670390763038693,0.1670390763038693,0   191 255,Strength
K222-K234,7T2,0.0023697937134498,0.0342803168057573,0.1669652985894588,0.1669652985894588,0   191 255,Strength
J706-J720,M21,,0.1169787527047091,0.166959700112393,0.166959700112393,0   191 255,Strength
3512-GJ72,1F0,0.016,0.0366921374820232,0.1664080011696603,0.1664080011696603,0   191 255,Strength
1361-1532,MQ0,5.1634825700231705e-06,0.0378496288361294,0.1663030039224352,0.1663030039224352,0   191 255,Strength
K752-J721,NN2,0.000754536748178,0.0807684884377895,0.1662603859371191,0.1662603859371191,0   191 255,Strength
K510-K516,0K2,0.0003407285549321,0.0500326661623683,0.1662553755025119,0.1662553755025119,0   191 255,Strength
K605-K606,EL2,2.167077037730573e-06,0.0280189460008886,0.1656987371173492,0.1656987371173492,0   191 255,Strength
K650-K427,DM2,6.813294650090485e-05,0.0261951211375583,0.165332179226091,0.165332179226091,0   191 255,Strength
K158-K157,KS2,0.0020618422185261,0.0305975932061382,0.1652905842524556,0.1652905842524556,0   191 255,Strength
3289-G302,KJ1,0.163,0.0129362867544837,0.165013521029735,0.165013521029735,0   191 255,Strength
K740-K208,MN2,0.0009286598776957,0.0449859456531989,0.1649865707544402,0.1649865707544402,0   191 255,Strength
1320-1362,N20,0.005,0.0848854925230914,0.1649185072790995,0.1649185072790995,0   191 255,Strength
K218-J662,5T2,0.000567520129798,0.0342537249313855,0.1648731055760917,0.1648731055760917,0   191 255,Strength
K283-J600,IE1,6.887669750316014e-05,0.0270174989015444,0.1647488131221602,0.1647488131221602,0   191 255,Strength
K741-K219,VV2,0.0027492175194862,0.0638690250240128,0.1647453509033521,0.1647453509033521,0   191 255,Strength
2230-G104,GF0,0.012,0.0363485520833762,0.1647241256766823,0.1647241256766823,0   191 255,Strength
J066-K607,VO1,7.249712576128794e-06,0.0632631425882591,0.1646734656604536,0.1646734656604536,0   191 255,Strength
J702-J715,I21,,0.1202131175800485,0.1645098764427997,0.1645098764427997,0   191 255,Strength
J360-J375,EO2,0.0001799747034415,0.1644964551469232,0.09041427433533,0.1644964551469232,0   191 255,Lift
K199-I017,OL4,0.000819851818153,0.0245074812783266,0.1642981582613442,0.1642981582613442,0   191 255,Strength
4191-4190,RX0,8.965744767401293e-07,0.0362017747835306,0.1642187950739372,0.1642187950739372,0   191 255,Strength
2529-G338,6J1,0.023,0.044823384154494,0.1640447857478175,0.1640447857478175,0   191 255,Strength
K210-I024,3M4,0.0007828036592118,0.0305828511493118,0.1639883924147598,0.1639883924147598,0   191 255,Strength
J649-J683,Q11,,0.1301271851089182,0.1638358718136912,0.1638358718136912,0   191 255,Strength
K407-K410,TH1,7.996442759923912e-05,0.1136167948096917,0.1636957360155436,0.1636957360155436,0   191 255,Strength
I057-J292,YN4,0.008676071763581,0.0356453794528733,0.1636090470374762,0.1636090470374762,0   191 255,Strength
K748-J733,0W2,0.0021171133310415,0.0823671013022298,0.1633866714934863,0.1633866714934863,0   191 255,Strength
3126-3289,F80,0.163,0.0860880770342675,0.1505440775146113,0.163,0   191 255,Fatigue
K567-K552,XK2,0.0003449872907438,0.0319531360200274,0.1627717420862165,0.1627717420862165,0   191 255,Strength
2518-2522,8Y2,1.4489681028048369e-06,0.1627262365296719,0.0881026231914373,0.1627262365296719,0   191 255,Lift
K211-I023,1M4,0.0007671523209367,0.0313722501948955,0.1627136109886709,0.1627136109886709,0   191 255,Strength
J251-J243,6T1,,0.1025824210897033,0.1626005874537495,0.1626005874537495,0   191 255,Strength
J664-J666,S11,1.8369286018562423e-09,0.1557551528403997,0.162145830677652,0.162145830677652,0   191 255,Strength
K194-I016,ML4,0.0008061889888014,0.0256003378937138,0.1620636340733347,0.1620636340733347,0   191 255,Strength
J257-J251,CT1,,0.1007711671172468,0.1620357346549598,0.1620357346549598,0   191 255,Strength
3085-3089,KZ0,0.157,0.0719655156823558,0.1617626272521794,0.1617626272521794,0   191 255,Strength
3042-3209,6S4,0.109,0.0212741175548344,0.161671463078222,0.161671463078222,0   191 255,Strength
3612-3274,KR4,0.0014963084371161,0.0622515532026436,0.1615406864357012,0.1615406864357012,0   191 255,Strength
K175-I002,SK4,0.0023536882102816,0.0340393725072155,0.1613741006711314,0.1613741006711314,0   191 255,Strength
J263-J257,IT1,,0.0970319268078958,0.1612361212792826,0.1612361212792826,0   191 255,Strength
CA20-3628,WE0,,0.0402618472102628,0.1612108501369933,0.1612108501369933,0   191 255,Strength
3628-4953,RE0,4.860922598592687e-06,0.0402540700166578,0.1611945870744504,0.1611945870744504,0   191 255,Strength
3005-3007,HBR,0.0016920871010358,0.044269062936666,0.1611650534059025,0.1611650534059025,0   191 255,Strength
K503-I057,XN4,0.0086760695778253,0.0361888107727052,0.1610150887683464,0.1610150887683464,0   191 255,Strength
3230-3266,0P4,0.161,0.038731917987307,0.1170409072367775,0.161,0   191 255,Fatigue
2207-3230,DK4,0.161,0.0379345550801121,0.117399345285847,0.161,0   191 255,Fatigue
J243-J237,YS1,,0.1024911217496371,0.1609986057524047,0.1609986057524047,0   191 255,Strength
K770-J642,WQ4,0.001,0.1369681278437001,0.1604369772005407,0.1604369772005407,0   191 255,Strength
K769-J644,UQ4,0.001,0.1453217292868877,0.1601849726153163,0.1601849726153163,0   191 255,Strength
3119-3114,7A4,0.0065789500488068,0.0510147936734365,0.1600592717056639,0.1600592717056639,0   191 255,Strength
K545-K544,HK2,2.9558870818489445e-05,0.0284532233873317,0.1600531223145891,0.1600531223145891,0   191 255,Strength
K440-K437,KI1,8.808014538039819e-05,0.0278668572974925,0.1600086175094184,0.1600086175094184,0   191 255,Strength
J085-K640,PN2,0.0006051700464595,0.0272467880077061,0.1598476996046228,0.1598476996046228,0   191 255,Strength
K212-I022,ZM4,0.0009105401284523,0.0431492517892174,0.1596846918061502,0.1596846918061502,0   191 255,Strength
J638-J637,I11,6.193793512806934e-08,0.1176498815297049,0.1595022394363539,0.1595022394363539,0   191 255,Strength
K559-J146,SK2,5.077691053492594e-05,0.0211181042890256,0.1592271000667898,0.1592271000667898,0   191 255,Strength
3611-3214,7V4,0.00180751254392,0.0744581897101576,0.1590940440820095,0.1590940440820095,0   191 255,Strength
I037-K502,UM4,0.0002162600963288,0.111721475123196,0.1586934429918637,0.1586934429918637,0   191 255,Strength
K142-J751,DS2,0.0086461396335889,0.0325059552668593,0.1583508185849859,0.1583508185849859,0   191 255,Strength
1527-1308,PT0,0.005,0.0666494673766571,0.1582393100584261,0.1582393100584261,0   191 255,Strength
K608-K618,HL2,5.944537261717951e-07,0.0562064258119903,0.1580994206611471,0.1580994206611471,0   191 255,Strength
1359-1412,1T0,0.001,0.1577387430833678,0.1493279890382661,0.1577387430833678,0   191 255,Lift
J276-J263,TT1,,0.0913969695045525,0.1576258886046379,0.1576258886046379,0   191 255,Strength
I007-K142,4L4,0.0086558405985644,0.028066953578616,0.157386019282612,0.157386019282612,0   191 255,Strength
1513-1251,MY0,3.43547135578881e-06,0.1206157723660729,0.157308908100947,0.157308908100947,0   191 255,Strength
K730-K198,GN2,0.0001983201401636,0.0372945871968709,0.1572958838505417,0.1572958838505417,0   191 255,Strength
3759-G071,6K1,0.148,0.0074858543400692,0.1572694749323276,0.1572694749323276,0   191 255,Strength
K727-K188,DN2,0.0008969411676368,0.0273735732502043,0.1570798608012842,0.1570798608012842,0   191 255,Strength
J720-K745,X21,0.0020363619993654,0.1042084259637782,0.1570085968376406,0.1570085968376406,0   191 255,Strength
1198-G311,1A0,0.003,0.0160977178226201,0.1569429650093203,0.1569429650093203,0   191 255,Strength
J284-I059,1O4,0.0015997565508501,0.0644245950092737,0.1566655555507793,0.1566655555507793,0   191 255,Strength
J443-K578,UO2,,0.0506758035885617,0.1566046807317192,0.1566046807317192,0   191 255,Strength
1548-1549,RY0,1.4574935611138485e-06,0.1565403749605134,0.0553980533842825,0.1565403749605134,0   191 255,Lift
J715-K742,R21,0.0024628707491797,0.107631868325803,0.156521357169294,0.156521357169294,0   191 255,Strength
K171-K176,TS2,0.0139508400443672,0.0233154800583931,0.1564086352354317,0.1564086352354317,0   191 255,Strength
K179-K752,ZT2,0.0016967328102446,0.0559031226982476,0.1563509210953183,0.1563509210953183,0   191 255,Strength
J237-J231,SS1,,0.1020298292867973,0.1562515166427853,0.1562515166427853,0   191 255,Strength
K771-J637,YQ4,0.001,0.144257483408276,0.1558994512505718,0.1558994512505718,0   191 255,Strength
K640-K443,7M2,0.000605170042637,0.0311912080212963,0.1557166119854086,0.1557166119854086,0   191 255,Strength
J848-K346,G41,1.250670925942998e-05,0.030187563595491,0.1554174532193758,0.1554174532193758,0   191 255,Strength
1362-1413,2T0,0.0,0.155289998198,0.1346156933612212,0.155289998198,0   191 255,Lift
I009-K224,8L4,0.002538992064269,0.0441180980862958,0.1549013143473419,0.1549013143473419,0   191 255,Strength
J105-J104,VN2,,0.0289504167365841,0.1546967045809645,0.1546967045809645,0   191 255,Strength
3509-3002,S12,0.0025391468070993,0.0536129011953473,0.1543721256529516,0.1543721256529516,0   191 255,Strength
J733-K160,MQ2,0.0086989371662911,0.0734444215085244,0.1541024195616921,0.1541024195616921,0   191 255,Strength
K595-G421,AN1,0.154,0.0049882280726063,0.1268980758610966,0.154,0   191 255,Fatigue
2297-K595,XR4,0.154,0.0449077669051624,0.1019287972570092,0.154,0   191 255,Fatigue
3266-K595,1P4,0.154,0.0418592448819476,0.0812311787830414,0.154,0   191 255,Fatigue
G017-2141,GK1,0.059,0.0149889208860944,0.1538869989901147,0.1538869989901147,0   191 255,Strength
K191-I015,KL4,0.0008702812712998,0.035468710005106,0.1538123668531678,0.1538123668531678,0   191 255,Strength
K227-K230,3D1,4.079800275919831e-07,0.0825309889499831,0.1537931273868473,0.1537931273868473,0   191 255,Strength
J643-K769,TQ4,0.001,0.1323897496180147,0.1537547231120865,0.1537547231120865,0   191 255,Strength
I014-J752,JL4,0.0069648822127963,0.0362932257125056,0.1537274737875598,0.1537274737875598,0   191 255,Strength
K439-K447,JI1,4.62412384922179e-05,0.0221503785301109,0.1536632146299037,0.1536632146299037,0   191 255,Strength
K491-K404,NJ2,0.0002363381639995,0.0208940152210076,0.1533602432246119,0.1533602432246119,0   191 255,Strength
J376-J360,SV1,0.0001799747034429,0.1533463160764003,0.0808393151070255,0.1533463160764003,0   191 255,Lift
2261-G125,XF0,0.153,0.0177704580922674,0.1325691687470875,0.153,0   191 255,Fatigue
J741-I014,IL4,0.0069635177130124,0.0398263488840445,0.1529918128073766,0.1529918128073766,0   191 255,Strength
3143-3269,XBR,0.0408078192782358,0.0658712255226888,0.1529497021386517,0.1529497021386517,0   191 255,Strength
J231-J223,MS1,,0.1003183320586216,0.1528845868416049,0.1528845868416049,0   191 255,Strength
J669-J668,V11,9.662819834760232e-08,0.1351795277025489,0.1528589168418817,0.1528589168418817,0   191 255,Strength
J677-J678,121,5.897855088798101e-08,0.1343978919577949,0.1525449182924804,0.1525449182924804,0   191 255,Strength
K676-K675,KM2,7.00799497553398e-06,0.0506955643016032,0.1522527488841777,0.1522527488841777,0   191 255,Strength
K745-J734,ZW2,0.0020394978078825,0.0988278045684385,0.1520300992734266,0.1520300992734266,0   191 255,Strength
E334-E407,210,,0.0804883855511587,0.1515098426300934,0.1515098426300934,0   191 255,Strength
E053-E054,P00,,0.0868038869805215,0.1513096392720365,0.1513096392720365,0   191 255,Strength
J375-J377,IO2,4.971835533085085e-05,0.1512774291313975,0.0729397027992757,0.1512774291313975,0   191 255,Lift
I058-J268,0O4,0.0043138334929803,0.0812155787353452,0.1512528096087358,0.1512528096087358,0   191 255,Strength
K265-K258,0E1,9.305129289086208e-07,0.1099278318023919,0.1511989402681838,0.1511989402681838,0   191 255,Strength
K190-K181,3T2,0.0021587033479138,0.0219497373451358,0.151113939119277,0.151113939119277,0   191 255,Strength
J511-J512,8P2,0.0001668722048034,0.1021881558342575,0.1510699150267295,0.1510699150267295,0   191 255,Strength
3227-3270,5P4,0.151,0.0349969368858105,0.0852815409398109,0.151,0   191 255,Fatigue
3227-3143,XA8,0.151,0.0359347675176843,0.0859427832373018,0.151,0   191 255,Fatigue
3227-G410,QM1,0.151,0.0340383810748565,0.1459895592906699,0.151,0   191 255,Fatigue
J288-K490,0U1,0.0007682357168722,0.0240617511262417,0.1509857266612189,0.1509857266612189,0   191 255,Strength
K478-I063,9O4,0.0022190809899863,0.0268375917784959,0.1508234385291365,0.1508234385291365,0   191 255,Strength
K742-J728,WV2,0.0024690352413314,0.1006362162940674,0.1507363903232598,0.1507363903232598,0   191 255,Strength
3640-3549,LNY,0.0023042783665911,0.1506785576924525,0.1502816580491641,0.1506785576924525,0   191 255,Lift
J485-J483,6P2,4.581235167432125e-05,0.1506061353092144,0.0778683886467421,0.1506061353092144,0   191 255,Lift
I063-K599,AO4,0.0022190842293084,0.0291748952307286,0.1504386993972476,0.1504386993972476,0   191 255,Strength
3249-3036,Q12,0.0024295239458884,0.0523246861553473,0.1498853937020245,0.1498853937020245,135 206 250,Strength
J651-J649,R11,1.6729939645868764e-09,0.1385156139980481,0.1498526782366685,0.1498526782366685,135 206 250,Strength
1472-L052,OT0,4.945483593495337e-08,0.0475896820430558,0.1497467304460694,0.1497467304460694,135 206 250,Strength
2171-G314,NA0,0.061,0.0140354065990002,0.1493075873832681,0.1493075873832681,135 206 250,Strength
3148-3611,FA4,0.0071756737004239,0.0577623094858013,0.1492298857426412,0.1492298857426412,135 206 250,Strength
J823-K229,W31,1.179133940541961e-06,0.0826976432373703,0.1490537136516663,0.1490537136516663,135 206 250,Strength
K531-I058,ZO4,0.0043138319935336,0.0926617162163504,0.1488764164261027,0.1488764164261027,135 206 250,Strength
3092-3175,H12,0.092,0.0516520677334154,0.1488493738639046,0.1488493738639046,135 206 250,Strength
K161-I007,3L4,0.005631678412586,0.0276822145289162,0.1485895228336703,0.1485895228336703,135 206 250,Strength
4239-E495,000,,0.0790276301945547,0.1485108392414922,0.1485108392414922,135 206 250,Strength
2267-G143,3J1,0.008,0.0413698670381439,0.1484409884083141,0.1484409884083141,135 206 250,Strength
3209-G041,DM1,0.109,0.019615435257388,0.1483922482901845,0.1483922482901845,135 206 250,Strength
3101-3010,3X0,0.005,0.0848844354059373,0.1483372027678567,0.1483372027678567,135 206 250,Strength
X001-3101,4F0,0.005,0.0133894968062463,0.1483372027678567,0.1483372027678567,135 206 250,Strength
J223-J217,ES1,,0.0969834821852067,0.1475700264395308,0.1475700264395308,135 206 250,Strength
J117-K707,NK4,,0.1057745193019313,0.147328463770209,0.147328463770209,135 206 250,Strength
J640-K770,VQ4,0.001,0.1257327244226679,0.1469391222016582,0.1469391222016582,135 206 250,Strength
J272-K519,RT1,0.0003325962483181,0.0484360205399549,0.1467700811103008,0.1467700811103008,135 206 250,Strength
K544-K470,GK2,2.675633095791508e-05,0.02702601236293,0.1467202514807686,0.1467202514807686,135 206 250,Strength
K663-K665,7V2,5.5106448340142746e-05,0.0871300302973447,0.1465838536060035,0.1465838536060035,135 206 250,Strength
K584-J443,JU2,0.006154814969658,0.0472627963285238,0.1463152618204596,0.1463152618204596,135 206 250,Strength
1538-1574,HW2,0.0001379759698956,0.0197989491259218,0.1461568809829644,0.1461568809829644,135 206 250,Strength
3653-3201,BI2,3.409691708849674e-05,0.0819097766792363,0.1461478547798971,0.1461478547798971,135 206 250,Strength
3006-3009,A80,0.000505346942019,0.0467758590129657,0.1460444385972777,0.1460444385972777,135 206 250,Strength
K515-I038,VM4,0.0001031117333266,0.0874510295330671,0.1460224202689301,0.1460224202689301,135 206 250,Strength
J639-K771,XQ4,0.001,0.12494206631363,0.1458545103094205,0.1458545103094205,135 206 250,Strength
K684-K686,NV2,5.382217384948886e-05,0.0538665240054192,0.1458199041863824,0.1458199041863824,135 206 250,Strength
K157-K159,IS2,0.0031674814816234,0.0296149487658551,0.1457801452957456,0.1457801452957456,135 206 250,Strength
3013-3101,HBY,0.005,0.0809097573554344,0.1456492952844826,0.1456492952844826,135 206 250,Strength
K228-K226,CT2,0.0026991358493914,0.0471984868126024,0.1455604366775006,0.1455604366775006,135 206 250,Strength
K618-K619,RL2,3.8787851989698563e-07,0.052513038496309,0.1444912838532799,0.1444912838532799,135 206 250,Strength
K172-K175,US2,0.0023571235517939,0.0267893316880813,0.1444815980946349,0.1444815980946349,135 206 250,Strength
K685-I056,VN4,0.0018462366242927,0.0509178873421187,0.1444474258669046,0.1444474258669046,135 206 250,Strength
K219-K236,6T2,0.0027463756474596,0.0416862575299357,0.1443805272795154,0.1443805272795154,135 206 250,Strength
K666-K668,9V2,5.039215712144173e-05,0.0769922340490144,0.1443473791634973,0.1443473791634973,135 206 250,Strength
J728-K167,JQ2,0.0079008837004027,0.0936817772007689,0.1443249883861021,0.1443249883861021,135 206 250,Strength
K412-I036,RM4,0.0007546347869973,0.053942893532276,0.1441526217334303,0.1441526217334303,135 206 250,Strength
K231-K225,DT2,0.0006540787876533,0.0434517645405701,0.1440520386626398,0.1440520386626398,135 206 250,Strength
E054-E055,Q00,,0.0868038060458511,0.1439724258011926,0.1439724258011926,135 206 250,Strength
4142-4792,TZ0,1.4222433592678645e-05,0.06259240824493,0.1437391467323352,0.1437391467323352,135 206 250,Strength
K220-I010,9L4,0.0033427160879323,0.0362540281198255,0.1435055522531107,0.1435055522531107,135 206 250,Strength
K547-K546,JK2,1.2139069448081822e-05,0.0249375167578548,0.1432861519969849,0.1432861519969849,135 206 250,Strength
K236-K220,FT2,0.0020006670147526,0.0370077937378867,0.1432545817695776,0.1432545817695776,135 206 250,Strength
J061-J062,JT9,4.15807692702007e-07,0.0665332550099148,0.1431428927702963,0.1431428927702963,135 206 250,Strength
4238-3569,Z00,,0.0709836865339175,0.1431406538747968,0.1431406538747968,135 206 250,Strength
K667-I055,TN4,0.0018422459813715,0.0741519449209149,0.1431120964193773,0.1431120964193773,135 206 250,Strength
J743-J061,HP4,4.158077140527953e-07,0.098173324334859,0.1429902757309202,0.1429902757309202,135 206 250,Strength
K200-I018,QL4,0.0001187225699509,0.0334615849638446,0.142554631657072,0.142554631657072,135 206 250,Strength
J734-J740,NQ2,0.0078257941235798,0.0894733243271933,0.1420013950857311,0.1420013950857311,135 206 250,Strength
K516-I040,ZN4,0.0003407285117911,0.0558249188052515,0.1418028477678761,0.1418028477678761,135 206 250,Strength
J145-J141,6Q1,,0.0364807502467228,0.1412619768701603,0.1412619768701603,135 206 250,Strength
J833-J867,341,,0.0123010344990148,0.141255362228355,0.141255362228355,135 206 250,Strength
J193-J165,JR1,2.915278694312455e-05,0.0649554265432682,0.1410269446269583,0.1410269446269583,135 206 250,Strength
J217-J211,7S1,,0.0922246427143847,0.1408416401167241,0.1408416401167241,135 206 250,Strength
K552-K572,MK2,0.0002971728379284,0.029492134827787,0.1405849774349289,0.1405849774349289,135 206 250,Strength
J787-J801,E31,0.0008662496724321,0.0292380862370662,0.1403688910732344,0.1403688910732344,135 206 250,Strength
K475-K472,EJ2,6.572647632928074e-06,0.0383626321452308,0.1402924382808427,0.1402924382808427,135 206 250,Strength
J849-J870,H41,,0.0167707140595811,0.1402695849264182,0.1402695849264182,135 206 250,Strength
1367-1533,NQ0,6.114325071405676e-06,0.0392527392425141,0.1401861859402708,0.1401861859402708,135 206 250,Strength
K433-K430,FI1,0.0002090179922033,0.0230901876082752,0.1400245320335791,0.1400245320335791,135 206 250,Strength
J740-J738,SQ2,0.007892606910517,0.0443647102687099,0.1398740529530772,0.1398740529530772,135 206 250,Strength
J377-J346,JO2,4.971836152314958e-05,0.139444890469194,0.1260545702285267,0.139444890469194,135 206 250,Lift
J773-J787,831,0.0008708198926535,0.028597081521631,0.1393945859965351,0.1393945859965351,135 206 250,Strength
K437-K445,HI1,2.131677927113921e-05,0.0272907602914306,0.1393077298771789,0.1393077298771789,135 206 250,Strength
K410-J282,WH1,7.996439992924742e-05,0.1031056792801988,0.1392512829394449,0.1392512829394449,135 206 250,Strength
3232-3020,LNE,0.0549417032644216,0.0507429048865649,0.1392198020990658,0.1392198020990658,135 206 250,Strength
4699-4191,WX0,3.4351208028064897e-07,0.0402444825387503,0.139177732324524,0.139177732324524,135 206 250,Strength
3584-3580,MV4,0.015182371088491,0.0512011620448067,0.1391481434726315,0.1391481434726315,135 206 250,Strength
J483-J487,5P2,4.007856880670786e-05,0.1389935003917771,0.0630094302410413,0.1389935003917771,135 206 250,Lift
J339-I045,9N4,0.0016197139217415,0.0918578223244156,0.1387990201612163,0.1387990201612163,135 206 250,Strength
J350-J339,8O2,,0.0973422809813769,0.1387245854525544,0.1387245854525544,135 206 250,Strength
J104-J094,UN2,,0.0280429187694848,0.1385888382930399,0.1385888382930399,135 206 250,Strength
K675-K677,JM2,3.4757427190958224e-06,0.0473027397010344,0.1385139908211204,0.1385139908211204,135 206 250,Strength
3505-G368,JSX,0.115,0.0172522408329071,0.1384833541421072,0.1384833541421072,135 206 250,Strength
K734-K222,UV2,0.0023694510009152,0.0322003152562522,0.1383871022630618,0.1383871022630618,135 206 250,Strength
J347-J350,6O2,,0.100540358157717,0.1383076551857777,0.1383076551857777,135 206 250,Strength
4520-Q162,F00,,0.1381757372887765,0.1297807276039163,0.1381757372887765,135 206 250,Lift
J801-J811,K31,,0.0294347496966594,0.1379820265606492,0.1379820265606492,135 206 250,Strength
K404-K413,QH1,0.0002702842230332,0.0302067559678058,0.1379273810218991,0.1379273810218991,135 206 250,Strength
E353-E423,310,,0.0720887157754043,0.1378091026798968,0.1378091026798968,135 206 250,Strength
J186-K545,BR1,2.959667224219936e-05,0.0250537615209954,0.1377622649110392,0.1377622649110392,135 206 250,Strength
J759-J773,JT3,,0.0269139788791873,0.1377517200664734,0.1377517200664734,135 206 250,Strength
J278-I060,3O4,0.0007323496023153,0.0706207761102417,0.1375210773226029,0.1375210773226029,135 206 250,Strength
K258-K272,TD1,2.618239419767744e-07,0.1045729726017962,0.1374302902167208,0.1374302902167208,135 206 250,Strength
K612-K613,LL2,6.042587799599294e-07,0.0583527578877824,0.137345048375196,0.137345048375196,135 206 250,Strength
3538-G371,3N1,0.096,0.0370142504153384,0.1373139362794633,0.1373139362794633,135 206 250,Strength
2173-G452,OA0,0.082,0.0159716301394561,0.1371254512706619,0.1371254512706619,135 206 250,Strength
J811-J835,Q31,,0.0297355359310299,0.1370713439387965,0.1370713439387965,135 206 250,Strength
2170-G174,MA0,0.097,0.0146479118421247,0.1366034460862978,0.1366034460862978,135 206 250,Strength
1121-G305,ZA0,0.005,0.0153723343785333,0.1361941807433473,0.1361941807433473,135 206 250,Strength
J007-K608,BN1,5.94386634210178e-07,0.0520728965935369,0.1360339747260951,0.1360339747260951,135 206 250,Strength
3263-300G,EP4,1.4931352601591352e-06,0.0647997877629352,0.1359769915892807,0.1359769915892807,135 206 250,Strength
K383-K381,CH1,1.291065969192652e-05,0.0586667578750614,0.1359614954886247,0.1359614954886247,135 206 250,Strength
J759-K731,Z31,0.0281284382632792,0.0238251923589537,0.1358261924907874,0.1358261924907874,135 206 250,Strength
K151-K148,8C1,5.061700390201719e-06,0.0344315509653589,0.13527403641908,0.13527403641908,135 206 250,Strength
J835-I019,TL4,2.445731732488174e-07,0.0297889827203961,0.1350145186287323,0.1350145186287323,135 206 250,Strength
K442-1193,F10,2.2637040509481443e-07,0.083877385105831,0.1347950158528025,0.1347950158528025,135 206 250,Strength
K664-I054,RN4,0.0018643887058917,0.0814717310215555,0.1344302115920531,0.1344302115920531,135 206 250,Strength
K178-K174,YS2,0.0012612806729227,0.024109536783185,0.134227284504882,0.134227284504882,135 206 250,Strength
I003-K178,VK4,0.0025124368522726,0.0238044730240847,0.1341470052223857,0.1341470052223857,135 206 250,Strength
K688-K687,NM2,6.275074451916116e-06,0.036119135551011,0.1340036454854266,0.1340036454854266,135 206 250,Strength
J346-J347,5O2,,0.1031457466877096,0.13394166375798,0.13394166375798,135 206 250,Strength
J862-K265,P41,9.3051455611588e-07,0.1038582832607448,0.1336728692250366,0.1336728692250366,135 206 250,Strength
K174-K179,WS2,0.0016864709305024,0.0332241283625356,0.1333745707459341,0.1333745707459341,135 206 250,Strength
0017-G440,W90,0.0,0.0280437425067896,0.1333146140357171,0.1333146140357171,135 206 250,Strength
K144-K163,FS2,0.001059767993097,0.0373274089516559,0.1332478361129696,0.1332478361129696,135 206 250,Strength
J211-J205,1S1,,0.0860874335911288,0.1327802061565623,0.1327802061565623,135 206 250,Strength
K481-K503,RT2,0.0014605195292283,0.0371142705767728,0.1325476507620851,0.1325476507620851,135 206 250,Strength
K167-K165,RS2,0.0079259968336214,0.0437771521971372,0.1324293580727184,0.1324293580727184,135 206 250,Strength
I045-J341,AN4,0.0016190108198153,0.0821638838569405,0.1323897601459779,0.1323897601459779,135 206 250,Strength
K518-K509,5K2,8.443389038965207e-05,0.0493407170056378,0.1323280337966488,0.1323280337966488,135 206 250,Strength
K385-K380,EH1,6.336065272515435e-06,0.0449844519268418,0.1321508116298305,0.1321508116298305,135 206 250,Strength
K159-J102,LS2,0.0031601206361705,0.0273678744751047,0.1311174679501323,0.1311174679501323,135 206 250,Strength
3519-3520,H17,0.077,0.0425590931327205,0.1310406689291543,0.1310406689291543,135 206 250,Strength
L052-K892,1U0,0.0,0.0460645448841726,0.1308991514412071,0.1308991514412071,135 206 250,Strength
K546-K691,IK2,1.1053706783673884e-05,0.02196124525045,0.130602784676416,0.130602784676416,135 206 250,Strength
J089-K440,9P1,8.857624931506961e-05,0.0266713211574985,0.1301523331616496,0.1301523331616496,135 206 250,Strength
K472-K457,BJ2,2.2107883900225803e-06,0.0368929099782686,0.1297925499396592,0.1297925499396592,135 206 250,Strength
K716-K637,AN2,3.927954376885172e-06,0.060986508803517,0.1297119984412527,0.1297119984412527,135 206 250,Strength
K682-K681,LV2,0.0001239047075266,0.042216980706152,0.1297062710206264,0.1297062710206264,135 206 250,Strength
J747-J744,WQ2,0.0046194877531724,0.0396697126500472,0.1295228222249195,0.1295228222249195,135 206 250,Strength
K604-J074,DL2,0.0002009009950499,0.0279460564904946,0.1294432479501603,0.1294432479501603,135 206 250,Strength
K582-K488,4L2,3.614972899674906e-06,0.0607737748805791,0.129433006137791,0.129433006137791,135 206 250,Strength
J368-K676,MV1,7.007995720699556e-06,0.0446347015285956,0.1293771571484648,0.1293771571484648,135 206 250,Strength
J448-J450,YO2,0.0459692306631616,0.0352247252109151,0.129345292870124,0.129345292870124,135 206 250,Strength
I049-J448,IN4,0.0459670145564896,0.0415493721606381,0.1291357643283108,0.1291357643283108,135 206 250,Strength
J458-J485,4P2,4.581234437764199e-05,0.1291187271811469,0.0641103640763572,0.1291187271811469,135 206 250,Lift
1536-1538,GW2,3.265552281749636e-05,0.0348297620692936,0.128996618871468,0.128996618871468,135 206 250,Strength
J099-K433,IP1,0.0002090180029062,0.024182868458663,0.1288487013040475,0.1288487013040475,135 206 250,Strength
K177-K171,XS2,0.0021591901633695,0.0225295701954905,0.1287544134524527,0.1287544134524527,135 206 250,Strength
K578-J445,HU2,,0.0466473296277448,0.1286973839394931,0.1286973839394931,135 206 250,Strength
3514-3515,HAT,0.086,0.032996842830281,0.1286762112863195,0.1286762112863195,135 206 250,Strength
3514-G347,3K1,0.086,0.010382015145946,0.1285795401985822,0.1285795401985822,135 206 250,Strength
I010-K223,AL4,0.0148570960205728,0.0456333970908431,0.1277958692434598,0.1277958692434598,135 206 250,Strength
K670-K669,CV2,0.0001556357663347,0.0430638320858178,0.1277492467606787,0.1277492467606787,135 206 250,Strength
1559-1566,J70,3.4326848134993658e-06,0.0818811570424952,0.1274992534224724,0.1274992534224724,135 206 250,Strength
I004-K164,XK4,0.0009521071390558,0.0307191977617762,0.1274574310162274,0.1274574310162274,135 206 250,Strength
K164-K144,OS2,0.0009451577058912,0.0316253222652084,0.1274321278034483,0.1274321278034483,135 206 250,Strength
4152-4157,650,0.02,0.1135881937530707,0.1274229761409503,0.1274229761409503,135 206 250,Strength
J792-J806,J31,0.0009574412029029,0.0276231848923311,0.1273605743038003,0.1273605743038003,135 206 250,Strength
1362-1567,ZH2,0.01,0.0935438320721121,0.1272172453777051,0.1272172453777051,135 206 250,Strength
J806-J816,P31,,0.0279958748765222,0.1271860435518906,0.1271860435518906,135 206 250,Strength
J778-J792,D31,0.0009627151505926,0.027411997869717,0.1271647340215455,0.1271647340215455,135 206 250,Strength
1568-2509,1H2,0.003,0.066918478049444,0.1271538749769485,0.1271538749769485,135 206 250,Strength
4792-E051,K00,6.01985863115837e-06,0.0634868674293548,0.1270246851136908,0.1270246851136908,135 206 250,Strength
3567-3641,K22,0.0156666567073707,0.0477955517225268,0.1267879170711459,0.1267879170711459,135 206 250,Strength
J479-J477,VX1,3.527852720856405e-05,0.0489855124554737,0.1266821754843553,0.1266821754843553,135 206 250,Strength
K470-J170,9J2,2.6702722739728524e-05,0.0270244872021651,0.1266452752517733,0.1266452752517733,135 206 250,Strength
J824-J864,X31,,0.0160425705490425,0.1265446724817382,0.1265446724817382,135 206 250,Strength
K731-K177,RV2,0.0281112062293345,0.0224049677503948,0.1264821226665867,0.1264821226665867,135 206 250,Strength
J764-J778,731,,0.0263331446291099,0.1263957154533219,0.1263957154533219,135 206 250,Strength
K430-K435,CI1,3.295156138364812e-05,0.0227424076626932,0.1262300474806843,0.1262300474806843,135 206 250,Strength
K138-J115,KK4,,0.1181725457284894,0.1262140042812625,0.1262140042812625,135 206 250,Strength
3646-3070,1X2,0.0001414467954884,0.0509589207059871,0.1258595211716198,0.1258595211716198,135 206 250,Strength
4961-JR19,CA1,3.216102175439293e-05,0.0495648688926327,0.125455980261756,0.125455980261756,135 206 250,Strength
K613-K614,ML2,3.99498125868777e-07,0.0545765121715859,0.1252137315192443,0.1252137315192443,135 206 250,Strength
K717-K693,BN2,4.190300101680636e-06,0.0607472634301501,0.1251508863452287,0.1251508863452287,135 206 250,Strength
K585-K489,5L2,3.820442474262529e-06,0.0604495610914802,0.1251205761294532,0.1251205761294532,135 206 250,Strength
K811-K901,XT0,0.0,0.0444408878608693,0.1249877550825093,0.1249877550825093,135 206 250,Strength
K811-G530,OL1,0.0,0.0456325237013267,0.1249877550825093,0.1249877550825093,135 206 250,Strength
K733-K190,TV2,0.0021602104851786,0.0239293058046307,0.1249448007987248,0.1249448007987248,135 206 250,Strength
J816-J850,U31,,0.027702826199334,0.124818997528417,0.124818997528417,135 206 250,Strength
K230-K373,5D1,4.079793829451243e-07,0.0722673654129146,0.1246979405098221,0.1246979405098221,135 206 250,Strength
4184-3576,OX0,0.001,0.1182807462012552,0.124678969043886,0.124678969043886,135 206 250,Strength
J518-K685,CP2,0.0016970319484141,0.0547995174517323,0.1246373576961184,0.1246373576961184,135 206 250,Strength
K892-K802,YT0,0.0,0.0452408159721217,0.1245813048920009,0.1245813048920009,135 206 250,Strength
K802-G506,NL1,0.0,0.0458948405884508,0.1245813048920009,0.1245813048920009,135 206 250,Strength
J538-K664,GP2,0.0017940268748411,0.0783029616200303,0.1244469964314728,0.1244469964314728,135 206 250,Strength
K633-1305,VT0,0.0,0.0525098050536966,0.1244308408796631,0.1244308408796631,135 206 250,Strength
1319-K811,VS0,0.0,0.0456325237013267,0.1242471025586948,0.1242471025586948,135 206 250,Strength
K736-J764,IN2,0.0310849275329937,0.0248798901494593,0.1241760546101259,0.1241760546101259,135 206 250,Strength
K619-K479,TL2,3.872723914245753e-07,0.0452340861292235,0.1241464819234066,0.1241464819234066,135 206 250,Strength
1314-1317,J20,6.195999513330392e-06,0.1105899771566177,0.1241065690310658,0.1241065690310658,135 206 250,Strength
J076-K475,1P1,6.572647725379337e-06,0.0370285906391715,0.1240978797978679,0.1240978797978679,135 206 250,Strength
J752-J766,0R2,,0.025511337167639,0.124089706516547,0.124089706516547,135 206 250,Strength
J141-J139,4Q1,,0.0418576804539182,0.1240318227146191,0.1240318227146191,135 206 250,Strength
K802-1315,WT0,0.0,0.0458948405884508,0.1238548740787465,0.1238548740787465,135 206 250,Strength
K381-K382,AH1,1.0747477587223048e-05,0.0565011422931845,0.1237503800763047,0.1237503800763047,135 206 250,Strength
K443-K438,LI1,0.0001179615219733,0.0353240306327005,0.1236900729017895,0.1236900729017895,135 206 250,Strength
J286-K500,3O2,0.000945246748068,0.063958892443516,0.1236463004277831,0.1236463004277831,135 206 250,Strength
L052-G500,UL1,0.0,0.0475896820430558,0.1236438172057361,0.1236438172057361,135 206 250,Strength
K901-1433,ZU0,5.964659201544574e-09,0.0440926463081971,0.1236413752010798,0.1236413752010798,135 206 250,Strength
K901-G527,RL1,0.0,0.0444408878608693,0.1236413752010798,0.1236413752010798,135 206 250,Strength
K892-G503,QL1,0.0,0.0455596671742991,0.1235534572619137,0.1235534572619137,135 206 250,Strength
J205-J198,VR1,,0.0792064984208473,0.1235526464829824,0.1235526464829824,135 206 250,Strength
J280-K491,VT1,0.0002363381678585,0.0203015782495092,0.123431403113053,0.123431403113053,135 206 250,Strength
1537-1540,0Y2,8.073354959927188e-06,0.0354820420511499,0.1234073071115957,0.1234073071115957,135 206 250,Strength
J635-K667,ZQ2,0.0017136909203912,0.0679132881919288,0.1233230262918183,0.1233230262918183,135 206 250,Strength
K148-K152,5C1,1.4900826762472692e-06,0.0331862440285414,0.1231359563909702,0.1231359563909702,135 206 250,Strength
K214-K213,0D1,5.392906377912842e-07,0.0399612455080492,0.1229827549361344,0.1229827549361344,135 206 250,Strength
1433-L045,DT0,5.964659208164107e-09,0.0449689755973659,0.1227563217659018,0.1227563217659018,135 206 250,Strength
L045-G524,TL1,0.0,0.0456881683894402,0.1227563217659018,0.1227563217659018,135 206 250,Strength
E423-E460,510,,0.0730397783887256,0.1226485165722216,0.1226485165722216,135 206 250,Strength
J487-J444,7P2,4.0078572763907664e-05,0.1225623607195219,0.055561306064679,0.1225623607195219,135 206 250,Lift
E407-E439,410,,0.082781538948497,0.1222706010051294,0.1222706010051294,135 206 250,Strength
E062-E063,W00,,0.0775851974561534,0.1220448381534485,0.1220448381534485,135 206 250,Strength
E063-E064,X00,,0.0775852632236558,0.1220201408577116,0.1220201408577116,135 206 250,Strength
J354-I046,BN4,0.0016740066361191,0.0462822554997396,0.1220200027861474,0.1220200027861474,135 206 250,Strength
L045-GF66,0U0,1.1187621330428342e-07,0.0456881683894402,0.1219687708457876,0.1219687708457876,135 206 250,Strength
1191-1510,FY0,8.507959787581196e-07,0.0936380093074946,0.1219568480483621,0.1219568480483621,135 206 250,Strength
J356-J354,BO2,,0.046280233766473,0.121913667174074,0.121913667174074,135 206 250,Strength
J751-J765,ZR2,,0.034433637053494,0.1216245425844042,0.1216245425844042,135 206 250,Strength
3172-3712,522,0.0017484973956531,0.0447451022413102,0.1215535708651851,0.1215535708651851,135 206 250,Strength
3167-3172,422,0.0034094887034387,0.0428318687229155,0.1215487826321798,0.1215487826321798,135 206 250,Strength
K558-K547,RK2,1.2125337201276814e-05,0.0267456277539664,0.1215054638876318,0.1215054638876318,135 206 250,Strength
J859-J873,N41,,0.025377940720186,0.1214071024987621,0.1214071024987621,135 206 250,Strength
K687-K689,MM2,3.1051731698824155e-06,0.0333000675944558,0.1212173959080411,0.1212173959080411,135 206 250,Strength
E460-4238,710,,0.0730396421870315,0.1211230745931792,0.1211230745931792,135 206 250,Strength
K380-K384,9H1,5.621550506992694e-06,0.0430164634709475,0.121026876941285,0.121026876941285,135 206 250,Strength
J462-K567,EX1,0.0003449872922667,0.0245595083564711,0.1210240678750975,0.1210240678750975,135 206 250,Strength
K522-J273,9K2,3.538242545533989e-07,0.0725526177233116,0.1208001662422897,0.1208001662422897,135 206 250,Strength
J850-I026,7M4,3.2471315729930694e-07,0.0268476603429513,0.1205210296862035,0.1205210296862035,135 206 250,Strength
S008-CA17,ME0,0.0042506059798669,0.0543949614480068,0.1204563988915951,0.1204563988915951,135 206 250,Strength
CA17-JR15,LE0,0.0001235520391657,0.0543568122099637,0.1204529249602304,0.1204529249602304,135 206 250,Strength
I046-J352,CN4,0.0016749593682947,0.0453089321736009,0.1203182290341828,0.1203182290341828,135 206 250,Strength
K413-I037,TM4,0.0002702841627401,0.0847126382173513,0.1201062429074812,0.1201062429074812,135 206 250,Strength
K169-I004,WK4,0.000478320666242,0.0401149651242356,0.1199647578741802,0.1199647578741802,135 206 250,Strength
J098-K151,HP1,5.0617004293899e-06,0.0338159761280818,0.1199601902520803,0.1199601902520803,135 206 250,Strength
3580-3653,AI2,0.0085603030005595,0.065186578871197,0.1197712464923143,0.1197712464923143,135 206 250,Strength
4178-4179,LX0,1.0733594367137608e-06,0.048177975627459,0.1195821920807613,0.1195821920807613,135 206 250,Strength
J364-J356,HO2,,0.046098991522798,0.1195787962298279,0.1195787962298279,135 206 250,Strength
K587-K494,6L2,3.771387780705059e-06,0.0603913119873281,0.1194866906313577,0.1194866906313577,135 206 250,Strength
K718-K694,CN2,4.266953367311982e-06,0.0607436638027049,0.1192978060903527,0.1192978060903527,135 206 250,Strength
J274-K537,2O2,0.0006505680839242,0.0847047805209886,0.119234729439335,0.119234729439335,135 206 250,Strength
4179-4694,MX0,3.30965675241065e-07,0.0357375669447153,0.1192212218258945,0.1192212218258945,135 206 250,Strength
J758-J771,7R2,,0.0345132996273582,0.1191168956431491,0.1191168956431491,135 206 250,Strength
E055-E057,R00,,0.0779605952712199,0.1190452762082744,0.1190452762082744,135 206 250,Strength
K509-K515,ZK2,0.0001031117194376,0.0449975291226015,0.1187965825809374,0.1187965825809374,135 206 250,Strength
2510-2511,TW0,1.149430908698259e-05,0.0366240679768762,0.1187662007862206,0.1187662007862206,135 206 250,Strength
2180-G320,RA0,0.057,0.0163691533838684,0.1186566387758417,0.1186566387758417,135 206 250,Strength
K186-K184,IC1,3.2515675478205214e-07,0.0361171083748912,0.118598766743951,0.118598766743951,135 206 250,Strength
K180-K172,0T2,0.0006745054990238,0.0254156168800733,0.1185376650617075,0.1185376650617075,135 206 250,Strength
J373-J372,RV1,4.874644972656639e-05,0.0506367848922215,0.1183155618261966,0.1183155618261966,135 206 250,Strength
K637-K700,5M2,2.8887313591003284e-06,0.0558332539234753,0.118007638891327,0.118007638891327,135 206 250,Strength
K677-J318,LM2,3.4757427190958508e-06,0.0422883608277583,0.1178439605633144,0.1178439605633144,135 206 250,Strength
K606-J068,FL2,0.0001886698233055,0.02727925208492,0.1178388488921646,0.1178388488921646,135 206 250,Strength
K488-K530,KJ2,2.639988747721851e-06,0.0557301437567818,0.1177592698759461,0.1177592698759461,135 206 250,Strength
E059-4147,U00,1.0221837043365478e-07,0.0886847066965914,0.1174477676726139,0.1174477676726139,135 206 250,Strength
J362-J364,FO2,,0.0437374651461982,0.1171732676335988,0.1171732676335988,135 206 250,Strength
J576-J574,001,6.863991787075685e-05,0.0583719569575335,0.1169612790616014,0.1169612790616014,135 206 250,Strength
3238-3066,M22,0.0477433889304804,0.0225674109336418,0.1166343508983341,0.1166343508983341,135 206 250,Strength
J006-K612,JT2,6.042584131321985e-07,0.0541621315433377,0.1164342659040921,0.1164342659040921,135 206 250,Strength
K071-K705,JA1,1.1301904111711024e-09,0.0152692234356711,0.1162481961028392,0.1162481961028392,135 206 250,Strength
K778-J065,CR4,0.0,0.0908785987231123,0.1161785058097695,0.1161785058097695,135 206 250,Strength
J065-J066,UO1,2.137677352011815e-07,0.0625892044396165,0.1160750190785462,0.1160750190785462,135 206 250,Strength
J101-J099,KP1,4.774735016364345e-05,0.0243524413704886,0.1159201195924445,0.1159201195924445,135 206 250,Strength
J168-J166,TQ1,4.813958821752488e-06,0.0437364755310374,0.1159094887982042,0.1159094887982042,135 206 250,Strength
3539-G373,4N1,0.031,0.0382180228827497,0.1159007618905832,0.1159007618905832,135 206 250,Strength
K059-K071,6A1,,0.008966019812049,0.1158031561886381,0.1158031561886381,135 206 250,Strength
J094-J092,SN2,0.0003306251406596,0.0269874872872009,0.1157923567549255,0.1157923567549255,135 206 250,Strength
K226-K736,BT2,0.031079885743504,0.044913294201701,0.1156725109752387,0.1156725109752387,135 206 250,Strength
J210-J186,0S1,1.1384941313865267e-05,0.0473325890003285,0.1156515078185593,0.1156515078185593,135 206 250,Strength
K447-I066,FO4,4.624122585578326e-05,0.0222314054963879,0.1155117288329358,0.1155117288329358,135 206 250,Strength
1569-1568,2H2,0.0002047513098864,0.0648929568244646,0.115492007430902,0.115492007430902,135 206 250,Strength
E439-4239,610,,0.0827815036235612,0.1152348346593858,0.1152348346593858,135 206 250,Strength
J867-J881,U41,,0.0129242089488879,0.1151460406035181,0.1151460406035181,135 206 250,Strength
I012-J755,FL4,0.0024532063888097,0.0337978783177989,0.1151380050953358,0.1151380050953358,135 206 250,Strength
K160-K145,MS2,0.0086979918260383,0.0266893433992593,0.1150880932996804,0.1150880932996804,135 206 250,Strength
3116-3505,HAH,0.115,0.0646593844057554,0.1148182351914487,0.115,135 206 250,Fatigue
3505-3508,HAI,0.115,0.0729068802950093,0.1148182351914487,0.115,135 206 250,Fatigue
J754-I005,YK4,0.0021351590491259,0.0404054236092449,0.1147974462551411,0.1147974462551411,135 206 250,Strength
K693-K701,SM2,2.611653063774504e-06,0.0553389258473123,0.1147906099953035,0.1147906099953035,135 206 250,Strength
K489-K535,LJ2,2.396407829899634e-06,0.0553389360069876,0.1147901731806029,0.1147901731806029,135 206 250,Strength
J738-J741,QQ2,0.0022352876670465,0.040784774759533,0.1146726532849732,0.1146726532849732,135 206 250,Strength
J293-K495,4O2,0.0014415382065252,0.062819288013803,0.1146071424520337,0.1146071424520337,135 206 250,Strength
J102-J101,MP1,0.0013635096024998,0.024409348220716,0.1145789909126677,0.1145789909126677,135 206 250,Strength
K162-I012,EL4,0.0024452806859817,0.0333725282539872,0.1143983073244503,0.1143983073244503,135 206 250,Strength
J870-J882,X41,,0.0153766087553576,0.1143818100479564,0.1143818100479564,135 206 250,Strength
K495-K481,TT2,0.0014415377972229,0.0385919916082688,0.1142492244957693,0.1142492244957693,135 206 250,Strength
J146-J142,7Q1,,0.0154925133271899,0.1142274516927593,0.1142274516927593,135 206 250,Strength
K038-K383,L91,1.287653742317384e-05,0.0580105296849116,0.1142136195864125,0.1142136195864125,135 206 250,Strength
K562-J362,CU2,5.518055948125163e-05,0.0499214450453529,0.1141641642428236,0.1141641642428236,135 206 250,Strength
K427-K625,9I1,,0.0140931680550557,0.1141153370899144,0.1141153370899144,135 206 250,Strength
I005-J750,0L4,0.0021262690895723,0.0248370244465286,0.1140544903087619,0.1140544903087619,135 206 250,Strength
K534-G533,IL1,0.0,0.0516547591721466,0.1138934170775834,0.1138934170775834,135 206 250,Strength
K534-1319,UT0,0.0,0.0516547591721466,0.1138934170775834,0.1138934170775834,135 206 250,Strength
1207-G482,2A0,0.0,0.008623595106738,0.1137366656768763,0.1137366656768763,135 206 250,Strength
K633-G509,ML1,0.0,0.054386576043375,0.1136295261742601,0.1136295261742601,135 206 250,Strength
1315-K633,SS0,0.0,0.054386576043375,0.1136295261742601,0.1136295261742601,135 206 250,Strength
K287-K688,ME1,6.2750752613187286e-06,0.0316008823734641,0.1135972930220537,0.1135972930220537,135 206 250,Strength
K534-1308,TT0,0.0,0.0504474963902219,0.113540043911129,0.113540043911129,135 206 250,Strength
K656-K655,3V2,0.0005779446303989,0.0768520738198855,0.1132557858863321,0.1132557858863321,135 206 250,Strength
J198-J193,OR1,,0.0722862583220093,0.1132414090751272,0.1132414090751272,135 206 250,Strength
K146-K143,HS2,0.0034787386064611,0.0392579400225035,0.113140840969627,0.113140840969627,135 206 250,Strength
J753-I006,1L4,0.0022359754188661,0.0416790853976188,0.1131348052809476,0.1131348052809476,135 206 250,Strength
K572-I041,1N4,0.0002971727474448,0.0290279839328829,0.1130427522939531,0.1130427522939531,135 206 250,Strength
K514-K508,4K2,0.000120237614135,0.033297859131872,0.1129895785670764,0.1129895785670764,135 206 250,Strength
K225-K735,AT2,0.0087267175648897,0.0400779102627143,0.1128782857048124,0.1128782857048124,135 206 250,Strength
I032-K514,KM4,0.000120237583981,0.0324424613126382,0.1128776531803422,0.1128776531803422,135 206 250,Strength
K569-K554,ZL2,6.007299097427688e-05,0.030526528660999,0.1128318425057597,0.1128318425057597,135 206 250,Strength
K457-J080,WI1,2.210787838486088e-06,0.0335043856549111,0.1127397325454944,0.1127397325454944,135 206 250,Strength
K460-K464,ZJ2,2.447804918445642e-05,0.0238329126255776,0.1127210626781482,0.1127210626781482,135 206 250,Strength
K037-K385,K91,6.3506610133616415e-06,0.0503965590580692,0.1127160029598032,0.1127160029598032,135 206 250,Strength
J600-J604,B01,,0.0119916556975103,0.1126929766118991,0.1126929766118991,135 206 250,Strength
S010-CA21,7F0,0.0018884443371139,0.0334096335684272,0.1125352248282125,0.1125352248282125,135 206 250,Strength
I006-J742,2L4,0.0022310077397149,0.0262770716676999,0.1124254838977837,0.1124254838977837,135 206 250,Strength
K504-J288,WT2,0.0035992004286088,0.0421261918583749,0.1123926891907201,0.1123926891907201,135 206 250,Strength
CA21-CA22,CW1,0.0002728300458243,0.0532074466656603,0.1123730333489909,0.1123730333489909,135 206 250,Strength
J273-J262,ST1,,0.0684900288391838,0.1122394278232239,0.1122394278232239,135 206 250,Strength
K245-K241,GD1,4.8464546410638045e-05,0.0165624302378087,0.1120470738542892,0.1120470738542892,135 206 250,Strength
E068-4152,H60,4.138902005648933e-06,0.1063824510926566,0.1120359157421479,0.1120359157421479,135 206 250,Strength
3508-3511,HAK,0.112,0.0840150824529883,0.1089234876075668,0.112,135 206 250,Fatigue
3511-G362,JSQ,0.112,0.0314627519705703,0.1004659387524701,0.112,135 206 250,Fatigue
3511-3242,HAL,0.112,0.0831023586085176,0.108851552411934,0.112,135 206 250,Fatigue
J115-J114,LK4,,0.1119799059098808,0.1090770619548965,0.1119799059098808,135 206 250,Lift
K691-K690,QM2,1.1040132874412991e-05,0.0159147171846216,0.111960661036057,0.111960661036057,135 206 250,Strength
J442-K584,TO2,0.0060712511379131,0.0456932902367682,0.1118577255694062,0.1118577255694062,135 206 250,Strength
I013-J756,HL4,0.0024204330833701,0.0332329157862124,0.111834055835689,0.111834055835689,135 206 250,Strength
K681-K683,KV2,0.0002035693347797,0.040423706387228,0.1116123988824094,0.1116123988824094,135 206 250,Strength
K272-K376,7E1,2.618231840069263e-07,0.0932036705762115,0.1114789557644554,0.1114789557644554,135 206 250,Strength
E061-E062,V00,,0.0753583734881299,0.1114728628558329,0.1114728628558329,135 206 250,Strength
J262-J256,HT1,,0.0718548014250425,0.1112149666193926,0.1112149666193926,135 206 250,Strength
K047-K059,U91,,0.011877255770213,0.1111926409564402,0.1111926409564402,135 206 250,Strength
J748-I013,GL4,0.0024160051318645,0.0329389469116337,0.1111277867432414,0.1111277867432414,135 206 250,Strength
K072-K357,KA1,1.5025505088874763e-09,0.0147856835839807,0.1109986749609566,0.1109986749609566,135 206 250,Strength
I052-K504,ON4,0.0035992014315662,0.0417807029897641,0.1107418463397425,0.1107418463397425,135 206 250,Strength
K686-J519,OV2,0.0182280717509078,0.0525019572946794,0.1106048905072923,0.1106048905072923,135 206 250,Strength
K060-K072,7A1,,0.0101815901981744,0.1105247967903378,0.1105247967903378,135 206 250,Strength
J256-J250,BT1,,0.072607067266294,0.1103536937366838,0.1103536937366838,135 206 250,Strength
J012-J007,GN1,,0.0476541607712374,0.1103366905961895,0.1103366905961895,135 206 250,Strength
2507-2508,SW0,3.607004304771505e-05,0.056430970166742,0.1103329529411996,0.1103329529411996,135 206 250,Strength
K165-K168,PS2,0.0021965978005265,0.0394714301180527,0.1102334930890615,0.1102334930890615,135 206 250,Strength
K568-K553,YK2,4.873779594926276e-05,0.0341446651320106,0.1102266915805817,0.1102266915805817,135 206 250,Strength
I059-K501,2O4,0.0019770998221548,0.0432137305282803,0.1101469521510107,0.1101469521510107,135 206 250,Strength
0016-G428,JS2,0.0,0.0276179443498219,0.1098551004474639,0.1098551004474639,135 206 250,Strength
K669-K672,BV2,0.0002232890781358,0.0403072599453327,0.1098122299161829,0.1098122299161829,135 206 250,Strength
J828-J865,041,,0.0133149790728931,0.1097977087688373,0.1097977087688373,135 206 250,Strength
K494-K532,QJ2,2.302418626539721e-06,0.055078394040116,0.1096361576735596,0.1096361576735596,135 206 250,Strength
K694-K702,TM2,2.50364912246438e-06,0.055078417283831,0.1096322888757538,0.1096322888757538,135 206 250,Strength
K665-J540,8V2,0.0169065021910632,0.082292923649077,0.1094699238099718,0.1094699238099718,135 206 250,Strength
3508-G365,1K1,0.07,0.0198023740003432,0.10946664690208,0.10946664690208,135 206 250,Strength
K508-K523,YJ2,6.781185348893293e-05,0.0328150713606536,0.1093336556039929,0.1093336556039929,135 206 250,Strength
J477-J481,TX1,1.1221309820689772e-05,0.0477050611840041,0.1093049982120103,0.1093049982120103,135 206 250,Strength
E064-E066,Y00,,0.069803530877752,0.1093039330248825,0.1093039330248825,135 206 250,Strength
K542-K541,7U2,0.0007532583678094,0.0704348150470204,0.1092162780474579,0.1092162780474579,135 206 250,Strength
J092-K434,CP1,0.0003306251398534,0.0321445177892997,0.109202696754016,0.109202696754016,135 206 250,Strength
K261-K254,WD1,5.707711078275708e-05,0.028132824275041,0.1091168717042357,0.1091168717042357,135 206 250,Strength
K176-I003,UK4,0.0139542070250017,0.0227296266469872,0.1089141984152062,0.1089141984152062,135 206 250,Strength
3540-G376,5N1,0.023,0.0442940962689081,0.1088777126544847,0.1088777126544847,135 206 250,Strength
K668-J735,AV2,0.0188897534982522,0.0730937648120474,0.1088665185763814,0.1088665185763814,135 206 250,Strength
4795-4149,L00,5.722722837411792e-06,0.0563480634945132,0.1088463128104152,0.1088463128104152,135 206 250,Strength
1567-1569,0H2,3.695260050760002e-05,0.0816301700927948,0.1088344768092298,0.1088344768092298,135 206 250,Strength
J167-K716,SQ1,3.928311167939887e-06,0.0541455388260789,0.108829382012842,0.108829382012842,135 206 250,Strength
J269-J264,QT1,,0.0271545592230047,0.1087149628964449,0.1087149628964449,135 206 250,Strength
J171-K582,WQ1,3.612705453297176e-06,0.0538265650645449,0.1086111601651001,0.1086111601651001,135 206 250,Strength
J150-K585,BQ1,3.820406735768512e-06,0.0527058756384959,0.1084369344345068,0.1084369344345068,135 206 250,Strength
J147-K717,8Q1,4.190298031284581e-06,0.0523923259485437,0.1083275011957741,0.1083275011957741,135 206 250,Strength
J139-J137,2Q1,,0.0461600961531026,0.1082151654839879,0.1082151654839879,135 206 250,Strength
J318-J320,RU1,,0.0378202018537526,0.1081078560660084,0.1081078560660084,135 206 250,Strength
J170-J164,VQ1,,0.0267656041993524,0.1079051330798934,0.1079051330798934,135 206 250,Strength
K614-J001,NL2,3.994403685707628e-07,0.0472702171014321,0.1079029119157981,0.1079029119157981,135 206 250,Strength
K438-K446,II1,1.5186079762839784e-05,0.0337175254685594,0.1076457567690226,0.1076457567690226,135 206 250,Strength
K382-K335,BH1,1.0753777416772755e-05,0.0513035814334386,0.1076373801211489,0.1076373801211489,135 206 250,Strength
1208-G494,3A0,0.001,0.0068851324131651,0.1075962948694713,0.1075962948694713,135 206 250,Strength
K434-K431,GI1,9.122373135323695e-05,0.0354558303053478,0.1075809790115285,0.1075809790115285,135 206 250,Strength
J440-J442,SO2,0.0011681804873226,0.085543198388003,0.1070441845732554,0.1070441845732554,135 206 250,Strength
K566-K551,WK2,6.610478963543789e-05,0.0320287090904108,0.1069340094781044,0.1069340094781044,135 206 250,Strength
J142-J140,5Q1,,0.0201214792298633,0.1068584134133968,0.1068584134133968,135 206 250,Strength
J175-J168,0R1,,0.0483126674935266,0.1067189930201942,0.1067189930201942,135 206 250,Strength
K416-K415,ZI1,6.410475839134344e-05,0.0533057129755539,0.1066215981993546,0.1066215981993546,135 206 250,Strength
K548-K540,9U2,8.105216380391338e-05,0.1065920597679029,0.0764705640286194,0.1065920597679029,135 206 250,Lift
E066-4795,Z10,1.7024422535051743e-06,0.0474375169621782,0.1062361546428296,0.1062361546428296,135 206 250,Strength
3118-3363,HAA,0.001,0.015251224837808,0.1061388910472946,0.1061388910472946,135 206 250,Strength
K384-K370,DH1,5.615416901085533e-06,0.0384927525052636,0.1060156912106094,0.1060156912106094,135 206 250,Strength
J744-J748,UQ2,0.0008289613875697,0.035200742971518,0.1058830920815285,0.1058830920815285,135 206 250,Strength
K048-K060,V91,,0.0132150950900083,0.1058028294162883,0.1058028294162883,135 206 250,Strength
K152-J100,9C1,1.490082164551619e-06,0.029772597680281,0.1055686031711802,0.1055686031711802,135 206 250,Strength
J250-J242,5T1,,0.072430796184018,0.1052599164382858,0.1052599164382858,135 206 250,Strength
J445-K586,WO2,0.0012484940160487,0.0440254084660536,0.1051269804238884,0.1051269804238884,135 206 250,Strength
K445-I068,JO4,2.1316764452964645e-05,0.0268119415028543,0.1050811951848542,0.1050811951848542,135 206 250,Strength
K033-K047,G91,,0.0145839636365196,0.1050331491630403,0.1050331491630403,135 206 250,Strength
J766-J780,9R2,0.0243883218754082,0.0254486728654449,0.1044727210770283,0.1044727210770283,135 206 250,Strength
J737-J739,PQ2,0.0054819743260036,0.0235752479385004,0.1044146494077019,0.1044146494077019,135 206 250,Strength
2511-2512,UW0,8.504920008217795e-06,0.0340111519413761,0.1042488668116143,0.1042488668116143,135 206 250,Strength
J771-J784,FR2,0.0213102595780605,0.0352958037761653,0.1041767044997614,0.1041767044997614,135 206 250,Strength
J123-K718,JT5,4.268626358746305e-06,0.0516424367062426,0.1040855614217511,0.1040855614217511,135 206 250,Strength
J124-K587,NP1,3.7734116735184647e-06,0.0520099783877903,0.1039020890370788,0.1039020890370788,135 206 250,Strength
J864-J877,R41,,0.0108524619573788,0.1038001456616057,0.1038001456616057,135 206 250,Strength
J755-J769,3R2,,0.0354334478237609,0.1037956375490018,0.1037956375490018,135 206 250,Strength
1552-1553,UY0,1.6340175450991551e-06,0.1035894020455115,0.0532792797532895,0.1035894020455115,135 206 250,Lift
3643-3093,LNI,0.0001763872405237,0.0345392583423852,0.1035140792618369,0.1035140792618369,135 206 250,Strength
K500-K483,UT2,0.0009452462584123,0.0438384659364464,0.1033612376104659,0.1033612376104659,135 206 250,Strength
I015-J823,LL4,1.5450288073440398e-06,0.0712162378358752,0.1032365689285008,0.1032365689285008,135 206 250,Strength
K459-K463,YI1,5.565126983356906e-06,0.0245369723671514,0.1031020608005474,0.1031020608005474,135 206 250,Strength
J291-J265,2U1,,0.0245122210531831,0.1029372348332372,0.1029372348332372,135 206 250,Strength
J372-J374,QV1,8.51130380571606e-06,0.0480042555904254,0.1029272181222856,0.1029272181222856,135 206 250,Strength
4185-4184,PX0,1.568992568833362e-05,0.1015544408339669,0.1025543443749246,0.1025543443749246,135 206 250,Strength
4144-E058,VZ0,8.398022831228795e-08,0.0716646531488243,0.1024993240391474,0.1024993240391474,135 206 250,Strength
J277-K518,UT1,0.0001928164871714,0.0450788827343636,0.1021844516282151,0.1021844516282151,135 206 250,Strength
J854-J872,K41,,0.0221401323616931,0.1021096464542886,0.1021096464542886,135 206 250,Strength
3270-3202,6P4,0.102,0.037414302755613,0.0629381248592798,0.102,135 206 250,Fatigue
2296-3202,WR4,0.102,0.0392597980468388,0.0637772850320958,0.102,135 206 250,Fatigue
3202-G020,8M1,0.102,0.0069300894430734,0.1019267148374514,0.102,135 206 250,Fatigue
K700-J143,ZN2,2.888157844544021e-06,0.0484456202074592,0.1019410871773796,0.1019410871773796,135 206 250,Strength
J248-J244,3T1,,0.0669785197975997,0.1019159639399009,0.1019159639399009,135 206 250,Strength
K689-J345,OM2,3.1051731698823977e-06,0.0286230937972776,0.1017902095718968,0.1017902095718968,135 206 250,Strength
K454-J076,TI1,3.4404275016187406e-05,0.0351476521009295,0.1017593621838417,0.1017593621838417,135 206 250,Strength
K530-J144,CK2,2.6386145999109896e-06,0.04832719198979,0.1016873185476217,0.1016873185476217,135 206 250,Strength
J244-J240,ZT1,,0.0704588415789961,0.101596770794368,0.101596770794368,135 206 250,Strength
J756-J772,4R2,,0.0351981990480401,0.1015372479309833,0.1015372479309833,135 206 250,Strength
I035-K492,QM4,0.0001241767141807,0.024540467662302,0.1012450784728806,0.1012450784728806,135 206 250,Strength
3556-3558,LAY,8.707195317695859e-08,0.0835336604965988,0.1012008652355204,0.1012008652355204,135 206 250,Strength
J254-J248,9T1,,0.0620136099300971,0.1011840844596531,0.1011840844596531,135 206 250,Strength
J187-K558,DR1,3.708349222148937e-06,0.0287995195903533,0.1010611661139476,0.1010611661139476,135 206 250,Strength
J240-J234,VS1,,0.0733741313341072,0.1010103292560947,0.1010103292560947,135 206 250,Strength
K539-K526,4U2,0.0023383453050725,0.100932756488649,0.0800005029848543,0.100932756488649,135 206 250,Lift
K492-K405,OJ2,0.000124176751769,0.0250204452716499,0.1008241251678808,0.1008241251678808,135 206 250,Strength
K483-I052,NN4,0.0016048994645374,0.0420469404619417,0.1005877378247557,0.1005877378247557,135 206 250,Strength
I060-K533,4O4,0.0007523703883832,0.0813745484149919,0.1005685267203877,0.1005685267203877,135 206 250,Strength
J452-J479,8X1,3.52785263424345e-05,0.0471589264060507,0.1004293492451537,0.1004293492451537,135 206 250,Strength
K464-K454,3J2,3.440428533794012e-05,0.0253555436370908,0.1002771027898866,0.1002771027898866,135 206 250,Strength
J140-J138,3Q1,,0.0247895784034518,0.1001493269647441,0.1001493269647441,135 206 250,Strength
J574-J577,YZ1,4.695172531954799e-05,0.0541487431049872,0.1000963538664172,0.1000963538664172,135 206 250,Strength
K154-K139,BC1,8.549811658429316e-06,0.0271640477427983,0.0999472863545317,0.0999472863545317,135 206 250,Strength
J242-J236,XS1,,0.0715157626218701,0.0998974813588235,0.0998974813588235,135 206 250,Strength
J260-J254,FT1,,0.0563391112396965,0.0996008331144967,0.0996008331144967,135 206 250,Strength
K034-K048,H91,,0.0160416111844182,0.0995787038187901,0.0995787038187901,135 206 250,Strength
3237-3171,622,0.0064765735790001,0.0519445449796205,0.0995553185991161,0.0995553185991161,135 206 250,Strength
K184-K187,GC1,5.3116283288932664e-08,0.029301363887667,0.0994996592278106,0.0994996592278106,135 206 250,Strength
K658-K654,5V2,9.956858662466224e-05,0.0994935905123259,0.0848279092207777,0.0994935905123259,135 206 250,Lift
K145-K161,GS2,0.0022734854099828,0.0246535453603012,0.0994824827871112,0.0994824827871112,135 206 250,Strength
K526-K531,ZU2,0.0007420061159374,0.0978900573755139,0.0993953772858406,0.0993953772858406,135 206 250,Strength
K701-J121,0N2,2.61109287156489e-06,0.0479572605568665,0.0990374452471765,0.0990374452471765,135 206 250,Strength
K535-J122,EK2,2.395863489013172e-06,0.0479572361644865,0.0990373231724597,0.0990373231724597,135 206 250,Strength
J234-J228,PS1,,0.075044479354068,0.0988129993503418,0.0988129993503418,135 206 250,Strength
J873-J878,051,,0.0200741076337889,0.0986517501297241,0.0986517501297241,135 206 250,Strength
K405-K408,RH1,7.190892835397069e-05,0.0267715215349407,0.0984997544753795,0.0984997544753795,135 206 250,Strength
J765-J779,8R2,0.0227199703765311,0.0349055412815661,0.0981949712461567,0.0981949712461567,135 206 250,Strength
J355-J373,HV1,4.874645069685666e-05,0.0438556577448391,0.0979681976599465,0.0979681976599465,135 206 250,Strength
K241-K249,DD1,6.703069559814258e-05,0.0160887601777978,0.0979357219704031,0.0979357219704031,135 206 250,Strength
X005-3357,CS6,0.055,0.0356347742238406,0.0978339312656326,0.0978339312656326,135 206 250,Strength
K019-K033,291,,0.0169908706239673,0.0972528547565707,0.0972528547565707,135 206 250,Strength
K153-K137,AC1,1.770784044986119e-06,0.0288693720748183,0.0970891236790561,0.0970891236790561,135 206 250,Strength
J501-J508,DY1,,0.0257879906112324,0.0969929678166735,0.0969929678166735,135 206 250,Strength
K655-K657,2V2,0.0002378068197339,0.0729122907582104,0.0968810972188385,0.0968810972188385,135 206 250,Strength
J499-J501,BY1,,0.0265435439537599,0.0968301490645853,0.0968301490645853,135 206 250,Strength
J011-J006,FN1,,0.0505564390927676,0.0967231812520997,0.0967231812520997,135 206 250,Strength
J271-K539,JTD,0.0023383452834271,0.0965628749541269,0.0904101517077575,0.0965628749541269,135 206 250,Lift
K540-K549,5U2,4.958891949308732e-05,0.0965620778873884,0.0687033940829213,0.0965620778873884,135 206 250,Lift
J266-J260,NT1,,0.0493440568179343,0.0965415211711443,0.0965415211711443,135 206 250,Strength
J851-K737,9S2,0.0003797348354733,0.0344959492082322,0.0963941988969718,0.0963941988969718,135 206 250,Strength
2506-2507,RW0,2.423773953685986e-05,0.0504258786020018,0.0963549486908342,0.0963549486908342,135 206 250,Strength
J508-J517,JY1,,0.0247899700830646,0.096329816107738,0.096329816107738,135 206 250,Strength
K554-K575,OK2,1.397392232328332e-05,0.03002740061465,0.0962737354177303,0.0962737354177303,135 206 250,Strength
K523-K639,AK2,6.781186960036477e-05,0.04238950932693,0.0962636665862874,0.0962636665862874,135 206 250,Strength
J497-J499,9Y1,,0.0270886307961882,0.0960559651862738,0.0960559651862738,135 206 250,Strength
J384-J388,ZW1,,0.0279013482210777,0.0958664735052349,0.0958664735052349,135 206 250,Strength
J228-J224,JS1,,0.0762804226954451,0.0958522598994109,0.0958522598994109,135 206 250,Strength
4183-4185,NX0,3.264724224111337e-05,0.0435000788392395,0.0956501612374701,0.0956501612374701,135 206 250,Strength
J380-J384,VV1,,0.0288355361400006,0.0956441625024077,0.0956441625024077,135 206 250,Strength
K435-I070,NO4,3.295155194267741e-05,0.0227093505362288,0.0956133047369822,0.0956133047369822,135 206 250,Strength
1539-1541,1Y2,8.623693280033596e-06,0.0286480803804908,0.0954738701840955,0.0954738701840955,135 206 250,Strength
J788-J802,F31,0.0001067956113236,0.0289500496496574,0.0953526609060459,0.0953526609060459,135 206 250,Strength
K690-K692,PM2,5.918849508656677e-06,0.0119043183049262,0.0953032441108192,0.0953032441108192,135 206 250,Strength
J746-J749,VQ2,0.0041903146482122,0.0252776857998596,0.0952739222677408,0.0952739222677408,135 206 250,Strength
J595-J597,601,,0.0251883656964442,0.0952729430955407,0.0952729430955407,135 206 250,Strength
K254-K268,PD1,7.886450726726488e-05,0.0269728308875871,0.0951819264143495,0.0951819264143495,135 206 250,Strength
K683-J351,MV2,0.0002035897618573,0.0348844286040535,0.0951548565573797,0.0951548565573797,135 206 250,Strength
4147-4148,XZ0,1.0221812311102486e-07,0.0782949003445668,0.0951464281484347,0.0951464281484347,135 206 250,Strength
4143-4144,UZ0,8.398010598285813e-08,0.0679546918946921,0.0950948398020575,0.0950948398020575,135 206 250,Strength
J379-J380,UV1,,0.0295297010673927,0.0950030163193331,0.0950030163193331,135 206 250,Strength
J236-J230,RS1,,0.0690536253709826,0.0949790262924609,0.0949790262924609,135 206 250,Strength
J597-J605,801,,0.0242736464781881,0.094968809532913,0.094968809532913,135 206 250,Strength
J388-J389,3W1,,0.0267866985511353,0.0949685616377647,0.0949685616377647,135 206 250,Strength
J593-J595,401,,0.0258874523583146,0.0949320208944706,0.0949320208944706,135 206 250,Strength
K586-J447,KU2,0.0012472055188107,0.0435613018106639,0.0947554756924735,0.0947554756924735,135 206 250,Strength
J760-J774,031,,0.0277637274363681,0.0947525919110714,0.0947525919110714,135 206 250,Strength
J774-J788,931,0.0001072862788445,0.028485609120474,0.0946661029875132,0.0946661029875132,135 206 250,Strength
I022-J862,0M4,1.6852152584756611e-06,0.0875681035629312,0.0945923811979996,0.0945923811979996,135 206 250,Strength
K702-J119,1N2,2.502518538509917e-06,0.0477060722134438,0.0945148152330749,0.0945148152330749,135 206 250,Strength
K532-J120,DK2,2.3011713690651435e-06,0.0477060110694794,0.0945146047484041,0.0945146047484041,135 206 250,Strength
J345-J340,FV1,,0.0256611563317726,0.0944088330749236,0.0944088330749236,135 206 250,Strength
J549-J551,9Z1,,0.0222712128551677,0.0943744884449277,0.0943744884449277,135 206 250,Strength
J547-J549,8Z1,,0.02255840465198,0.0943352095905857,0.0943352095905857,135 206 250,Strength
J582-J546,SP2,0.0009562126868196,0.0943200281954914,0.0701996278449797,0.0943200281954914,135 206 250,Lift
JF58-G434,GL1,0.0,0.0279737919208159,0.0942493750033809,0.0942493750033809,135 206 250,Strength
3273-3357,OR4,0.055,0.0329313667752242,0.0941096127288217,0.0941096127288217,135 206 250,Strength
J831-J866,141,,0.010435416301713,0.0940981166244623,0.0940981166244623,135 206 250,Strength
J517-J520,NY1,,0.0236956972580422,0.094076358955303,0.094076358955303,135 206 250,Strength
J444-J446,VO2,,0.094032016821636,0.06064653054281,0.094032016821636,135 206 250,Lift
J138-J136,1Q1,,0.0284577694745496,0.0939760713433452,0.0939760713433452,135 206 250,Strength
J137-J135,0Q1,,0.0493363073106912,0.0939639131146741,0.0939639131146741,135 206 250,Strength
G001-1206,DK1,0.001,0.0167609353002693,0.0939460429482486,0.0939460429482486,135 206 250,Strength
J802-J812,L31,,0.0287601924961086,0.0939111648358813,0.0939111648358813,135 206 250,Strength
J551-J553,BZ1,,0.0217641415695194,0.0938461116826267,0.0938461116826267,135 206 250,Strength
K431-K436,DI1,1.441277887485068e-05,0.0340955934398711,0.0938199327064263,0.0938199327064263,135 206 250,Strength
K216-K218,4T2,0.0003239722188278,0.0372634928620661,0.0937787497425892,0.0937787497425892,135 206 250,Strength
J603-J593,F01,,0.0263565290055979,0.0937522541793354,0.0937522541793354,135 206 250,Strength
K213-K215,ZD1,7.974202282912884e-08,0.0307790051773196,0.0936921198359944,0.0936921198359944,135 206 250,Strength
J507-J497,IY1,,0.0273472306075105,0.0936814084167545,0.0936814084167545,135 206 250,Strength
J769-J785,DR2,0.0214042944768311,0.0365944984067925,0.0936204052078459,0.0936204052078459,135 206 250,Strength
J545-J547,7Z1,,0.0225153183260922,0.0934219282813462,0.0934219282813462,135 206 250,Strength
K541-K543,6U2,0.0001678909831991,0.0666787110871561,0.0933862459089331,0.0933862459089331,135 206 250,Strength
K672-J357,EV2,0.000223233717888,0.037425474402204,0.0933528410120739,0.0933528410120739,135 206 250,Strength
3357-3048,ZAE,0.055,0.036102709325347,0.0933326612074447,0.0933326612074447,135 206 250,Strength
K625-K626,ZM2,,0.0177079087403003,0.0933325367654369,0.0933325367654369,135 206 250,Strength
J605-J613,I01,,0.0232611650880431,0.0930919310477442,0.0930919310477442,135 206 250,Strength
K553-K573,NK2,1.779718217369489e-05,0.0335692717563303,0.0930543627465952,0.0930543627465952,135 206 250,Strength
J544-J582,JP2,0.0009289728134081,0.0929118709255781,0.0747329292143247,0.0929118709255781,135 206 250,Lift
J282-J266,XT1,,0.041575389693013,0.0928821513485776,0.0928821513485776,135 206 250,Strength
K537-K525,3U2,0.0006505675546425,0.0928118826875472,0.0750109267872225,0.0928118826875472,135 206 250,Lift
K473-K467,CJ2,6.288813182231832e-06,0.0337059543423031,0.0928088992596196,0.0928088992596196,135 206 250,Strength
J378-J379,TV1,,0.0299312036327242,0.0927953430478577,0.0927953430478577,135 206 250,Strength
J264-J258,KT1,,0.030954239926895,0.0927184297182781,0.0927184297182781,135 206 250,Strength
J389-J390,4W1,,0.0255674589370874,0.0926839453435794,0.0926839453435794,135 206 250,Strength
J772-J786,GR2,0.0217728227914337,0.0363217988714282,0.0924973169835795,0.0924973169835795,135 206 250,Strength
K513-K507,3K2,1.232868361156665e-06,0.0841915277903123,0.0922806066003691,0.0922806066003691,135 206 250,Strength
J553-J555,DZ1,,0.0211282913455445,0.092243681266014,0.092243681266014,135 206 250,Strength
J604-J606,G01,,0.0143411827925266,0.0921416832633424,0.0921416832633424,135 206 250,Strength
J881-J896,851,,0.0165585729326542,0.0921403854008285,0.0921403854008285,135 206 250,Strength
J017-J012,LN1,,0.0446630300368101,0.0920444592764462,0.0920444592764462,135 206 250,Strength
K166-K169,QS2,0.0004782744866286,0.045284843765117,0.0919110360287448,0.0919110360287448,135 206 250,Strength
J179-J175,4R1,,0.052798871036906,0.0918819735130904,0.0918819735130904,135 206 250,Strength
K020-K034,391,,0.0185619754084618,0.0918799783085561,0.0918799783085561,135 206 250,Strength
J812-J837,R31,,0.0284411248428729,0.0916162048696546,0.0916162048696546,135 206 250,Strength
K372-K366,1H1,2.376670960435262e-08,0.0368130292838665,0.0916058834489356,0.0916058834489356,135 206 250,Strength
2183-G464,UA0,0.047,0.0233248211258446,0.0915976368059204,0.0915976368059204,135 206 250,Strength
J543-J545,6Z1,,0.0225387831325509,0.0915903930796974,0.0915903930796974,135 206 250,Strength
J882-J897,951,,0.0188240524699312,0.0915117170931848,0.0915117170931848,135 206 250,Strength
J344-K569,EV1,6.007298999881495e-05,0.0298961395018967,0.0914828906673419,0.0914828906673419,135 206 250,Strength
J224-J218,FS1,,0.0763546564908199,0.0913637509151811,0.0913637509151811,135 206 250,Strength
1316-1315,TS0,0.0,0.0833520493861053,0.0913252374899581,0.0913252374899581,135 206 250,Strength
K679-K678,IV2,0.0002163617692827,0.0653186870372035,0.0913247913298039,0.0913247913298039,135 206 250,Strength
J476-J478,SX1,,0.0218074446606817,0.0912703065887039,0.0912703065887039,135 206 250,Strength
J478-J480,UX1,,0.0215380423425223,0.0912561683794487,0.0912561683794487,135 206 250,Strength
J599-J603,A01,,0.0265752677523262,0.0910808914434988,0.0910808914434988,135 206 250,Strength
I067-K459,IO4,3.486862435995262e-05,0.0273910691761541,0.0910733273770719,0.0910733273770719,135 206 250,Strength
J780-J794,IR2,0.0243624134691239,0.0250591080054798,0.0910331664435534,0.0910331664435534,135 206 250,Strength
K143-K162,ES2,0.0005012158143872,0.0354085173015395,0.0909897150845766,0.0909897150845766,135 206 250,Strength
J164-J163,PQ1,,0.02863942105702,0.0908906721740977,0.0908906721740977,135 206 250,Strength
J550-J576,AZ1,6.863991692688265e-05,0.0472575904032622,0.0908755071663438,0.0908755071663438,135 206 250,Strength
J474-J476,QX1,,0.0217986328116537,0.0908159345919342,0.0908159345919342,135 206 250,Strength
K654-K659,1V2,6.814763474759792e-05,0.0907036422383971,0.0708588872905952,0.0907036422383971,135 206 250,Lift
K156-J098,DC1,1.2831509572229032e-05,0.0325258455011482,0.0906988344031866,0.0906988344031866,135 206 250,Strength
J784-J798,MR2,0.021397757383366,0.0356810606278047,0.0906719920225935,0.0906719920225935,135 206 250,Strength
J760-K732,131,0.0079521251485741,0.0254183668105255,0.0905737758271984,0.0905737758271984,135 206 250,Strength
1317-1320,L20,1.948687291812845e-05,0.0660537996320143,0.0904761752245018,0.0904761752245018,135 206 250,Strength
J520-J522,OY1,,0.0225958853214393,0.0904439242014409,0.0904439242014409,135 206 250,Strength
J320-J322,TU1,,0.0329533265832722,0.0904356409021653,0.0904356409021653,135 206 250,Strength
J480-J482,WX1,,0.0210013553999015,0.0903797507915027,0.0903797507915027,135 206 250,Strength
K415-K417,YH1,5.108112166696629e-05,0.0494594489513871,0.0903601135774996,0.0903601135774996,135 206 250,Strength
K446-I067,HO4,3.486860858740422e-05,0.03280038596486,0.0903522619419119,0.0903522619419119,135 206 250,Strength
J579-K548,QP2,8.105214740705738e-05,0.0902641245132974,0.0819635491192835,0.0902641245132974,135 206 250,Lift
J546-J578,KP2,0.0011580852496562,0.0901085489950014,0.0573717769849836,0.0901085489950014,135 206 250,Lift
K170-K166,SS2,0.0009333912877786,0.042128690334288,0.0900045438052757,0.0900045438052757,135 206 250,Strength
J352-K682,AO2,0.0003576591775294,0.0420720705230368,0.0899774561444685,0.0899774561444685,135 206 250,Strength
J853-J871,J41,,0.0177124863739097,0.0899427498271513,0.0899427498271513,135 206 250,Strength
K463-K449,2J2,7.031221034250298e-06,0.0265211796816766,0.0899114521002447,0.0899114521002447,135 206 250,Strength
J757-K170,6R2,0.0009249674920961,0.03635496007545,0.0898595218856308,0.0898595218856308,135 206 250,Strength
J613-J615,S01,,0.0222069287368313,0.0898230763869455,0.0898230763869455,135 206 250,Strength
J408-J409,MW1,,0.0207098086803076,0.0898058797036845,0.0898058797036845,135 206 250,Strength
J407-J408,LW1,,0.0209444864295694,0.0897769131507885,0.0897769131507885,135 206 250,Strength
K371-K365,0H1,1.4371308207133249e-08,0.0349804357768838,0.0897121771535574,0.0897121771535574,135 206 250,Strength
K661-K660,IM2,7.730605647258116e-06,0.0456530512674426,0.0896902450965241,0.0896902450965241,135 206 250,Strength
J505-J507,HY1,,0.027335100207256,0.0896652199928481,0.0896652199928481,135 206 250,Strength
J406-J407,KW1,,0.0209307636725643,0.0895793286267837,0.0895793286267837,135 206 250,Strength
K551-K571,LK2,5.286687686844482e-05,0.0292808726218405,0.0895431729606648,0.0895431729606648,135 206 250,Strength
K533-K524,2U2,0.000752370350705,0.0894199720839627,0.0589886509576062,0.0894199720839627,135 206 250,Lift
1566-1565,M70,5.4105728703900125e-06,0.087609136136607,0.0893855193115508,0.0893855193115508,135 206 250,Strength
J837-I020,VL4,7.251707517334039e-06,0.0276699298243502,0.0893086953066288,0.0893086953066288,135 206 250,Strength
J555-J557,EZ1,,0.0203464958895777,0.0892936022242108,0.0892936022242108,135 206 250,Strength
J472-J474,OX1,,0.0217805448013291,0.0891751965765398,0.0891751965765398,135 206 250,Strength
J390-J385,5W1,,0.0242790906192814,0.0890480551148043,0.0890480551148043,135 206 250,Strength
K362-K364,RG1,1.1305675665593688e-08,0.0338738928010416,0.0890387362897078,0.0890387362897078,135 206 250,Strength
I066-K460,GO4,2.799847325644409e-05,0.0247269454772789,0.0890041761822901,0.0890041761822901,135 206 250,Strength
J829-K729,7S2,0.0001894386108798,0.0417096599625615,0.0890035593969755,0.0890035593969755,135 206 250,Strength
J383-J378,YV1,,0.0299719146959244,0.088935442784663,0.088935442784663,135 206 250,Strength
J191-J187,HR1,1.7706618967738797e-06,0.0345413436519678,0.088883582809873,0.088883582809873,135 206 250,Strength
K673-K671,FV2,0.0002684779904297,0.0697666439340249,0.0888738017342172,0.0888738017342172,135 206 250,Strength
J409-J410,NW1,,0.0202526568279252,0.0888694384722963,0.0888694384722963,135 206 250,Strength
J482-J484,XX1,,0.0203803494145605,0.088681139250806,0.088681139250806,135 206 250,Strength
J341-K670,JTL,0.000277077112333,0.0468264163763377,0.0884925664520558,0.0884925664520558,135 206 250,Strength
3363-3130,HAE,0.001,0.0107302960053517,0.0883833699948995,0.0883833699948995,135 206 250,Strength
J826-K728,6S2,0.0001802474185019,0.0426646551058395,0.0883757866519004,0.0883757866519004,135 206 250,Strength
K525-I053,PN4,0.0006285677117928,0.0883181168572439,0.0737258475764906,0.0883181168572439,135 206 250,Lift
J754-J768,2R2,,0.0430163362298717,0.0882953527093756,0.0882953527093756,135 206 250,Strength
J598-J599,901,,0.0265105142696861,0.0882854034864251,0.0882854034864251,135 206 250,Strength
K599-J088,RU2,0.0006126462700573,0.0297056245826161,0.0882526012222437,0.0882526012222437,135 206 250,Strength
J405-J406,JW1,,0.0208842561143713,0.0882446225109366,0.0882446225109366,135 206 250,Strength
J136-J134,ZQ1,,0.0311945445133792,0.0882178656385267,0.0882178656385267,135 206 250,Strength
J541-J543,5Z1,,0.0221103732764399,0.0880849995321429,0.0880849995321429,135 206 250,Strength
J265-J259,MT1,,0.0283892231622568,0.088066954698706,0.088066954698706,135 206 250,Strength
K005-K019,O81,,0.0190451345029599,0.088051409249819,0.088051409249819,135 206 250,Strength
J230-J222,LS1,,0.0648927482679631,0.0879697025982493,0.0879697025982493,135 206 250,Strength
K732-K180,SV2,0.007947627336281,0.0228624733376656,0.0879611157523425,0.0879611157523425,135 206 250,Strength
K139-K156,3C1,1.2831514603782089e-05,0.0276760451251177,0.087925119591791,0.087925119591791,135 206 250,Strength
J742-J737,TQ2,0.0008874935040098,0.0231406025147943,0.0878122463885634,0.0878122463885634,135 206 250,Strength
J865-J879,S41,,0.0084565196441785,0.0876172871705309,0.0876172871705309,135 206 250,Strength
J470-J472,MX1,,0.0213632987553132,0.0873894899226816,0.0873894899226816,135 206 250,Strength
J578-J542,PP2,0.0011407734756711,0.0872980526973504,0.0546718545545701,0.0872980526973504,135 206 250,Lift
1455-1414,KT0,1.236371585035955e-07,0.0419878031722646,0.0872747298376921,0.0872747298376921,135 206 250,Strength
2517-2523,7Y2,2.303788942798822e-06,0.0250873330260424,0.0872660755231042,0.0872660755231042,135 206 250,Strength
1318-1319,US0,0.0,0.0606824650381419,0.0871855681955898,0.0871855681955898,135 206 250,Strength
J572-J536,WZ1,6.570090762827304e-07,0.027729831714815,0.0871705135078722,0.0871705135078722,135 206 250,Strength
J753-J767,1R2,,0.0443163382236454,0.0870454452167906,0.0870454452167906,135 206 250,Strength
K387-K388,HT2,,0.0869729416534536,0.0692354631805438,0.0869729416534536,135 206 250,Lift
J178-J176,3R1,,0.0275180529938586,0.086959359152562,0.086959359152562,135 206 250,Strength
K414-J633,XH1,3.146591383894282e-07,0.0305548993201386,0.0868623836600123,0.0868623836600123,135 206 250,Strength
I053-K528,QN4,0.0011544093128554,0.0868235029011574,0.0841713820184762,0.0868235029011574,135 206 250,Lift
K409-J289,VH1,1.580249494122473e-07,0.0671279394305463,0.0868177242328163,0.0868177242328163,135 206 250,Strength
2166-G170,IA0,0.048,0.0203206642486223,0.086809543410147,0.086809543410147,135 206 250,Strength
J410-J411,OW1,,0.0196319950440515,0.0868027715373403,0.0868027715373403,135 206 250,Strength
J794-J820,QR2,,0.0248423896499959,0.086726688912508,0.086726688912508,135 206 250,Strength
I050-K656,KN4,0.0005807503971894,0.0722191409435664,0.0865821095584428,0.0865821095584428,135 206 250,Strength
J460-J462,CX1,,0.0244457382834189,0.0865529872365104,0.0865529872365104,135 206 250,Strength
J855-K738,AS2,0.0001554220415658,0.034675497915954,0.0864033413287497,0.0864033413287497,135 206 250,Strength
J181-J178,6R1,,0.0273759619126002,0.086340343799311,0.086340343799311,135 206 250,Strength
K011-K027,U81,,0.027722508874909,0.0861756879595348,0.0861756879595348,135 206 250,Strength
J995-K011,E81,,0.028687530287716,0.086024509358034,0.086024509358034,135 206 250,Strength
J176-J173,1R1,,0.0278661528876633,0.0859836037838361,0.0859836037838361,135 206 250,Strength
J218-J212,8S1,,0.0763070959196275,0.0859565687679691,0.0859565687679691,135 206 250,Strength
J858-K739,BS2,0.0001499687110557,0.033618133730149,0.0859367006544879,0.0859367006544879,135 206 250,Strength
J404-J405,IW1,,0.0204964836155556,0.0857335361101343,0.0857335361101343,135 206 250,Strength
J798-J817,UR2,,0.0355815529788239,0.0857005207742857,0.0857005207742857,135 206 250,Strength
K528-J272,1U2,0.0011544082557857,0.0851761071543427,0.0856839288031779,0.0856839288031779,135 206 250,Strength
J484-J486,YX1,,0.0196188121374265,0.0856565396932784,0.0856565396932784,135 206 250,Strength
J522-J509,PY1,,0.0214590902156642,0.0855868960072182,0.0855868960072182,135 206 250,Strength
J791-J805,I31,0.0001163987565303,0.0286407337364617,0.0855722778125312,0.0855722778125312,135 206 250,Strength
J981-J995,081,,0.029375147244483,0.0855492921014479,0.0855492921014479,135 206 250,Strength
J777-J791,C31,0.0001174583860614,0.0286612178734777,0.0854407859321601,0.0854407859321601,135 206 250,Strength
J615-J617,U01,,0.0211136230607544,0.0853488935463569,0.0853488935463569,135 206 250,Strength
J503-J505,FY1,,0.0273450493446914,0.0851654767942338,0.0851654767942338,135 206 250,Strength
K524-K527,YT2,0.0033108151161803,0.0851202435989081,0.0636795199821993,0.0851202435989081,135 206 250,Lift
J763-J777,631,,0.0283637103824757,0.0851164368075531,0.0851164368075531,135 206 250,Strength
J557-J559,FZ1,,0.0194930819667002,0.0850966714601375,0.0850966714601375,135 206 250,Strength
J180-J177,5R1,,0.0312273478358658,0.0850902217120918,0.0850902217120918,135 206 250,Strength
4953-S009,SE0,0.0006459448472794,0.0301738737961915,0.0850865887730541,0.0850865887730541,135 206 250,Strength
2506-2505,QW0,2.729670491191165e-05,0.0387356594013335,0.085078065318064,0.085078065318064,135 206 250,Strength
K249-J834,KD1,6.703079156185556e-05,0.0194345069302553,0.0850671528192555,0.0850671528192555,135 206 250,Strength
J182-J180,7R1,,0.0314343852012411,0.0850234192386255,0.0850234192386255,135 206 250,Strength
K027-K043,A91,,0.0265727625626244,0.0849905208402478,0.0849905208402478,135 206 250,Strength
J289-J267,1U1,,0.0377822295622596,0.0848839057919789,0.0848839057919789,135 206 250,Strength
J475-J437,RX1,1.8080211216113765e-06,0.0200316740797343,0.0848757659972458,0.0848757659972458,135 206 250,Strength
J805-J815,O31,,0.0287770369510826,0.0847920108124757,0.0847920108124757,135 206 250,Strength
K260-K253,VD1,1.3171207005006416e-05,0.0298207806769938,0.0845273074169061,0.0845273074169061,135 206 250,Strength
J446-J449,XO2,,0.0845256648825171,0.0678418777757136,0.0845256648825171,135 206 250,Lift
K173-K182,VS2,0.0001573532815998,0.034513873164562,0.0844836588680141,0.0844836588680141,135 206 250,Strength
J184-J181,9R1,,0.0262898222999541,0.084346361098104,0.084346361098104,135 206 250,Strength
J385-J386,0W1,,0.0229955158685,0.0841912228485947,0.0841912228485947,135 206 250,Strength
K493-K406,PJ2,8.513083905203616e-07,0.0794744832977341,0.08417757992645,0.08417757992645,135 206 250,Strength
K646-K658,0V2,9.956856859883034e-05,0.0841223019197707,0.0792512102247676,0.0841223019197707,135 206 250,Lift
J261-J255,GT1,,0.0481885785720673,0.0840425164575498,0.0840425164575498,135 206 250,Strength
J080-J077,4P1,6.098529299963975e-08,0.0118486180526385,0.0840374589964272,0.0840374589964272,135 206 250,Strength
J177-J174,2R1,,0.0309149166457614,0.0840007820924969,0.0840007820924969,135 206 250,Strength
J185-J182,AR1,,0.0315581343601794,0.0839594175644956,0.0839594175644956,135 206 250,Strength
J916-J928,761,,0.0468522171219251,0.0839388969009036,0.0839388969009036,135 206 250,Strength
K299-J532,ZF1,4.559290390304359e-07,0.0308281881720644,0.0839344759321037,0.0839344759321037,135 206 250,Strength
J963-J981,I71,,0.0297401176006989,0.0839071694704061,0.0839071694704061,135 206 250,Strength
J928-J942,J61,,0.0496721803649401,0.0838930827679165,0.0838930827679165,135 206 250,Strength
J267-J261,OT1,,0.0432869263378671,0.0838733188457267,0.0838733188457267,135 206 250,Strength
J619-J598,011,,0.0263786087830677,0.0838661733286581,0.0838661733286581,135 206 250,Strength
J449-J438,ZP2,,0.0838623449043573,0.0708781184835264,0.0838623449043573,135 206 250,Lift
K025-K039,891,,0.0245813545660062,0.0838520488000491,0.0838520488000491,135 206 250,Strength
J539-J541,4Z1,,0.0213981054617438,0.0838433921207211,0.0838433921207211,135 206 250,Strength
K467-K455,6J2,3.64669889849263e-06,0.0323030297883968,0.0838389434600973,0.0838389434600973,135 206 250,Strength
J468-J470,KX1,,0.0206957639383945,0.0837683801929523,0.0837683801929523,135 206 250,Strength
J411-J412,PW1,,0.0189218053050378,0.0836584631609816,0.0836584631609816,135 206 250,Strength
K013-K025,W81,,0.0253923060421994,0.0835497283678788,0.0835497283678788,135 206 250,Strength
K026-K040,991,,0.025153497620106,0.083501653627355,0.083501653627355,135 206 250,Strength
J173-J171,YQ1,,0.0277170326608548,0.0834201958342738,0.0834201958342738,135 206 250,Strength
J382-J383,XV1,,0.0299625865794119,0.0834104374987517,0.0834104374987517,135 206 250,Strength
I051-K542,MN4,0.0007517647456047,0.0653171746715438,0.0833677950393671,0.0833677950393671,135 206 250,Strength
J999-K013,I81,,0.0261574923141308,0.0833573233980765,0.0833573233980765,135 206 250,Strength
K268-J848,3E1,7.886463769068183e-05,0.0253404792561784,0.0833559066617171,0.0833559066617171,135 206 250,Strength
J785-J799,NR2,0.0213503715848203,0.0369687234175699,0.0833316389030379,0.0833316389030379,135 206 250,Strength
J902-J916,T51,,0.044275997408583,0.0833268160892646,0.0833268160892646,135 206 250,Strength
K014-K026,X81,,0.0261055130740657,0.0832986792630204,0.0832986792630204,135 206 250,Strength
J399-K568,DW1,4.873779672452216e-05,0.0337839299947733,0.083209916516773,0.083209916516773,135 206 250,Strength
J830-K730,8S2,9.104047793976004e-05,0.0377503306610613,0.0832007801570683,0.0832007801570683,135 206 250,Strength
J197-J184,NR1,,0.0252413556868486,0.0831876377606879,0.0831876377606879,135 206 250,Strength
J063-J743,GP4,0.0,0.0453851614975496,0.0831552929864947,0.0831552929864947,135 206 250,Strength
K692-J162,RM2,3.5726014635529336e-06,0.0117140193558542,0.083134675463278,0.083134675463278,135 206 250,Strength
J786-J800,OR2,0.0217473348095692,0.0366485009901601,0.0830416428595807,0.0830416428595807,135 206 250,Strength
J516-J518,BP2,,0.0629495563246474,0.0829220897064026,0.0829220897064026,135 206 250,Strength
K000-K014,J81,,0.026813952745316,0.0828824129711902,0.0828824129711902,135 206 250,Strength
J542-J584,IP2,0.0013362102598907,0.0828500690127634,0.0585375125162077,0.0828500690127634,135 206 250,Lift
J134-J132,XP1,,0.0329102830966962,0.0828127398980157,0.0828127398980157,135 206 250,Strength
J927-J941,I61,,0.0546414745834129,0.0827596769395028,0.0827596769395028,135 206 250,Strength
K039-K051,M91,,0.0235874312143895,0.0826962328311987,0.0826962328311987,135 206 250,Strength
J189-J185,FR1,,0.0316117103854427,0.0826671080531158,0.0826671080531158,135 206 250,Strength
K137-K155,2C1,2.153924220933369e-06,0.0297134162763937,0.0826656503633614,0.0826656503633614,135 206 250,Strength
K006-K020,P81,,0.0207477024336656,0.0826624781468742,0.0826624781468742,135 206 250,Strength
J913-J927,461,,0.0523732605935552,0.0826597306106975,0.0826597306106975,135 206 250,Strength
J255-J249,AT1,,0.0518459285531356,0.0826439172265323,0.0826439172265323,135 206 250,Strength
J815-I027,9M4,9.449388687921591e-06,0.0281905795488346,0.0826205321278061,0.0826205321278061,135 206 250,Strength
K043-K055,Q91,,0.0252874945811954,0.082579277818318,0.082579277818318,135 206 250,Strength
J941-J955,W61,,0.0559819674316408,0.0825661208942452,0.0825661208942452,135 206 250,Strength
J872-J884,Z51,,0.0168212350330708,0.0825603778958246,0.0825603778958246,135 206 250,Strength
K040-K052,N91,,0.0241845710675111,0.0824872464775797,0.0824872464775797,135 206 250,Strength
J877-J891,451,,0.0089859953286782,0.0822897093112174,0.0822897093112174,135 206 250,Strength
I029-J473,EM4,1.4648435909192636e-05,0.029476877076827,0.0821395985111263,0.0821395985111263,135 206 250,Strength
J359-J355,IV1,,0.0430273124631699,0.0821041139776431,0.0821041139776431,135 206 250,Strength
2198-2296,VR4,0.00315671297722,0.0415472562241886,0.0820918637543995,0.0820918637543995,135 206 250,Strength
J403-J404,HW1,,0.0197109662004306,0.0820725754782956,0.0820725754782956,135 206 250,Strength
I030-J370,GM4,1.9146177309907905e-05,0.0344665506127257,0.0820626766753845,0.0820626766753845,135 206 250,Strength
1122-G308,0A0,0.001,0.0172534746486408,0.082023333214038,0.082023333214038,135 206 250,Strength
3645-3556,PX2,0.0001907399498914,0.0687966295449497,0.0819880937162778,0.0819880937162778,135 206 250,Strength
J942-J956,X61,,0.0529075713912475,0.0818991451034386,0.0818991451034386,135 206 250,Strength
K343-K341,8G1,2.5419459696572812e-08,0.0319542771397514,0.0818178681349323,0.0818178681349323,135 206 250,Strength
J174-J172,ZR1,,0.0304891015725635,0.0817327618192867,0.0817327618192867,135 206 250,Strength
J985-J999,481,,0.0266658004087913,0.0817202726514463,0.0817202726514463,135 206 250,Strength
K386-J635,GT2,,0.0739145149592865,0.081712209857517,0.081712209857517,135 206 250,Strength
J481-I029,DM4,1.4648415407790966e-05,0.0455919042240718,0.0816264986695978,0.0816264986695978,135 206 250,Strength
J899-J913,Q51,,0.0489788819741687,0.0814459629426285,0.0814459629426285,135 206 250,Strength
K246-K242,HD1,9.72593446418733e-06,0.0209317617448876,0.0814206514334934,0.0814206514334934,135 206 250,Strength
K388-K386,IT2,,0.0813928358713564,0.0601220521399987,0.0813928358713564,135 206 250,Lift
J486-J488,ZY1,,0.0187980103947513,0.0813678352285259,0.0813678352285259,135 206 250,Strength
K474-K468,DJ2,9.51562511130464e-07,0.0531418595193353,0.0813456548461484,0.0813456548461484,135 206 250,Strength
K339-K336,4G1,3.3600519068689e-08,0.0328343306575405,0.0813112862813841,0.0813112862813841,135 206 250,Strength
J986-K000,581,,0.0274163712156361,0.0813081855727919,0.0813081855727919,135 206 250,Strength
K735-J763,HN2,0.0087104039996759,0.0266996391708139,0.0812771917466067,0.0812771917466067,135 206 250,Strength
J374-I030,FM4,1.914619902011129e-05,0.046416720454493,0.0812500705211764,0.0812500705211764,135 206 250,Strength
J212-J206,2S1,,0.0758402462645331,0.0812201391006341,0.0812201391006341,135 206 250,Strength
K012-K028,V81,,0.0280571144014195,0.0811811496325359,0.0811811496325359,135 206 250,Strength
J135-J133,YP1,,0.05155354186208,0.0811555626620175,0.0811555626620175,135 206 250,Strength
I019-K245,UL4,4.846453439412577e-05,0.018671079226496,0.0810244914290987,0.0810244914290987,135 206 250,Strength
J947-J963,271,,0.0296823620060154,0.0809813016601308,0.0809813016601308,135 206 250,Strength
J438-I048,FN4,0.000167035852013,0.0809528340890832,0.0710724354614244,0.0809528340890832,135 206 250,Lift
I040-K513,0N4,1.2328681513209144e-06,0.0801930513168514,0.0809154223448345,0.0809154223448345,135 206 250,Strength
K366-K369,VG1,1.8770685082369728e-08,0.0334535049610962,0.0808842947523722,0.0808842947523722,135 206 250,Strength
E057-4143,S00,3.93741629891852e-08,0.0596988458620838,0.0808248583943836,0.0808248583943836,135 206 250,Strength
J888-J902,F51,,0.0402613127816336,0.0807909447999274,0.0807909447999274,135 206 250,Strength
J996-K012,F81,,0.0290485158992049,0.0807821755054309,0.0807821755054309,135 206 250,Strength
K390-K416,FH1,6.410475761472059e-05,0.0443277907643225,0.0806398961032315,0.0806398961032315,135 206 250,Strength
K507-K522,XJ2,3.538227375348082e-07,0.0802638648152392,0.0806384207705362,0.0806384207705362,135 206 250,Strength
K300-J463,0F1,4.765853672197021e-07,0.029896765022499,0.0805483578026617,0.0805483578026617,135 206 250,Strength
J077-J069,2P1,,0.013871273711873,0.0805249481543099,0.0805249481543099,135 206 250,Strength
K028-K044,B91,,0.0268632226220472,0.0804973958892011,0.0804973958892011,135 206 250,Strength
J192-J189,IR1,,0.0316820501020533,0.0804294695959764,0.0804294695959764,135 206 250,Strength
K051-K065,Y91,,0.0226016712658291,0.080424580015887,0.080424580015887,135 206 250,Strength
K052-K066,ZA1,,0.0231270206070833,0.080373325528489,0.080373325528489,135 206 250,Strength
K250-J838,MD1,9.565667843884057e-06,0.030054936052342,0.0803609306265393,0.0803609306265393,135 206 250,Strength
J955-J969,A71,,0.0566137480358798,0.0802982965532297,0.0802982965532297,135 206 250,Strength
J069-J056,WO1,,0.0157734791966001,0.0802947771703227,0.0802947771703227,135 206 250,Strength
K527-J277,0U2,0.0033108139739818,0.0802502737613058,0.0644665625237267,0.0802502737613058,135 206 250,Lift
J495-J503,7Y1,,0.0266813631097244,0.0802492367434729,0.0802492367434729,135 206 250,Strength
K549-J580,AU2,4.958891982633704e-05,0.0800988393697993,0.0678119465622962,0.0800988393697993,135 206 250,Lift
J584-J538,UP2,0.001333808629805,0.0800712133857082,0.0732258234618453,0.0800712133857082,135 206 250,Lift
J982-J996,181,,0.0297496283232095,0.0800476244775533,0.0800476244775533,135 206 250,Strength
J249-J245,4T1,,0.0543944841273029,0.0800251285927626,0.0800251285927626,135 206 250,Strength
I042-K296,4N4,1.4696920139897884e-05,0.0240710949411695,0.0800085013871011,0.0800085013871011,135 206 250,Strength
J466-J468,IX1,,0.0194005015251131,0.0800003854190851,0.0800003854190851,135 206 250,Strength
J559-J561,GZ1,,0.0186864758827467,0.0799576685661608,0.0799576685661608,135 206 250,Strength
I069-K153,MO4,2.949717682399728e-05,0.0287918861098371,0.0798388423629515,0.0798388423629515,135 206 250,Strength
J222-J216,DS1,,0.0593254871294697,0.079808694611212,0.079808694611212,135 206 250,Strength
J412-J413,QW1,,0.0181566373768461,0.0796903584816463,0.0796903584816463,135 206 250,Strength
K573-I042,3N4,1.7797175052841877e-05,0.032266379866462,0.0796450107177957,0.0796450107177957,135 206 250,Strength
J750-J746,YQ2,0.0006010962435362,0.0216691511063215,0.0796300777249169,0.0796300777249169,135 206 250,Strength
J509-J513,KY1,,0.0203698963473447,0.07958165857511,0.07958165857511,135 206 250,Strength
J617-J607,Z11,,0.0201097708007066,0.0795812020360569,0.0795812020360569,135 206 250,Strength
J800-J819,WR2,,0.0365883853736189,0.0794756591749998,0.0794756591749998,135 206 250,Strength
J799-J818,VR2,,0.0368609267949598,0.0794755660248538,0.0794755660248538,135 206 250,Strength
I070-K154,OO4,2.976635813324974e-05,0.0277457643702266,0.079451843388924,0.079451843388924,135 206 250,Strength
K436-I069,LO4,2.9497161723991386e-05,0.0331674077727678,0.0793914412113982,0.0793914412113982,135 206 250,Strength
J537-J539,3Z1,,0.0199801699155796,0.0793175528781567,0.0793175528781567,135 206 250,Strength
J056-J051,OO1,,0.0170747406954877,0.0792606181863278,0.0792606181863278,135 206 250,Strength
K337-K333,2G1,4.2726533245039765e-08,0.0336271119389581,0.0792450377949766,0.0792450377949766,135 206 250,Strength
J455-J452,AX1,,0.0455202348482879,0.0791278087012559,0.0791278087012559,135 206 250,Strength
I043-K297,6N4,1.9829585354195924e-05,0.0231616618706784,0.0790594118038242,0.0790594118038242,135 206 250,Strength
K055-K067,2A1,,0.0239343382989679,0.0789958162297362,0.0789958162297362,135 206 250,Strength
J885-J899,C51,,0.044936267216085,0.0788687412590237,0.0788687412590237,135 206 250,Strength
K365-K368,UG1,1.0698942301935432e-08,0.031783760997419,0.0788432953351989,0.0788432953351989,135 206 250,Strength
K301-J398,1F1,1.7258139623982271e-06,0.0245649116364567,0.0788240078155619,0.0788240078155619,135 206 250,Strength
4148-E061,YZ0,3.5069551113387445e-08,0.0604931372859062,0.078723023547519,0.078723023547519,135 206 250,Strength
J971-J985,Q71,,0.0268917938785866,0.0786052294200501,0.0786052294200501,135 206 250,Strength
K044-K056,R91,,0.0255319881462707,0.0785902892030292,0.0785902892030292,135 206 250,Strength
J779-J793,HR2,0.0226174891798533,0.0350391530838462,0.0785171229727962,0.0785171229727962,135 206 250,Strength
J183-J179,8R1,,0.0570450899006123,0.0784945096895859,0.0784945096895859,135 206 250,Strength
J016-J011,KN1,,0.0473640511990096,0.0784916873626539,0.0784916873626539,135 206 250,Strength
J625-J619,611,,0.0256904736487136,0.0784828529619123,0.0784828529619123,135 206 250,Strength
J091-K473,BP1,6.288814873406528e-06,0.0330705607910001,0.0783635372114623,0.0783635372114623,135 206 250,Strength
K575-I043,5N4,1.982960277692731e-05,0.0292309682401682,0.0783521249330861,0.0783521249330861,135 206 250,Strength
J972-J986,R71,,0.0277311107500737,0.07830209179192,0.07830209179192,135 206 250,Strength
J964-J982,J71,,0.0301256649509118,0.0782341059193257,0.0782341059193257,135 206 250,Strength
J386-J387,1W1,,0.0217580499923163,0.0782270205964727,0.0782270205964727,135 206 250,Strength
J172-J169,XQ1,,0.0298890397144865,0.0781986260532694,0.0781986260532694,135 206 250,Strength
K364-K358,TG1,8.380808578770735e-09,0.0308071221695219,0.0781247929985152,0.0781247929985152,135 206 250,Strength
J340-J335,BV1,,0.021365094504644,0.0780084527240703,0.0780084527240703,135 206 250,Strength
J196-J192,MR1,,0.0323430979390932,0.077853860883942,0.077853860883942,135 206 250,Strength
J956-J970,B71,,0.0553860805908008,0.0778410443235231,0.0778410443235231,135 206 250,Strength
I026-K261,8M4,5.707709436615602e-05,0.0260336993080454,0.0777960627410812,0.0777960627410812,135 206 250,Strength
J931-J947,M61,,0.0296710968331506,0.0777673531015517,0.0777673531015517,135 206 250,Strength
J132-J130,VP1,,0.0337478778569402,0.0777331521123788,0.0777331521123788,135 206 250,Strength
K564-K563,EU2,5.14112654597638e-05,0.0775375998552175,0.0683410274161865,0.0775375998552175,135 206 250,Lift
K476-K478,OT2,0.000159542953128,0.0270694568159208,0.0775289549302391,0.0775289549302391,135 206 250,Strength
J878-J892,551,,0.015439638566906,0.0775129857011063,0.0775129857011063,135 206 250,Strength
CA10-CA09,9F0,1.659631115886673e-07,0.0444091198839438,0.0774715881923224,0.0774715881923224,135 206 250,Strength
K659-K636,6V2,6.814763557777588e-05,0.0773429624300008,0.0586212272917361,0.0773429624300008,135 206 250,Lift
K468-K456,7J2,3.325191050908345e-07,0.050345096535073,0.0772846435030712,0.0772846435030712,135 206 250,Strength
J991-K005,A81,,0.0206929979857358,0.0772690450143317,0.0772690450143317,135 206 250,Strength
J402-J403,GW1,,0.0184533646432745,0.0772594399247371,0.0772594399247371,135 206 250,Strength
2146-2280,LX2,2.813612949741148e-05,0.0354056803357185,0.0772556011495064,0.0772556011495064,135 206 250,Strength
J768-J782,BR2,0.0196789570236555,0.0443382445643385,0.0772256344602589,0.0772256344602589,135 206 250,Strength
K360-K354,PG1,7.525480479326224e-09,0.0303121224014227,0.07722428201274,0.07722428201274,135 206 250,Strength
J051-J046,JO1,,0.0179768289657762,0.0771612451277636,0.0771612451277636,135 206 250,Strength
K297-K292,WE1,6.253987927712347e-07,0.0212208384230655,0.0771402022635637,0.0771402022635637,135 206 250,Strength
K066-K078,EA1,,0.0221033469950263,0.0771108655524039,0.0771108655524039,135 206 250,Strength
K065-K077,DA1,,0.0216110777696002,0.0770200285768147,0.0770200285768147,135 206 250,Strength
J258-J252,DT1,,0.0334233702845205,0.0768397327775179,0.0768397327775179,135 206 250,Strength
J163-J161,OQ1,,0.0320630672251391,0.0768206990993325,0.0768206990993325,135 206 250,Strength
J381-J382,WV1,,0.0295786186136345,0.0768100777331651,0.0768100777331651,135 206 250,Strength
K351-K347,GG1,1.2655084917339216e-08,0.0301370223135629,0.0766261083574159,0.0766261083574159,135 206 250,Strength
J245-J241,0T1,,0.0562138124495303,0.0765974758218148,0.0765974758218148,135 206 250,Strength
J969-J983,O71,,0.0566518250408733,0.0762698919582079,0.0762698919582079,135 206 250,Strength
J488-J490,0Y1,,0.0180019069420471,0.0761619187114683,0.0761619187114683,135 206 250,Strength
I036-K493,SM4,8.532056880584177e-07,0.0760950477358295,0.0733524217778586,0.0760950477358295,135 206 250,Lift
J202-J197,SR1,,0.0272563719068983,0.0760293760894665,0.0760293760894665,135 206 250,Strength
J874-J888,151,,0.0358665814431944,0.075830466825503,0.075830466825503,135 206 250,Strength
K054-K064,1A1,,0.017452942237175,0.0757352292879825,0.0757352292879825,135 206 250,Strength
3554-3645,322,0.0004138626673547,0.0629139123298501,0.0757154806805183,0.0757154806805183,135 206 250,Strength
K406-K409,SH1,1.5802481619196798e-07,0.0756476392624661,0.0747395462095594,0.0756476392624661,135 206 250,Lift
K678-K680,HV2,0.0003136613561952,0.0621954994214592,0.0755873872764715,0.0755873872764715,135 206 250,Strength
K056-K068,3A1,,0.0241139495649829,0.0755325327503737,0.0755325327503737,135 206 250,Strength
J342-J344,CV1,,0.0300345132540105,0.0755167091531563,0.0755167091531563,135 206 250,Strength
J413-J414,RW1,,0.0174089618144638,0.0754589195887614,0.0754589195887614,135 206 250,Strength
K064-K076,BA1,,0.0164238162601017,0.0754199001846444,0.0754199001846444,135 206 250,Strength
J365-J359,JV1,0.0001072151325308,0.0410646670209992,0.0753863832526735,0.0753863832526735,135 206 250,Strength
1365-1366,EW2,9.18596626322518e-06,0.0753851878769272,0.0751987465444958,0.0753851878769272,135 206 250,Lift
J100-J097,JP1,1.1849451113065351e-08,0.0124033883891136,0.0753703098339426,0.0753703098339426,135 206 250,Strength
J948-J964,371,,0.030140146064009,0.0753687652768771,0.0753687652768771,135 206 250,Strength
J533-K566,0Z1,6.610478986112662e-05,0.0278590004903674,0.0753674985824548,0.0753674985824548,135 206 250,Strength
I048-K673,GN4,0.0002686125451833,0.0753238357984244,0.0696483323205105,0.0753238357984244,135 206 250,Lift
J206-J203,WR1,,0.0746163351205944,0.0752245336849307,0.0752245336849307,135 206 250,Strength
J793-J807,PR2,,0.0351311947135257,0.075159918629945,0.075159918629945,135 206 250,Strength
K660-K662,HM2,5.385188636377437e-06,0.0442955029867723,0.0750997193796962,0.0750997193796962,135 206 250,Strength
J844-J869,C41,,0.0174682257397781,0.075053339604536,0.075053339604536,135 206 250,Strength
K042-K054,P91,,0.0184867702015447,0.0750093924012348,0.0750093924012348,135 206 250,Strength
J162-J160,NQ1,,0.0137527262940048,0.0746226283108795,0.0746226283108795,135 206 250,Strength
J259-J253,ET1,,0.0309920611856989,0.0746172131532663,0.0746172131532663,135 206 250,Strength
J022-J017,QN1,,0.0416852046572383,0.0744843401538214,0.0744843401538214,135 206 250,Strength
J866-J880,T41,,0.0089973328842887,0.0744748150766779,0.0744748150766779,135 206 250,Strength
3133-3554,LAJ,0.0016913561773108,0.0512346951184609,0.074392250809345,0.074392250809345,135 206 250,Strength
J363-K555,GO2,0.0001923323999385,0.0642442494623734,0.0743520528897344,0.0743520528897344,135 206 250,Strength
K067-K081,FA1,,0.0225360670530779,0.0743506520042577,0.0743506520042577,135 206 250,Strength
J082-K474,5P1,9.515626010821712e-07,0.0504845532342124,0.0741112287082371,0.0741112287082371,135 206 250,Strength
J957-J971,C71,,0.02689820516475,0.0741059757639535,0.0741059757639535,135 206 250,Strength
K352-K348,HG1,9.681786474956141e-09,0.0298669081959566,0.0740812435660199,0.0740812435660199,135 206 250,Strength
K425-K426,7I1,,0.0143681079324556,0.0739912661674569,0.0739912661674569,135 206 250,Strength
J863-J885,Q41,,0.0395763744830054,0.0739683812322504,0.0739683812322504,135 206 250,Strength
I031-J570,IM4,4.500208287572692e-06,0.0325708755011803,0.0739418982203938,0.0739418982203938,135 206 250,Strength
K424-K425,6I1,,0.016418756960595,0.0739044936552549,0.0739044936552549,135 206 250,Strength
J447-I049,HN4,0.0002393081902846,0.0424931341805343,0.0738755737668197,0.0738755737668197,135 206 250,Strength
J046-J043,EO1,,0.0184444204631517,0.0738579934113747,0.0738579934113747,135 206 250,Strength
J577-I031,HM4,4.695166139773609e-05,0.0516915653890246,0.0738071759905468,0.0738071759905468,135 206 250,Strength
J464-J466,GX1,,0.0178070558345295,0.0737899212345921,0.0737899212345921,135 206 250,Strength
K477-K476,QT2,0.0002900351149683,0.0287973851357864,0.0737662513874932,0.0737662513874932,135 206 250,Strength
K030-K042,D91,,0.0194674813423649,0.0737647767900379,0.0737647767900379,135 206 250,Strength
J322-J330,VU1,,0.0292762168934858,0.0737049189391594,0.0737049189391594,135 206 250,Strength
J992-K006,B81,,0.0225046611430032,0.0736964240465958,0.0736964240465958,135 206 250,Strength
J958-J972,D71,,0.027690255461492,0.0736772470402544,0.0736772470402544,135 206 250,Strength
K076-K086,OA1,,0.0154382563520285,0.0736268390488267,0.0736268390488267,135 206 250,Strength
J201-J196,RR1,,0.0351149447531865,0.0735873448771209,0.0735873448771209,135 206 250,Strength
K657-K631,4V2,0.0015166427245973,0.0647980300724817,0.0735724993651787,0.0735724993651787,135 206 250,Strength
K426-K628,8I1,,0.0122314591042303,0.0735176047864801,0.0735176047864801,135 206 250,Strength
J561-J563,JZ1,,0.0178800779228492,0.0734976965151402,0.0734976965151402,135 206 250,Strength
K021-K035,491,,0.019442346881547,0.073436580902783,0.073436580902783,135 206 250,Strength
J169-J167,UQ1,,0.0290477826534491,0.07334503643001,0.07334503643001,135 206 250,Strength
J535-J537,1Z1,,0.0184738931775627,0.0733143227715068,0.0733143227715068,135 206 250,Strength
S009-4961,NE0,0.0005907500118237,0.0335174669043334,0.0733133163876703,0.0733133163876703,135 206 250,Strength
K420-K424,2I1,,0.0183339296337429,0.0732827697794281,0.0732827697794281,135 206 250,Strength
K007-K021,Q81,,0.0198026985963357,0.073267260517847,0.073267260517847,135 206 250,Strength
K671-K674,DV2,0.0002988892112483,0.066766033624655,0.0732410484677082,0.0732410484677082,135 206 250,Strength
K596-J089,OU2,0.0013515651064184,0.0275355869426983,0.0732147454345608,0.0732147454345608,135 206 250,Strength
K035-K049,I91,,0.0189887590656423,0.0732082593221383,0.0732082593221383,135 206 250,Strength
K626-K627,0M2,,0.020042244235533,0.0731855299413664,0.0731855299413664,135 206 250,Strength
K359-K353,OG1,9.097113851556528e-09,0.0298804382823679,0.0731555362289462,0.0731555362289462,135 206 250,Strength
J493-J495,5Y1,,0.0258414195682098,0.0731238651470397,0.0731238651470397,135 206 250,Strength
J917-J931,861,,0.0291624571506233,0.0730438723251351,0.0730438723251351,135 206 250,Strength
K253-K267,OD1,1.2525721744201652e-05,0.0284509391535485,0.0730234140358083,0.0730234140358083,135 206 250,Strength
K078-K088,QA1,,0.0211460797301704,0.0728640690114251,0.0728640690114251,135 206 250,Strength
J130-J128,TP1,,0.0338706835036832,0.0728550821965644,0.0728550821965644,135 206 250,Strength
J767-J781,AR2,0.0204315162357828,0.0454215972680135,0.0728338358650944,0.0728338358650944,135 206 250,Strength
J203-J199,TR1,,0.0728325170285536,0.0706248491042175,0.0728325170285536,135 206 250,Lift
J607-J609,K01,,0.0191751420648651,0.0727914987782426,0.0727914987782426,135 206 250,Strength
J871-J883,Y41,,0.0134766833176107,0.0726794801872265,0.0726794801872265,135 206 250,Strength
K077-K087,PA1,,0.0206859515560597,0.0726225455283394,0.0726225455283394,135 206 250,Strength
J512-J514,9P2,,0.0725322499692079,0.0525371243948635,0.0725322499692079,135 206 250,Lift
J513-J515,LY1,,0.0194131143353595,0.0724883484414344,0.0724883484414344,135 206 250,Strength
J073-J060,0P1,,0.0161712133278238,0.0723864818355396,0.0723864818355396,135 206 250,Strength
J097-J073,GP1,,0.0143515736106605,0.0723306540121164,0.0723306540121164,135 206 250,Strength
K449-J082,OI1,7.0312213084637145e-06,0.0440142109967542,0.0722968103180439,0.0722968103180439,135 206 250,Strength
J993-K007,C81,,0.0199901900743895,0.0722197654104342,0.0722197654104342,135 206 250,Strength
2561-G335,9J1,0.016,0.0314221026602012,0.0722140518753424,0.0722140518753424,135 206 250,Strength
K628-K711,2M2,3.9976419638743265e-09,0.0132018436090343,0.0721643116178745,0.0721643116178745,135 206 250,Strength
J209-J202,ZS1,,0.0295021389322751,0.0720583625645785,0.0720583625645785,135 206 250,Strength
K113-K372,SB1,2.3771800730910512e-08,0.0321829193690501,0.0720465265697637,0.0720465265697637,135 206 250,Strength
J519-J521,DP2,0.0182295622121365,0.0442759762092522,0.072042462862833,0.072042462862833,135 206 250,Strength
J606-J608,J01,,0.0168348339153432,0.0719506707223685,0.0719506707223685,135 206 250,Strength
J241-J235,WS1,,0.0570407019708006,0.0719453955992112,0.0719453955992112,135 206 250,Strength
K049-K061,W91,,0.0184791884132565,0.0718844853942415,0.0718844853942415,135 206 250,Strength
2535-2536,I02,1.3378606013385874e-05,0.0122769683931587,0.0717943845802274,0.0717943845802274,135 206 250,Strength
J358-J365,DO2,0.0001077256274937,0.03798994289566,0.0717822838836678,0.0717822838836678,135 206 250,Strength
J393-J381,8W1,,0.0286991434304091,0.0717794810794862,0.0717794810794862,135 206 250,Strength
J970-J984,P71,,0.0571215408019973,0.0717544352061554,0.0717544352061554,135 206 250,Strength
J060-J054,SO1,,0.0175345462338944,0.0717460577670821,0.0717460577670821,135 206 250,Strength
K419-K420,1I1,,0.0200745020173159,0.0716460968871675,0.0716460968871675,135 206 250,Strength
J634-J636,F11,,0.0105181013643458,0.0715502607682395,0.0715502607682395,135 206 250,Strength
K068-K082,GA1,,0.0227194903838009,0.0714376004447436,0.0714376004447436,135 206 250,Strength
J632-J634,C11,,0.0125191751787596,0.071405186313583,0.071405186313583,135 206 250,Strength
K341-K342,6G1,1.8855405227730743e-08,0.0288460935840853,0.071362169124858,0.071362169124858,135 206 250,Strength
J401-J402,FW1,,0.0166898258878087,0.0713288259457473,0.0713288259457473,135 206 250,Strength
K456-J084,VI1,3.325190621301269e-07,0.0438570225980949,0.0713135256724119,0.0713135256724119,135 206 250,Strength
J432-J433,OO2,,0.0381011903552484,0.0712645614124035,0.0712645614124035,135 206 250,Strength
J387-J424,2W1,,0.0206404893833005,0.0712630364713513,0.0712630364713513,135 206 250,Strength
J630-J632,B11,,0.014438039915022,0.0712529759388986,0.0712529759388986,135 206 250,Strength
K031-K045,E91,,0.0179358773171165,0.071186260425696,0.071186260425696,135 206 250,Strength
J434-J435,QO2,,0.0454540061711506,0.0711775201760474,0.0711775201760474,135 206 250,Strength
J133-J131,WP1,,0.0526174236571621,0.0711726720085969,0.0711726720085969,135 206 250,Strength
J636-K538,G11,4.300269132603903e-09,0.013110385472539,0.0711348021787179,0.0711348021787179,135 206 250,Strength
K036-K050,J91,,0.0206725720685697,0.0711229354646191,0.0711229354646191,135 206 250,Strength
J628-J630,911,,0.0162209839907716,0.0711037990022107,0.0711037990022107,135 206 250,Strength
3236-3091,022,0.0052385343857436,0.0204290183469604,0.0710801007884654,0.0710801007884654,135 206 250,Strength
K017-K031,091,,0.0184016207812703,0.0710524039837747,0.0710524039837747,135 206 250,Strength
K016-K030,Z91,,0.0203459518730067,0.0709793600379607,0.0709793600379607,135 206 250,Strength
K543-J588,8U2,0.0011414699022438,0.0593235512365865,0.0708956228838323,0.0708956228838323,135 206 250,Strength
K050-K062,X91,,0.0198396520886246,0.0708405767477775,0.0708405767477775,135 206 250,Strength
K336-K340,1G1,2.4979200324706536e-08,0.0295744496635094,0.0708396872384043,0.0708396872384043,135 206 250,Strength
J433-J434,PO2,,0.0419053898872755,0.0708251923864487,0.0708251923864487,135 206 250,Strength
J357-J358,CO2,,0.036822568392804,0.0707828210021455,0.0707828210021455,135 206 250,Strength
J932-J948,N61,,0.0300558816299766,0.0707667394003142,0.0707667394003142,135 206 250,Strength
K022-K036,591,,0.0214213813710299,0.0707420243473294,0.0707420243473294,135 206 250,Strength
J623-J625,411,,0.0248487083775597,0.0707410472695232,0.0707410472695232,135 206 250,Strength
K045-K057,S91,,0.0174332137534474,0.0706381268403111,0.0706381268403111,135 206 250,Strength
J983-J997,281,,0.0564171661404192,0.0706123144174962,0.0706123144174962,135 206 250,Strength
J199-J194,PR1,,0.0705545628888336,0.0676757933727383,0.0705545628888336,135 206 250,Lift
K003-K017,M81,,0.0187255016291217,0.0704408787705356,0.0704408787705356,135 206 250,Strength
K086-K096,ZB1,,0.0145559225296121,0.070396859387078,0.070396859387078,135 206 250,Strength
J160-J158,LQ1,,0.0174428048427091,0.070324172684045,0.070324172684045,135 206 250,Strength
J216-J210,6S1,,0.0531976307895709,0.0702643596408953,0.0702643596408953,135 206 250,Strength
J414-J415,SW1,,0.016717290350443,0.070177500595341,0.070177500595341,135 206 250,Strength
J626-J628,711,,0.0178266070470763,0.0701325602048156,0.0701325602048156,135 206 250,Strength
K577-J432,FU2,4.23619480599309e-05,0.0580071081472065,0.0701269701540745,0.0701269701540745,135 206 250,Strength
J161-J159,MQ1,,0.0347431790664535,0.0700875915182806,0.0700875915182806,135 206 250,Strength
K058-K070,5A1,,0.018120608310583,0.0700862849574145,0.0700862849574145,135 206 250,Strength
K565-K550,VK2,6.906822171890618e-06,0.0345210392353472,0.070063826572271,0.070063826572271,135 206 250,Strength
K455-J087,UI1,3.646698473097363e-06,0.0283644367606151,0.0700373308586731,0.0700373308586731,135 206 250,Strength
2569-G358,BJ1,0.008,0.0367381838832381,0.0700116579311451,0.0700116579311451,135 206 250,Strength
K046-K058,T91,,0.01899044664979,0.06999289117106,0.06999289117106,135 206 250,Strength
J370-J369,OV1,1.2244288169240134e-06,0.013519066127903,0.0699788463205893,0.0699788463205893,135 206 250,Strength
J490-J492,2Y1,,0.0172687195951411,0.0699347436215482,0.0699347436215482,135 206 250,Strength
J860-J874,O41,,0.0309247034316474,0.0698786662133537,0.0698786662133537,135 206 250,Strength
J979-J993,Y71,,0.0199799789975438,0.0698454879457282,0.0698454879457282,135 206 250,Strength
I068-K458,KO4,1.7672327150186047e-05,0.0347379659877743,0.0697763127664946,0.0697763127664946,135 206 250,Strength
K117-K371,WB1,1.4374632454443013e-08,0.0306685193139176,0.0697686946949777,0.0697686946949777,135 206 250,Strength
J491-J493,3Y1,,0.0240271580866913,0.0697227912634744,0.0697227912634744,135 206 250,Strength
J552-J550,CZ1,,0.0416837464780575,0.0697136026491413,0.0697136026491413,135 206 250,Strength
K008-K022,R81,,0.0220962587306311,0.0697030145302655,0.0697030145302655,135 206 250,Strength
J896-J909,N51,,0.0191126811002679,0.0696648310962302,0.0696648310962302,135 206 250,Strength
K501-K484,VT2,0.0019770997915797,0.0473916789261382,0.069654406170672,0.069654406170672,135 206 250,Strength
K563-K577,DU2,4.236194583285444e-05,0.069552454720426,0.0666003227477344,0.069552454720426,135 206 250,Lift
J531-J535,YY1,,0.0158088668516866,0.0695219707193617,0.0695219707193617,135 206 250,Strength
J054-J049,MO1,,0.0184027603920545,0.0695196909236999,0.0695196909236999,135 206 250,Strength
J208-J201,YR1,,0.0377611894787893,0.0695027026918187,0.0695027026918187,135 206 250,Strength
K061-K073,8A1,,0.0179594953971295,0.0694913515519522,0.0694913515519522,135 206 250,Strength
K062-K074,9A1,,0.0190095646446483,0.0693805939682694,0.0693805939682694,135 206 250,Strength
J392-J393,7W1,,0.027291369455329,0.0693465207106144,0.0693465207106144,135 206 250,Strength
J841-J868,941,,0.0162929866571305,0.0693341692798398,0.0693341692798398,135 206 250,Strength
K458-K461,XI1,1.5097685011218763e-06,0.0350616958931783,0.0693242886838397,0.0693242886838397,135 206 250,Strength
K032-K046,F91,,0.0198711760514411,0.0692322599799256,0.0692322599799256,135 206 250,Strength
K150-K147,7C1,1.4197762269194031e-06,0.0481939651356555,0.069190810946776,0.069190810946776,135 206 250,Strength
J782-J796,KR2,0.0197839730613462,0.0444436941335522,0.0691554441320531,0.0691554441320531,135 206 250,Strength
J435-I047,DN4,0.0001578978833932,0.0496724188100786,0.0690463062998499,0.0690463062998499,135 206 250,Strength
J514-J516,AP2,,0.0690360865852347,0.0605648190262243,0.0690360865852347,135 206 250,Lift
K333-K338,YF1,3.236258349966464e-08,0.0302315087589405,0.0690001264900273,0.0690001264900273,135 206 250,Strength
K057-K069,4A1,,0.0169066086703274,0.0689764086518825,0.0689764086518825,135 206 250,Strength
CA09-CA08,CW4,4.821402808790629e-27,0.0414168089068411,0.0689754554770898,0.0689754554770898,135 206 250,Strength
K418-K419,0I1,,0.021563682065919,0.0689432888210377,0.0689432888210377,135 206 250,Strength
J088-K596,RN2,0.0013515631192697,0.0290062225662077,0.0689378929882963,0.0689378929882963,135 206 250,Strength
K119-K362,YB1,1.1304754103625576e-08,0.0298775401905885,0.068911117629984,0.068911117629984,135 206 250,Strength
K242-K250,ED1,9.56559835010768e-06,0.0194773088310137,0.0688962408296128,0.0688962408296128,135 206 250,Strength
K081-K091,TA1,,0.021222658330574,0.0688513199144923,0.0688513199144923,135 206 250,Strength
J043-J038,BO1,,0.0186551329340992,0.0688001311285376,0.0688001311285376,135 206 250,Strength
K018-K032,191,,0.0206403298057855,0.068751092694048,0.068751092694048,135 206 250,Strength
J879-J893,651,,0.0102760934099114,0.0687496665592327,0.0687496665592327,135 206 250,Strength
K070-K080,IA1,,0.0172497474581136,0.0686105413405024,0.0686105413405024,135 206 250,Strength
J989-K003,881,,0.0188613832330682,0.0685272408559372,0.0685272408559372,135 206 250,Strength
K002-K016,L81,,0.0210837313398003,0.0684848446895953,0.0684848446895953,135 206 250,Strength
K187-K725,JC1,3.13388687984312e-05,0.0269472224452066,0.0684082460942698,0.0684082460942698,135 206 250,Strength
J461-J464,DX1,,0.015357139830375,0.06831652321515,0.06831652321515,135 206 250,Strength
J489-J491,1Y1,,0.0221795102378981,0.0683069310455764,0.0683069310455764,135 206 250,Strength
J897-J910,O51,,0.0215691479893304,0.0682655662919901,0.0682655662919901,135 206 250,Strength
J624-J626,511,,0.0191857979537019,0.0681343245680303,0.0681343245680303,135 206 250,Strength
K041-K053,O91,,0.0170195616063482,0.0681272385295128,0.0681272385295128,135 206 250,Strength
J994-K008,D81,,0.0225855221041463,0.0681048316390694,0.0681048316390694,135 206 250,Strength
J128-J126,RP1,,0.0336775113424683,0.0681029781629034,0.0681029781629034,135 206 250,Strength
J943-J957,Y61,,0.0268578400226166,0.0680515018053316,0.0680515018053316,135 206 250,Strength
J821-J863,V31,,0.0335185106956925,0.0680186438365086,0.0680186438365086,135 206 250,Strength
K029-K041,C91,,0.0175814845420747,0.0679624949812165,0.0679624949812165,135 206 250,Strength
3641-3710,LNW,0.0002178866883463,0.0679603094567682,0.0553266624851555,0.0679603094567682,135 206 250,Lift
K556-J363,PK2,0.0001923323999404,0.0577805523250515,0.0679382068359763,0.0679382068359763,135 206 250,Strength
J194-J190,KR1,,0.0678499210606373,0.06423789437394,0.0678499210606373,135 206 250,Lift
K088-K098,1B1,,0.020276078627664,0.0677421871293939,0.0677421871293939,135 206 250,Strength
K053-K063,0A1,,0.0164611749442728,0.0676532198643276,0.0676532198643276,135 206 250,Strength
K004-K018,N81,,0.0212972543148677,0.0676218571333922,0.0676218571333922,135 206 250,Strength
K015-K029,Y81,,0.018047782191211,0.0675861310060615,0.0675861310060615,135 206 250,Strength
J944-J958,Z71,,0.0276229988160205,0.0674739948754251,0.0674739948754251,135 206 250,Strength
2534-2535,LNN,1.948768622265992e-05,0.0107324861153703,0.0674586585239693,0.0674586585239693,135 206 250,Strength
J067-K778,BR4,0.0,0.0367902900396083,0.0674111693806828,0.0674111693806828,135 206 250,Strength
K087-K097,0B1,,0.019881459812102,0.0673075554313712,0.0673075554313712,135 206 250,Strength
J822-K727,5S2,0.0001251030020282,0.0283292294511795,0.0672300562862792,0.0672300562862792,135 206 250,Strength
K571-I039,XM4,5.2866856565163625e-05,0.0290062667583402,0.0671752236363949,0.0671752236363949,135 206 250,Strength
3521-3133,722,0.0010728280237376,0.0499825613904542,0.0671188204692266,0.0671188204692266,135 206 250,Strength
K354-K356,JG1,5.7924064945715805e-09,0.0274898823335717,0.0669428932556619,0.0669428932556619,135 206 250,Strength
J861-K740,CS2,0.000123444817875,0.0290697388880398,0.0668835894248727,0.0668835894248727,135 206 250,Strength
J627-J621,811,,0.0211235778130105,0.0667822010254048,0.0667822010254048,135 206 250,Strength
K074-K084,MA1,,0.0182073296443329,0.0667818573384686,0.0667818573384686,135 206 250,Strength
K369-K124,YG1,1.8769064534585424e-08,0.0277377572311473,0.0667529728544819,0.0667529728544819,135 206 250,Strength
K347-K349,CG1,9.555446526906778e-09,0.0272841764936185,0.0667357553401913,0.0667357553401913,135 206 250,Strength
K259-K252,UD1,5.975016270140555e-06,0.0296123322558632,0.0667033511154629,0.0667033511154629,135 206 250,Strength
K215-K726,1D1,3.79067092638201e-05,0.0273274526757261,0.0666966098737992,0.0666966098737992,135 206 250,Strength
K063-K075,AA1,,0.0158860605782492,0.0666816075291202,0.0666816075291202,135 206 250,Strength
J621-J623,211,,0.022996097454088,0.066489428767038,0.066489428767038,135 206 250,Strength
J215-J209,5S1,,0.0310735132031962,0.0664574169508725,0.0664574169508725,135 206 250,Strength
K082-K092,UA1,,0.021346654342481,0.0664382778241579,0.0664382778241579,135 206 250,Strength
K069-K079,HA1,,0.0164129732893407,0.0663312954837289,0.0663312954837289,135 206 250,Strength
K217-K216,2D1,3.8372132122923125e-08,0.0429126957506612,0.0663040704787321,0.0663040704787321,135 206 250,Strength
J391-J392,6W1,,0.0253016829440689,0.0662721204352223,0.0662721204352223,135 206 250,Strength
J563-J565,MZ1,,0.0172428168145684,0.0662479279163413,0.0662479279163413,135 206 250,Strength
K073-K083,LA1,,0.0174972057124913,0.0662430738679756,0.0662430738679756,135 206 250,Strength
J235-J229,QS1,,0.0570587007142954,0.0662429440159623,0.0662429440159623,135 206 250,Strength
J967-J979,M71,,0.0199910432649024,0.0662404724614968,0.0662404724614968,135 206 250,Strength
K267-J847,2E1,1.2525821528409502e-05,0.032413651960376,0.0662255693745352,0.0662255693745352,135 206 250,Strength
J903-J917,U51,,0.0279114640086469,0.0661814086002673,0.0661814086002673,135 206 250,Strength
K247-K243,ID1,5.60159949995019e-06,0.0218818582527275,0.0661604041952067,0.0661604041952067,135 206 250,Strength
J158-J155,JQ1,,0.0201782677201198,0.066055581902088,0.066055581902088,135 206 250,Strength
K001-K015,K81,,0.0183547522533597,0.0659776655083796,0.0659776655083796,135 206 250,Strength
K417-I034,NM4,5.108107036880561e-05,0.0469366657405537,0.0659240275364152,0.0659240275364152,135 206 250,Strength
J049-J044,HO1,,0.0188335740180618,0.0659132809757201,0.0659132809757201,135 206 250,Strength
J978-J992,X71,,0.0238532472011031,0.0658977178888139,0.0658977178888139,135 206 250,Strength
J188-J183,ER1,,0.0610055338835406,0.0658655321126485,0.0658655321126485,135 206 250,Strength
J984-J998,381,,0.0582603161174678,0.0658260127197307,0.0658260127197307,135 206 250,Strength
K292-K302,RE1,9.78985337903979e-07,0.02042819468265,0.0657648997396189,0.0657648997396189,135 206 250,Strength
K147-K149,4C1,7.101697804227996e-07,0.0456406731920115,0.0657491721685322,0.0657491721685322,135 206 250,Strength
K096-K106,9B1,,0.0138065726028118,0.065732439367688,0.065732439367688,135 206 250,Strength
J195-J191,LR1,,0.0389493151304238,0.0657233317761262,0.0657233317761262,135 206 250,Strength
K080-K090,SA1,,0.0164704178963635,0.0657057061606282,0.0657057061606282,135 206 250,Strength
K636-K638,WU2,,0.0656690366393749,0.057530769763415,0.0656690366393749,135 206 250,Lift
K642-K661,8M2,7.730605499837658e-06,0.045976963572765,0.065659481220474,0.065659481220474,135 206 250,Strength
J988-K002,781,,0.0215974535660265,0.0656303865696711,0.0656303865696711,135 206 250,Strength
J918-J932,961,,0.0294820638510456,0.0655544227124382,0.0655544227124382,135 206 250,Strength
J735-K391,OQ2,0.0188964584096999,0.0538016633207245,0.0655472874186965,0.0655472874186965,135 206 250,Strength
J131-J129,UP1,,0.0532496086534908,0.0655242107223837,0.0655242107223837,135 206 250,Strength
K505-J280,XT2,0.0068592714083223,0.043836826340659,0.0653985505147945,0.0653985505147945,135 206 250,Strength
J990-K004,981,,0.0217738768877763,0.0653958226202262,0.0653958226202262,135 206 250,Strength
J975-J989,U71,,0.0188718189496764,0.0653662272139889,0.0653662272139889,135 206 250,Strength
J980-J994,Z81,,0.0228527100592801,0.0652992538819619,0.0652992538819619,135 206 250,Strength
J796-J809,SR2,,0.0447711921818405,0.065134116083164,0.065134116083164,135 206 250,Strength
J977-J991,W71,,0.0219536958701098,0.0651325186771771,0.0651325186771771,135 206 250,Strength
K423-K418,5I1,,0.0227235541103016,0.0651187145300198,0.0651187145300198,135 206 250,Strength
J622-J624,311,,0.020219884340575,0.0651013635911855,0.0651013635911855,135 206 250,Strength
2213-2281,BY2,3.7742151269118575e-06,0.0273018655760957,0.0649649391219406,0.0649649391219406,135 206 250,Strength
J609-J611,N01,,0.0184065893819582,0.0649404289887791,0.0649404289887791,135 206 250,Strength
J335-J333,8V1,,0.0178863004092223,0.0648383270593007,0.0648383270593007,135 206 250,Strength
J884-J894,B51,,0.0149441784433521,0.0647694543486956,0.0647694543486956,135 206 250,Strength
J781-J795,JR2,0.0204809178402141,0.045616663604446,0.0647488099258474,0.0647488099258474,135 206 250,Strength
K368-K125,XG1,1.0708901909431504e-08,0.0261983136130332,0.0647185676039159,0.0647185676039159,135 206 250,Strength
J190-J188,GR1,,0.0646369521726166,0.0606025698786465,0.0646369521726166,135 206 250,Lift
J820-J861,4S2,,0.0220963038438317,0.0646347948405525,0.0646347948405525,135 206 250,Strength
K484-K505,ST2,0.0068592722689642,0.0453729297945745,0.0646298673589973,0.0646298673589973,135 206 250,Strength
X003-3363,CS4,0.001,0.0029071348344402,0.0645807148618591,0.0645807148618591,135 206 250,Strength
J159-J157,KQ1,,0.0365719330078875,0.064514673364881,0.064514673364881,135 206 250,Strength
K348-K350,DG1,7.323830423363429e-09,0.0271038008366146,0.0644795140601776,0.0644795140601776,135 206 250,Strength
J515-J523,MY1,,0.0185903626239373,0.0644593957300113,0.0644593957300113,135 206 250,Strength
J349-J342,GV1,0.0001397836547961,0.0293033889939028,0.0643933445645539,0.0643933445645539,135 206 250,Strength
J757-J770,5R2,,0.0298960261484657,0.0643527266857112,0.0643527266857112,135 206 250,Strength
J400-J401,EW1,,0.01436571326281,0.0642916231249343,0.0642916231249343,135 206 250,Strength
K631-K645,UU2,0.0015193705492592,0.0572773880504278,0.0642896369966306,0.0642896369966306,135 206 250,Strength
K075-K085,NA1,,0.0153579037869653,0.064275728926808,0.064275728926808,135 206 250,Strength
J095-K150,EP1,1.4197763213521731e-06,0.0462623570742805,0.0640361088085129,0.0640361088085129,135 206 250,Strength
J415-J416,TW1,,0.0161563425881577,0.0640126700882971,0.0640126700882971,135 206 250,Strength
J214-J208,4S1,,0.0397088523190223,0.0638921478077203,0.0638921478077203,135 206 250,Strength
K358-K126,NG1,8.376891908473875e-09,0.0253117116363053,0.0638857041753169,0.0638857041753169,135 206 250,Strength
J492-J494,4Y1,,0.0166331147483162,0.0638749625404389,0.0638749625404389,135 206 250,Strength
J817-J851,1S2,,0.0353105580554248,0.0638109876754709,0.0638109876754709,135 206 250,Strength
I027-K260,AM4,1.317120652002205e-05,0.0269900019396302,0.0637714076742341,0.0637714076742341,135 206 250,Strength
J252-J246,7T1,,0.0359213829179047,0.0635035095844918,0.0635035095844918,135 206 250,Strength
J084-J083,7P1,6.71825708224013e-09,0.0200719521136069,0.0634904000878362,0.0634904000878362,135 206 250,Strength
J762-K734,531,0.0008528341486811,0.0281175658414331,0.0634695355190869,0.0634695355190869,135 206 250,Strength
J126-J124,PP1,,0.0326334265096633,0.0633981682468385,0.0633981682468385,135 206 250,Strength
I016-K233,NL4,3.289045754944159e-06,0.0231872501924606,0.0633444367401974,0.0633444367401974,135 206 250,Strength
J424-J426,1X1,,0.0196626127699843,0.0633336461759479,0.0633336461759479,135 206 250,Strength
K353-K355,IG1,6.846904385244886e-09,0.0271391710804656,0.0632793641361541,0.0632793641361541,135 206 250,Strength
K155-J095,CC1,2.153924918603824e-06,0.0406861531160201,0.0632561623713126,0.0632561623713126,135 206 250,Strength
J253-J247,8T1,,0.0322834264740512,0.0632525061347303,0.0632525061347303,135 206 250,Strength
J997-K009,G81,,0.0555757538416461,0.0632224640364193,0.0632224640364193,135 206 250,Strength
K084-K094,WA1,,0.0175053527646404,0.0631692245026851,0.0631692245026851,135 206 250,Strength
K555-K562,BU2,5.518056565069222e-05,0.0566454255439206,0.0631678974600628,0.0631678974600628,135 206 250,Strength
J580-J583,RP2,,0.0616323638134675,0.0631527060554083,0.0631527060554083,135 206 250,Strength
K233-K232,7D1,2.3742451165722e-06,0.024272522418438,0.0631288932324422,0.0631288932324422,135 206 250,Strength
I047-K679,EN4,0.0002164612940554,0.0619387796429541,0.0631141303960652,0.0631141303960652,135 206 250,Strength
J987-K001,681,,0.0184705612600394,0.0630833931768545,0.0630833931768545,135 206 250,Strength
K266-J843,1E1,2.2502993949226205e-06,0.0291609511526103,0.0630013800547545,0.0630013800547545,135 206 250,Strength
J819-J858,3S2,,0.0362914414304711,0.0629609805668749,0.0629609805668749,135 206 250,Strength
J431-K564,NO2,5.141125886342246e-05,0.0629556556349234,0.0594379756331454,0.0629556556349234,135 206 250,Lift
K373-J821,2H1,1.7543816180584227e-08,0.0312563390998565,0.0628330133841888,0.0628330133841888,135 206 250,Strength
K079-K089,RA1,,0.0159907288511537,0.0628003100421707,0.0628003100421707,135 206 250,Strength
J891-J905,I51,,0.0118336685280449,0.0626882029727264,0.0626882029727264,135 206 250,Strength
I034-K401,OM4,1.2495298980999724e-06,0.0271307232276715,0.0625618236201835,0.0625618236201835,135 206 250,Strength
K091-K103,4B1,,0.0200013180648309,0.0624921854981631,0.0624921854981631,135 206 250,Strength
J761-K733,331,0.0007894229549512,0.0253234510078897,0.0624330868954566,0.0624330868954566,135 206 250,Strength
K620-K621,UL2,1.561836441252884e-09,0.0212378753379418,0.0623672784510114,0.0623672784510114,135 206 250,Strength
K120-K343,ZC1,2.541939928696556e-08,0.027986024639485,0.0623245368828442,0.0623245368828442,135 206 250,Strength
K269-J852,4E1,3.830020470683936e-06,0.035721344667572,0.0622754793802932,0.0622754793802932,135 206 250,Strength
K393-K390,GH1,,0.0398144697894009,0.0622392271325595,0.0622392271325595,135 206 250,Strength
J998-K010,H81,,0.0586722406119581,0.0622289179076995,0.0622289179076995,135 206 250,Strength
K376-J860,5H1,3.2888744089988054e-08,0.0468575513569852,0.0621867007783268,0.0621867007783268,135 206 250,Strength
K083-K093,VA1,,0.0171377864299504,0.0621252038615642,0.0621252038615642,135 206 250,Strength
K255-K269,QD1,3.830008133920476e-06,0.0285382525060936,0.0620014054577602,0.0620014054577602,135 206 250,Strength
J976-J990,V71,,0.0219837491417017,0.0619774386959369,0.0619774386959369,135 206 250,Strength
J155-J153,GQ1,,0.0219337280033361,0.0619667507705965,0.0619667507705965,135 206 250,Strength
J038-J033,6O1,,0.0187309357074762,0.0619096168805717,0.0619096168805717,135 206 250,Strength
I017-K238,PL4,3.5463643196934827e-06,0.0227993686612457,0.061898068072995,0.061898068072995,135 206 250,Strength
K370-K374,ZH1,2.111084101103902e-08,0.0216483045026959,0.0618876635403758,0.0618876635403758,135 206 250,Strength
K251-J839,ND1,2.012297052479258e-06,0.0264632205171889,0.061874316207232,0.061874316207232,135 206 250,Strength
I024-K263,4M4,2.37670584940084e-06,0.0259343775711661,0.0618034601486624,0.0618034601486624,135 206 250,Strength
J540-J554,HP2,0.0169103769435754,0.0595140758890151,0.061798544482273,0.061798544482273,135 206 250,Strength
K238-K237,AD1,3.546369353446142e-06,0.0241634733227386,0.0617829444699489,0.0617829444699489,135 206 250,Strength
K098-K108,BB1,,0.0195765141720517,0.0617721997549407,0.0617721997549407,135 206 250,Strength
K263-K256,YD1,2.365714320250299e-06,0.0276817735919829,0.0616977422293023,0.0616977422293023,135 206 250,Strength
J397-J399,AW1,,0.0334605668686672,0.0616861698733897,0.0616861698733897,135 206 250,Strength
J974-J988,T71,,0.0218629510991489,0.0616729709642385,0.0616729709642385,135 206 250,Strength
K118-K339,XB1,3.3598874420191454e-08,0.0285376491752929,0.0616431757282478,0.0616431757282478,135 206 250,Strength
J818-J855,2S2,,0.0363724544277098,0.0616286928205646,0.0616286928205646,135 206 250,Strength
3522-3523,X02,0.0005214139066999,0.04512955731768,0.0614982996156608,0.0614982996156608,135 206 250,Strength
3523-3543,O22,0.0010125854651506,0.0423190082521483,0.0614953163121917,0.0614953163121917,135 206 250,Strength
I039-K294,YM4,1.3232824390583066e-06,0.0253751285507759,0.0614872174642308,0.0614872174642308,135 206 250,Strength
J620-J622,111,,0.0209493296598377,0.0612972457365613,0.0612972457365613,135 206 250,Strength
K090-K100,3B1,,0.0157956062931981,0.0612861499236191,0.0612861499236191,135 206 250,Strength
J044-J039,CO1,,0.0189906349084845,0.0612525924674457,0.0612525924674457,135 206 250,Strength
K705-K703,4N2,1.1310923869408588e-09,0.019598709247451,0.0612063816637578,0.0612063816637578,135 206 250,Strength
K097-K107,AB1,,0.0192242119664547,0.0611670500708473,0.0611670500708473,135 206 250,Strength
J348-J349,7O2,0.0001394508160877,0.0280093603216169,0.0610845909127587,0.0610845909127587,135 206 250,Strength
J795-J808,RR2,,0.0459608739101811,0.0610676293040892,0.0610676293040892,135 206 250,Strength
J021-J016,PN1,,0.0441825538761822,0.0610473335202491,0.0610473335202491,135 206 250,Strength
J968-J980,N71,,0.0228164356788745,0.0610381767160112,0.0610381767160112,135 206 250,Strength
J953-J967,871,,0.0196530332853692,0.0609272629040282,0.0609272629040282,135 206 250,Strength
I023-K264,2M4,3.1638222130910007e-06,0.0237541531323304,0.0606938173667072,0.0606938173667072,135 206 250,Strength
J961-J975,G71,,0.0187579028275855,0.0606835826541154,0.0606835826541154,135 206 250,Strength
J770-J783,ER2,0.0082552442339694,0.0331034718495591,0.0606323443958727,0.0606323443958727,135 206 250,Strength
K092-K104,5B1,,0.0200822384712109,0.060627114998785,0.060627114998785,135 206 250,Strength
K085-K095,YA1,,0.0149334248486635,0.0605188702035453,0.0605188702035453,135 206 250,Strength
K264-K257,ZE1,1.6210035130156629e-06,0.0248464717645215,0.0605066571789599,0.0605066571789599,135 206 250,Strength
J351-J348,9O2,,0.0279421161729731,0.0604927315218095,0.0604927315218095,135 206 250,Strength
K024-K038,791,,0.0585853839409387,0.0604764446460443,0.0604764446460443,135 206 250,Strength
J930-J944,L61,,0.0272592742826751,0.0603868342695511,0.0603868342695511,135 206 250,Strength
K422-K423,4I1,,0.0235887321460393,0.0603329006563198,0.0603329006563198,135 206 250,Strength
J129-J127,SP1,,0.0531821371220105,0.0603277201453321,0.0603277201453321,135 206 250,Strength
J929-J943,K61,,0.0263592804079337,0.0603078356739175,0.0603078356739175,135 206 250,Strength
K335-K332,0G1,2.5185601672340333e-08,0.0219376059520735,0.0601055765585582,0.0601055765585582,135 206 250,Strength
J583-J585,TP2,,0.0560434566191221,0.0598954955279545,0.0598954955279545,135 206 250,Strength
K262-K255,XD1,1.955250058921585e-06,0.0298778303703332,0.0598904452925412,0.0598904452925412,135 206 250,Strength
K149-J096,6C1,7.101697786099164e-07,0.0392229748059177,0.059780061934093,0.059780061934093,135 206 250,Strength
K114-K337,TB1,4.2729904954646864e-08,0.0289934525447118,0.0597550962262342,0.0597550962262342,135 206 250,Strength
K106-K114,KB1,,0.013233640033876,0.0596592444517513,0.0596592444517513,135 206 250,Strength
I020-K246,WL4,9.725934203024328e-06,0.018251362014059,0.0596495172141293,0.0596495172141293,135 206 250,Strength
CA18-CA81,VE0,7.274633724659211e-06,0.0136369730035016,0.0595912595540091,0.0595912595540091,135 206 250,Strength
J229-J225,KS1,,0.0570466877261931,0.0595425378375718,0.0595425378375718,135 206 250,Strength
CA01-CA18,TE0,,0.0017183718827814,0.0594132232637399,0.0594132232637399,135 206 250,Strength
J157-J156,IQ1,,0.0377178219820278,0.0593560322475026,0.0593560322475026,135 206 250,Strength
K256-K270,RD1,2.368318470639745e-06,0.0265335451896425,0.0593164062895619,0.0593164062895619,135 206 250,Strength
J221-J215,BS1,,0.031945851117919,0.0592426943646943,0.0592426943646943,135 206 250,Strength
J892-J906,J51,,0.017058423283666,0.0590353880931894,0.0590353880931894,135 206 250,Strength
K550-K570,KK2,4.7013940359896064e-06,0.0337312674289976,0.0589365396709799,0.0589365396709799,135 206 250,Strength
K357-K344,MG1,1.5028223125050194e-09,0.0191131773410953,0.0589300149365894,0.0589300149365894,135 206 250,Strength
J973-J987,S71,,0.0184685457291825,0.0588629906410532,0.0588629906410532,135 206 250,Strength
J889-J903,G51,,0.0264546804502898,0.0588314221061508,0.0588314221061508,135 206 250,Strength
J330-J332,3V1,,0.0261634286432011,0.0587991370707043,0.0587991370707043,135 206 250,Strength
J459-J455,BX1,7.796267014353382e-05,0.0435096068324375,0.0587615152195977,0.0587615152195977,135 206 250,Strength
K010-K024,T81,,0.0587430284785386,0.0577230881234747,0.0587430284785386,135 206 250,Lift
K094-K102,7B1,,0.0169309995538973,0.0585950124700779,0.0585950124700779,135 206 250,Strength
J783-J797,LR2,0.0081605754938662,0.0343001078352322,0.0585706732701685,0.0585706732701685,135 206 250,Strength
J369-J371,NV1,1.604520997888759e-06,0.0132255922463432,0.0585384217474585,0.0585384217474585,135 206 250,Strength
K089-K099,2B1,,0.0156872288019232,0.0584874074392288,0.0584874074392288,135 206 250,Strength
J904-J918,V51,,0.0285805208514208,0.0584622030860884,0.0584622030860884,135 206 250,Strength
K104-K351,IB1,1.2658052771759904e-08,0.0267207245063356,0.0584272943825899,0.0584272943825899,135 206 250,Strength
K461-K448,0J2,1.6458262941795691e-06,0.0345730645805922,0.0583290091608503,0.0583290091608503,135 206 250,Strength
J807-J822,XR2,,0.0334890858237833,0.0582396070414789,0.0582396070414789,135 206 250,Strength
K632-I050,JN4,0.0001412454031547,0.058028853422795,0.0557238995266447,0.058028853422795,135 206 250,Lift
K237-K239,9D1,3.3379676050571643e-06,0.0228930731656973,0.0579554554668537,0.0579554554668537,135 206 250,Strength
K342-K133,7G1,1.885511007018285e-08,0.0235410455239697,0.057952808488447,0.057952808488447,135 206 250,Strength
2266-G140,2J1,0.0,0.0134687218685994,0.057942370311733,0.057942370311733,135 206 250,Strength
K674-J439,GV2,0.0006312021707329,0.0579205201242358,0.0571768031892367,0.0579205201242358,135 206 250,Lift
J027-J022,VN1,,0.0388266973564651,0.0579040333315104,0.0579040333315104,135 206 250,Strength
J153-J152,EQ1,,0.0228101398601777,0.0578868372340248,0.0578868372340248,135 206 250,Strength
J565-J567,OZ1,,0.0167264712604549,0.0578756137043624,0.0578756137043624,135 206 250,Strength
K103-K360,GB1,7.514331312720746e-09,0.0269213760998456,0.0578609385478145,0.0578609385478145,135 206 250,Strength
K340-K134,5G1,2.4978826047314363e-08,0.02419712493996,0.0576625542459591,0.0576625542459591,135 206 250,Strength
J962-J976,H71,,0.0219640685010177,0.0574850668196844,0.0574850668196844,135 206 250,Strength
K477-J075,PT2,0.0002643609550473,0.0284087605635678,0.0574191380411693,0.0574191380411693,135 206 250,Strength
J869-J887,W41,,0.0205002177339197,0.0573292506198568,0.0573292506198568,135 206 250,Strength
K093-K101,6B1,,0.0169113707275618,0.0572923995534502,0.0572923995534502,135 206 250,Strength
K183-K173,EC1,1.3229127400356354e-08,0.0406436113360632,0.0572602799099698,0.0572602799099698,135 206 250,Strength
K252-I028,BM4,2.354074963237557e-06,0.0280525475497133,0.0571329268687356,0.0571329268687356,135 206 250,Strength
J494-J496,6Y1,,0.0161745317362907,0.0569927499879435,0.0569927499879435,135 206 250,Strength
J416-J417,UW1,,0.0157443955268565,0.0569546302032638,0.0569546302032638,135 206 250,Strength
2167-G171,JA0,0.012,0.0188485944371753,0.0569325296732775,0.0569325296732775,135 206 250,Strength
K009-K023,S81,,0.0540230639156589,0.0568970561922715,0.0568970561922715,135 206 250,Strength
K243-I021,XL4,2.107494128792317e-06,0.020360294152927,0.0568752374966187,0.0568752374966187,135 206 250,Strength
J880-J895,751,,0.0121308331123596,0.0567996674740205,0.0567996674740205,135 206 250,Strength
2224-G113,FF0,0.001,0.0134173098208812,0.0567840253175593,0.0567840253175593,135 206 250,Strength
J883-J898,A51,,0.01641856399912,0.0567665854778434,0.0567665854778434,135 206 250,Strength
J220-J214,AS1,,0.0409163752682572,0.0567595745848721,0.0567595745848721,135 206 250,Strength
K248-J832,JD1,2.501637190611045e-06,0.0287471436413978,0.0567140589212029,0.0567140589212029,135 206 250,Strength
J587-I051,LN4,0.0001653397707287,0.0566519513691499,0.0501989127867446,0.0566519513691499,135 206 250,Lift
J960-J974,F71,,0.0218395409592363,0.0566473771586868,0.0566473771586868,135 206 250,Strength
K557-K428,QK2,1.5701224563187513e-08,0.0221866095454833,0.0565636583290573,0.0565636583290573,135 206 250,Strength
K270-J856,5E1,2.368323940577302e-06,0.0344891168833743,0.0565494126108871,0.0565494126108871,135 206 250,Strength
K122-K352,1C1,9.673768335397012e-09,0.0266222734744363,0.0565183263940135,0.0565183263940135,135 206 250,Strength
J966-J978,L71,,0.0246308841890322,0.0565062017969576,0.0565062017969576,135 206 250,Strength
J585-J587,VP2,,0.0564447337147649,0.0556648740953048,0.0564447337147649,135 206 250,Lift
I018-K244,RL4,1.933168309870736e-06,0.0238396665342093,0.0563319949197578,0.0563319949197578,135 206 250,Strength
K338-K135,3G1,3.2362746351141686e-08,0.0248040716259906,0.056307458518351,0.056307458518351,135 206 250,Strength
I025-K262,6M4,1.955248703176181e-06,0.027463798041025,0.0562476015249378,0.0562476015249378,135 206 250,Strength
J225-J219,GS1,,0.0562406404252105,0.0552966073885297,0.0562406404252105,135 206 250,Lift
J611-J586,P01,,0.0178353464187685,0.0562006365910204,0.0562006365910204,135 206 250,Strength
I041-K295,2N4,2.4349799679977843e-06,0.0243854066523508,0.0561315477286487,0.0561315477286487,135 206 250,Strength
J616-J620,Y01,,0.0211581200908287,0.05613039134519,0.05613039134519,135 206 250,Strength
J797-J810,TR2,,0.0370184668475031,0.0560970919015733,0.0560970919015733,135 206 250,Strength
J868-J886,V41,,0.0196736806830578,0.0559386358993225,0.0559386358993225,135 206 250,Strength
K662-I044,7N4,5.38519239359865e-06,0.0409832531737217,0.0558380519307485,0.0558380519307485,135 206 250,Strength
J439-J456,RO2,0.0006259157741933,0.0555625076676441,0.0525632760451719,0.0555625076676441,135 206 250,Lift
J039-J034,7O1,,0.0190432105528082,0.05555419865814,0.05555419865814,135 206 250,Strength
J127-J125,QP1,,0.0521189337008282,0.0555315476281835,0.0555315476281835,135 206 250,Strength
J523-J526,QY1,,0.0179940898611729,0.0554910195824182,0.0554910195824182,135 206 250,Strength
J454-J460,9X1,3.786977730843223e-05,0.0254549031939302,0.0554866707433106,0.0554866707433106,135 206 250,Strength
K100-K110,DB1,,0.0152844835935962,0.0554576649142603,0.0554576649142603,135 206 250,Strength
J954-J968,971,,0.0227997990364579,0.0554561569866704,0.0554561569866704,135 206 250,Strength
K095-K105,8B1,,0.0146659050989026,0.0554426840832786,0.0554426840832786,135 206 250,Strength
K638-K634,XU2,,0.0553312417726984,0.0505130598033799,0.0553312417726984,135 206 250,Lift
K680-J423,JV2,0.0006304654312599,0.0551906446422178,0.0550208333910619,0.0551906446422178,135 206 250,Lift
K108-K116,NB1,,0.0190847979871889,0.0550964491884017,0.0550964491884017,135 206 250,Strength
K374-K367,3H1,7.383183698393228e-09,0.0193167225572937,0.0549399510847881,0.0549399510847881,135 206 250,Strength
2265-G137,1J1,0.0,0.0152039727810201,0.0549374392025799,0.0549374392025799,135 206 250,Strength
K627-K429,1M2,,0.0220694424382336,0.0548014417830612,0.0548014417830612,135 206 250,Strength
J219-J213,9S1,,0.054788564388879,0.0533148166773449,0.054788564388879,135 206 250,Lift
J083-J070,6P1,,0.0104778386480294,0.054729730729875,0.054729730729875,135 206 250,Strength
K023-K037,691,,0.0523700321332158,0.0546662047484868,0.0546662047484868,135 206 250,Strength
J156-J154,HQ1,,0.0381483228829498,0.0546549434118611,0.0546549434118611,135 206 250,Strength
K712-K471,6N2,1.4418695785167411e-08,0.0220657306048016,0.0546390023200309,0.0546390023200309,135 206 250,Strength
J426-J427,3X1,,0.0188984796972591,0.0546033840240195,0.0546033840240195,135 206 250,Strength
J965-J977,K71,,0.0226427426845209,0.0545938047468582,0.0545938047468582,135 206 250,Strength
J096-J093,FP1,3.986071778044392e-08,0.0211071538231657,0.0545846341629296,0.0545846341629296,135 206 250,Strength
J949-J961,471,,0.0183840409091184,0.0545575324815221,0.0545575324815221,135 206 250,Strength
K609-K610,IL2,2.448133576177162e-09,0.0212484235665995,0.0544539133054379,0.0544539133054379,135 206 250,Strength
K121-K359,0C1,9.099912432303136e-09,0.0266263959991956,0.0543953520511808,0.0543953520511808,135 206 250,Strength
K257-K271,SD1,8.954478581238281e-07,0.0239203392539392,0.0543667665942411,0.0543667665942411,135 206 250,Strength
K107-K115,MB1,,0.018773258614783,0.0543168062938755,0.0543168062938755,135 206 250,Strength
K421-K422,3I1,,0.0239109043034056,0.0543124672137153,0.0543124672137153,135 206 250,Strength
J842-K259,A41,5.975001276065153e-06,0.0260686649549254,0.0543036395814075,0.0543036395814075,135 206 250,Strength
J608-J610,M01,,0.0189429830491778,0.0542783296483935,0.0542783296483935,135 206 250,Strength
J939-J953,U61,,0.0190361132783664,0.054254832592502,0.054254832592502,135 206 250,Strength
J840-K247,841,5.60158680672147e-06,0.0248170932184756,0.0541881493664672,0.0541881493664672,135 206 250,Strength
2169-G173,LA0,0.009,0.0229505160625459,0.0541610882908919,0.0541610882908919,135 206 250,Strength
K356-K128,LG1,5.792571564497806e-09,0.0223140347729431,0.0540379712485201,0.0540379712485201,135 206 250,Strength
J836-J875,541,,0.0208724753488641,0.0539828326153315,0.0539828326153315,135 206 250,Strength
K581-K486,3L2,1.8407418334655668e-08,0.0220388953180724,0.0539360431439011,0.0539360431439011,135 206 250,Strength
K295-K290,UE1,9.782046257472969e-07,0.0217302314971832,0.0539132988594441,0.0539132988594441,135 206 250,Strength
K715-K635,9N2,1.866323372846865e-08,0.0222086113529326,0.0538966603482503,0.0538966603482503,135 206 250,Strength
K349-K131,EG1,9.555046676820798e-09,0.0221281891288944,0.0538518474307644,0.0538518474307644,135 206 250,Strength
J152-J150,DQ1,,0.022937221553536,0.0538102169037462,0.0538102169037462,135 206 250,Strength
2531-GJ58,CS0,0.0,0.0358500491170788,0.0536432015419134,0.0536432015419134,135 206 250,Strength
K232-K235,6D1,1.2657096016441391e-06,0.0229930818736423,0.0536311532908476,0.0536311532908476,135 206 250,Strength
J033-J028,1O1,,0.0187055099733839,0.0536022087955026,0.0536022087955026,135 206 250,Strength
K580-K485,2L2,1.3876402958285172e-08,0.0214813850696698,0.0535509091301605,0.0535509091301605,135 206 250,Strength
K714-K593,8N2,1.3986673540728588e-08,0.0215634361591382,0.0535452767737039,0.0535452767737039,135 206 250,Strength
2182-G461,TA0,0.013,0.0224427480408776,0.0535122058715871,0.0535122058715871,135 206 250,Strength
K099-K109,CB1,,0.0156321209592155,0.0535006690188981,0.0535006690188981,135 206 250,Strength
J246-J238,1T1,,0.0386507082450496,0.0534385292222479,0.0534385292222479,135 206 250,Strength
K634-K632,VU2,,0.0527327102885395,0.0533835171809955,0.0533835171809955,135 206 250,Strength
J093-J072,DP1,,0.0094911841894225,0.0533663771103989,0.0533663771103989,135 206 250,Strength
J333-J331,6V1,,0.0148438733436286,0.0533464110829611,0.0533464110829611,135 206 250,Strength
K332-K334,XF1,8.724142585017843e-09,0.0193166851021357,0.0533190689615829,0.0533190689615829,135 206 250,Strength
K244-K240,FD1,1.9331684358744407e-06,0.0264077767392782,0.0532253911781309,0.0532253911781309,135 206 250,Strength
J423-J394,MO2,0.0006362086613171,0.0532222208771082,0.0494646415428675,0.0532222208771082,135 206 250,Lift
K239-J827,BD1,3.337973721329408e-06,0.0278458960332725,0.0532124167890254,0.0532124167890254,135 206 250,Strength
J247-J239,2T1,,0.0324752947725686,0.0531605588836266,0.0531605588836266,135 206 250,Strength
J959-J973,E71,,0.018327698653617,0.0531397471776357,0.0531397471776357,135 206 250,Strength
K102-K112,FB1,,0.0165398696847849,0.0531364802957329,0.0531364802957329,135 206 250,Strength
J200-J195,QR1,,0.0430822654050326,0.0531165912367505,0.0531165912367505,135 206 250,Strength
K579-K432,1L2,1.4190292886006892e-08,0.0216090792854376,0.0530919762270757,0.0530919762270757,135 206 250,Strength
K621-K622,VL2,9.73338823293108e-10,0.0193348021715354,0.0530494977722593,0.0530494977722593,135 206 250,Strength
J915-J930,661,,0.0263585977164294,0.052955790743333,0.052955790743333,135 206 250,Strength
J914-J929,561,,0.0255127788517702,0.0529026306889266,0.0529026306889266,135 206 250,Strength
J588-J590,WP2,0.0011362943463346,0.052766200765853,0.052231105410677,0.052766200765853,135 206 250,Lift
J453-J454,1P2,3.724561229345822e-05,0.025692090657961,0.0527561810674147,0.0527561810674147,135 206 250,Strength
K294-K289,TE1,4.699829499838084e-07,0.0245175695913564,0.0527354818441433,0.0527354818441433,135 206 250,Strength
J213-J207,3S1,,0.0526660807128918,0.0506664912911653,0.0526660807128918,135 206 250,Lift
K713-K574,7N2,1.3846895052586078e-08,0.0216516361047464,0.0525675049704945,0.0525675049704945,135 206 250,Strength
J450-J453,0P2,,0.026455477610396,0.0522488689990807,0.0522488689990807,135 206 250,Strength
K240-K248,CD1,2.501635232490307e-06,0.024828891382705,0.0521879803282887,0.0521879803282887,135 206 250,Strength
J846-J876,E41,,0.0211742502618211,0.0521238380373247,0.0521238380373247,135 206 250,Strength
K350-K130,FG1,7.325572036616041e-09,0.0219706374648276,0.052026402769442,0.052026402769442,135 206 250,Strength
J601-K565,C01,6.90682204078082e-06,0.0340515607904477,0.0520091095496081,0.0520091095496081,135 206 250,Strength
1301-1305,QS0,0.0,0.0519908411077811,0.0473697378318339,0.0519908411077811,135 206 250,Lift
K101-K111,EB1,,0.0170251994326821,0.0518196976479432,0.0518196976479432,135 206 250,Strength
J950-J962,571,,0.0218864110771597,0.0518179531726371,0.0518179531726371,135 206 250,Strength
J125-J123,OP1,,0.0501258658198376,0.0511694666736295,0.0511694666736295,135 206 250,Strength
J894-J908,L51,,0.0174773717876724,0.051069633109595,0.051069633109595,135 206 250,Strength
K355-K129,KG1,6.841897723077032e-09,0.0219929556210615,0.051003618409254,0.051003618409254,135 206 250,Strength
J560-J552,IZ1,7.005245787725781e-05,0.0418956300356426,0.0508896735327891,0.0508896735327891,135 206 250,Strength
J890-J904,H51,,0.0266579764294087,0.0507726386390904,0.0507726386390904,135 206 250,Strength
J527-J533,TY1,,0.0292939906566567,0.0506783437942,0.0506783437942,135 206 250,Strength
J809-J829,ZS2,,0.0445882515778164,0.0505536145703445,0.0505536145703445,135 206 250,Strength
K703-K704,2N2,1.414255921262111e-09,0.0169572781475558,0.0505420865131106,0.0505420865131106,135 206 250,Strength
J893-J907,K51,,0.0128494543218383,0.0505281788241659,0.0505281788241659,135 206 250,Strength
K401-K399,NH1,2.6073465947029693e-07,0.0180949668093602,0.0504805440660351,0.0504805440660351,135 206 250,Strength
J946-J960,171,,0.0217289884575626,0.0504479340597773,0.0504479340597773,135 206 250,Strength
J227-J221,IS1,,0.0319358227241414,0.0504058919583613,0.0504058919583613,135 206 250,Strength
K615-K616,OL2,1.88848988011452e-09,0.0223219559537259,0.0503876823343804,0.0503876823343804,135 206 250,Strength
J154-J151,FQ1,,0.0384235772544727,0.0503488979642016,0.0503488979642016,135 206 250,Strength
J614-J616,T01,,0.0211876613696417,0.0502458791804895,0.0502458791804895,135 206 250,Strength
K302-J343,2F1,9.789852170953828e-07,0.0182389209516486,0.0502051859032463,0.0502051859032463,135 206 250,Strength
J070-J057,XO1,,0.0155237128285161,0.0501888056437968,0.0501888056437968,135 206 250,Strength
J909-J923,061,,0.0211626299694245,0.050043981229432,0.050043981229432,135 206 250,Strength
J207-J204,XR1,,0.0500095751460575,0.0474263538174272,0.0500095751460575,135 206 250,Lift
K105-K113,JB1,,0.0146903143920084,0.0498750835677024,0.0498750835677024,173 216 230,Strength
J072-J058,ZP1,,0.0144078851459967,0.049613997076179,0.049613997076179,173 216 230,Strength
J875-J889,251,,0.0237969399098318,0.0494490007293053,0.0494490007293053,173 216 230,Strength
J496-J498,8Y1,,0.0159196046831666,0.0494268834360602,0.0494268834360602,173 216 230,Strength
K110-K118,PB1,,0.0149741410891337,0.0494220430985142,0.0494220430985142,173 216 230,Strength
2264-G134,0J1,0.0,0.017702682345502,0.0493790022312988,0.0493790022312988,173 216 230,Strength
J567-J569,QZ1,,0.0164149575584165,0.0493634757352373,0.0493634757352373,173 216 230,Strength
J923-J937,E61,,0.0222215608749649,0.0493068266239182,0.0493068266239182,173 216 230,Strength
J905-J919,W51,,0.0140975732736423,0.0492378909245541,0.0492378909245541,173 216 230,Strength
J417-J418,VW1,,0.0156079133613187,0.0492091167177291,0.0492091167177291,173 216 230,Strength
K538-K400,FK2,4.299235522731564e-09,0.0162154664496358,0.0490577486960144,0.0490577486960144,173 216 230,Strength
2179-G455,QA0,0.01,0.0280443861356405,0.0489659015387536,0.0489659015387536,173 216 230,Strength
K644-K642,9M2,,0.0429091785114725,0.0489583423006097,0.0489583423006097,173 216 230,Strength
J940-J954,V61,,0.0224206835446928,0.0489468054118628,0.0489468054118628,173 216 230,Strength
J919-J933,A61,,0.0158571436468273,0.0487706796294965,0.0487706796294965,173 216 230,Strength
K293-K288,SE1,1.7697274974957366e-08,0.0264817881999295,0.0487087935386861,0.0487087935386861,173 216 230,Strength
J810-J830,0S2,,0.0380556957869877,0.0485349833536012,0.0485349833536012,173 216 230,Strength
K344-K345,9G1,1.9967632119939843e-09,0.0164343664140975,0.0485263337043925,0.0485263337043925,173 216 230,Strength
J907-J921,Y51,,0.0150287027382727,0.0484853353673646,0.0484853353673646,173 216 230,Strength
J034-J029,2O1,,0.019013689765129,0.0484251842838362,0.0484251842838362,173 216 230,Strength
J937-J951,S61,,0.0227789616738819,0.0483081624521584,0.0483081624521584,173 216 230,Strength
J525-J527,RY1,6.954301233608339e-05,0.03083914437604,0.0482781639767581,0.0482781639767581,173 216 230,Strength
J808-J826,YR2,,0.0448782503312215,0.0482601203867918,0.0482601203867918,173 216 230,Strength
J924-J938,F61,,0.0244482360279822,0.0481988193487854,0.0481988193487854,173 216 230,Strength
J910-J924,161,,0.02328225412466,0.0481814989788055,0.0481814989788055,173 216 230,Strength
J226-J220,HS1,,0.041209761402576,0.0481356351579896,0.0481356351579896,173 216 230,Strength
K109-K117,OB1,,0.0159467156726118,0.047931748896524,0.047931748896524,173 216 230,Strength
J876-J890,351,,0.024508962985067,0.0478502215424202,0.0478502215424202,173 216 230,Strength
J895-J911,M51,,0.0146346516315694,0.0478317936437435,0.0478317936437435,173 216 230,Strength
K116-K122,VB1,,0.0188466964612991,0.0478042906157472,0.0478042906157472,173 216 230,Strength
K711-K462,5N2,4.0015310739609436e-09,0.0162097940493268,0.0478026569206484,0.0478026569206484,173 216 230,Strength
J081-J078,ON2,0.0001211537838635,0.0277476192188194,0.0477698059773528,0.0477698059773528,173 216 230,Strength
2181-G458,SA0,0.009,0.0241416701554215,0.0477459851384638,0.0477459851384638,173 216 230,Strength
J074-J081,JTA,0.0002065919737176,0.0277463984954218,0.0476654189369874,0.0476654189369874,173 216 230,Strength
J921-J935,C61,,0.0165953503088306,0.0476628443402551,0.0476628443402551,173 216 230,Strength
J933-J945,O61,,0.0170541904784896,0.047632918773223,0.047632918773223,173 216 230,Strength
J901-J915,S51,,0.0249503731767966,0.0475948160577322,0.0475948160577322,173 216 230,Strength
J887-J901,E51,,0.0231015485598583,0.0475740951931891,0.0475740951931891,173 216 230,Strength
K428-K497,AI1,1.2288852085814621e-08,0.019920599143852,0.0474914149782408,0.0474914149782408,173 216 230,Strength
2168-G172,KA0,0.005,0.0178114620858405,0.0474345846209401,0.0474345846209401,173 216 230,Strength
K624-K421,YL2,,0.0239475146742272,0.0473719948240226,0.0473719948240226,173 216 230,Strength
J911-J925,261,,0.0165853115451573,0.0473596044211919,0.0473596044211919,173 216 230,Strength
J938-J952,T61,,0.0248008198870742,0.0472774560442472,0.0472774560442472,173 216 230,Strength
J026-J021,UN1,,0.0411287621825125,0.0470316239490022,0.0470316239490022,173 216 230,Strength
K289-K299,OE1,4.5592919514138883e-07,0.0238059440750571,0.0469851200117785,0.0469851200117785,173 216 230,Strength
J935-J949,Q61,,0.0176931245710231,0.0469421315531542,0.0469421315531542,173 216 230,Strength
K112-K120,RB1,,0.0164205308182213,0.0468937831858501,0.0468937831858501,173 216 230,Strength
J057-J052,PO1,,0.0199718013285829,0.0468773869567086,0.0468773869567086,173 216 230,Strength
K271-J857,6E1,8.954492824890196e-07,0.0316297178434831,0.0468183546880655,0.0468183546880655,173 216 230,Strength
K115-K121,UB1,,0.0186170785353161,0.0468070818339259,0.0468070818339259,173 216 230,Strength
J204-J200,UR1,,0.0467758889377946,0.0436096009997801,0.0467758889377946,173 216 230,Lift
J332-J334,5V1,,0.026641967676637,0.046708565421828,0.046708565421828,173 216 230,Strength
J586-J589,101,,0.017525638623033,0.0466036272830463,0.0466036272830463,173 216 230,Strength
J524-J525,FP2,7.027376962623511e-05,0.0308664827228853,0.0465811035098778,0.0465811035098778,173 216 230,Strength
J570-J568,TZ1,2.412754532776459e-07,0.016871327713894,0.0465200517697359,0.0465200517697359,173 216 230,Strength
K298-J602,YE1,4.972361339865624e-07,0.0240283115608013,0.0465094897086037,0.0465094897086037,173 216 230,Strength
J951-J965,671,,0.0227319865688161,0.0464440327871234,0.0464440327871234,173 216 230,Strength
J371-J338,PV1,1.604521204214524e-06,0.0165508049164849,0.04644203727634,0.04644203727634,173 216 230,Strength
J151-J149,CQ1,,0.0380924071757689,0.0464398286522215,0.0464398286522215,173 216 230,Strength
J457-J459,3P2,7.592215739095455e-05,0.0401968744674795,0.0463640754223641,0.0463640754223641,173 216 230,Strength
J396-J397,9W1,9.071707487954418e-05,0.0326828808129231,0.0462880215548845,0.0462880215548845,173 216 230,Strength
J925-J939,G61,,0.018034747889125,0.0461773034526695,0.0461773034526695,173 216 230,Strength
J906-J920,X51,,0.0190005832720871,0.046153065683869,0.046153065683869,173 216 230,Strength
K486-K529,IJ2,1.0792011496973982e-08,0.0194629451354039,0.0460759139297677,0.0460759139297677,173 216 230,Strength
K635-K699,4M2,1.0923512472853548e-08,0.0194431479082314,0.0460226583523044,0.0460226583523044,173 216 230,Strength
J945-J959,071,,0.0178958304776066,0.0459765725346916,0.0459765725346916,173 216 230,Strength
K610-K611,JL2,1.5279810463234662e-09,0.0193387290913501,0.0459332346333073,0.0459332346333073,173 216 230,Strength
K471-K696,AJ2,1.1373048086926132e-08,0.0198014839582549,0.0459235678153954,0.0459235678153954,173 216 230,Strength
J526-J528,SY1,,0.0176194581931169,0.0458595196659746,0.0458595196659746,173 216 230,Strength
K111-K119,QB1,,0.0174684257693317,0.0458555575815343,0.0458555575815343,173 216 230,Strength
J009-K620,DN1,1.5594388694678223e-09,0.0199392934796706,0.0458316349488836,0.0458316349488836,173 216 230,Strength
K290-K300,PE1,4.7658558860199843e-07,0.0208727791126679,0.0458054737343736,0.0458054737343736,173 216 230,Strength
J304-J294,CU1,,0.0233500036825524,0.0457725378758009,0.0457725378758009,173 216 230,Strength
J302-J304,AU1,,0.0243836326515416,0.0457061125402574,0.0457061125402574,173 216 230,Strength
K395-K393,HH1,6.212612921121837e-05,0.041131614390698,0.0455483120686281,0.0455483120686281,173 216 230,Strength
J952-J966,771,,0.0248858276950775,0.0454729557009584,0.0454729557009584,173 216 230,Strength
J300-J302,8U1,,0.0252949611209103,0.0454472046799506,0.0454472046799506,173 216 230,Strength
J521-J524,EP2,,0.0316575907554055,0.0453334334555384,0.0453334334555384,173 216 230,Strength
K485-K499,HJ2,1.0657543006496245e-08,0.0192821931569107,0.0452800893596179,0.0452800893596179,173 216 230,Strength
K593-K698,AL2,1.077268597847615e-08,0.0192822069013336,0.0452797106419221,0.0452797106419221,173 216 230,Strength
J427-J428,4X1,,0.0183827114718574,0.0451695361465159,0.0451695361465159,173 216 230,Strength
J936-J950,R61,,0.0214417594650213,0.0449785440968132,0.0449785440968132,173 216 230,Strength
J898-J912,P51,,0.0186987843996557,0.044896680809932,0.044896680809932,173 216 230,Strength
J294-J296,JT4,,0.0222294264307447,0.0448418570391487,0.0448418570391487,173 216 230,Strength
J912-J926,361,,0.020450988115983,0.0447211123655299,0.0447211123655299,173 216 230,Strength
J556-J560,NP2,7.29607026395975e-05,0.0412560958580287,0.0446526738395455,0.0446526738395455,173 216 230,Strength
J920-J934,B61,,0.0203492537724041,0.0444471812747622,0.0444471812747622,173 216 230,Strength
J908-J922,Z61,,0.0192436082852647,0.0444392362154938,0.0444392362154938,173 216 230,Strength
J886-J900,D51,,0.0221443743192643,0.0444329739638569,0.0444329739638569,173 216 230,Strength
J028-J023,WN1,,0.0186796787538437,0.044430924260626,0.044430924260626,173 216 230,Strength
J058-J053,QO1,,0.0187199850931474,0.0444042706275562,0.0444042706275562,173 216 230,Strength
J900-J914,R51,,0.0241788512099904,0.0444007834916196,0.0444007834916196,173 216 230,Strength
K399-K414,LH1,2.381329370503898e-07,0.0174127037555839,0.044319945372533,0.044319945372533,173 216 230,Strength
K432-K498,EI1,1.1119995595053093e-08,0.0193973031823583,0.0443030506558007,0.0443030506558007,173 216 230,Strength
K652-K651,FM2,1.517499294834439e-08,0.0187890956606317,0.0441359370717509,0.0441359370717509,173 216 230,Strength
J328-J300,1V1,,0.0260878454298543,0.0441228478552259,0.0441228478552259,173 216 230,Strength
K574-K697,0L2,1.0822230451413833e-08,0.019375095502301,0.043998744911221,0.043998744911221,173 216 230,Strength
J922-J936,D61,,0.0205797982311937,0.0439335304746765,0.0439335304746765,173 216 230,Strength
J926-J940,H61,,0.0216479546886057,0.043914636697374,0.043914636697374,173 216 230,Strength
K392-K395,MT2,6.158129712318004e-05,0.0420857709120403,0.0438909219505212,0.0438909219505212,173 216 230,Strength
J554-J556,MP2,,0.0418129792639787,0.0438817316645505,0.0438817316645505,173 216 230,Strength
J612-J614,Q01,,0.0210198916586633,0.0438460723325678,0.0438460723325678,173 216 230,Strength
J761-J775,231,,0.0270375212161534,0.043798494997552,0.043798494997552,173 216 230,Strength
K448-J091,NI1,1.6458261732224655e-06,0.0346543881127641,0.0437035319836709,0.0437035319836709,173 216 230,Strength
J934-J946,P61,,0.0213145143834971,0.0436737842451357,0.0436737842451357,173 216 230,Strength
K570-I033,LM4,4.701397220186725e-06,0.0320704893052071,0.0436419332935404,0.0436419332935404,173 216 230,Strength
K235-J825,8D1,1.265711233507462e-06,0.0251559924495537,0.0436225658177701,0.0436225658177701,173 216 230,Strength
J367-J366,LV1,1.8039368076492845e-07,0.0209436629718314,0.0435553458828691,0.0435553458828691,173 216 230,Strength
K616-K617,PL2,1.015148280189264e-09,0.0202402204587463,0.0435033267027239,0.0435033267027239,173 216 230,Strength
K367-K123,WG1,7.384250399170676e-09,0.0154086474078028,0.0434380898085512,0.0434380898085512,173 216 230,Strength
J238-J232,TS1,,0.0404020390245193,0.0433342765656079,0.0433342765656079,173 216 230,Strength
J331-J329,4V1,,0.0123129774879724,0.0431786548594518,0.0431786548594518,173 216 230,Strength
J052-J047,KO1,,0.0241348085227953,0.0430825240782273,0.0430825240782273,173 216 230,Strength
J239-J233,US1,,0.0323264724510453,0.0430678751848583,0.0430678751848583,173 216 230,Strength
K391-K392,KT2,,0.0417650914255935,0.0429479872755362,0.0429479872755362,173 216 230,Strength
J296-J298,4U1,,0.0211514318134605,0.0429078985975801,0.0429078985975801,173 216 230,Strength
J317-J315,QU1,,0.0075291402402821,0.0428705051490846,0.0428705051490846,173 216 230,Strength
J149-J148,AQ1,,0.0371779077317557,0.0428682567164268,0.0428682567164268,173 216 230,Strength
J319-J317,SU1,,0.0073715086567459,0.0428532285895627,0.0428532285895627,173 216 230,Strength
J321-J319,UU1,,0.0071928373238439,0.0426669739441261,0.0426669739441261,173 216 230,Strength
K647-K644,AM2,0.0001350049574042,0.042654894723144,0.037004244122384,0.042654894723144,173 216 230,Lift
K441-K442,E10,5.040529503179762e-09,0.0183529633629439,0.0423374767804281,0.0423374767804281,173 216 230,Strength
J032-J027,0O1,,0.0358823537451225,0.0423084953589717,0.0423084953589717,173 216 230,Strength
K334-K136,ZG1,8.730448740991978e-09,0.0154086458819677,0.0421205604635456,0.0421205604635456,173 216 230,Strength
2184-G467,VA0,0.0,0.029418018224084,0.0421110626573303,0.0421110626573303,173 216 230,Strength
J315-J313,OU1,,0.0076971488017729,0.0421069468844277,0.0421069468844277,173 216 230,Strength
K643-K647,YU2,0.0001351238903833,0.042043453088677,0.0306588517881452,0.042043453088677,173 216 230,Lift
J232-J226,NS1,,0.0411034613400911,0.0417770761743452,0.0417770761743452,173 216 230,Strength
K296-K291,VE1,1.8205663594481272e-08,0.0243474642491742,0.0416819321343878,0.0416819321343878,173 216 230,Strength
J087-J090,8P1,1.4428615053029645e-07,0.0154753422120027,0.0415732036784799,0.0415732036784799,173 216 230,Strength
K288-K298,NE1,7.018485477358229e-08,0.0255230734642446,0.0415520592619993,0.0415520592619993,173 216 230,Strength
J326-J328,ZV1,,0.0265862532333732,0.0415370768917829,0.0415370768917829,173 216 230,Strength
J569-J571,SZ1,,0.0165592005058586,0.0415071148015412,0.0415071148015412,173 216 230,Strength
J233-J227,OS1,,0.0318340992273936,0.0414430121378322,0.0414430121378322,173 216 230,Strength
1510-1513,LY0,2.466865006902212e-09,0.0243113968501415,0.0414326691919799,0.0414326691919799,173 216 230,Strength
I028-K266,CM4,2.3540750303494827e-06,0.0265352427907885,0.0414124735498874,0.0414124735498874,173 216 230,Strength
J323-J321,WU1,,0.0069419497558508,0.0413261180938389,0.0413261180938389,173 216 230,Strength
I021-K251,YL4,2.107494191481377e-06,0.0187397194470918,0.0412580693244412,0.0412580693244412,173 216 230,Strength
J498-J500,AY1,,0.0162006267113079,0.0412547546654886,0.0412547546654886,173 216 230,Strength
J456-J457,2P2,,0.0390938233901617,0.0412330817734649,0.0412330817734649,173 216 230,Strength
K645-K643,ZV2,,0.0412311787548421,0.0333145381827812,0.0412311787548421,173 216 230,Lift
J394-J395,KO2,,0.0296343013590515,0.0410894074310526,0.0410894074310526,173 216 230,Strength
J473-J471,PX1,2.1659000738266984e-08,0.0198488968593783,0.0410822005499202,0.0410822005499202,173 216 230,Strength
J395-J396,LO2,9.164146117348956e-05,0.0303656416621644,0.0410301403087524,0.0410301403087524,173 216 230,Strength
K622-K480,WL2,9.73641488416257e-10,0.0150145580228665,0.0409506601506965,0.0409506601506965,173 216 230,Strength
J366-J368,KV1,2.410840276643733e-07,0.0185430841026594,0.0408621129729553,0.0408621129729553,173 216 230,Strength
J418-J419,WW1,,0.0159564715772751,0.0408043802951103,0.0408043802951103,173 216 230,Strength
J610-J612,O01,,0.0201795329026187,0.0406741644295254,0.0406741644295254,173 216 230,Strength
K291-K301,QE1,2.951115633329936e-08,0.0230758161807198,0.0405984493569711,0.0405984493569711,173 216 230,Strength
J029-J024,XN1,,0.0189445002718305,0.0403424872313885,0.0403424872313885,173 216 230,Strength
K277-K287,CE1,1.8984043079833965e-07,0.0160474251990818,0.0403133232735147,0.0403133232735147,173 216 230,Strength
K400-K496,MH1,4.091291173442797e-09,0.0140560248171286,0.0402917140931146,0.0402917140931146,173 216 230,Strength
J313-J311,MU1,,0.0079659201031479,0.0402235805844648,0.0402235805844648,173 216 230,Strength
J471-J475,NX1,3.4903123462295734e-08,0.0178091630423206,0.0401125263230048,0.0401125263230048,173 216 230,Strength
J297-K581,5U1,1.8400871424104773e-08,0.0187784307436058,0.0400056156014892,0.0400056156014892,173 216 230,Strength
J336-K715,9V1,1.8660789097622817e-08,0.0197203116634986,0.0399088570503873,0.0399088570503873,173 216 230,Strength
J298-J306,6U1,,0.020084188310064,0.0398078027523459,0.0398078027523459,173 216 230,Strength
K623-K624,XL2,,0.0239101243371499,0.0397524482523371,0.0397524482523371,173 216 230,Strength
J148-J147,9Q1,,0.0357118974402285,0.0396478049418148,0.0396478049418148,173 216 230,Strength
I033-K293,MM4,7.721871566581379e-08,0.0253021675838319,0.0395662042572763,0.0395662042572763,173 216 230,Strength
J090-J071,AP1,,0.0104915826033095,0.0395139165635545,0.0395139165635545,173 216 230,Strength
K651-K653,EM2,4.205935681869528e-08,0.0175827348072178,0.0395111686968393,0.0395111686968393,173 216 230,Strength
J334-J324,7V1,,0.0268222583286575,0.0394528072763558,0.0394528072763558,173 216 230,Strength
J055-J050,NO1,,0.0153594092905385,0.0393385155046272,0.0393385155046272,173 216 230,Strength
J071-J059,YO1,,0.0126043059581439,0.0393328680040849,0.0393328680040849,173 216 230,Strength
J059-J055,RO1,,0.0141736234512092,0.039308523808011,0.039308523808011,173 216 230,Strength
K282-K277,HE1,1.462831024179743e-07,0.0178107731544956,0.0393056770032404,0.0393056770032404,173 216 230,Strength
K462-K695,1J2,3.78624216171087e-09,0.0140560490159166,0.0392905550850496,0.0392905550850496,173 216 230,Strength
K704-K127,3N2,1.4152029766961179e-09,0.0133117010290989,0.0392527538529847,0.0392527538529847,173 216 230,Strength
J324-J326,XU1,,0.0267911167644769,0.0391032693382219,0.0391032693382219,173 216 230,Strength
J762-J776,431,,0.0281213932752386,0.0390936544683997,0.0390936544683997,173 216 230,Strength
J325-J323,YU1,,0.0068122206280308,0.0390153210823359,0.0390153210823359,173 216 230,Strength
J575-K557,Z01,1.5700049579885268e-08,0.0199654067351764,0.0388785904823819,0.0388785904823819,173 216 230,Strength
J775-J789,A31,4.384014515296732e-06,0.0274884030133303,0.0387249622515792,0.0387249622515792,173 216 230,Strength
J010-K615,EN1,1.8881017238859307e-09,0.0205820077307182,0.0387007184440839,0.0387007184440839,173 216 230,Strength
K429-K623,BI1,,0.0231724824807184,0.0386167986731299,0.0386167986731299,173 216 230,Strength
J008-K609,CN1,2.449047350582021e-09,0.019910592981904,0.0385126978893605,0.0385126978893605,173 216 230,Strength
CA19-1716,6F0,2.169511579586021e-06,0.0064704010434942,0.0384311200803106,0.0384311200803106,173 216 230,Strength
CA05-CA19,5F0,,0.0017191345193458,0.0383893836614985,0.0383893836614985,173 216 230,Strength
J037-J032,5O1,,0.0328564001013348,0.0383791114883494,0.0383791114883494,173 216 230,Strength
J590-J592,XP2,,0.031829390603983,0.0383120790891439,0.0383120790891439,173 216 230,Strength
J053-J048,LO1,,0.0227302602865641,0.0381842953811153,0.0381842953811153,173 216 230,Strength
J050-J045,IO1,,0.0162091773221043,0.0381736718806726,0.0381736718806726,173 216 230,Strength
J047-J041,FO1,,0.0279501453898543,0.038170647748178,0.038170647748178,173 216 230,Strength
J429-K714,6X1,1.3986749289484504e-08,0.0197194085614748,0.0381005540842124,0.0381005540842124,173 216 230,Strength
J421-K580,0X1,1.3876553524577625e-08,0.0193174788330223,0.0380856198160514,0.0380856198160514,173 216 230,Strength
J031-J026,ZO1,,0.0379905904280273,0.0373970649631072,0.0379905904280273,173 216 230,Lift
1212-1308,PS0,0.0,0.037962994585412,0.0374129619079538,0.037962994585412,173 216 230,Lift
J596-J601,701,,0.0360152811689889,0.0379432976451237,0.0379432976451237,173 216 230,Strength
I044-K652,8N4,3.835881059215185e-08,0.0173839779098813,0.037904156030501,0.037904156030501,173 216 230,Strength
J629-K712,A11,1.442204869100824e-08,0.0200266841507478,0.0376885255658838,0.0376885255658838,173 216 230,Strength
K345-K132,AG1,1.994911396905781e-09,0.0128350621761182,0.03752300389808,0.03752300389808,173 216 230,Strength
J311-J309,KU1,,0.0083488513449803,0.0375062659265947,0.0375062659265947,173 216 230,Strength
J042-J037,AO1,,0.0296915823212054,0.037485565416427,0.037485565416427,173 216 230,Strength
3355-G159,0K1,0.0,0.0272344556753267,0.0373858992794881,0.0373858992794881,173 216 230,Strength
J338-J367,AV1,1.8039369155229117e-07,0.0198732123182073,0.0372362653467246,0.0372362653467246,173 216 230,Strength
J504-K579,GY1,1.4189814438855162e-08,0.0194507531425623,0.0369010157388539,0.0369010157388539,173 216 230,Strength
J530-K713,WY1,1.383965574000519e-08,0.0196780055594379,0.0368433742634291,0.0368433742634291,173 216 230,Strength
K497-J618,SJ2,1.228574964473658e-08,0.0155410917614637,0.0368295770625939,0.0368295770625939,173 216 230,Strength
K653-K630,GM2,3.9469419910223553e-07,0.0178012731616524,0.036551363864683,0.036551363864683,173 216 230,Strength
J568-J572,RZ1,8.399373241248741e-08,0.0155508633807734,0.0363849274458314,0.0363849274458314,173 216 230,Strength
J589-J591,201,,0.0177491512153439,0.0363729388927279,0.0363729388927279,173 216 230,Strength
J048-J042,GO1,,0.0263818751536554,0.0361687439529859,0.0361687439529859,173 216 230,Strength
J045-J040,DO1,,0.0167412115298283,0.036023815855516,0.036023815855516,173 216 230,Strength
J329-J327,2V1,,0.0101530023809205,0.035993352507159,0.035993352507159,173 216 230,Strength
J306-J312,EU1,,0.0191665301593359,0.0357733398476857,0.0357733398476857,173 216 230,Strength
K529-J295,BK2,1.0787858676200136e-08,0.0151427865538858,0.0356364675064455,0.0356364675064455,173 216 230,Strength
J327-J325,0V1,,0.0083478617333613,0.035619140849185,0.035619140849185,173 216 230,Strength
K696-J631,VM2,1.1370836715056728e-08,0.0154358397742949,0.0356102731559143,0.0356102731559143,173 216 230,Strength
K699-J337,YM2,1.092165132345102e-08,0.0151132458227711,0.0355636160496106,0.0355636160496106,173 216 230,Strength
J528-J529,UY1,,0.0178031707315098,0.0355329209036594,0.0355329209036594,173 216 230,Strength
K611-J003,KL2,1.528633254954233e-09,0.0150271800461978,0.0354640722253373,0.0354640722253373,173 216 230,Strength
J789-J803,G31,4.456338920222996e-06,0.0272420438207413,0.0353476650320671,0.0353476650320671,173 216 230,Strength
J428-J425,5X1,,0.0182496530399427,0.0351156680776046,0.0351156680776046,173 216 230,Strength
J594-J596,501,0.0001355570486697,0.0349728823961124,0.031605459585675,0.0349728823961124,173 216 230,Lift
K499-J422,UJ2,1.065752298920008e-08,0.0149805657522877,0.0349656802889521,0.0349656802889521,173 216 230,Strength
K698-J436,XM2,1.0772674020928229e-08,0.0149805841414436,0.0349654113812029,0.0349654113812029,173 216 230,Strength
1716-S010,CW2,0.0018884430000304,0.0067637205772681,0.0347840938110122,0.0347840938110122,173 216 230,Strength
J036-J031,4O1,,0.0347760055071502,0.0341539939784893,0.0347760055071502,173 216 230,Lift
J803-J813,M31,,0.0273189126192382,0.0346499100226597,0.0346499100226597,173 216 230,Strength
J023-J018,RN1,,0.0186321599898426,0.0345888844586774,0.0345888844586774,173 216 230,Strength
J776-J790,B31,4.775939575090195e-06,0.0281046850869541,0.0344769476807795,0.0344769476807795,173 216 230,Strength
2238-G107,HF0,0.001,0.0124741074031128,0.0344207830901654,0.0344207830901654,173 216 230,Strength
K498-J506,TJ2,1.1117130194145141e-08,0.0150821393545054,0.0342297646628314,0.0342297646628314,173 216 230,Strength
J804-J814,N31,,0.028120332169945,0.0340553694513465,0.0340553694513465,173 216 230,Strength
K697-J534,WM2,1.0820822797345822e-08,0.0150558763376153,0.034005122902105,0.034005122902105,173 216 230,Strength
K617-J004,QL2,1.015650965491599e-09,0.0158214289568984,0.0338413487497631,0.0338413487497631,173 216 230,Strength
J790-J804,H31,4.675340889917396e-06,0.0282063862434112,0.0337899058108013,0.0337899058108013,173 216 230,Strength
J309-J307,IU1,,0.0089290388327221,0.0337557485301591,0.0337557485301591,173 216 230,Strength
J571-J573,UZ1,,0.0171266306498156,0.0334460451328274,0.0334460451328274,173 216 230,Strength
J343-K282,DV1,1.4628310817465018e-07,0.0168511967621006,0.0333911429580232,0.0333911429580232,173 216 230,Strength
J814-J842,T31,,0.0261358698080227,0.0332876659957554,0.0332876659957554,173 216 230,Strength
J041-J036,9O1,,0.0314293347360592,0.0331399079057247,0.0331399079057247,173 216 230,Strength
J813-J840,S31,,0.0269431384257969,0.0329267647587252,0.0329267647587252,173 216 230,Strength
J040-J035,8O1,,0.017174067951244,0.0328057571763341,0.0328057571763341,173 216 230,Strength
2239-G110,IF0,0.001,0.0121551286975715,0.032715737706707,0.032715737706707,173 216 230,Strength
J500-J502,CY1,,0.0168171814522794,0.0325748082285681,0.0325748082285681,173 216 230,Strength
J592-J594,YP2,0.0001329942430581,0.0324017975111442,0.0324545211884143,0.0324545211884143,173 216 230,Strength
J419-J420,XW1,,0.0166402616435518,0.0318732928780953,0.0318732928780953,173 216 230,Strength
1364-1365,IX2,4.2593005545403854e-08,0.0276270300460518,0.0316906880721671,0.0316906880721671,173 216 230,Strength
J024-J019,SN1,,0.0188403602493826,0.0311916566951848,0.0311916566951848,173 216 230,Strength
J014-J009,IN1,,0.0192329138483601,0.0310049347128646,0.0310049347128646,173 216 230,Strength
J312-J314,LU1,,0.0183890301664942,0.030729238988124,0.030729238988124,173 216 230,Strength
K496-J736,RJ2,4.0918066363928855e-09,0.0107403654276015,0.0304478876361665,0.0304478876361665,173 216 230,Strength
K695-K629,UM2,3.7876932985589955e-09,0.0107403914452433,0.0297004368242896,0.0297004368242896,173 216 230,Strength
CA81-S008,XE0,0.0046474370751657,0.014370763375303,0.0291985661281743,0.0291985661281743,173 216 230,Strength
J307-J305,FU1,,0.009716368392245,0.0291836511039616,0.0291836511039616,173 216 230,Strength
J035-J030,3O1,,0.0174998293463613,0.0284118023783666,0.0284118023783666,173 216 230,Strength
J015-J010,JN1,,0.0194408366708135,0.0282132117357462,0.0282132117357462,173 216 230,Strength
J299-J297,7U1,,0.0158719058575692,0.0257182992123948,0.0257182992123948,173 216 230,Strength
J591-J629,301,,0.0183972705623251,0.0254969420542453,0.0254969420542453,173 216 230,Strength
J310-J336,JU1,,0.0183931429158428,0.025447571450856,0.025447571450856,173 216 230,Strength
J573-J575,XZ1,,0.0180228451288176,0.0250624372703202,0.0250624372703202,173 216 230,Strength
J314-J316,NU1,,0.017804437186336,0.0247469625106682,0.0247469625106682,173 216 230,Strength
J529-J530,VY1,,0.0184248111592495,0.0246602422697512,0.0246602422697512,173 216 230,Strength
J425-J429,2X1,,0.0187132549078711,0.0245770723247164,0.0245770723247164,173 216 230,Strength
J018-J013,MN1,,0.0187938216375938,0.0242618719300357,0.0242618719300357,173 216 230,Strength
J013-J008,HN1,,0.0191512789455399,0.0239757655529171,0.0239757655529171,173 216 230,Strength
J305-J303,DU1,,0.0107695327325448,0.0237607849620035,0.0237607849620035,173 216 230,Strength
J502-J504,EY1,,0.0177958445629759,0.0235339419212624,0.0235339419212624,173 216 230,Strength
J420-J421,ZX1,,0.0176903560644158,0.0230935428197833,0.0230935428197833,173 216 230,Strength
J030-J025,YN1,,0.0178022093689455,0.0229375576613604,0.0229375576613604,173 216 230,Strength
J019-J014,NN1,,0.0189225815231612,0.0216444078367459,0.0216444078367459,173 216 230,Strength
J020-J015,ON1,,0.018731886789179,0.0191018701388927,0.0191018701388927,173 216 230,Strength
J316-J308,PU1,,0.0174829037752008,0.0187075447696953,0.0187075447696953,173 216 230,Strength
J025-J020,TN1,,0.0181790009526855,0.0181977067343136,0.0181977067343136,173 216 230,Strength
J308-J310,HU1,,0.0177335139795285,0.0146648741184176,0.0177335139795285,173 216 230,Lift
CA11-CA07,CA5,6.053825832777147e-24,0.0008910861824718,0.0176157765821251,0.0176157765821251,173 216 230,Strength
J303-J301,BU1,,0.0121167859666287,0.0175860280506019,0.0175860280506019,173 216 230,Strength
K480-J005,GJ2,7.32647114900826e-12,0.0058550538542193,0.0155327196015167,0.0155327196015167,173 216 230,Strength
K479-J002,FJ2,1.0116021002446322e-11,0.0058590343761178,0.0153119067834746,0.0153119067834746,173 216 230,Strength
J301-J299,9U1,,0.0138079214351798,0.0146365508208704,0.0146365508208704,173 216 230,Strength
CA14-CA03,OE0,1.6155294264931854e-23,0.0008910861824718,0.0126134352244233,0.0126134352244233,173 216 230,Strength
CA08-CA04,CW9,9.327604276827676e-26,0.0007302430719127,0.0091466123288619,0.0091466123288619,173 216 230,Strength
1030-PK02,XZ2,,0.0082179069860242,0.0009737539214687,0.0082179069860242,173 216 230,Lift
1375-PK06,712,,0.0078822241850904,0.0009756027010611,0.0078822241850904,173 216 230,Lift
1053-PK03,YZ2,,0.0067880737910503,0.0009395106110455,0.0067880737910503,173 216 230,Lift
1352-PK07,B12,,0.0067745678204658,0.0010220220852891,0.0067745678204658,173 216 230,Lift
1099-PK01,LB4,,0.0065542384662206,0.0011116978970771,0.0065542384662206,173 216 230,Lift
Q927-BO90,GE0,,0.0013086045015428,0.0065137769183041,0.0065137769183041,173 216 230,Strength
1128-PK04,AZ2,,0.0062657153927744,0.0010602888527971,0.0062657153927744,173 216 230,Lift
1280-PK05,A02,,0.0052687669779209,0.0009563452173981,0.0052687669779209,173 216 230,Lift
CA06-CA20,UE0,,0.0005262372386015,0.005251985322668,0.005251985322668,173 216 230,Strength
1259-PK08,902,,0.0039192065086113,0.00091834533498,0.0039192065086113,173 216 230,Lift
Q933-Q943,8W2,,5.27279375949502e-08,0.002757265655922,0.002757265655922,173 216 230,Strength
Q930-Q942,7W2,,4.310673967959256e-08,0.0024231033623801,0.0024231033623801,173 216 230,Strength
LGB1-580Y,LT1,1.5262517503197452e-06,,,1.5262517503197452e-06,173 216 230,Fatigue
LGB3-593A,LT1,1.3633008572210743e-06,,,1.3633008572210743e-06,173 216 230,Fatigue
LGC3-722H,LT2,1.352203341861855e-07,,,1.352203341861855e-07,173 216 230,Fatigue
LGC1-702F,LT2,1.1986548084151057e-07,,,1.1986548084151057e-07,173 216 230,Fatigue
LGA1-502B,LT1,1.1407339903042165e-07,,,1.1407339903042165e-07,173 216 230,Fatigue
LGA3-510I,LT1,1.1265451186653325e-07,,,1.1265451186653325e-07,173 216 230,Fatigue
LGD1-960T,LT2,2.0789413328694693e-08,,,2.0789413328694693e-08,173 216 230,Fatigue
LGD3-99AJ,LT2,6.417048362905561e-09,,,6.417048362905561e-09,173 216 230,Fatigue
