member_id,group_id,section_id,is_cone,OD,THK,OD_L,OD_S,THK1,THK2,z1,z2,zone
BL11-BL13,BF1,,False,50.8,7.0,,,,,2.5,3.4,in
BL12-BL14,BF1,,False,50.8,7.0,,,,,2.5,3.4,in
BL13-BL15,BF1,,False,50.8,7.0,,,,,3.4,5.5,in
BL14-BL16,BF1,,False,50.8,7.0,,,,,3.4,5.5,in
BL15-BL17,BF1,,False,50.8,7.0,,,,,5.5,6.3,in
BL16-BL18,BF1,,False,50.8,7.0,,,,,5.5,6.3,in
BL17-BL19,BF1,,False,50.8,7.0,,,,,6.3,8.2,in
BL18-BL20,BF1,,False,50.8,7.0,,,,,6.3,8.2,in
BM28-BM30,BF1,,False,50.8,7.0,,,,,-2.9,-0.6,in
BM29-BM31,BF1,,False,50.8,7.0,,,,,-2.9,-0.6,in
BM32-BL11,BF1,,False,50.8,7.0,,,,,0.6,2.5,in
BM33-BL12,BF1,,False,50.8,7.0,,,,,0.6,2.5,in
BL05-BL07,BF1,,False,50.8,7.0,,,,,-4.23,-3.5,in
BL06-BL08,BF1,,False,50.8,7.0,,,,,-4.23,-3.5,in
BL07-BM28,BF1,,False,50.8,7.0,,,,,-3.5,-2.9,in
BL08-BM29,BF1,,False,50.8,7.0,,,,,-3.5,-2.9,in
BL09-BM32,BF1,,False,50.8,7.0,,,,,0.0,0.6,in
BL10-BM33,BF1,,False,50.8,7.0,,,,,0.0,0.6,in
BM30-BL09,BF1,,False,50.8,7.0,,,,,-0.6,0.0,in
BM31-BL10,BF1,,False,50.8,7.0,,,,,-0.6,0.0,in
BL01-BL02,BF3,,False,50.8,6.0,,,,,-5.23,-5.23,below
BL01-BL03,BF3,,False,50.8,6.0,,,,,-5.23,-4.39,below
BL02-BL04,BF3,,False,50.8,6.0,,,,,-5.23,-4.39,below
BL19-BL21,BF0,,False,50.8,6.0,,,,,8.2,8.5,in
BL20-BL22,BF0,,False,50.8,6.0,,,,,8.2,8.5,in
BL21-BL23,BF2,,False,50.8,6.0,,,,,8.5,9.95,above
BL22-BL24,BF2,,False,50.8,6.0,,,,,8.5,10.0,above
3563-BL95,BL1,,False,81.3,6.0,,,,,8.5,8.5,above
BL95-BL96,BL1,,False,81.3,6.0,,,,,8.5,8.5,above
BL96-BL97,BL1,,False,81.3,6.0,,,,,8.5,8.5,above
BL97-BL98,BL1,,False,81.3,6.0,,,,,8.5,8.5,above
BL03-BL05,BF3,,False,50.8,6.0,,,,,-4.39,-4.5162,below
BL04-BL06,BF3,,False,50.8,6.0,,,,,-4.39,-4.5162,below
BL97-BL99,BL5,,False,40.64,3.0,,,,,8.9065,9.028,above
BL99-BM05,BL5,,False,40.64,3.0,,,,,9.028,9.3,above
BM05-BM06,BL5,,False,40.64,3.0,,,,,9.3,9.85,above
BM06-BM10,BL5,,False,40.64,3.0,,,,,9.85,10.3,above
BM10-BM12,BL5,,False,40.64,3.0,,,,,10.3,10.5,above
BL93-BL21,BL6,,False,47.0,5.0,,,,,8.5,8.5,above
BL94-BL22,BL6,,False,47.0,5.0,,,,,8.5,8.5,above
BL96-BL93,BL6,,False,47.0,5.0,,,,,8.5,8.5,above
BL96-BL94,BL6,,False,47.0,5.0,,,,,8.5,8.5,above
BL91-BM01,BL8,,False,16.83,2.0,,,,,8.2,9.3,in
BL92-BM02,BL8,,False,16.83,2.0,,,,,8.2,9.3,in
BM01-BM03,BL4,,False,16.83,2.0,,,,,9.3,9.3,above
BM01-BM07,BL2,,False,16.83,2.0,,,,,9.3,10.3,above
BM02-BM04,BL4,,False,16.83,2.0,,,,,9.3,9.3,above
BM02-BM08,BL2,,False,16.83,2.0,,,,,9.3,10.3,above
BM04-BM05,BL4,,False,16.83,2.0,,,,,9.3,9.3,above
BM05-BM03,BL4,,False,16.83,2.0,,,,,9.3,9.3,above
BM07-BM09,BL4,,False,16.83,2.0,,,,,10.3,10.3,above
BM07-BM13,BL2,,False,16.83,2.0,,,,,10.3,12.4,above
BM08-BM11,BL4,,False,16.83,2.0,,,,,10.3,10.3,above
BM08-BM14,BL2,,False,16.83,2.0,,,,,10.3,12.4,above
BM10-BM09,BL4,,False,16.83,2.0,,,,,10.3,10.3,above
BM11-BM10,BL4,,False,16.83,2.0,,,,,10.3,10.3,above
BM13-BM14,BL7,,False,16.83,2.0,,,,,12.4,12.4,above
BM13-BM15,BL2,,False,16.83,2.0,,,,,12.4,12.5,above
BM14-BM16,BL2,,False,16.83,2.0,,,,,12.4,12.5,above
BL99-RP08,BL9,,False,11.43,1.0,,,,,9.028,9.85,above
BL35-BL36,BL0,,False,18.83,3.0,,,,,-3.5,-3.5,in
BL36-BL56,BLA,,False,18.83,3.0,,,,,-3.5,0.0,in
BL37-BL38,BL0,,False,18.83,3.0,,,,,-3.5,-3.5,in
BL37-BL57,BLA,,False,18.83,3.0,,,,,-3.5,0.0,in
BL55-BL56,BL0,,False,18.83,3.0,,,,,0.0,0.0,in
BL56-BL70,BLA,,False,18.83,3.0,,,,,0.0,3.0,in
BL57-BL58,BL0,,False,18.83,3.0,,,,,0.0,0.0,in
BL57-BL71,BLA,,False,18.83,3.0,,,,,0.0,3.0,in
BL70-BL72,BLB,,False,18.83,3.0,,,,,3.0,3.4,in
BL71-BL73,BLB,,False,18.83,3.0,,,,,3.0,3.4,in
BL72-BL75,BL0,,False,18.83,3.0,,,,,3.4,3.4,in
BL72-BL85,BLB,,False,18.83,3.0,,,,,3.4,6.3,in
BL73-BL76,BL0,,False,18.83,3.0,,,,,3.4,3.4,in
BL73-BL86,BLB,,False,18.83,3.0,,,,,3.4,6.3,in
BL85-BL88,BL0,,False,18.83,3.0,,,,,6.3,6.3,in
BL85-BL91,BLB,,False,18.83,3.0,,,,,6.3,8.2,in
BL86-BL89,BL0,,False,18.83,3.0,,,,,6.3,6.3,in
BL86-BL92,BLB,,False,18.83,3.0,,,,,6.3,8.2,in
BM17-BL36,BLA,,False,18.83,3.0,,,,,-4.0,-3.5,in
BM18-BL37,BLA,,False,18.83,3.0,,,,,-4.0,-3.5,in
BL67-BL68,BLC,,False,83.3,7.0,,,,,2.5,2.5,in
BL68-BL69,BLC,,False,83.3,7.0,,,,,2.5,2.5,in
BL80-BL81,BLC,,False,83.3,7.0,,,,,5.5,5.5,in
BL81-BL82,BLC,,False,83.3,7.0,,,,,5.5,5.5,in
BM20-BL67,BLC,,False,83.3,7.0,,,,,2.5,2.5,in
BM22-BL80,BLC,,False,83.3,7.0,,,,,5.5,5.5,in
BL65-BL11,BLD,,False,49.0,6.0,,,,,2.5,2.5,in
BL66-BL12,BLD,,False,49.0,6.0,,,,,2.5,2.5,in
BL68-BL65,BLD,,False,49.0,6.0,,,,,2.5,2.5,in
BL68-BL66,BLD,,False,49.0,6.0,,,,,2.5,2.5,in
BL78-BL15,BLD,,False,49.0,6.0,,,,,5.5,5.5,in
BL79-BL16,BLD,,False,49.0,6.0,,,,,5.5,5.5,in
BL81-BL78,BLD,,False,49.0,6.0,,,,,5.5,5.5,in
BL81-BL79,BLD,,False,49.0,6.0,,,,,5.5,5.5,in
BL13-BL74,BLG,,False,21.37,3.0,,,,,3.4,3.4,in
BL14-BL77,BLG,,False,21.37,3.0,,,,,3.4,3.4,in
BL17-BL87,BLG,,False,21.37,3.0,,,,,6.3,6.3,in
BL18-BL90,BLG,,False,21.37,3.0,,,,,6.3,6.3,in
BL74-BL75,BLG,,False,21.37,3.0,,,,,3.4,3.4,in
BL75-BL76,BLG,,False,21.37,3.0,,,,,3.4,3.4,in
BL76-BL77,BLG,,False,21.37,3.0,,,,,3.4,3.4,in
BL87-BL88,BLG,,False,21.37,3.0,,,,,6.3,6.3,in
BL88-BL89,BLG,,False,21.37,3.0,,,,,6.3,6.3,in
BL89-BL90,BLG,,False,21.37,3.0,,,,,6.3,6.3,in
BL35-BL07,BLD,,False,49.0,6.0,,,,,-3.5,-3.5,in
BL38-BL08,BLD,,False,49.0,6.0,,,,,-3.5,-3.5,in
BL39-BL35,BLD,,False,49.0,6.0,,,,,-3.5,-3.5,in
BL40-BL38,BLD,,False,49.0,6.0,,,,,-3.5,-3.5,in
BL40-BL42,BLD,,False,49.0,6.0,,,,,-3.5,-3.5,in
BL41-BL39,BLD,,False,49.0,6.0,,,,,-3.5,-3.5,in
BL41-BL42,BLD,,False,49.0,6.0,,,,,-3.5,-3.5,in
BL55-BL09,BLD,,False,49.0,6.0,,,,,0.0,0.0,in
BL58-BL10,BLD,,False,49.0,6.0,,,,,0.0,0.0,in
BL59-BL55,BLD,,False,49.0,6.0,,,,,0.0,0.0,in
BL60-BL59,BLD,,False,49.0,6.0,,,,,0.0,0.0,in
BL61-BL60,BLD,,False,49.0,6.0,,,,,0.0,0.0,in
BL62-BL58,BLD,,False,49.0,6.0,,,,,0.0,0.0,in
BL62-BL61,BLD,,False,49.0,6.0,,,,,0.0,0.0,in
BL31-BL39,BLI,,False,56.6,6.0,,,,,-4.25,-3.5,in
BL32-BL40,BLI,,False,56.6,6.0,,,,,-4.25,-3.5,in
BL39-BL43,BLI,,False,56.6,6.0,,,,,-3.5,-3.2,in
BL40-BL44,BLI,,False,56.6,6.0,,,,,-3.5,-3.197,in
BL45-BL51,BLI,,False,56.6,6.0,,,,,-1.2,-0.75,in
BL46-BL52,BLI,,False,56.6,6.0,,,,,-1.2,-0.75,in
BL51-BL59,BLI,,False,56.6,6.0,,,,,-0.75,0.0,in
BL52-BL62,BLI,,False,56.6,6.0,,,,,-0.75,0.0,in
BL59-BL63,BLI,,False,56.6,6.0,,,,,0.0,0.3,in
BL62-BL64,BLI,,False,56.6,6.0,,,,,0.0,0.303,in
BL29-BL33,BLM,,False,70.0,4.8,,,,,-4.25,-3.85,in
BL30-BL34,BLM,,False,70.0,4.8,,,,,-4.25,-3.85,in
BL47-BL49,BLM,,False,70.0,4.8,,,,,-1.15,-0.75,in
BL48-BL50,BLM,,False,70.0,4.8,,,,,-1.15,-0.75,in
BL49-BL53,BLM,,False,70.0,4.8,,,,,-0.75,-0.35,in
BL50-BL54,BLM,,False,70.0,4.8,,,,,-0.75,-0.35,in
3562-BL29,BLN,,False,63.0,5.0,,,,,-4.25,-4.25,in
3562-BL30,BLN,,False,63.0,5.0,,,,,-4.25,-4.25,in
BM19-BL49,BLN,,False,63.0,5.0,,,,,-0.75,-0.75,in
BM19-BL50,BLN,,False,63.0,5.0,,,,,-0.75,-0.75,in
BO88-Q870,BO3,,False,40.64,1.6,,,,,13.0,13.0,above
BO89-Q894,BO3,,False,40.64,1.6,,,,,13.0,13.0,above
Q870-BO89,BO3,,False,40.64,1.6,,,,,13.0,13.0,above
Q894-Q927,BO3,,False,40.64,1.6,,,,,13.0,13.0,above
Q927-BO90,BO3,,False,40.64,1.6,,,,,13.0,13.0,above
BO97-BP25,BO7,,False,40.64,2.5,,,,,13.0,13.0,above
BO98-BO97,BO7,,False,40.64,2.5,,,,,13.0,13.0,above
BO99-BO98,BO7,,False,40.64,2.5,,,,,13.0,13.0,above
BP25-BO96,BO7,,False,40.64,2.5,,,,,13.0,13.0,above
Q483-BO96,BO7,,False,40.64,2.5,,,,,13.0,13.0,above
4961-JR19,CA1,,False,70.0,2.4,,,,,-0.201,8.2,in
CA17-JR15,CA1,,False,70.0,2.4,,,,,1.448,8.2,in
S008-CA17,CA1,,False,70.0,2.4,,,,,-4.3,1.448,in
S009-4961,CA1,,False,70.0,2.4,,,,,-4.3,-0.201,in
CA11-CA07,CA2,,False,70.0,2.3,,,,,13.75,15.835,above
CA14-CA03,CA2,,False,70.0,2.3,,,,,13.75,15.835,above
JR15-CA16,CA0,,False,70.0,2.3,,,,,8.2,12.25,in
JR19-CA13,CA0,,False,70.0,2.3,,,,,8.2,12.25,in
3628-4953,CA5,,False,70.0,2.3,,,,,-6.0,-4.5,below
4953-S009,CA0,,False,70.0,2.3,,,,,-4.5,-4.3,in
CA01-CA18,CA5,,False,70.0,2.3,,,,,-10.0,-6.0,below
CA06-CA20,CA5,,False,70.0,2.3,,,,,-10.525,-9.3,below
CA18-CA81,CA5,,False,70.0,2.3,,,,,-6.0,-4.4,below
CA20-3628,CA5,,False,70.0,2.3,,,,,-9.3,-6.0,below
CA81-S008,CA0,,False,70.0,2.3,,,,,-4.4,-4.3,in
CA12-CA11,CA7,,False,72.0,3.3,,,,,13.0,13.75,above
CA13-CA12,CA7,,False,72.0,3.3,,,,,12.25,13.0,above
CA15-CA14,CA7,,False,72.0,3.3,,,,,13.0,13.75,above
CA16-CA15,CA7,,False,72.0,3.3,,,,,12.25,13.0,above
2531-GJ58,CS0,,False,68.0,2.0,,,,,-10.60017,-9.5907,below
3512-GJ72,CS0,,False,68.0,2.0,,,,,-6.0,-6.0,below
CA12-4516,CS2,,False,68.0,2.0,,,,,13.0,13.0,above
CA15-4100,CS2,,False,68.0,2.0,,,,,13.0,13.0,above
X001-3101,CS0,,False,68.0,2.0,,,,,-6.0,-6.0,below
CA09-4794,CS1,,False,125.0,3.0,,,,,13.0,13.0,above
X003-3363,CS4,,False,136.0,3.5,,,,,-6.0,-6.0,below
1716-S010,CW0,,False,125.0,2.4,,,,,-4.4,-4.3,in
CA05-CA19,CW2,,False,125.0,2.4,,,,,-10.0,-6.0,below
CA19-1716,CW2,,False,125.0,2.4,,,,,-6.0,-4.4,below
CA21-CA22,CW1,,False,125.0,2.4,,,,,4.826,8.2,in
S010-CA21,CW1,,False,125.0,2.4,,,,,-4.3,4.826,in
CA08-CA04,CW3,,False,125.0,2.4,,,,,14.075,15.835,above
CA22-CA10,CW9,,False,125.0,2.4,,,,,8.2,11.925,in
CA09-CA08,CW4,,False,131.0,5.4,,,,,13.0,14.075,above
CA10-CA09,CW4,,False,131.0,5.4,,,,,11.925,13.0,above
1707-X005,GU6,,False,135.0,3.5,,,,,4.126,4.826,in
X005-1708,GU6,,False,135.0,3.5,,,,,4.826,5.526,in
G001-G010,GU1,,False,65.0,3.0,,,,,-26.109,-26.609,below
G002-G012,GU1,,False,65.0,3.0,,,,,-25.193,-25.693,below
G009-G001,GU1,,False,65.0,3.0,,,,,-25.609,-26.109,below
G011-G002,GU1,,False,65.0,3.0,,,,,-24.693,-25.193,below
G013-G014,GU1,,False,65.0,3.0,,,,,-17.195,-17.695,below
G014-G015,GU1,,False,65.0,3.0,,,,,-17.695,-18.195,below
G016-G017,GU1,,False,65.0,3.0,,,,,-18.195,-18.695,below
G017-G018,GU1,,False,65.0,3.0,,,,,-18.695,-19.195,below
G055-G056,GU4,,False,65.0,3.0,,,,,9.882,9.382,above
G057-G056,GU4,,False,65.0,3.0,,,,,8.882,9.382,above
G061-G062,GU1,,False,65.0,3.0,,,,,-5.5,-6.0,below
G062-G063,GU1,,False,65.0,3.0,,,,,-6.0,-6.5,below
G064-G065,GU1,,False,65.0,3.0,,,,,-5.5,-6.0,below
G065-G066,GU1,,False,65.0,3.0,,,,,-6.0,-6.5,below
G067-G068,GU1,,False,65.0,3.0,,,,,-5.5,-6.0,below
G068-G069,GU1,,False,65.0,3.0,,,,,-6.0,-6.5,below
G070-G071,GU1,,False,65.0,3.0,,,,,-5.5,-6.0,below
G071-G072,GU1,,False,65.0,3.0,,,,,-6.0,-6.5,below
G073-G074,GU1,,False,65.0,3.0,,,,,-5.5,-6.0,below
G074-G075,GU1,,False,65.0,3.0,,,,,-6.0,-6.5,below
G076-G077,GU1,,False,65.0,3.0,,,,,-5.5,-6.0,below
G077-G078,GU1,,False,65.0,3.0,,,,,-6.0,-6.5,below
G079-G080,GU1,,False,65.0,3.0,,,,,-5.5,-6.0,below
G080-G081,GU1,,False,65.0,3.0,,,,,-6.0,-6.5,below
G082-G083,GU1,,False,65.0,3.0,,,,,-5.5,-6.0,below
G083-G084,GU1,,False,65.0,3.0,,,,,-6.0,-6.5,below
G085-G086,GU4,,False,65.0,3.0,,,,,9.882,9.382,above
G086-G087,GU4,,False,65.0,3.0,,,,,9.382,8.882,above
G088-G089,GU0,,False,65.0,3.0,,,,,8.669,8.169,in
G089-G090,GUZ,,False,65.0,3.0,,,,,8.169,7.6690000000000005,in
G103-G104,GU1,,False,65.0,3.0,,,,,-15.478,-15.978,below
G104-G105,GU1,,False,65.0,3.0,,,,,-15.978,-16.478,below
G106-G107,GU1,,False,65.0,3.0,,,,,-14.347,-14.847,below
G107-G108,GU1,,False,65.0,3.0,,,,,-14.847,-15.347,below
G109-G110,GU1,,False,65.0,3.0,,,,,-13.361,-13.861,below
G110-G111,GU1,,False,65.0,3.0,,,,,-13.861,-14.361,below
G112-G113,GU1,,False,65.0,3.0,,,,,-12.314,-12.814,below
G113-G114,GU1,,False,65.0,3.0,,,,,-12.814,-13.314,below
G115-G116,GU1,,False,65.0,3.0,,,,,-11.078,-11.578,below
G116-G117,GU1,,False,65.0,3.0,,,,,-11.578,-12.078,below
G118-G119,GU1,,False,65.0,3.0,,,,,-10.061,-10.561,below
G119-G120,GU1,,False,65.0,3.0,,,,,-10.561,-11.061,below
G121-G122,GU1,,False,65.0,3.0,,,,,-9.012,-9.512,below
G122-G123,GU1,,False,65.0,3.0,,,,,-9.512,-10.012,below
G124-G125,GU1,,False,65.0,3.0,,,,,-9.012,-9.512,below
G125-G126,GU1,,False,65.0,3.0,,,,,-9.512,-10.012,below
G127-G128,GU1,,False,65.0,3.0,,,,,-10.061,-10.561,below
G128-G129,GU1,,False,65.0,3.0,,,,,-10.561,-11.061,below
G130-G131,GU1,,False,65.0,3.0,,,,,-11.078,-11.578,below
G131-G132,GU1,,False,65.0,3.0,,,,,-11.578,-12.078,below
G133-G134,GU1,,False,65.0,3.0,,,,,-12.314,-12.814,below
G134-G135,GU1,,False,65.0,3.0,,,,,-12.814,-13.314,below
G136-G137,GU1,,False,65.0,3.0,,,,,-13.361,-13.861,below
G137-G138,GU1,,False,65.0,3.0,,,,,-13.861,-14.361,below
G139-G140,GU1,,False,65.0,3.0,,,,,-14.347,-14.847,below
G140-G141,GU1,,False,65.0,3.0,,,,,-14.847,-15.347,below
G142-G143,GU1,,False,65.0,3.0,,,,,-15.478,-15.978,below
G143-G144,GU1,,False,65.0,3.0,,,,,-15.978,-16.478,below
G145-G155,GU1,,False,65.0,3.0,,,,,-21.5,-22.0,below
G146-G156,GU1,,False,65.0,3.0,,,,,-21.5,-22.0,below
G147-G157,GU1,,False,65.0,3.0,,,,,-21.5,-22.0,below
G148-G158,GU1,,False,65.0,3.0,,,,,-21.5,-22.0,below
G149-G159,GU1,,False,65.0,3.0,,,,,-21.5,-22.0,below
G155-G150,GU1,,False,65.0,3.0,,,,,-22.0,-22.5,below
G156-G151,GU1,,False,65.0,3.0,,,,,-22.0,-22.5,below
G157-G152,GU1,,False,65.0,3.0,,,,,-22.0,-22.5,below
G158-G153,GU1,,False,65.0,3.0,,,,,-22.0,-22.5,below
G159-G154,GU1,,False,65.0,3.0,,,,,-22.0,-22.5,below
G160-G170,GU1,,False,65.0,3.0,,,,,-11.224,-11.724,below
G161-G171,GU1,,False,65.0,3.0,,,,,-12.723,-13.223,below
G162-G172,GU1,,False,65.0,3.0,,,,,-14.218,-14.718,below
G163-G173,GU1,,False,65.0,3.0,,,,,-15.923,-16.423,below
G164-G174,GU1,,False,65.0,3.0,,,,,-17.416,-17.916,below
G170-G165,GU1,,False,65.0,3.0,,,,,-11.724,-12.224,below
G171-G166,GU1,,False,65.0,3.0,,,,,-13.223,-13.723,below
G172-G167,GU1,,False,65.0,3.0,,,,,-14.718,-15.218,below
G173-G168,GU1,,False,65.0,3.0,,,,,-16.423,-16.923,below
G174-G169,GU1,,False,65.0,3.0,,,,,-17.916,-18.416,below
G176-G175,GU1,,False,65.0,3.0,,,,,-22.0,-21.5,below
G176-G177,GU1,,False,65.0,3.0,,,,,-22.0,-22.5,below
G179-G178,GU1,,False,65.0,3.0,,,,,-22.0,-22.5,below
G179-G180,GU1,,False,65.0,3.0,,,,,-22.0,-21.5,below
G182-G181,GU1,,False,65.0,3.0,,,,,-22.0,-21.5,below
G182-G183,GU1,,False,65.0,3.0,,,,,-22.0,-22.5,below
G184-G185,GU1,,False,65.0,3.0,,,,,-21.5,-22.0,below
G185-G186,GU1,,False,65.0,3.0,,,,,-22.0,-22.5,below
G187-G188,GU1,,False,65.0,3.0,,,,,-21.5,-22.0,below
G189-G188,GU1,,False,65.0,3.0,,,,,-22.5,-22.0,below
G191-G190,GU1,,False,65.0,3.0,,,,,-22.0,-21.5,below
G191-G192,GU1,,False,65.0,3.0,,,,,-22.0,-22.5,below
G194-G193,GU1,,False,65.0,3.0,,,,,-22.0,-21.5,below
G194-G195,GU1,,False,65.0,3.0,,,,,-22.0,-22.5,below
G197-G196,GU1,,False,65.0,3.0,,,,,-22.0,-21.5,below
G197-G198,GU1,,False,65.0,3.0,,,,,-22.0,-22.5,below
G200-G199,GU1,,False,65.0,3.0,,,,,-22.0,-21.5,below
G200-G201,GU1,,False,65.0,3.0,,,,,-22.0,-22.5,below
G203-G202,GU1,,False,65.0,3.0,,,,,-22.0,-21.5,below
G204-G203,GU1,,False,65.0,3.0,,,,,-22.5,-22.0,below
G206-G205,GU1,,False,65.0,3.0,,,,,-34.637,-34.99,below
G206-G207,GU1,,False,65.0,3.0,,,,,-34.637,-34.283,below
G208-G209,GU1,,False,65.0,3.0,,,,,-35.527,-35.277,below
G208-G210,GU1,,False,65.0,3.0,,,,,-35.527,-35.777,below
G211-G212,GU1,,False,65.0,3.0,,,,,-35.556,-35.806,below
G211-G213,GU1,,False,65.0,3.0,,,,,-35.556,-35.306,below
G214-G215,GU1,,False,65.0,3.0,,,,,-35.588,-35.338,below
G214-G216,GU1,,False,65.0,3.0,,,,,-35.588,-35.838,below
G217-G223,GU1,,False,65.0,3.0,,,,,-35.659,-35.409,below
G218-G222,GU1,,False,65.0,3.0,,,,,-35.667,-35.417,below
G218-G225,GU1,,False,65.0,3.0,,,,,-35.667,-35.917,below
G220-G219,GU1,,False,65.0,3.0,,,,,-34.892,-35.246,below
G220-G221,GU1,,False,65.0,3.0,,,,,-34.892,-34.539,below
G224-G217,GU1,,False,65.0,3.0,,,,,-35.909,-35.659,below
G227-G226,GU1,,False,65.0,3.0,,,,,-35.666,-35.916,below
G227-G228,GU1,,False,65.0,3.0,,,,,-35.666,-35.416,below
G230-G229,GU1,,False,65.0,3.0,,,,,-35.649,-35.899,below
G230-G231,GU1,,False,65.0,3.0,,,,,-35.649,-35.399,below
G232-G233,GU1,,False,65.0,3.0,,,,,-34.844,-35.197,below
G232-G234,GU1,,False,65.0,3.0,,,,,-34.844,-34.49,below
G236-G235,GU1,,False,65.0,3.0,,,,,-35.503,-35.753,below
G236-G237,GU1,,False,65.0,3.0,,,,,-35.503,-35.253,below
G238-G239,GU1,,False,65.0,3.0,,,,,-35.461,-35.211,below
G238-G240,GU1,,False,65.0,3.0,,,,,-35.461,-35.711,below
G241-G242,GU1,,False,65.0,3.0,,,,,-35.39,-35.14,below
G241-G243,GU1,,False,65.0,3.0,,,,,-35.39,-35.64,below
G245-G244,GU1,,False,65.0,3.0,,,,,-34.637,-34.99,below
G245-G246,GU1,,False,65.0,3.0,,,,,-34.637,-34.283,below
G248-G247,GU1,,False,65.0,3.0,,,,,-27.801,-28.154,below
G248-G249,GU1,,False,65.0,3.0,,,,,-27.801,-27.447,below
G250-G251,GU1,,False,65.0,3.0,,,,,-28.154,-27.801,below
G252-G251,GU1,,False,65.0,3.0,,,,,-27.447,-27.801,below
G254-G253,GU1,,False,65.0,3.0,,,,,-20.506,-21.006,below
G254-G255,GU1,,False,65.0,3.0,,,,,-20.506,-20.006,below
G257-G256,GU1,,False,65.0,3.0,,,,,-20.506,-21.006,below
G257-G258,GU1,,False,65.0,3.0,,,,,-20.506,-20.006,below
G283-G284,GU1,,False,65.0,3.0,,,,,-5.5,-6.0,below
G284-G285,GU1,,False,65.0,3.0,,,,,-6.0,-6.5,below
G286-G287,GU1,,False,65.0,3.0,,,,,-5.5,-6.0,below
G287-G288,GU1,,False,65.0,3.0,,,,,-6.0,-6.5,below
G289-G291,GU1,,False,65.0,3.0,,,,,-5.5,-6.0,below
G290-G292,GU1,,False,65.0,3.0,,,,,-5.5,-6.0,below
G291-G293,GU1,,False,65.0,3.0,,,,,-6.0,-6.5,below
G292-G294,GU1,,False,65.0,3.0,,,,,-6.0,-6.5,below
G295-G296,GU1,,False,65.0,3.0,,,,,-5.5,-6.0,below
G296-G297,GU1,,False,65.0,3.0,,,,,-6.0,-6.5,below
G298-G299,GU1,,False,65.0,3.0,,,,,-5.5,-6.0,below
G299-G300,GU1,,False,65.0,3.0,,,,,-6.0,-6.5,below
G301-G302,GU1,,False,65.0,3.0,,,,,-5.5,-6.0,below
G302-G303,GU1,,False,65.0,3.0,,,,,-6.0,-6.5,below
G304-G305,GU1,,False,65.0,3.0,,,,,-26.077,-26.577,below
G305-G306,GU1,,False,65.0,3.0,,,,,-26.577,-27.077,below
G307-G308,GU1,,False,65.0,3.0,,,,,-25.175,-25.675,below
G308-G309,GU1,,False,65.0,3.0,,,,,-25.675,-26.175,below
G310-G311,GU1,,False,65.0,3.0,,,,,-24.259,-24.759,below
G311-G312,GU1,,False,65.0,3.0,,,,,-24.759,-25.259,below
G313-G314,GU1,,False,65.0,3.0,,,,,-16.683,-17.183,below
G314-G315,GU1,,False,65.0,3.0,,,,,-17.183,-17.683,below
G316-G317,GU1,,False,65.0,3.0,,,,,-17.669,-18.169,below
G317-G318,GU1,,False,65.0,3.0,,,,,-18.169,-18.669,below
G319-G320,GU1,,False,65.0,3.0,,,,,-18.669,-19.169,below
G320-G321,GU1,,False,65.0,3.0,,,,,-19.169,-19.669,below
G334-G335,GU1,,False,65.0,3.0,,,,,-14.474,-14.974,below
G335-G336,GU1,,False,65.0,3.0,,,,,-14.974,-15.474,below
G337-G338,GU1,,False,65.0,3.0,,,,,-13.107,-13.607,below
G338-G339,GU1,,False,65.0,3.0,,,,,-13.607,-14.107,below
G340-G341,GU1,,False,65.0,3.0,,,,,-11.74,-12.24,below
G341-G342,GU1,,False,65.0,3.0,,,,,-12.24,-12.74,below
G343-G344,GU1,,False,65.0,3.0,,,,,-5.5,-6.0,below
G344-G345,GU1,,False,65.0,3.0,,,,,-6.0,-6.5,below
G346-G347,GU1,,False,65.0,3.0,,,,,-5.5,-6.0,below
G347-G348,GU1,,False,65.0,3.0,,,,,-6.0,-6.5,below
G349-G350,GU1,,False,65.0,3.0,,,,,-5.5,-6.0,below
G350-G351,GU1,,False,65.0,3.0,,,,,-6.0,-6.5,below
G352-G353,GU1,,False,65.0,3.0,,,,,-11.803,-12.303,below
G353-G354,GU1,,False,65.0,3.0,,,,,-12.303,-12.803,below
G355-G356,GU1,,False,65.0,3.0,,,,,-13.66,-14.16,below
G357-G358,GU1,,False,65.0,3.0,,,,,-14.517,-15.017,below
G358-G359,GU1,,False,65.0,3.0,,,,,-15.017,-15.517,below
G360-G355,GU1,,False,65.0,3.0,,,,,-13.16,-13.66,below
G361-G362,GU1,,False,65.0,3.0,,,,,-5.5,-6.0,below
G362-G363,GU1,,False,65.0,3.0,,,,,-6.0,-6.5,below
G364-G365,GU1,,False,65.0,3.0,,,,,-5.5,-6.0,below
G365-G366,GU1,,False,65.0,3.0,,,,,-6.0,-6.5,below
G367-G368,GU1,,False,65.0,3.0,,,,,-5.5,-6.0,below
G368-G369,GU1,,False,65.0,3.0,,,,,-6.0,-6.5,below
G385-G386,GU1,,False,65.0,3.0,,,,,-5.5,-6.0,below
G386-G387,GU1,,False,65.0,3.0,,,,,-6.0,-6.5,below
G388-G389,GU1,,False,65.0,3.0,,,,,-5.5,-6.0,below
G389-G390,GU1,,False,65.0,3.0,,,,,-6.0,-6.5,below
G391-G392,GU1,,False,65.0,3.0,,,,,-5.5,-6.0,below
G392-G393,GU1,,False,65.0,3.0,,,,,-6.0,-6.5,below
G394-G395,GU1,,False,65.0,3.0,,,,,-5.5,-6.0,below
G395-G396,GU1,,False,65.0,3.0,,,,,-6.0,-6.5,below
G397-G398,GU1,,False,65.0,3.0,,,,,-5.5,-6.0,below
G398-G399,GU1,,False,65.0,3.0,,,,,-6.0,-6.5,below
G412-G413,GU4,,False,65.0,3.0,,,,,9.79,10.29,above
G412-G423,GU4,,False,65.0,3.0,,,,,9.79,9.29,above
G424-G425,GU4,,False,65.0,3.0,,,,,9.72,10.22,above
G424-G426,GU4,,False,65.0,3.0,,,,,9.72,9.22,above
G428-G427,GU1,,False,65.0,3.0,,,,,-36.054,-36.304,below
G428-G429,GU1,,False,65.0,3.0,,,,,-36.054,-35.804,below
G431-G430,GU1,,False,65.0,3.0,,,,,-34.623,-34.873,below
G431-G432,GU1,,False,65.0,3.0,,,,,-34.623,-34.373,below
G434-G433,GU1,,False,65.0,3.0,,,,,-36.006,-36.256,below
G434-G435,GU1,,False,65.0,3.0,,,,,-36.006,-35.756,below
G436-G437,GU1,,False,65.0,3.0,,,,,-34.692,-34.442,below
G436-G438,GU1,,False,65.0,3.0,,,,,-34.692,-34.942,below
G440-G439,GU1,,False,65.0,3.0,,,,,-36.054,-36.304,below
G440-G441,GU1,,False,65.0,3.0,,,,,-36.054,-35.804,below
G442-G443,GU1,,False,65.0,3.0,,,,,-5.5,-6.0,below
G443-G444,GU1,,False,65.0,3.0,,,,,-6.0,-6.5,below
G445-G446,GU1,,False,65.0,3.0,,,,,-5.5,-6.0,below
G446-G447,GU1,,False,65.0,3.0,,,,,-6.0,-6.5,below
G448-G449,GU1,,False,65.0,3.0,,,,,-5.5,-6.0,below
G449-G450,GU1,,False,65.0,3.0,,,,,-6.0,-6.5,below
G451-G452,GU1,,False,65.0,3.0,,,,,-17.416,-17.916,below
G452-G453,GU1,,False,65.0,3.0,,,,,-17.916,-18.416,below
G454-G455,GU1,,False,65.0,3.0,,,,,-15.923,-16.423,below
G455-G456,GU1,,False,65.0,3.0,,,,,-16.423,-16.923,below
G457-G458,GU1,,False,65.0,3.0,,,,,-14.218,-14.718,below
G458-G459,GU1,,False,65.0,3.0,,,,,-14.718,-15.218,below
G460-G461,GU1,,False,65.0,3.0,,,,,-12.723,-13.223,below
G461-G462,GU1,,False,65.0,3.0,,,,,-13.223,-13.723,below
G463-G464,GU1,,False,65.0,3.0,,,,,-11.224,-11.724,below
G464-G465,GU1,,False,65.0,3.0,,,,,-11.724,-12.224,below
G466-G467,GU1,,False,65.0,3.0,,,,,-21.5,-22.0,below
G467-G468,GU1,,False,65.0,3.0,,,,,-22.0,-22.5,below
G469-G470,GU1,,False,65.0,3.0,,,,,-21.5,-22.0,below
G470-G471,GU1,,False,65.0,3.0,,,,,-22.0,-22.5,below
G472-G473,GU1,,False,65.0,3.0,,,,,-21.5,-22.0,below
G473-G474,GU1,,False,65.0,3.0,,,,,-22.0,-22.5,below
G475-G476,GU1,,False,65.0,3.0,,,,,-21.5,-22.0,below
G476-G477,GU1,,False,65.0,3.0,,,,,-22.0,-22.5,below
G478-G479,GU1,,False,65.0,3.0,,,,,-21.5,-22.0,below
G479-G480,GU1,,False,65.0,3.0,,,,,-22.0,-22.5,below
G481-G482,GU1,,False,65.0,3.0,,,,,-25.546,-26.046,below
G482-G483,GU1,,False,65.0,3.0,,,,,-26.046,-26.546,below
G493-G494,GU1,,False,65.0,3.0,,,,,-25.63,-26.13,below
G494-G495,GU1,,False,65.0,3.0,,,,,-26.13,-26.63,below
G497-G496,GU1,,False,65.0,3.0,,,,,-35.12,-35.474,below
G497-G498,GU1,,False,65.0,3.0,,,,,-35.12,-34.766,below
G500-G499,GU1,,False,65.0,3.0,,,,,-36.029,-36.279,below
G500-G501,GU1,,False,65.0,3.0,,,,,-36.029,-35.779,below
G503-G502,GU1,,False,65.0,3.0,,,,,-36.052,-36.302,below
G503-G504,GU1,,False,65.0,3.0,,,,,-36.052,-35.802,below
G506-G505,GU1,,False,65.0,3.0,,,,,-36.057,-36.307,below
G506-G507,GU1,,False,65.0,3.0,,,,,-36.057,-35.807,below
G509-G508,GU1,,False,65.0,3.0,,,,,-36.049,-36.299,below
G509-G510,GU1,,False,65.0,3.0,,,,,-36.049,-35.799,below
G512-G511,GU1,,False,65.0,3.0,,,,,-34.582,-34.832,below
G512-G513,GU1,,False,65.0,3.0,,,,,-34.582,-34.332,below
G515-G514,GU1,,False,65.0,3.0,,,,,-34.599,-34.849,below
G515-G516,GU1,,False,65.0,3.0,,,,,-34.599,-34.349,below
G518-G517,GU1,,False,65.0,3.0,,,,,-34.607,-34.857,below
G518-G519,GU1,,False,65.0,3.0,,,,,-34.607,-34.357,below
G521-G520,GU1,,False,65.0,3.0,,,,,-35.12,-35.474,below
G521-G522,GU1,,False,65.0,3.0,,,,,-35.12,-34.766,below
G524-G523,GU1,,False,65.0,3.0,,,,,-36.023,-36.273,below
G524-G525,GU1,,False,65.0,3.0,,,,,-36.023,-35.773,below
G527-G526,GU1,,False,65.0,3.0,,,,,-36.051,-36.301,below
G528-G527,GU1,,False,65.0,3.0,,,,,-35.801,-36.051,below
G530-G529,GU1,,False,65.0,3.0,,,,,-36.057,-36.307,below
G530-G531,GU1,,False,65.0,3.0,,,,,-36.057,-35.807,below
G533-G532,GU1,,False,65.0,3.0,,,,,-36.047,-36.297,below
G533-G534,GU1,,False,65.0,3.0,,,,,-36.047,-35.797,below
G536-G535,GU1,,False,65.0,3.0,,,,,-34.586,-34.836,below
G536-G537,GU1,,False,65.0,3.0,,,,,-34.586,-34.336,below
G539-G538,GU1,,False,65.0,3.0,,,,,-34.599,-34.849,below
G539-G540,GU1,,False,65.0,3.0,,,,,-34.599,-34.349,below
G542-G541,GU1,,False,65.0,3.0,,,,,-34.607,-34.857,below
G542-G543,GU1,,False,65.0,3.0,,,,,-34.607,-34.357,below
G544-G545,GU1,,False,65.0,3.0,,,,,-22.0,-21.5,below
G544-G546,GU1,,False,65.0,3.0,,,,,-22.0,-22.5,below
G550-G548,GU1,,False,65.0,3.0,,,,,-26.811,-27.164,below
G550-G551,GU1,,False,65.0,3.0,,,,,-26.811,-26.457,below
G552-G553,GU1,,False,65.0,3.0,,,,,-27.022,-27.375,below
G552-G554,GU1,,False,65.0,3.0,,,,,-27.022,-26.668,below
G555-G556,GU1,,False,65.0,3.0,,,,,-27.83,-27.58,below
G556-G557,GU1,,False,65.0,3.0,,,,,-27.58,-27.33,below
G559-G558,GU1,,False,65.0,3.0,,,,,-27.58,-27.33,below
G559-G560,GU1,,False,65.0,3.0,,,,,-27.58,-27.83,below
GD07-G547,GU1,,False,65.0,3.0,,,,,-22.0,-22.5,below
GD07-G549,GU1,,False,65.0,3.0,,,,,-22.0,-21.5,below
1705-X003,GU2,,False,135.0,3.5,,,,,-6.7,-6.68,below
X003-1706,GU2,,False,135.0,3.5,,,,,-5.32,-5.3,below
1709-X001,GU3,,False,80.0,3.5,,,,,-6.7,-6.0,below
GJ58-GJ67,GU3,,False,80.0,3.5,,,,,-9.3,-8.6,below
GJ68-GJ58,GU3,,False,80.0,3.5,,,,,-10.0,-9.3,below
GJ69-GJ72,GU3,,False,80.0,3.5,,,,,-6.7,-6.0,below
GJ72-GJ70,GU3,,False,80.0,3.5,,,,,-6.0,-5.3,below
X001-1710,GU3,,False,80.0,3.5,,,,,-6.0,-5.3,below
G003-G025,GUZ,,False,65.0,3.0,,,,,4.322,4.819,in
G003-G026,GUZ,,False,65.0,3.0,,,,,4.322,3.825,in
G004-G005,GUZ,,False,65.0,3.0,,,,,5.179,5.676,in
G004-G006,GUZ,,False,65.0,3.0,,,,,5.179,4.682,in
G008-G007,GUZ,,False,65.0,3.0,,,,,4.327,4.825,in
G008-G030,GUZ,,False,65.0,3.0,,,,,4.327,3.83,in
G019-G020,GUZ,,False,65.0,3.0,,,,,-1.709,-2.208,in
G020-G021,GUZ,,False,65.0,3.0,,,,,-2.208,-2.708,in
G022-G023,GUZ,,False,65.0,3.0,,,,,5.328,5.825,in
G022-G024,GUZ,,False,65.0,3.0,,,,,5.328,4.8309999999999995,in
G028-G027,GUZ,,False,65.0,3.0,,,,,4.322,4.819,in
G028-G029,GUZ,,False,65.0,3.0,,,,,4.322,3.825,in
G031-G032,GUZ,,False,65.0,3.0,,,,,4.819,4.322,in
G032-G033,GUZ,,False,65.0,3.0,,,,,4.322,3.825,in
G034-G035,GUZ,,False,65.0,3.0,,,,,6.107,5.611,in
G035-G036,GUZ,,False,65.0,3.0,,,,,5.611,5.113,in
G037-G038,GUZ,,False,65.0,3.0,,,,,6.107,5.61,in
G038-G039,GUZ,,False,65.0,3.0,,,,,5.61,5.113,in
G040-G041,GUZ,,False,65.0,3.0,,,,,2.079,1.581,in
G041-G042,GUZ,,False,65.0,3.0,,,,,1.581,1.084,in
G044-G043,GUZ,,False,65.0,3.0,,,,,6.925,7.424,in
G044-G045,GUZ,,False,65.0,3.0,,,,,6.925,6.426,in
G046-G047,GUZ,,False,65.0,3.0,,,,,0.7190000000000001,0.22,in
G048-G047,GUZ,,False,65.0,3.0,,,,,-0.27899999999999997,0.22,in
G049-G050,GU0,,False,65.0,3.0,,,,,8.669,8.169,in
G050-G051,GUZ,,False,65.0,3.0,,,,,8.169,7.6690000000000005,in
G052-G053,GUZ,,False,65.0,3.0,,,,,-0.483,-0.98,in
G053-G054,GUZ,,False,65.0,3.0,,,,,-0.98,-1.477,in
G058-G059,GUZ,,False,65.0,3.0,,,,,-1.6829999999999998,-2.18,in
G059-G060,GUZ,,False,65.0,3.0,,,,,-2.18,-2.677,in
G091-G092,GUZ,,False,65.0,3.0,,,,,7.423,6.924,in
G092-G093,GUZ,,False,65.0,3.0,,,,,6.924,6.425,in
G094-G095,GUZ,,False,65.0,3.0,,,,,-1.621,-2.118,in
G095-G096,GUZ,,False,65.0,3.0,,,,,-2.118,-2.615,in
G097-G098,GUZ,,False,65.0,3.0,,,,,-0.387,-0.884,in
G098-G099,GUZ,,False,65.0,3.0,,,,,-0.884,-1.381,in
G100-G101,GUZ,,False,65.0,3.0,,,,,0.847,0.348,in
G101-G102,GUZ,,False,65.0,3.0,,,,,0.348,-0.151,in
G259-G263,GUZ,,False,65.0,3.0,,,,,8.022,7.522,in
G260-G262,GUZ,,False,65.0,3.0,,,,,3.103,2.607,in
G261-G259,GU0,,False,65.0,3.0,,,,,8.522,8.022,in
G262-G264,GUZ,,False,65.0,3.0,,,,,2.607,2.111,in
G265-G266,GUZ,,False,65.0,3.0,,,,,6.859,6.359,in
G266-G267,GUZ,,False,65.0,3.0,,,,,6.359,5.859,in
G268-G269,GUZ,,False,65.0,3.0,,,,,6.43,5.93,in
G269-G270,GUZ,,False,65.0,3.0,,,,,5.93,5.43,in
G271-G274,GUZ,,False,65.0,3.0,,,,,1.443,0.948,in
G272-G273,GUZ,,False,65.0,3.0,,,,,3.208,2.712,in
G273-G276,GUZ,,False,65.0,3.0,,,,,2.712,2.217,in
G274-G275,GUZ,,False,65.0,3.0,,,,,0.948,0.45299999999999996,in
G277-G278,GUZ,,False,65.0,3.0,,,,,-0.612,-1.107,in
G278-G279,GUZ,,False,65.0,3.0,,,,,-1.107,-1.603,in
G280-G281,GUZ,,False,65.0,3.0,,,,,1.138,0.642,in
G281-G282,GUZ,,False,65.0,3.0,,,,,0.642,0.146,in
G322-G323,GUZ,,False,65.0,3.0,,,,,7.866,7.366,in
G323-G324,GUZ,,False,65.0,3.0,,,,,7.366,6.866,in
G325-G326,GUZ,,False,65.0,3.0,,,,,5.233,4.733,in
G326-G327,GUZ,,False,65.0,3.0,,,,,4.733,4.233,in
G328-G329,GUZ,,False,65.0,3.0,,,,,3.588,3.088,in
G329-G330,GUZ,,False,65.0,3.0,,,,,3.088,2.588,in
G331-G332,GUZ,,False,65.0,3.0,,,,,1.944,1.444,in
G332-G333,GUZ,,False,65.0,3.0,,,,,1.444,0.9440000000000001,in
G370-G371,GUZ,,False,65.0,3.0,,,,,2.011,1.5110000000000001,in
G371-G372,GUZ,,False,65.0,3.0,,,,,1.5110000000000001,1.011,in
G373-G374,GUZ,,False,65.0,3.0,,,,,3.145,2.645,in
G375-G376,GUZ,,False,65.0,3.0,,,,,5.279,4.779,in
G376-G377,GUZ,,False,65.0,3.0,,,,,4.779,4.279,in
G378-G373,GUZ,,False,65.0,3.0,,,,,3.645,3.145,in
G379-G380,GUZ,,False,65.0,3.0,,,,,1.444,0.948,in
G380-G381,GUZ,,False,65.0,3.0,,,,,0.948,0.45299999999999996,in
G382-G383,GUZ,,False,65.0,3.0,,,,,6.415,5.915,in
G383-G384,GUZ,,False,65.0,3.0,,,,,5.915,5.415,in
G400-G402,GU0,,False,65.0,3.0,,,,,8.522,8.022,in
G402-G401,GUZ,,False,65.0,3.0,,,,,8.022,7.522,in
G403-G405,GUZ,,False,65.0,3.0,,,,,6.859,6.359,in
G405-G404,GUZ,,False,65.0,3.0,,,,,6.359,5.859,in
G406-G407,GUZ,,False,65.0,3.0,,,,,4.915,4.416,in
G407-G408,GUZ,,False,65.0,3.0,,,,,4.416,3.979,in
G410-G409,GUZ,,False,65.0,3.0,,,,,-1.15,-0.657,in
G410-G411,GUZ,,False,65.0,3.0,,,,,-1.15,-1.608,in
G414-G415,GUZ,,False,65.0,3.0,,,,,-0.305,-0.805,in
G414-G416,GUZ,,False,65.0,3.0,,,,,-0.305,0.195,in
G418-G417,GUZ,,False,65.0,3.0,,,,,-1.65,-2.145,in
G418-G419,GUZ,,False,65.0,3.0,,,,,-1.65,-1.155,in
G421-G420,GUZ,,False,65.0,3.0,,,,,-2.7,-3.2,in
G421-G422,GUZ,,False,65.0,3.0,,,,,-2.7,-2.2,in
G484-G485,GUZ,,False,65.0,3.0,,,,,1.134,0.638,in
G485-G486,GUZ,,False,65.0,3.0,,,,,0.638,0.142,in
G487-G488,GUZ,,False,65.0,3.0,,,,,-0.614,-1.11,in
G488-G489,GUZ,,False,65.0,3.0,,,,,-1.11,-1.6059999999999999,in
G490-G491,GUZ,,False,65.0,3.0,,,,,3.208,2.712,in
G491-G492,GUZ,,False,65.0,3.0,,,,,2.712,2.217,in
1712-X002,GU5,,False,80.0,3.5,,,,,0.748,1.448,in
GJ88-GJ89,GUY,,False,80.0,3.5,,,,,0.519,-0.201,in
GJ89-GJ87,GUY,,False,80.0,3.5,,,,,-0.201,-0.882,in
X002-1711,GU5,,False,80.0,3.5,,,,,1.448,2.148,in
1357-1531,H01,HACONEA,True,,5.0,203.0,164.0,8.0,5.0,-37.0,-37.0,below
1361-1532,H01,HACONEA,True,,5.0,203.0,164.0,8.0,5.0,-37.0,-37.0,below
1367-1533,H01,HACONEA,True,,5.0,203.0,164.0,8.0,5.0,-37.0,-37.0,below
1371-1534,HCD,HACONEZ,True,,5.0,203.0,173.0,8.0,5.0,-37.0,-37.0,below
1140-1180,HAB,,False,91.0,2.0,,,,,-37.0,-37.0,below
1141-1181,HAB,,False,91.0,2.0,,,,,-37.0,-37.0,below
1142-1176,HAB,,False,91.0,2.0,,,,,-37.0,-37.0,below
1143-1178,HAB,,False,91.0,2.0,,,,,-37.0,-37.0,below
1160-1550,H03,,False,92.0,2.5,,,,,-37.0,-37.0,below
1161-1545,H03,,False,92.0,2.5,,,,,-37.0,-37.0,below
1162-1545,H03,,False,92.0,2.5,,,,,-37.0,-37.0,below
1163-1551,H03,,False,92.0,2.5,,,,,-37.0,-37.0,below
1176-1160,HAB,,False,91.0,2.0,,,,,-37.0,-37.0,below
1178-1163,HAB,,False,91.0,2.0,,,,,-37.0,-37.0,below
1180-1161,HAB,,False,91.0,2.0,,,,,-37.0,-37.0,below
1181-1162,HAB,,False,91.0,2.0,,,,,-37.0,-37.0,below
1550-1140,H03,,False,92.0,2.5,,,,,-37.0,-37.0,below
1551-1141,H03,,False,92.0,2.5,,,,,-37.0,-37.0,below
1554-1142,H03,,False,92.0,2.5,,,,,-37.0,-37.0,below
1554-1143,H03,,False,92.0,2.5,,,,,-37.0,-37.0,below
2093-2113,HAB,,False,91.0,2.0,,,,,-22.0,-22.0,below
2094-2548,H03,,False,92.0,2.5,,,,,-22.0,-22.0,below
2106-2112,H03,,False,92.0,2.5,,,,,-22.0,-22.0,below
2107-2115,HAB,,False,91.0,2.0,,,,,-22.0,-22.0,below
2108-2117,HAB,,False,91.0,2.0,,,,,-22.0,-22.0,below
2109-2112,H03,,False,92.0,2.5,,,,,-22.0,-22.0,below
2110-2546,H03,,False,92.0,2.5,,,,,-22.0,-22.0,below
2111-2118,HAB,,False,91.0,2.0,,,,,-22.0,-22.0,below
2113-2094,HAB,,False,91.0,2.0,,,,,-22.0,-22.0,below
2115-2106,HAB,,False,91.0,2.0,,,,,-22.0,-22.0,below
2117-2109,HAB,,False,91.0,2.0,,,,,-22.0,-22.0,below
2118-2110,HAB,,False,91.0,2.0,,,,,-22.0,-22.0,below
2546-2108,H03,,False,92.0,2.5,,,,,-22.0,-22.0,below
2548-2107,H03,,False,92.0,2.5,,,,,-22.0,-22.0,below
2549-2093,H03,,False,92.0,2.5,,,,,-22.0,-22.0,below
2549-2111,H03,,False,92.0,2.5,,,,,-22.0,-22.0,below
1133-1183,HAC,,False,92.0,2.5,,,,,-37.0,-37.0,below
1137-1182,HAC,,False,92.0,2.5,,,,,-37.0,-37.0,below
1138-1542,HAC,,False,92.0,2.5,,,,,-37.0,-37.0,below
1139-1542,HAC,,False,92.0,2.5,,,,,-37.0,-37.0,below
1164-1561,HAC,,False,92.0,2.5,,,,,-37.0,-37.0,below
1165-1561,HAC,,False,92.0,2.5,,,,,-37.0,-37.0,below
1166-1563,HAC,,False,92.0,2.5,,,,,-37.0,-37.0,below
1167-1564,HAC,,False,92.0,2.5,,,,,-37.0,-37.0,below
1168-1174,HAC,,False,92.0,2.5,,,,,-37.0,-37.0,below
1169-1175,HAC,,False,92.0,2.5,,,,,-37.0,-37.0,below
1170-1173,HAC,,False,92.0,2.5,,,,,-37.0,-37.0,below
1171-1172,HAC,,False,92.0,2.5,,,,,-37.0,-37.0,below
1172-1166,HAC,,False,92.0,2.5,,,,,-37.0,-37.0,below
1173-1167,HAC,,False,92.0,2.5,,,,,-37.0,-37.0,below
1174-1164,HAC,,False,92.0,2.5,,,,,-37.0,-37.0,below
1175-1165,HAC,,False,92.0,2.5,,,,,-37.0,-37.0,below
1182-1138,HAC,,False,92.0,2.5,,,,,-37.0,-37.0,below
1183-1139,HAC,,False,92.0,2.5,,,,,-37.0,-37.0,below
1543-1137,HAC,,False,92.0,2.5,,,,,-37.0,-37.0,below
1544-1133,HAC,,False,92.0,2.5,,,,,-37.0,-37.0,below
1557-1168,HAC,,False,92.0,2.5,,,,,-37.0,-37.0,below
1560-1169,HAC,,False,92.0,2.5,,,,,-37.0,-37.0,below
1562-1170,HAC,,False,92.0,2.5,,,,,-37.0,-37.0,below
1562-1171,HAC,,False,92.0,2.5,,,,,-37.0,-37.0,below
2009-2064,H04,,False,98.0,3.0,,,,,-22.0,-22.0,below
2037-2074,HAC,,False,92.0,2.5,,,,,-22.0,-22.0,below
2064-2075,HB8,,False,97.0,2.5,,,,,-22.0,-22.0,below
2071-2543,H04,,False,98.0,3.0,,,,,-22.0,-22.0,below
2072-2543,HAC,,False,92.0,2.5,,,,,-22.0,-22.0,below
2074-2076,HAC,,False,92.0,2.5,,,,,-22.0,-22.0,below
2075-2071,HB8,,False,97.0,2.5,,,,,-22.0,-22.0,below
2076-2072,HAC,,False,92.0,2.5,,,,,-22.0,-22.0,below
2119-2136,HAC,,False,92.0,2.5,,,,,-22.0,-22.0,below
2120-2554,H07,,False,108.0,3.0,,,,,-22.0,-22.0,below
2122-2554,H08,,False,119.0,3.5,,,,,-22.0,-22.0,below
2124-2131,HB8,,False,97.0,2.5,,,,,-22.0,-22.0,below
2125-2129,HAC,,False,92.0,2.5,,,,,-22.0,-22.0,below
2126-2130,HAC,,False,92.0,2.5,,,,,-22.0,-22.0,below
2127-2203,HAC,,False,92.0,2.5,,,,,-22.0,-22.0,below
2128-2226,HAC,,False,92.0,2.5,,,,,-22.0,-22.0,below
2129-2127,HAC,,False,92.0,2.5,,,,,-22.0,-22.0,below
2130-2128,HAC,,False,92.0,2.5,,,,,-22.0,-22.0,below
2550-2119,HAC,,False,92.0,2.5,,,,,-22.0,-22.0,below
2553-2124,H04,,False,98.0,3.0,,,,,-22.0,-22.0,below
2555-2125,HAC,,False,92.0,2.5,,,,,-22.0,-22.0,below
2555-2126,HAC,,False,92.0,2.5,,,,,-22.0,-22.0,below
1109-1468,HAD,,False,93.0,3.0,,,,,-37.0,-37.0,below
1110-1109,HAD,,False,93.0,3.0,,,,,-37.0,-37.0,below
1212-1308,HAD,,False,93.0,3.0,,,,,-37.0,-37.0,below
1301-1305,HAD,,False,93.0,3.0,,,,,-37.0,-37.0,below
1305-1509,HAD,,False,93.0,3.0,,,,,-37.0,-37.0,below
1315-K633,HAD,,False,93.0,3.0,,,,,-37.0,-37.0,below
1316-1315,HAD,,False,93.0,3.0,,,,,-37.0,-37.0,below
1318-1319,HAD,,False,93.0,3.0,,,,,-37.0,-37.0,below
1319-K811,HAD,,False,93.0,3.0,,,,,-37.0,-37.0,below
1325-1330,HAD,,False,93.0,3.0,,,,,-37.0,-37.0,below
1325-1332,HAD,,False,93.0,3.0,,,,,-37.0,-37.0,below
1328-1333,HAD,,False,93.0,3.0,,,,,-37.0,-37.0,below
1331-1328,HAD,,False,93.0,3.0,,,,,-37.0,-37.0,below
1355-1409,HAD,,False,93.0,3.0,,,,,-37.0,-37.0,below
1359-1412,HAD,,False,93.0,3.0,,,,,-37.0,-37.0,below
1362-1413,HAD,,False,93.0,3.0,,,,,-37.0,-37.0,below
1369-1414,HAD,,False,93.0,3.0,,,,,-37.0,-37.0,below
1373-1410,HAD,,False,93.0,3.0,,,,,-37.0,-37.0,below
1409-1411,HAD,,False,93.0,3.0,,,,,-37.0,-37.0,below
1410-1415,HAD,,False,93.0,3.0,,,,,-37.0,-37.0,below
1411-1443,HAD,,False,93.0,3.0,,,,,-37.0,-37.0,below
1411-1444,HAD,,False,93.0,3.0,,,,,-37.0,-37.0,below
1412-1110,HAD,,False,93.0,3.0,,,,,-37.0,-37.0,below
1413-1448,HAD,,False,93.0,3.0,,,,,-37.0,-37.0,below
1414-L657,HAD,,False,93.0,3.0,,,,,-37.0,-37.0,below
1415-1454,HAD,,False,93.0,3.0,,,,,-37.0,-37.0,below
1433-L045,HAD,,False,93.0,3.0,,,,,-37.0,-37.0,below
1443-1416,HAD,,False,93.0,3.0,,,,,-37.0,-37.0,below
1444-L648,HAD,,False,93.0,3.0,,,,,-37.0,-37.0,below
1445-L649,HAD,,False,93.0,3.0,,,,,-37.0,-37.0,below
1447-1413,HAD,,False,93.0,3.0,,,,,-37.0,-37.0,below
1448-L655,HAD,,False,93.0,3.0,,,,,-37.0,-37.0,below
1454-1417,HAD,,False,93.0,3.0,,,,,-37.0,-37.0,below
1455-1414,HAD,,False,93.0,3.0,,,,,-37.0,-37.0,below
1455-L656,HAD,,False,93.0,3.0,,,,,-37.0,-37.0,below
1468-1447,HAD,,False,93.0,3.0,,,,,-37.0,-37.0,below
1472-1325,HAD,,False,93.0,3.0,,,,,-37.0,-37.0,below
1472-L052,HAD,,False,93.0,3.0,,,,,-37.0,-37.0,below
1527-1308,HAD,,False,93.0,3.0,,,,,-37.0,-37.0,below
1702-1415,HAD,,False,93.0,3.0,,,,,-37.0,-37.0,below
1702-L658,HAD,,False,93.0,3.0,,,,,-37.0,-37.0,below
GF66-1328,HAD,,False,93.0,3.0,,,,,-37.0,-37.0,below
K534-1308,HAD,,False,93.0,3.0,,,,,-37.0,-37.0,below
K534-1319,HAD,,False,93.0,3.0,,,,,-37.0,-37.0,below
K633-1305,HAD,,False,93.0,3.0,,,,,-37.0,-37.0,below
K802-1315,HAD,,False,93.0,3.0,,,,,-37.0,-37.0,below
K811-K901,HAD,,False,93.0,3.0,,,,,-37.0,-37.0,below
K892-K802,HAD,,False,93.0,3.0,,,,,-37.0,-37.0,below
K901-1433,HAD,,False,93.0,3.0,,,,,-37.0,-37.0,below
L045-GF66,HAD,,False,93.0,3.0,,,,,-37.0,-37.0,below
L052-K892,HAD,,False,93.0,3.0,,,,,-37.0,-37.0,below
L648-1445,HAD,,False,93.0,3.0,,,,,-37.0,-37.0,below
L649-1412,HAD,,False,93.0,3.0,,,,,-37.0,-37.0,below
L656-L655,HAD,,False,93.0,3.0,,,,,-37.0,-37.0,below
L657-L658,HAD,,False,93.0,3.0,,,,,-37.0,-37.0,below
2008-2049,H02,,False,123.0,3.5,,,,,-22.0,-22.0,below
2016-2045,HDB,,False,121.0,2.5,,,,,-22.0,-22.0,below
2021-2543,HA3,,False,126.0,4.0,,,,,-22.0,-22.0,below
2039-2098,H02,,False,123.0,3.5,,,,,-22.0,-22.0,below
2042-2016,H02,,False,123.0,3.5,,,,,-22.0,-22.0,below
2045-2039,HDB,,False,121.0,2.5,,,,,-22.0,-22.0,below
2046-2047,HB1,,False,123.0,2.5,,,,,-22.0,-22.0,below
2047-2077,HB1,,False,123.0,2.5,,,,,-22.0,-22.0,below
2049-2056,HDB,,False,121.0,2.5,,,,,-22.0,-22.0,below
2055-2066,H02,,False,123.0,3.5,,,,,-22.0,-22.0,below
2056-2055,HDB,,False,121.0,2.5,,,,,-22.0,-22.0,below
2077-2078,H05,,False,125.0,3.5,,,,,-22.0,-22.0,below
2152-2515,HDB,,False,121.0,2.5,,,,,-22.0,-22.0,below
2153-2154,HDB,,False,121.0,2.5,,,,,-22.0,-22.0,below
2154-2510,HDB,,False,121.0,2.5,,,,,-22.0,-22.0,below
2155-2163,H06,,False,146.0,4.0,,,,,-22.0,-22.0,below
2156-2509,H02,,False,123.0,3.5,,,,,-22.0,-22.0,below
2157-2156,HDB,,False,121.0,2.5,,,,,-22.0,-22.0,below
2160-2502,HDB,,False,121.0,2.5,,,,,-22.0,-22.0,below
2161-2202,H02,,False,123.0,3.5,,,,,-22.0,-22.0,below
2162-2228,H02,,False,123.0,3.5,,,,,-22.0,-22.0,below
2163-2164,HBJ,,False,143.0,2.5,,,,,-22.0,-22.0,below
2164-2259,HBJ,,False,143.0,2.5,,,,,-22.0,-22.0,below
2192-2161,HDB,,False,121.0,2.5,,,,,-22.0,-22.0,below
2193-2162,HDB,,False,121.0,2.5,,,,,-22.0,-22.0,below
2501-2160,H02,,False,123.0,3.5,,,,,-22.0,-22.0,below
2501-2187,H02,,False,123.0,3.5,,,,,-22.0,-22.0,below
2502-2503,HDB,,False,121.0,2.5,,,,,-22.0,-22.0,below
2508-2157,HDB,,False,121.0,2.5,,,,,-22.0,-22.0,below
2509-2153,H02,,False,123.0,3.5,,,,,-22.0,-22.0,below
2514-2152,HDB,,False,121.0,2.5,,,,,-22.0,-22.0,below
2515-2516,H02,,False,123.0,3.5,,,,,-22.0,-22.0,below
2516-2188,H02,,False,123.0,3.5,,,,,-22.0,-22.0,below
2543-2046,HA3,,False,126.0,4.0,,,,,-22.0,-22.0,below
3001-3033,H02,,False,123.0,3.5,,,,,-6.0,-6.0,below
3010-3045,HB0,,False,126.0,2.5,,,,,-6.0,-6.0,below
3019-3039,H02,,False,123.0,3.5,,,,,-6.0,-6.0,below
3033-3053,HDB,,False,121.0,2.5,,,,,-6.0,-6.0,below
3039-3090,HDB,,False,121.0,2.5,,,,,-6.0,-6.0,below
3044-3077,HDB,,False,121.0,2.5,,,,,-6.0,-6.0,below
3052-3037,H02,,False,123.0,3.5,,,,,-6.0,-6.0,below
3053-3100,HDB,,False,121.0,2.5,,,,,-6.0,-6.0,below
3060-3013,HB0,,False,126.0,2.5,,,,,-6.0,-6.0,below
3064-3052,HDB,,False,121.0,2.5,,,,,-6.0,-6.0,below
3065-3069,HDB,,False,121.0,2.5,,,,,-6.0,-6.0,below
3068-3520,H02,,False,123.0,3.5,,,,,-6.0,-6.0,below
3069-3068,HDB,,False,121.0,2.5,,,,,-6.0,-6.0,below
3071-3073,HDB,,False,121.0,2.5,,,,,-6.0,-6.0,below
3072-3500,H02,,False,123.0,3.5,,,,,-6.0,-6.0,below
3073-3072,HDB,,False,121.0,2.5,,,,,-6.0,-6.0,below
3085-3071,H02,,False,123.0,3.5,,,,,-6.0,-6.0,below
3090-3110,HDB,,False,121.0,2.5,,,,,-6.0,-6.0,below
3092-3175,H12,,False,134.0,4.0,,,,,-6.0,-6.0,below
3104-3065,H02,,False,123.0,3.5,,,,,-6.0,-6.0,below
3111-3064,HDB,,False,121.0,2.5,,,,,-6.0,-6.0,below
3180-3046,HDB,,False,121.0,2.5,,,,,-6.0,-6.0,below
3185-3180,HDB,,False,121.0,2.5,,,,,-6.0,-6.0,below
3241-3512,HA9,,False,123.0,3.5,,,,,-6.0,-6.0,below
3517-3518,HDB,,False,121.0,2.5,,,,,-6.0,-6.0,below
3570-4180,H00,,False,123.0,3.5,,,,,13.0,13.0,above
3572-4186,H00,,False,123.0,3.5,,,,,13.0,13.0,above
3582-4002,H00,,False,123.0,3.5,,,,,13.0,13.0,above
4001-Q358,H00,,False,123.0,3.5,,,,,13.0,13.0,above
4160-4161,H00,,False,123.0,3.5,,,,,13.0,13.0,above
4160-4164,H00,,False,123.0,3.5,,,,,13.0,13.0,above
4161-4165,HD0,,False,121.0,2.5,,,,,13.0,13.0,above
4162-4268,H00,,False,123.0,3.5,,,,,13.0,13.0,above
4163-4267,H00,,False,123.0,3.5,,,,,13.0,13.0,above
4164-4166,HD0,,False,121.0,2.5,,,,,13.0,13.0,above
4165-4162,HD0,,False,121.0,2.5,,,,,13.0,13.0,above
4166-4163,HD0,,False,121.0,2.5,,,,,13.0,13.0,above
4180-4182,HD0,,False,121.0,2.5,,,,,13.0,13.0,above
4181-4513,H00,,False,123.0,3.5,,,,,13.0,13.0,above
4182-4181,HD0,,False,121.0,2.5,,,,,13.0,13.0,above
4186-4188,HD0,,False,121.0,2.5,,,,,13.0,13.0,above
4187-4514,H00,,False,123.0,3.5,,,,,13.0,13.0,above
4188-4187,HD0,,False,121.0,2.5,,,,,13.0,13.0,above
4192-4513,H00,,False,123.0,3.5,,,,,13.0,13.0,above
4193-4514,H00,,False,123.0,3.5,,,,,13.0,13.0,above
4194-4195,HD0,,False,121.0,2.5,,,,,13.0,13.0,above
4195-4193,HD0,,False,121.0,2.5,,,,,13.0,13.0,above
4880-3582,H00,,False,123.0,3.5,,,,,13.0,13.0,above
4900-Q610,H00,,False,123.0,3.5,,,,,13.0,13.0,above
Q358-4192,H00,,False,123.0,3.5,,,,,13.0,13.0,above
Q535-4194,H00,,False,123.0,3.5,,,,,13.0,13.0,above
Q610-Q535,H00,,False,123.0,3.5,,,,,13.0,13.0,above
2259-2554,HAF,,False,149.0,5.5,,,,,-22.0,-22.0,below
2554-2509,HAG,,False,149.0,5.5,,,,,-22.0,-22.0,below
3045-3067,H11,,False,128.0,3.5,,,,,-6.0,-6.0,below
3046-3575,H02,,False,123.0,3.5,,,,,-6.0,-6.0,below
3067-3044,H02,,False,123.0,3.5,,,,,-6.0,-6.0,below
3100-3057,H02,,False,123.0,3.5,,,,,-6.0,-6.0,below
3110-3067,H02,,False,123.0,3.5,,,,,-6.0,-6.0,below
3111-3081,H02,,False,123.0,3.5,,,,,-6.0,-6.0,below
3138-3170,H15,,False,154.0,4.0,,,,,-6.0,-6.0,below
4002-Q483,H00,,False,123.0,3.5,,,,,13.0,13.0,above
Q483-4001,H00,,False,123.0,3.5,,,,,13.0,13.0,above
2184-2185,HA9,,False,123.0,3.5,,,,,-22.0,-22.0,below
2185-2186,HA9,,False,123.0,3.5,,,,,-22.0,-22.0,below
2186-2191,HA9,,False,123.0,3.5,,,,,-22.0,-22.0,below
2187-2184,HA9,,False,123.0,3.5,,,,,-22.0,-22.0,below
2188-3355,HA9,,False,123.0,3.5,,,,,-22.0,-22.0,below
2191-2194,HA9,,False,123.0,3.5,,,,,-22.0,-22.0,below
2194-2192,HA9,,False,123.0,3.5,,,,,-22.0,-22.0,below
2503-2504,HA9,,False,123.0,3.5,,,,,-22.0,-22.0,below
2504-2505,HA9,,False,123.0,3.5,,,,,-22.0,-22.0,below
2506-2505,HA9,,False,123.0,3.5,,,,,-22.0,-22.0,below
2506-2507,HA9,,False,123.0,3.5,,,,,-22.0,-22.0,below
2507-2508,HA9,,False,123.0,3.5,,,,,-22.0,-22.0,below
2510-2511,HA9,,False,123.0,3.5,,,,,-22.0,-22.0,below
2511-2512,HA9,,False,123.0,3.5,,,,,-22.0,-22.0,below
2512-2513,HA9,,False,123.0,3.5,,,,,-22.0,-22.0,below
2513-2514,HA9,,False,123.0,3.5,,,,,-22.0,-22.0,below
3351-2193,HA9,,False,123.0,3.5,,,,,-22.0,-22.0,below
3352-3351,HA9,,False,123.0,3.5,,,,,-22.0,-22.0,below
3353-3352,HA9,,False,123.0,3.5,,,,,-22.0,-22.0,below
3354-3353,HA9,,False,123.0,3.5,,,,,-22.0,-22.0,below
3355-3354,HA9,,False,123.0,3.5,,,,,-22.0,-22.0,below
2509-2555,HA4,,False,126.0,5.0,,,,,-22.0,-22.0,below
2555-2216,HA4,,False,126.0,5.0,,,,,-22.0,-22.0,below
3512-3513,HAR,,False,128.0,6.0,,,,,-6.0,-6.0,below
3513-3514,HAS,,False,128.0,6.0,,,,,-6.0,-6.0,below
3514-3515,HAT,,False,126.0,5.0,,,,,-6.0,-6.0,below
3013-3101,HBY,,False,130.0,4.5,,,,,-6.0,-6.0,below
3101-3010,HBY,,False,130.0,4.5,,,,,-6.0,-6.0,below
3515-3516,HAO,,False,129.0,6.5,,,,,-6.0,-6.0,below
3516-3517,HAQ,,False,129.0,6.5,,,,,-6.0,-6.0,below
3007-3015,HBQ,,False,135.0,2.5,,,,,-6.0,-6.0,below
3015-3019,H10,,False,138.0,4.0,,,,,-6.0,-6.0,below
3019-3023,H10,,False,138.0,4.0,,,,,-6.0,-6.0,below
3023-3009,HBQ,,False,135.0,2.5,,,,,-6.0,-6.0,below
1549-1552,HEB,,False,131.0,3.0,,,,,-37.0,-37.0,below
3089-3095,HEB,,False,131.0,3.0,,,,,-6.0,-6.0,below
3092-3132,H09,,False,153.0,4.0,,,,,-6.0,-6.0,below
3094-3092,H13,,False,143.0,4.0,,,,,-6.0,-6.0,below
3095-3099,HEB,,False,131.0,3.0,,,,,-6.0,-6.0,below
3165-3098,HEB,,False,131.0,3.0,,,,,-6.0,-6.0,below
3166-3165,HEB,,False,131.0,3.0,,,,,-6.0,-6.0,below
2053-2516,HEC,,False,132.0,3.5,,,,,-22.0,-22.0,below
2054-2053,HEC,,False,132.0,3.5,,,,,-22.0,-22.0,below
2068-2501,HEC,,False,132.0,3.5,,,,,-22.0,-22.0,below
2069-2068,HEC,,False,132.0,3.5,,,,,-22.0,-22.0,below
2138-2550,HAX,,False,135.0,5.0,,,,,-22.0,-22.0,below
2150-2069,HEC,,False,132.0,3.5,,,,,-22.0,-22.0,below
2151-2054,HEC,,False,132.0,3.5,,,,,-22.0,-22.0,below
2175-2553,HAX,,False,135.0,5.0,,,,,-22.0,-22.0,below
2550-2150,HAX,,False,135.0,5.0,,,,,-22.0,-22.0,below
2553-2151,HAX,,False,135.0,5.0,,,,,-22.0,-22.0,below
3570-4178,HE0,,False,132.0,3.5,,,,,13.0,13.0,above
3572-4704,HE0,,False,132.0,3.5,,,,,13.0,13.0,above
3576-4785,HE0,,False,132.0,3.5,,,,,13.0,13.0,above
4178-4179,HE0,,False,132.0,3.5,,,,,13.0,13.0,above
4179-4694,HE0,,False,132.0,3.5,,,,,13.0,13.0,above
4183-4185,HE0,,False,132.0,3.5,,,,,13.0,13.0,above
4184-3576,HE0,,False,132.0,3.5,,,,,13.0,13.0,above
4185-4184,HE0,,False,132.0,3.5,,,,,13.0,13.0,above
4190-3572,HE0,,False,132.0,3.5,,,,,13.0,13.0,above
4191-4190,HE0,,False,132.0,3.5,,,,,13.0,13.0,above
4689-3570,HE0,,False,132.0,3.5,,,,,13.0,13.0,above
4694-4696,HE0,,False,132.0,3.5,,,,,13.0,13.0,above
4696-4183,HE0,,False,132.0,3.5,,,,,13.0,13.0,above
4696-4699,HE0,,False,132.0,3.5,,,,,13.0,13.0,above
4699-4191,HE0,,False,132.0,3.5,,,,,13.0,13.0,above
4800-Q369,HE0,,False,132.0,3.5,,,,,13.0,13.0,above
4865-4866,HE0,,False,132.0,3.5,,,,,13.0,13.0,above
4866-Q723,HE0,,False,132.0,3.5,,,,,13.0,13.0,above
Q369-Q433,HE0,,False,132.0,3.5,,,,,13.0,13.0,above
Q433-Q509,HE0,,False,132.0,3.5,,,,,13.0,13.0,above
Q509-4865,HE0,,False,132.0,3.5,,,,,13.0,13.0,above
Q723-4891,HE0,,False,132.0,3.5,,,,,13.0,13.0,above
1102-1177,HED,,False,133.0,4.0,,,,,-37.0,-37.0,below
1115-1545,HED,,False,133.0,4.0,,,,,-37.0,-37.0,below
1125-1546,HED,,False,133.0,4.0,,,,,-37.0,-37.0,below
1179-1177,HED,,False,133.0,4.0,,,,,-37.0,-37.0,below
1179-1186,HED,,False,133.0,4.0,,,,,-37.0,-37.0,below
1184-1115,HED,,False,133.0,4.0,,,,,-37.0,-37.0,below
1185-1184,HED,,False,133.0,4.0,,,,,-37.0,-37.0,below
1186-1550,HED,,False,133.0,4.0,,,,,-37.0,-37.0,below
1187-1551,HED,,False,133.0,4.0,,,,,-37.0,-37.0,below
1188-1190,HED,,False,133.0,4.0,,,,,-37.0,-37.0,below
1189-1555,HED,,False,133.0,4.0,,,,,-37.0,-37.0,below
1190-1192,HED,,False,133.0,4.0,,,,,-37.0,-37.0,below
1191-1510,HED,,False,133.0,4.0,,,,,-37.0,-37.0,below
1192-1258,HED,,False,133.0,4.0,,,,,-37.0,-37.0,below
1193-1527,HED,,False,133.0,4.0,,,,,-37.0,-37.0,below
1222-K441,HED,,False,133.0,4.0,,,,,-37.0,-37.0,below
1251-1515,HED,,False,133.0,4.0,,,,,-37.0,-37.0,below
1509-1191,HED,,False,133.0,4.0,,,,,-37.0,-37.0,below
1510-1513,HED,,False,133.0,4.0,,,,,-37.0,-37.0,below
1513-1251,HED,,False,133.0,4.0,,,,,-37.0,-37.0,below
1515-1222,HED,,False,133.0,4.0,,,,,-37.0,-37.0,below
1545-1548,HED,,False,133.0,4.0,,,,,-37.0,-37.0,below
1546-1547,HED,,False,133.0,4.0,,,,,-37.0,-37.0,below
1547-1187,HED,,False,133.0,4.0,,,,,-37.0,-37.0,below
1548-1549,HED,,False,133.0,4.0,,,,,-37.0,-37.0,below
1550-1188,HED,,False,133.0,4.0,,,,,-37.0,-37.0,below
1551-1189,HED,,False,133.0,4.0,,,,,-37.0,-37.0,below
1552-1553,HED,,False,133.0,4.0,,,,,-37.0,-37.0,below
1553-1554,HED,,False,133.0,4.0,,,,,-37.0,-37.0,below
1554-1268,HED,,False,133.0,4.0,,,,,-37.0,-37.0,below
1555-1556,HED,,False,133.0,4.0,,,,,-37.0,-37.0,below
1556-1286,HED,,False,133.0,4.0,,,,,-37.0,-37.0,below
1577-1185,HED,,False,133.0,4.0,,,,,-37.0,-37.0,below
2078-2112,HAX,,False,135.0,5.0,,,,,-22.0,-22.0,below
2087-2547,HED,,False,133.0,4.0,,,,,-22.0,-22.0,below
2088-2091,HED,,False,133.0,4.0,,,,,-22.0,-22.0,below
2090-2087,HED,,False,133.0,4.0,,,,,-22.0,-22.0,below
2091-2121,HED,,False,133.0,4.0,,,,,-22.0,-22.0,below
2112-2114,HAX,,False,135.0,5.0,,,,,-22.0,-22.0,below
2114-2116,HED,,False,133.0,4.0,,,,,-22.0,-22.0,below
2116-2090,HED,,False,133.0,4.0,,,,,-22.0,-22.0,below
2121-2123,HED,,False,133.0,4.0,,,,,-22.0,-22.0,below
2123-2549,HAX,,False,135.0,5.0,,,,,-22.0,-22.0,below
2138-2268,HED,,False,133.0,4.0,,,,,-22.0,-22.0,below
2148-2155,HED,,False,133.0,4.0,,,,,-22.0,-22.0,below
2155-2165,HED,,False,133.0,4.0,,,,,-22.0,-22.0,below
2268-2269,HED,,False,133.0,4.0,,,,,-22.0,-22.0,below
2269-2148,HED,,False,133.0,4.0,,,,,-22.0,-22.0,below
2272-2175,HED,,False,133.0,4.0,,,,,-22.0,-22.0,below
2273-2165,HED,,False,133.0,4.0,,,,,-22.0,-22.0,below
2273-2272,HED,,False,133.0,4.0,,,,,-22.0,-22.0,below
2547-2088,HED,,False,133.0,4.0,,,,,-22.0,-22.0,below
2549-2155,HAX,,False,135.0,5.0,,,,,-22.0,-22.0,below
3085-3089,HED,,False,133.0,4.0,,,,,-6.0,-6.0,below
3098-3104,HED,,False,133.0,4.0,,,,,-6.0,-6.0,below
3568-4270,HE2,,False,133.0,4.0,,,,,13.0,13.0,above
3569-E493,HE2,,False,133.0,4.0,,,,,13.0,13.0,above
4003-4905,HE2,,False,133.0,4.0,,,,,13.0,13.0,above
4004-4875,HE2,,False,133.0,4.0,,,,,13.0,13.0,above
4005-4006,HE2,,False,133.0,4.0,,,,,13.0,13.0,above
4006-Q026,HE2,,False,133.0,4.0,,,,,13.0,13.0,above
4007-4720,HE2,,False,133.0,4.0,,,,,13.0,13.0,above
4142-4792,HE2,,False,133.0,4.0,,,,,13.0,13.0,above
4143-4144,HE2,,False,133.0,4.0,,,,,13.0,13.0,above
4144-E058,HE2,,False,133.0,4.0,,,,,13.0,13.0,above
4146-E059,HE2,,False,133.0,4.0,,,,,13.0,13.0,above
4147-4148,HE2,,False,133.0,4.0,,,,,13.0,13.0,above
4148-E061,HE2,,False,133.0,4.0,,,,,13.0,13.0,above
4238-3569,HE2,,False,133.0,4.0,,,,,13.0,13.0,above
4239-E495,HE2,,False,133.0,4.0,,,,,13.0,13.0,above
4500-4501,HE2,,False,133.0,4.0,,,,,13.0,13.0,above
4500-Q197,HE2,,False,133.0,4.0,,,,,13.0,13.0,above
4501-4507,HE2,,False,133.0,4.0,,,,,13.0,13.0,above
4507-4508,HE2,,False,133.0,4.0,,,,,13.0,13.0,above
4508-4509,HE2,,False,133.0,4.0,,,,,13.0,13.0,above
4509-4510,HE2,,False,133.0,4.0,,,,,13.0,13.0,above
4510-4511,HE2,,False,133.0,4.0,,,,,13.0,13.0,above
4511-E502,HE2,,False,133.0,4.0,,,,,13.0,13.0,above
4515-Q132,HE2,,False,133.0,4.0,,,,,13.0,13.0,above
4516-Q279,HE2,,False,133.0,4.0,,,,,13.0,13.0,above
4517-4518,HE2,,False,133.0,4.0,,,,,13.0,13.0,above
4518-4519,HE2,,False,133.0,4.0,,,,,13.0,13.0,above
4519-Q270,HE2,,False,133.0,4.0,,,,,13.0,13.0,above
4520-Q162,HE2,,False,133.0,4.0,,,,,13.0,13.0,above
4521-4005,HE2,,False,133.0,4.0,,,,,13.0,13.0,above
4521-Q211,HE2,,False,133.0,4.0,,,,,13.0,13.0,above
4689-Q031,HE2,,False,133.0,4.0,,,,,13.0,13.0,above
4720-4500,HE2,,False,133.0,4.0,,,,,13.0,13.0,above
4792-E051,HE2,,False,133.0,4.0,,,,,13.0,13.0,above
4795-4149,HE2,,False,133.0,4.0,,,,,13.0,13.0,above
4863-Q467,HE2,,False,133.0,4.0,,,,,13.0,13.0,above
4864-Q468,HE2,,False,133.0,4.0,,,,,13.0,13.0,above
E051-JF04,HE2,,False,133.0,4.0,,,,,13.0,13.0,above
E053-E054,HE2,,False,133.0,4.0,,,,,13.0,13.0,above
E054-E055,HE2,,False,133.0,4.0,,,,,13.0,13.0,above
E055-E057,HE2,,False,133.0,4.0,,,,,13.0,13.0,above
E057-4143,HE2,,False,133.0,4.0,,,,,13.0,13.0,above
E058-4146,HE2,,False,133.0,4.0,,,,,13.0,13.0,above
E059-4147,HE2,,False,133.0,4.0,,,,,13.0,13.0,above
E061-E062,HE2,,False,133.0,4.0,,,,,13.0,13.0,above
E062-E063,HE2,,False,133.0,4.0,,,,,13.0,13.0,above
E063-E064,HE2,,False,133.0,4.0,,,,,13.0,13.0,above
E064-E066,HE2,,False,133.0,4.0,,,,,13.0,13.0,above
E066-4795,HE2,,False,133.0,4.0,,,,,13.0,13.0,above
E207-E334,HE2,,False,133.0,4.0,,,,,13.0,13.0,above
E238-E353,HE2,,False,133.0,4.0,,,,,13.0,13.0,above
E334-E407,HE2,,False,133.0,4.0,,,,,13.0,13.0,above
E353-E423,HE2,,False,133.0,4.0,,,,,13.0,13.0,above
E407-E439,HE2,,False,133.0,4.0,,,,,13.0,13.0,above
E423-E460,HE2,,False,133.0,4.0,,,,,13.0,13.0,above
E439-4239,HE2,,False,133.0,4.0,,,,,13.0,13.0,above
E460-4238,HE2,,False,133.0,4.0,,,,,13.0,13.0,above
E471-3568,HE2,,False,133.0,4.0,,,,,13.0,13.0,above
E493-4283,HE2,,False,133.0,4.0,,,,,13.0,13.0,above
E495-E471,HE2,,False,133.0,4.0,,,,,13.0,13.0,above
E502-4512,HE2,,False,133.0,4.0,,,,,13.0,13.0,above
JF04-E053,HE2,,False,133.0,4.0,,,,,13.0,13.0,above
K441-K442,HED,,False,133.0,4.0,,,,,-37.0,-37.0,below
K442-1193,HED,,False,133.0,4.0,,,,,-37.0,-37.0,below
Q026-4704,HE2,,False,133.0,4.0,,,,,13.0,13.0,above
Q031-4007,HE2,,False,133.0,4.0,,,,,13.0,13.0,above
Q132-4516,HE2,,False,133.0,4.0,,,,,13.0,13.0,above
Q162-4521,HE2,,False,133.0,4.0,,,,,13.0,13.0,above
Q197-4781,HE2,,False,133.0,4.0,,,,,13.0,13.0,above
Q211-4782,HE2,,False,133.0,4.0,,,,,13.0,13.0,above
Q270-4520,HE2,,False,133.0,4.0,,,,,13.0,13.0,above
Q279-4517,HE2,,False,133.0,4.0,,,,,13.0,13.0,above
Q467-4004,HE2,,False,133.0,4.0,,,,,13.0,13.0,above
Q468-4003,HE2,,False,133.0,4.0,,,,,13.0,13.0,above
0016-1421,HEE,,False,134.0,4.5,,,,,-37.0,-37.0,below
0017-1052,HEE,,False,134.0,4.5,,,,,-37.0,-37.0,below
1029-0016,HEE,,False,134.0,4.5,,,,,-37.0,-37.0,below
1045-1051,HEE,,False,134.0,4.5,,,,,-37.0,-37.0,below
1050-1045,HEE,,False,134.0,4.5,,,,,-37.0,-37.0,below
1051-1105,HEE,,False,134.0,4.5,,,,,-37.0,-37.0,below
1100-1050,HEE,,False,134.0,4.5,,,,,-37.0,-37.0,below
1102-1543,HEE,,False,134.0,4.5,,,,,-37.0,-37.0,below
1105-1219,HEE,,False,134.0,4.5,,,,,-37.0,-37.0,below
1107-1194,HEE,,False,134.0,4.5,,,,,-37.0,-37.0,below
1115-1195,HEE,,False,134.0,4.5,,,,,-37.0,-37.0,below
1119-1197,HEE,,False,134.0,4.5,,,,,-37.0,-37.0,below
1194-1115,HEE,,False,134.0,4.5,,,,,-37.0,-37.0,below
1195-1119,HEE,,False,134.0,4.5,,,,,-37.0,-37.0,below
1196-1107,HEE,,False,134.0,4.5,,,,,-37.0,-37.0,below
1197-1544,HEE,,False,134.0,4.5,,,,,-37.0,-37.0,below
1218-1100,HEE,,False,134.0,4.5,,,,,-37.0,-37.0,below
1219-1419,HEE,,False,134.0,4.5,,,,,-37.0,-37.0,below
1258-1557,HEE,,False,134.0,4.5,,,,,-37.0,-37.0,below
1262-1303,HEE,,False,134.0,4.5,,,,,-37.0,-37.0,below
1264-K592,HEE,,False,134.0,4.5,,,,,-37.0,-37.0,below
1265-1527,HEE,,False,134.0,4.5,,,,,-37.0,-37.0,below
1266-K536,HEE,,False,134.0,4.5,,,,,-37.0,-37.0,below
1286-1560,HEE,,False,134.0,4.5,,,,,-37.0,-37.0,below
1304-1265,HEE,,False,134.0,4.5,,,,,-37.0,-37.0,below
1309-1312,HEE,,False,134.0,4.5,,,,,-37.0,-37.0,below
1310-1313,HEE,,False,134.0,4.5,,,,,-37.0,-37.0,below
1312-1316,HEE,,False,134.0,4.5,,,,,-37.0,-37.0,below
1313-1318,HEE,,False,134.0,4.5,,,,,-37.0,-37.0,below
1314-1317,HEE,,False,134.0,4.5,,,,,-37.0,-37.0,below
1316-1321,HEE,,False,134.0,4.5,,,,,-37.0,-37.0,below
1317-1320,HEE,,False,134.0,4.5,,,,,-37.0,-37.0,below
1318-1322,HEE,,False,134.0,4.5,,,,,-37.0,-37.0,below
1320-1362,HEE,,False,134.0,4.5,,,,,-37.0,-37.0,below
1321-1323,HEE,,False,134.0,4.5,,,,,-37.0,-37.0,below
1322-1324,HEE,,False,134.0,4.5,,,,,-37.0,-37.0,below
1323-1330,HEE,,False,134.0,4.5,,,,,-37.0,-37.0,below
1324-1331,HEE,,False,134.0,4.5,,,,,-37.0,-37.0,below
1327-1377,HEE,,False,134.0,4.5,,,,,-37.0,-37.0,below
1330-1620,HEE,,False,134.0,4.5,,,,,-37.0,-37.0,below
1331-1327,HEE,,False,134.0,4.5,,,,,-37.0,-37.0,below
1419-0017,HEE,,False,134.0,4.5,,,,,-37.0,-37.0,below
1421-JF58,HEE,,False,134.0,4.5,,,,,-37.0,-37.0,below
1509-1262,HEE,,False,134.0,4.5,,,,,-37.0,-37.0,below
1509-1309,HEE,,False,134.0,4.5,,,,,-37.0,-37.0,below
1515-1562,HEE,,False,134.0,4.5,,,,,-37.0,-37.0,below
1527-1310,HEE,,False,134.0,4.5,,,,,-37.0,-37.0,below
1543-1196,HEE,,False,134.0,4.5,,,,,-37.0,-37.0,below
1544-1125,HEE,,False,134.0,4.5,,,,,-37.0,-37.0,below
1557-1264,HEE,,False,134.0,4.5,,,,,-37.0,-37.0,below
1560-1266,HEE,,False,134.0,4.5,,,,,-37.0,-37.0,below
1562-1314,HEE,,False,134.0,4.5,,,,,-37.0,-37.0,below
1620-1348,HEE,,False,134.0,4.5,,,,,-37.0,-37.0,below
2009-2137,HEE,,False,134.0,4.5,,,,,-22.0,-22.0,below
2010-2008,HEE,,False,134.0,4.5,,,,,-22.0,-22.0,below
2010-2237,HEE,,False,134.0,4.5,,,,,-22.0,-22.0,below
2021-2084,HEE,,False,134.0,4.5,,,,,-22.0,-22.0,below
2036-2042,HEE,,False,134.0,4.5,,,,,-22.0,-22.0,below
2037-2098,HEE,,False,134.0,4.5,,,,,-22.0,-22.0,below
2048-2051,HEE,,False,134.0,4.5,,,,,-22.0,-22.0,below
2050-2052,HEE,,False,134.0,4.5,,,,,-22.0,-22.0,below
2051-2258,HEE,,False,134.0,4.5,,,,,-22.0,-22.0,below
2052-2250,HEE,,False,134.0,4.5,,,,,-22.0,-22.0,below
2057-2060,HEE,,False,134.0,4.5,,,,,-22.0,-22.0,below
2059-2061,HEE,,False,134.0,4.5,,,,,-22.0,-22.0,below
2060-2241,HEE,,False,134.0,4.5,,,,,-22.0,-22.0,below
2061-2240,HEE,,False,134.0,4.5,,,,,-22.0,-22.0,below
2066-2009,HEE,,False,134.0,4.5,,,,,-22.0,-22.0,below
2066-2057,HEE,,False,134.0,4.5,,,,,-22.0,-22.0,below
2070-2073,HEE,,False,134.0,4.5,,,,,-22.0,-22.0,below
2073-2078,HEE,,False,134.0,4.5,,,,,-22.0,-22.0,below
2078-2089,HEE,,False,134.0,4.5,,,,,-22.0,-22.0,below
2084-2189,HEE,,False,134.0,4.5,,,,,-22.0,-22.0,below
2086-2021,HEE,,False,134.0,4.5,,,,,-22.0,-22.0,below
2089-2092,HEE,,False,134.0,4.5,,,,,-22.0,-22.0,below
2092-2143,HEE,,False,134.0,4.5,,,,,-22.0,-22.0,below
2098-2048,HEE,,False,134.0,4.5,,,,,-22.0,-22.0,below
2137-2070,HEE,,False,134.0,4.5,,,,,-22.0,-22.0,below
2138-2059,HEE,,False,134.0,4.5,,,,,-22.0,-22.0,below
2143-2037,HEE,,False,134.0,4.5,,,,,-22.0,-22.0,below
2175-2050,HEE,,False,134.0,4.5,,,,,-22.0,-22.0,below
2189-2190,HEE,,False,134.0,4.5,,,,,-22.0,-22.0,below
2190-2036,HEE,,False,134.0,4.5,,,,,-22.0,-22.0,below
2202-2203,HEE,,False,134.0,4.5,,,,,-22.0,-22.0,below
2203-2204,HEE,,False,134.0,4.5,,,,,-22.0,-22.0,below
2204-2243,HEE,,False,134.0,4.5,,,,,-22.0,-22.0,below
2211-2216,HEE,,False,134.0,4.5,,,,,-22.0,-22.0,below
2216-2218,HEE,,False,134.0,4.5,,,,,-22.0,-22.0,below
2218-2251,HEE,,False,134.0,4.5,,,,,-22.0,-22.0,below
2219-2252,HEE,,False,134.0,4.5,,,,,-22.0,-22.0,below
2225-2226,HEE,,False,134.0,4.5,,,,,-22.0,-22.0,below
2225-2257,HEE,,False,134.0,4.5,,,,,-22.0,-22.0,below
2226-2228,HEE,,False,134.0,4.5,,,,,-22.0,-22.0,below
2236-JF01,HEE,,False,134.0,4.5,,,,,-22.0,-22.0,below
2237-2236,HEE,,False,134.0,4.5,,,,,-22.0,-22.0,below
2241-2548,HEE,,False,134.0,4.5,,,,,-22.0,-22.0,below
2243-2244,HEE,,False,134.0,4.5,,,,,-22.0,-22.0,below
2244-2245,HEE,,False,134.0,4.5,,,,,-22.0,-22.0,below
2245-2246,HEE,,False,134.0,4.5,,,,,-22.0,-22.0,below
2246-2247,HEE,,False,134.0,4.5,,,,,-22.0,-22.0,below
2247-2557,HEE,,False,134.0,4.5,,,,,-22.0,-22.0,below
2248-3343,HEE,,False,134.0,4.5,,,,,-22.0,-22.0,below
2251-2219,HEE,,False,134.0,4.5,,,,,-22.0,-22.0,below
2252-2558,HEE,,False,134.0,4.5,,,,,-22.0,-22.0,below
2253-2254,HEE,,False,134.0,4.5,,,,,-22.0,-22.0,below
2254-2255,HEE,,False,134.0,4.5,,,,,-22.0,-22.0,below
2255-2256,HEE,,False,134.0,4.5,,,,,-22.0,-22.0,below
2256-2257,HEE,,False,134.0,4.5,,,,,-22.0,-22.0,below
2258-2546,HEE,,False,134.0,4.5,,,,,-22.0,-22.0,below
2546-2250,HEE,,False,134.0,4.5,,,,,-22.0,-22.0,below
2548-2240,HEE,,False,134.0,4.5,,,,,-22.0,-22.0,below
2557-2248,HEE,,False,134.0,4.5,,,,,-22.0,-22.0,below
2558-2253,HEE,,False,134.0,4.5,,,,,-22.0,-22.0,below
3136-3139,HEE,,False,134.0,4.5,,,,,-6.0,-6.0,below
3137-3140,HEE,,False,134.0,4.5,,,,,-6.0,-6.0,below
3139-3151,HEE,,False,134.0,4.5,,,,,-6.0,-6.0,below
3140-3193,HEE,,False,134.0,4.5,,,,,-6.0,-6.0,below
3343-2211,HEE,,False,134.0,4.5,,,,,-22.0,-22.0,below
4000-4142,HE3,,False,134.0,4.5,,,,,13.0,13.0,above
4135-4138,HE3,,False,134.0,4.5,,,,,13.0,13.0,above
4138-E050,HE3,,False,134.0,4.5,,,,,13.0,13.0,above
4146-4160,HE3,,False,134.0,4.5,,,,,13.0,13.0,above
4149-4793,HE3,,False,134.0,4.5,,,,,13.0,13.0,above
4152-4157,HE3,,False,134.0,4.5,,,,,13.0,13.0,above
4160-4171,HE3,,False,134.0,4.5,,,,,13.0,13.0,above
4171-4175,HE3,,False,134.0,4.5,,,,,13.0,13.0,above
4174-4277,HE3,,False,134.0,4.5,,,,,13.0,13.0,above
4175-4174,HE3,,False,134.0,4.5,,,,,13.0,13.0,above
4781-4932,HE3,,False,134.0,4.5,,,,,13.0,13.0,above
4782-4938,HE3,,False,134.0,4.5,,,,,13.0,13.0,above
4785-Q253,HE3,,False,134.0,4.5,,,,,13.0,13.0,above
4793-E068,HE3,,False,134.0,4.5,,,,,13.0,13.0,above
4794-4800,HE3,,False,134.0,4.5,,,,,13.0,13.0,above
4875-4880,HE3,,False,134.0,4.5,,,,,13.0,13.0,above
4880-4883,HE3,,False,134.0,4.5,,,,,13.0,13.0,above
4883-Q733,HE3,,False,134.0,4.5,,,,,13.0,13.0,above
4885-4917,HE3,,False,134.0,4.5,,,,,13.0,13.0,above
4888-Q773,HE3,,False,134.0,4.5,,,,,13.0,13.0,above
4891-Q778,HE3,,False,134.0,4.5,,,,,13.0,13.0,above
4893-4924,HE3,,False,134.0,4.5,,,,,13.0,13.0,above
4896-Q807,HE3,,False,134.0,4.5,,,,,13.0,13.0,above
4898-4900,HE3,,False,134.0,4.5,,,,,13.0,13.0,above
4900-4905,HE3,,False,134.0,4.5,,,,,13.0,13.0,above
4917-Q748,HE3,,False,134.0,4.5,,,,,13.0,13.0,above
4918-Q751,HE3,,False,134.0,4.5,,,,,13.0,13.0,above
4919-Q756,HE3,,False,134.0,4.5,,,,,13.0,13.0,above
4920-Q759,HE3,,False,134.0,4.5,,,,,13.0,13.0,above
4921-Q764,HE3,,False,134.0,4.5,,,,,13.0,13.0,above
4922-Q768,HE3,,False,134.0,4.5,,,,,13.0,13.0,above
4923-4888,HE3,,False,134.0,4.5,,,,,13.0,13.0,above
4924-Q785,HE3,,False,134.0,4.5,,,,,13.0,13.0,above
4925-Q788,HE3,,False,134.0,4.5,,,,,13.0,13.0,above
4926-Q793,HE3,,False,134.0,4.5,,,,,13.0,13.0,above
4927-4928,HE3,,False,134.0,4.5,,,,,13.0,13.0,above
4928-Q799,HE3,,False,134.0,4.5,,,,,13.0,13.0,above
4929-Q803,HE3,,False,134.0,4.5,,,,,13.0,13.0,above
4930-4896,HE3,,False,134.0,4.5,,,,,13.0,13.0,above
4932-4933,HE3,,False,134.0,4.5,,,,,13.0,13.0,above
4933-4934,HE3,,False,134.0,4.5,,,,,13.0,13.0,above
4934-Q415,HE3,,False,134.0,4.5,,,,,13.0,13.0,above
4935-4936,HE3,,False,134.0,4.5,,,,,13.0,13.0,above
4936-4863,HE3,,False,134.0,4.5,,,,,13.0,13.0,above
4938-Q331,HE3,,False,134.0,4.5,,,,,13.0,13.0,above
4939-4940,HE3,,False,134.0,4.5,,,,,13.0,13.0,above
4940-Q427,HE3,,False,134.0,4.5,,,,,13.0,13.0,above
4941-4943,HE3,,False,134.0,4.5,,,,,13.0,13.0,above
4943-4864,HE3,,False,134.0,4.5,,,,,13.0,13.0,above
BO88-BO99,HE3,,False,134.0,4.5,,,,,13.0,13.0,above
BO99-Q743,HE3,,False,134.0,4.5,,,,,13.0,13.0,above
E050-4000,HE3,,False,134.0,4.5,,,,,13.0,13.0,above
E068-4152,HE3,,False,134.0,4.5,,,,,13.0,13.0,above
JF01-2086,HEE,,False,134.0,4.5,,,,,-22.0,-22.0,below
JF58-1218,HEE,,False,134.0,4.5,,,,,-37.0,-37.0,below
K482-1304,HEE,,False,134.0,4.5,,,,,-37.0,-37.0,below
K536-K482,HEE,,False,134.0,4.5,,,,,-37.0,-37.0,below
K576-1303,HEE,,False,134.0,4.5,,,,,-37.0,-37.0,below
K592-K576,HEE,,False,134.0,4.5,,,,,-37.0,-37.0,below
Q253-4794,HE3,,False,134.0,4.5,,,,,13.0,13.0,above
Q331-4939,HE3,,False,134.0,4.5,,,,,13.0,13.0,above
Q415-4935,HE3,,False,134.0,4.5,,,,,13.0,13.0,above
Q427-4941,HE3,,False,134.0,4.5,,,,,13.0,13.0,above
Q733-Q736,HE3,,False,134.0,4.5,,,,,13.0,13.0,above
Q736-BO88,HE3,,False,134.0,4.5,,,,,13.0,13.0,above
Q743-4885,HE3,,False,134.0,4.5,,,,,13.0,13.0,above
Q748-4918,HE3,,False,134.0,4.5,,,,,13.0,13.0,above
Q751-4919,HE3,,False,134.0,4.5,,,,,13.0,13.0,above
Q756-4920,HE3,,False,134.0,4.5,,,,,13.0,13.0,above
Q759-4921,HE3,,False,134.0,4.5,,,,,13.0,13.0,above
Q764-4922,HE3,,False,134.0,4.5,,,,,13.0,13.0,above
Q768-4923,HE3,,False,134.0,4.5,,,,,13.0,13.0,above
Q773-4891,HE3,,False,134.0,4.5,,,,,13.0,13.0,above
Q778-4893,HE3,,False,134.0,4.5,,,,,13.0,13.0,above
Q785-4925,HE3,,False,134.0,4.5,,,,,13.0,13.0,above
Q788-4926,HE3,,False,134.0,4.5,,,,,13.0,13.0,above
Q793-4927,HE3,,False,134.0,4.5,,,,,13.0,13.0,above
Q799-4929,HE3,,False,134.0,4.5,,,,,13.0,13.0,above
Q803-4930,HE3,,False,134.0,4.5,,,,,13.0,13.0,above
Q807-Q811,HE3,,False,134.0,4.5,,,,,13.0,13.0,above
Q811-Q814,HE3,,False,134.0,4.5,,,,,13.0,13.0,above
Q814-Q817,HE3,,False,134.0,4.5,,,,,13.0,13.0,above
Q817-4898,HE3,,False,134.0,4.5,,,,,13.0,13.0,above
1045-1542,HAX,,False,135.0,5.0,,,,,-37.0,-37.0,below
1542-1577,HAX,,False,135.0,5.0,,,,,-37.0,-37.0,below
3576-4514,HA1,,False,135.0,5.0,,,,,13.0,13.0,above
4512-4513,HA1,,False,135.0,5.0,,,,,13.0,13.0,above
4513-3576,HA1,,False,135.0,5.0,,,,,13.0,13.0,above
4514-4515,HA1,,False,135.0,5.0,,,,,13.0,13.0,above
1268-1559,HEG,,False,136.0,5.5,,,,,-37.0,-37.0,below
1329-3306,HEG,,False,136.0,5.5,,,,,-6.0,-6.0,below
1559-1566,HEG,,False,136.0,5.5,,,,,-37.0,-37.0,below
1561-1515,HEG,,False,136.0,5.5,,,,,-37.0,-37.0,below
1565-1561,HEG,,False,136.0,5.5,,,,,-37.0,-37.0,below
1566-1565,HEG,,False,136.0,5.5,,,,,-37.0,-37.0,below
3306-3307,HEG,,False,136.0,5.5,,,,,-6.0,-6.0,below
3307-3308,HEG,,False,136.0,5.5,,,,,-6.0,-6.0,below
3308-3309,HEG,,False,136.0,5.5,,,,,-6.0,-6.0,below
3309-3310,HEG,,False,136.0,5.5,,,,,-6.0,-6.0,below
3310-3137,HEG,,False,136.0,5.5,,,,,-6.0,-6.0,below
3312-3313,HEG,,False,136.0,5.5,,,,,-6.0,-6.0,below
3313-3314,HEG,,False,136.0,5.5,,,,,-6.0,-6.0,below
3314-3315,HEG,,False,136.0,5.5,,,,,-6.0,-6.0,below
3315-3316,HEG,,False,136.0,5.5,,,,,-6.0,-6.0,below
3316-3136,HEG,,False,136.0,5.5,,,,,-6.0,-6.0,below
3500-3312,HEG,,False,136.0,5.5,,,,,-6.0,-6.0,below
3520-1329,HEG,,False,136.0,5.5,,,,,-6.0,-6.0,below
3564-E238,HEH,,False,137.0,6.0,,,,,13.0,13.0,above
3565-E207,HEH,,False,137.0,6.0,,,,,13.0,13.0,above
4135-E127,HEH,,False,137.0,6.0,,,,,13.0,13.0,above
4157-E150,HEH,,False,137.0,6.0,,,,,13.0,13.0,above
E127-3565,HEH,,False,137.0,6.0,,,,,13.0,13.0,above
E150-3564,HEH,,False,137.0,6.0,,,,,13.0,13.0,above
3130-3051,HAU,HFCONEC,True,,4.0,158.0,121.0,7.5,2.5,-6.0,-6.0,below
3519-3518,HAW,HFCONED,True,,3.0,191.0,121.0,5.0,2.5,-6.0,-6.0,below
3505-3508,HAI,,False,146.0,5.5,,,,,-6.0,-6.0,below
3508-3511,HAK,,False,145.0,5.0,,,,,-6.0,-6.0,below
3511-3242,HAL,,False,145.0,5.0,,,,,-6.0,-6.0,below
3519-3520,H17,,False,195.0,5.0,,,,,-6.0,-6.0,below
3118-3363,HAA,,False,165.0,7.5,,,,,-6.0,-6.0,below
3363-3130,HAE,,False,165.0,7.5,,,,,-6.0,-6.0,below
3575-3118,H18,,False,159.0,4.5,,,,,-6.0,-6.0,below
1689-1690,HFG,,False,146.0,5.5,,,,,-37.0,-37.0,below
1690-1575,HFG,,False,146.0,5.5,,,,,-37.0,-37.0,below
1691-1576,HFG,,False,146.0,5.5,,,,,-37.0,-37.0,below
1692-1691,HFG,,False,146.0,5.5,,,,,-37.0,-37.0,below
1029-1692,HFJ,,False,149.0,7.0,,,,,-37.0,-37.0,below
1052-1689,HFJ,,False,149.0,7.0,,,,,-37.0,-37.0,below
1575-1125,HFJ,,False,149.0,7.0,,,,,-37.0,-37.0,below
1576-1102,HFJ,,False,149.0,7.0,,,,,-37.0,-37.0,below
3005-3007,HBR,HGCONEA,True,,3.5,152.0,135.0,4.0,2.5,-6.0,-6.0,below
3006-3009,HBR,HGCONEA,True,,3.5,152.0,135.0,4.0,2.5,-6.0,-6.0,below
3001-3126,H09,,False,153.0,4.0,,,,,-6.0,-6.0,below
3004-3005,H09,,False,153.0,4.0,,,,,-6.0,-6.0,below
3006-3287,H09,,False,153.0,4.0,,,,,-6.0,-6.0,below
3124-3037,H09,,False,153.0,4.0,,,,,-6.0,-6.0,below
3126-3289,H09,,False,153.0,4.0,,,,,-6.0,-6.0,below
3286-3124,H09,,False,153.0,4.0,,,,,-6.0,-6.0,below
3287-3286,H09,,False,153.0,4.0,,,,,-6.0,-6.0,below
3288-3004,H09,,False,153.0,4.0,,,,,-6.0,-6.0,below
3289-3288,H09,,False,153.0,4.0,,,,,-6.0,-6.0,below
1258-1581,HGF,,False,155.0,5.0,,,,,-37.0,-37.0,below
1263-1351,HGF,,False,155.0,5.0,,,,,-37.0,-37.0,below
1268-1350,HGF,,False,155.0,5.0,,,,,-37.0,-37.0,below
1275-1583,HGF,,False,155.0,5.0,,,,,-37.0,-37.0,below
1350-1275,HGF,,False,155.0,5.0,,,,,-37.0,-37.0,below
1351-1268,HGF,,False,155.0,5.0,,,,,-37.0,-37.0,below
1581-1263,HGF,,False,155.0,5.0,,,,,-37.0,-37.0,below
1583-1286,HGF,,False,155.0,5.0,,,,,-37.0,-37.0,below
1260-1533,HHE,,False,164.0,5.0,,,,,-37.0,-37.0,below
1261-1362,HHE,,False,164.0,5.0,,,,,-37.0,-37.0,below
1355-1356,HHE,,False,164.0,5.0,,,,,-37.0,-37.0,below
1356-1531,HHE,,False,164.0,5.0,,,,,-37.0,-37.0,below
1362-1260,HHE,,False,164.0,5.0,,,,,-37.0,-37.0,below
1372-1373,HHC,,False,173.0,5.0,,,,,-37.0,-37.0,below
1532-1261,HHE,,False,164.0,5.0,,,,,-37.0,-37.0,below
1534-1372,HHC,,False,173.0,5.0,,,,,-37.0,-37.0,below
1348-1563,HHB,,False,166.0,6.0,,,,,-37.0,-37.0,below
1373-1564,HHG,,False,175.0,6.0,,,,,-37.0,-37.0,below
1563-1355,HHB,,False,166.0,6.0,,,,,-37.0,-37.0,below
1564-1377,HHG,,False,175.0,6.0,,,,,-37.0,-37.0,below
4100-4201,HH0,,False,166.0,6.0,,,,,13.0,13.0,above
4200-4280,HH0,,False,166.0,6.0,,,,,13.0,13.0,above
4275-4100,HH0,,False,166.0,6.0,,,,,13.0,13.0,above
4275-4277,HH0,,False,166.0,6.0,,,,,13.0,13.0,above
4277-4280,HH0,,False,166.0,6.0,,,,,13.0,13.0,above
4201-4268,HHH,,False,167.0,6.5,,,,,13.0,13.0,above
4267-4200,HHH,,False,167.0,6.5,,,,,13.0,13.0,above
4267-4283,HHH,,False,167.0,6.5,,,,,13.0,13.0,above
4270-4268,HHH,,False,167.0,6.5,,,,,13.0,13.0,above
3151-3153,H14,,False,184.0,5.0,,,,,-6.0,-6.0,below
3153-3256,HJC,,False,182.0,4.0,,,,,-6.0,-6.0,below
3156-3761,H14,,False,184.0,5.0,,,,,-6.0,-6.0,below
3164-3170,H14,,False,184.0,5.0,,,,,-6.0,-6.0,below
3170-3257,H14,,False,184.0,5.0,,,,,-6.0,-6.0,below
3184-3193,H14,,False,184.0,5.0,,,,,-6.0,-6.0,below
3256-3156,H14,,False,184.0,5.0,,,,,-6.0,-6.0,below
3257-3768,HJC,,False,182.0,4.0,,,,,-6.0,-6.0,below
3258-3184,HJC,,False,182.0,4.0,,,,,-6.0,-6.0,below
3321-3758,HJC,,False,182.0,4.0,,,,,-6.0,-6.0,below
3322-3756,HJC,,False,182.0,4.0,,,,,-6.0,-6.0,below
3756-3164,HJC,,False,182.0,4.0,,,,,-6.0,-6.0,below
3757-3322,HJC,,False,182.0,4.0,,,,,-6.0,-6.0,below
3758-3757,HJC,,False,182.0,4.0,,,,,-6.0,-6.0,below
3759-3321,H14,,False,184.0,5.0,,,,,-6.0,-6.0,below
3760-3759,H14,,False,184.0,5.0,,,,,-6.0,-6.0,below
3761-3760,H14,,False,184.0,5.0,,,,,-6.0,-6.0,below
3763-3764,H14,,False,184.0,5.0,,,,,-6.0,-6.0,below
3764-3258,H14,,False,184.0,5.0,,,,,-6.0,-6.0,below
3765-3769,H14,,False,184.0,5.0,,,,,-6.0,-6.0,below
3766-3763,H14,,False,184.0,5.0,,,,,-6.0,-6.0,below
3767-3765,HJC,,False,182.0,4.0,,,,,-6.0,-6.0,below
3768-3767,HJC,,False,182.0,4.0,,,,,-6.0,-6.0,below
3769-3766,H14,,False,184.0,5.0,,,,,-6.0,-6.0,below
1357-1359,HLJ,,False,209.0,8.0,,,,,-37.0,-37.0,below
1359-1361,HLJ,,False,209.0,8.0,,,,,-37.0,-37.0,below
1367-1369,HLJ,,False,209.0,8.0,,,,,-37.0,-37.0,below
1369-1371,HLJ,,False,209.0,8.0,,,,,-37.0,-37.0,below
0016-G428,JS2,,False,50.8,2.0,,,,,-36.68181,-36.2338,below
0017-G440,JS2,,False,50.8,2.0,,,,,-36.68181,-36.2282,below
1109-G232,JS2,,False,50.8,2.0,,,,,-36.66767,-35.0738,below
1110-G236,JS2,,False,50.8,2.0,,,,,-36.57932,-35.7778,below
1121-G305,JS2,,False,50.8,2.0,,,,,-26.577,-26.577,below
1122-G308,JS2,,False,50.8,2.0,,,,,-25.675,-25.675,below
1198-G311,JS2,,False,50.8,2.0,,,,,-24.759,-24.759,below
1207-G482,JS2,,False,50.8,2.0,,,,,-26.0498,-26.04723,below
1208-G494,JS2,,False,50.8,2.0,,,,,-26.132620000000003,-26.130879999999998,below
1210-G248,JS2,,False,50.8,2.0,,,,,-28.976020000000002,-28.0233,below
1211-G251,JS2,,False,50.8,2.0,,,,,-28.976020000000002,-28.0233,below
1303-G512,JS2,,False,50.8,2.0,,,,,-36.44625,-34.8381,below
1304-G536,JS2,,False,50.8,2.0,,,,,-36.44718,-34.8406,below
1325-G497,JS2,,False,50.8,2.0,,,,,-36.72251,-35.3,below
1328-G521,JS2,,False,50.8,2.0,,,,,-36.72251,-35.3,below
1419-G436,JS2,,False,50.8,2.0,,,,,-36.48075,-34.9378,below
1421-G431,JS2,,False,50.8,2.0,,,,,-36.46197,-34.8855,below
1443-G245,JS2,,False,50.8,2.0,,,,,-36.60877,-34.8658,below
1447-G227,JS2,,False,50.8,2.0,,,,,-36.59688,-35.9454,below
1448-G218,JS2,,False,50.8,2.0,,,,,-36.59735,-35.9484,below
1454-G206,JS2,,False,50.8,2.0,,,,,-36.60877,-34.8658,below
1468-G230,JS2,,False,50.8,2.0,,,,,-36.59601,-35.9305,below
1702-G208,JS2,,False,50.8,2.0,,,,,-36.62135,-35.7906,below
2166-G170,JS2,,False,50.8,2.0,,,,,-11.72333,-11.72382,below
2167-G171,JS2,,False,50.8,2.0,,,,,-13.22166,-13.222650000000002,below
2168-G172,JS2,,False,50.8,2.0,,,,,-14.716,-14.71747,below
2169-G173,JS2,,False,50.8,2.0,,,,,-16.41966,-16.42212,below
2170-G174,JS2,,False,50.8,2.0,,,,,-17.91199,-17.91495,below
2171-G314,JS2,,False,50.8,2.0,,,,,-17.15558,-17.17632,below
2173-G452,JS2,,False,50.8,2.0,,,,,-17.91133,-17.91477,below
2178-G317,JS2,,False,50.8,2.0,,,,,-18.136519999999997,-18.1611,below
2179-G455,JS2,,False,50.8,2.0,,,,,-16.41966,-16.42212,below
2180-G320,JS2,,False,50.8,2.0,,,,,-19.132189999999998,-19.160040000000002,below
2181-G458,JS2,,False,50.8,2.0,,,,,-14.716,-14.71747,below
2182-G461,JS2,,False,50.8,2.0,,,,,-13.22166,-13.222650000000002,below
2183-G464,JS2,,False,50.8,2.0,,,,,-11.72333,-11.72382,below
2184-G467,JS2,,False,50.8,2.0,,,,,-22.0,-22.0,below
2185-G470,JS2,,False,50.8,2.0,,,,,-22.0,-22.0,below
2186-G473,JS2,,False,50.8,2.0,,,,,-22.0,-22.0,below
2191-G476,JS2,,False,50.8,2.0,,,,,-22.0,-22.0,below
2194-G479,JS2,,False,50.8,2.0,,,,,-22.0,-22.0,below
2199-G556,JS2,,False,50.8,2.0,,,,,-28.340230000000002,-27.6988,below
2200-G550,JS2,,False,50.8,2.0,,,,,-27.25885,-26.9671,below
2205-G552,JS2,,False,50.8,2.0,,,,,-27.3266,-27.130599999999998,below
2206-G559,JS2,,False,50.8,2.0,,,,,-28.337030000000002,-27.6988,below
2224-G113,JS2,,False,50.8,2.0,,,,,-12.816749999999999,-12.8147,below
2230-G104,JS2,,False,50.8,2.0,,,,,-15.979370000000001,-15.978349999999999,below
2238-G107,JS2,,False,50.8,2.0,,,,,-14.84906,-14.847529999999999,below
2239-G110,JS2,,False,50.8,2.0,,,,,-13.86306,-13.86153,below
2242-G116,JS2,,False,50.8,2.0,,,,,-11.58075,-11.5787,below
2244-G176,JS2,,False,50.8,2.0,,,,,-22.0,-22.0,below
2245-G179,JS2,,False,50.8,2.0,,,,,-22.0,-22.0,below
2246-G182,JS2,,False,50.8,2.0,,,,,-22.0,-22.0,below
2247-G257,JS2,,False,50.8,2.0,,,,,-21.57905,-20.7685,below
2248-G185,JS2,,False,50.8,2.0,,,,,-22.0,-22.0,below
2249-G119,JS2,,False,50.8,2.0,,,,,-10.564430000000002,-10.56188,below
2251-G191,JS2,,False,50.8,2.0,,,,,-22.0,-22.0,below
2252-G194,JS2,,False,50.8,2.0,,,,,-22.0,-22.0,below
2253-G254,JS2,,False,50.8,2.0,,,,,-21.57905,-20.7685,below
2254-G197,JS2,,False,50.8,2.0,,,,,-22.0,-22.0,below
2255-G200,JS2,,False,50.8,2.0,,,,,-22.0,-22.0,below
2256-G203,JS2,,False,50.8,2.0,,,,,-22.0,-22.0,below
2260-G122,JS2,,False,50.8,2.0,,,,,-9.51612,-9.51305,below
2261-G125,JS2,,False,50.8,2.0,,,,,-9.51612,-9.51305,below
2262-G128,JS2,,False,50.8,2.0,,,,,-10.564430000000002,-10.56188,below
2263-G131,JS2,,False,50.8,2.0,,,,,-11.58075,-11.5787,below
2264-G134,JS2,,False,50.8,2.0,,,,,-12.816749999999999,-12.8147,below
2265-G137,JS2,,False,50.8,2.0,,,,,-13.86306,-13.86153,below
2266-G140,JS2,,False,50.8,2.0,,,,,-14.84906,-14.847529999999999,below
2267-G143,JS2,,False,50.8,2.0,,,,,-15.979370000000001,-15.978349999999999,below
2504-GD07,JS2,,False,50.8,2.0,,,,,-22.0,-22.0,below
2513-G544,JS2,,False,50.8,2.0,,,,,-22.0,-22.0,below
2529-G338,JS2,,False,50.8,2.0,,,,,-13.63448,-13.612219999999999,below
2530-G341,JS2,,False,50.8,2.0,,,,,-12.27436,-12.24653,below
2551-G353,JS2,,False,50.8,2.0,,,,,-12.30453,-12.30329,below
2561-G335,JS2,,False,50.8,2.0,,,,,-14.99563,-14.978060000000001,below
2568-G355,JS2,,False,50.8,2.0,,,,,-13.66,-13.66,below
2569-G358,JS2,,False,50.8,2.0,,,,,-15.01623,-15.01685,below
3004-G296,JS2,,False,50.8,2.0,,,,,-6.0,-6.0,below
3156-G062,JS2,,False,50.8,2.0,,,,,-6.0,-6.0,below
3206-G056,JS0,,False,50.8,2.0,,,,,9.395729999999999,9.38383,above
3231-G412,JS0,,False,50.8,2.0,,,,,9.792069999999999,9.79054,above
3233-G424,JS0,,False,50.8,2.0,,,,,9.72137,9.720360000000001,above
3286-G291,JS2,,False,50.8,2.0,,,,,-6.0,-6.0,below
3287-G292,JS2,,False,50.8,2.0,,,,,-6.0,-6.0,below
3288-G299,JS2,,False,50.8,2.0,,,,,-6.0,-6.0,below
3289-G302,JS2,,False,50.8,2.0,,,,,-6.0,-6.0,below
3306-G398,JS2,,False,50.8,2.0,,,,,-6.0,-6.0,below
3307-G395,JS2,,False,50.8,2.0,,,,,-6.0,-6.0,below
3308-G392,JS2,,False,50.8,2.0,,,,,-6.0,-6.0,below
3309-G389,JS2,,False,50.8,2.0,,,,,-6.0,-6.0,below
3310-G386,JS2,,False,50.8,2.0,,,,,-6.0,-6.0,below
3312-G284,JS2,,False,50.8,2.0,,,,,-6.0,-6.0,below
3313-G287,JS2,,False,50.8,2.0,,,,,-6.0,-6.0,below
3314-G443,JS2,,False,50.8,2.0,,,,,-6.0,-6.0,below
3315-G446,JS2,,False,50.8,2.0,,,,,-6.0,-6.0,below
3316-G449,JS2,,False,50.8,2.0,,,,,-6.0,-6.0,below
3343-G188,JS2,,False,50.8,2.0,,,,,-22.0,-22.0,below
3351-G155,JS2,,False,50.8,2.0,,,,,-22.0,-22.0,below
3352-G156,JS2,,False,50.8,2.0,,,,,-22.0,-22.0,below
3353-G157,JS2,,False,50.8,2.0,,,,,-22.0,-22.0,below
3354-G158,JS2,,False,50.8,2.0,,,,,-22.0,-22.0,below
3355-G159,JS2,,False,50.8,2.0,,,,,-22.0,-22.0,below
3505-G368,JSX,,False,64.0,3.0,,,,,-6.0,-6.0,below
3508-G365,JSX,,False,64.0,3.0,,,,,-6.0,-6.0,below
3511-G362,JSQ,,False,60.0,2.5,,,,,-6.0,-6.0,below
3513-G350,JSQ,,False,60.0,2.5,,,,,-6.0,-6.0,below
3514-G347,JSX,,False,64.0,3.0,,,,,-6.0,-6.0,below
3516-G344,JSQ,,False,60.0,2.5,,,,,-6.0,-6.0,below
3627-G086,JS0,,False,50.8,2.0,,,,,9.39905,9.384269999999999,above
3759-G071,JS2,,False,50.8,2.0,,,,,-6.0,-6.0,below
3760-G068,JS2,,False,50.8,2.0,,,,,-6.0,-6.0,below
3761-G065,JS2,,False,50.8,2.0,,,,,-6.0,-6.0,below
3763-G080,JS2,,False,50.8,2.0,,,,,-6.0,-6.0,below
3764-G083,JS2,,False,50.8,2.0,,,,,-6.0,-6.0,below
3766-G077,JS2,,False,50.8,2.0,,,,,-6.0,-6.0,below
3769-G074,JS2,,False,50.8,2.0,,,,,-6.0,-6.0,below
G001-1206,JS2,,False,50.8,2.0,,,,,-26.109,-26.109,below
G002-1199,JS2,,False,50.8,2.0,,,,,-25.193,-25.193,below
G014-2149,JS2,,False,50.8,2.0,,,,,-17.69324,-17.68778,below
G017-2141,JS2,,False,50.8,2.0,,,,,-18.69254,-18.684900000000003,below
K708-3565,JS0,,False,50.8,2.0,,,,,13.0,13.0,above
K777-3564,JS0,,False,50.8,2.0,,,,,13.0,13.0,above
K778-4793,JS0,,False,50.8,2.0,,,,,13.0,13.0,above
K763-4510,JS0,,False,50.8,2.0,,,,,13.0,13.0,above
K762-4511,JS0,,False,50.8,2.0,,,,,13.0,13.0,above
K764-4509,JS0,,False,50.8,2.0,,,,,13.0,13.0,above
GD19-4519,JS0,,False,50.8,2.0,,,,,13.0,13.0,above
K772-4932,JS0,,False,50.8,2.0,,,,,13.0,13.0,above
K723-4938,JS0,,False,50.8,2.0,,,,,13.0,13.0,above
K773-4933,JS0,,False,50.8,2.0,,,,,13.0,13.0,above
K724-4939,JS0,,False,50.8,2.0,,,,,13.0,13.0,above
K774-4934,JS0,,False,50.8,2.0,,,,,13.0,13.0,above
K746-4940,JS0,,False,50.8,2.0,,,,,13.0,13.0,above
K775-4935,JS0,,False,50.8,2.0,,,,,13.0,13.0,above
K747-4941,JS0,,False,50.8,2.0,,,,,13.0,13.0,above
K776-4936,JS0,,False,50.8,2.0,,,,,13.0,13.0,above
K753-4943,JS0,,False,50.8,2.0,,,,,13.0,13.0,above
K771-4917,JS0,,False,50.8,2.0,,,,,13.0,13.0,above
K770-4918,JS0,,False,50.8,2.0,,,,,13.0,13.0,above
K769-4919,JS0,,False,50.8,2.0,,,,,13.0,13.0,above
K768-4920,JS0,,False,50.8,2.0,,,,,13.0,13.0,above
K767-4921,JS0,,False,50.8,2.0,,,,,13.0,13.0,above
K766-4922,JS0,,False,50.8,2.0,,,,,13.0,13.0,above
K765-4923,JS0,,False,50.8,2.0,,,,,13.0,13.0,above
K761-4924,JS0,,False,50.8,2.0,,,,,13.0,13.0,above
K760-4925,JS0,,False,50.8,2.0,,,,,13.0,13.0,above
K759-4926,JS0,,False,50.8,2.0,,,,,13.0,13.0,above
K758-4927,JS0,,False,50.8,2.0,,,,,13.0,13.0,above
K757-4928,JS0,,False,50.8,2.0,,,,,13.0,13.0,above
K756-4929,JS0,,False,50.8,2.0,,,,,13.0,13.0,above
K755-4930,JS0,,False,50.8,2.0,,,,,13.0,13.0,above
J283-4517,JS0,,False,50.8,2.0,,,,,13.0,13.0,above
J287-4518,JS0,,False,50.8,2.0,,,,,13.0,13.0,above
K706-JF04,JS0,,False,50.8,2.0,,,,,13.0,13.0,above
JF58-G434,JS2,,False,50.8,2.0,,,,,-36.66344,-36.1879,below
K482-G539,JS2,,False,50.8,2.0,,,,,-36.45587,-34.846799999999995,below
K534-G533,JS2,,False,50.8,2.0,,,,,-36.75611,-36.240199999999994,below
K536-G542,JS2,,False,50.8,2.0,,,,,-36.46112,-34.850699999999996,below
K576-G515,JS2,,False,50.8,2.0,,,,,-36.45587,-34.846799999999995,below
K592-G518,JS2,,False,50.8,2.0,,,,,-36.46112,-34.850699999999996,below
K633-G509,JS2,,False,50.8,2.0,,,,,-36.75671,-36.242,below
K802-G506,JS2,,False,50.8,2.0,,,,,-36.75763,-36.249900000000004,below
K811-G530,JS2,,False,50.8,2.0,,,,,-36.75763,-36.249900000000004,below
K892-G503,JS2,,False,50.8,2.0,,,,,-36.75727,-36.2447,below
K901-G527,JS2,,False,50.8,2.0,,,,,-36.75685,-36.244,below
L045-G524,JS2,,False,50.8,2.0,,,,,-36.75216,-36.2173,below
L052-G500,JS2,,False,50.8,2.0,,,,,-36.75451,-36.2224,below
L648-G241,JS2,,False,50.8,2.0,,,,,-36.58784,-35.6714,below
L649-G238,JS2,,False,50.8,2.0,,,,,-36.5849,-35.7419,below
L655-G217,JS2,,False,50.8,2.0,,,,,-36.59883,-35.939299999999996,below
L656-G220,JS2,,False,50.8,2.0,,,,,-36.67499,-35.1191,below
L657-G214,JS2,,False,50.8,2.0,,,,,-36.60112,-35.8667,below
L658-G211,JS2,,False,50.8,2.0,,,,,-36.60882,-35.829299999999996,below
3011-G008,JSZ,,False,50.8,2.0,,,,,4.38775,4.33736,in
3055-G032,JSZ,,False,50.8,2.0,,,,,4.37413,4.33076,in
3063-G028,JS1,,False,60.0,2.5,,,,,4.322,4.322,in
3125-G414,JS3,,False,64.0,3.0,,,,,-0.27947,-0.29771,in
3155-G038,JS1,,False,60.0,2.5,,,,,5.65373,5.616890000000001,in
3182-G266,JSZ,,False,50.8,2.0,,,,,6.359,6.359,in
3183-G050,JSZ,,False,50.8,2.0,,,,,8.19478,8.17248,in
3198-G089,JSZ,,False,50.8,2.0,,,,,8.19497,8.17247,in
3202-G020,JS3,,False,64.0,3.0,,,,,-2.16972,-2.1969800000000004,in
3204-G035,JSZ,,False,50.8,2.0,,,,,5.66108,5.6188199999999995,in
3205-G092,JSZ,,False,50.8,2.0,,,,,6.95814,6.9291100000000005,in
3207-G044,JSZ,,False,50.8,2.0,,,,,6.96293,6.93065,in
3208-G053,JS3,,False,64.0,3.0,,,,,-0.86209,-0.95776,in
3209-G041,JS1,,False,60.0,2.5,,,,,1.6151200000000001,1.58818,in
3211-G095,JS1,,False,60.0,2.5,,,,,-1.95997,-2.08576,in
3212-G047,JS3,,False,64.0,3.0,,,,,0.29777999999999993,0.23559,in
3215-G098,JS3,,False,64.0,3.0,,,,,-0.75465,-0.85961,in
3216-G059,JS1,,False,60.0,2.5,,,,,-2.0252999999999997,-2.14889,in
3217-G101,JS3,,False,64.0,3.0,,,,,0.44153000000000003,0.36685999999999996,in
3218-G274,JS3,,False,64.0,3.0,,,,,0.948,0.948,in
3219-G259,JSZ,,False,50.8,2.0,,,,,8.022,8.022,in
3221-G269,JSZ,,False,50.8,2.0,,,,,5.93,5.93,in
3222-G383,JSZ,,False,50.8,2.0,,,,,5.915,5.915,in
3224-G380,JS3,,False,64.0,3.0,,,,,0.9516199999999999,0.94863,in
3225-G407,JS1,,False,60.0,2.5,,,,,4.4144,4.41582,in
3226-G273,JS1,,False,60.0,2.5,,,,,2.712,2.712,in
3227-G410,JS3,,False,64.0,3.0,,,,,-1.11582,-1.14171,in
3228-G278,JS1,,False,60.0,2.5,,,,,-1.1112,-1.10786,in
3229-G281,JS3,,False,64.0,3.0,,,,,0.63982,0.64161,in
3230-G418,JS3,,False,64.0,3.0,,,,,-1.61333,-1.641,in
3234-G485,JS3,,False,64.0,3.0,,,,,0.637,0.638,in
3235-G488,JS1,,False,60.0,2.5,,,,,-1.112,-1.11,in
3239-G491,JS1,,False,60.0,2.5,,,,,2.7136,2.71218,in
3253-G004,JS1,,False,60.0,2.5,,,,,5.179,5.179,in
3255-G003,JS1,,False,60.0,2.5,,,,,4.322,4.322,in
3529-G262,JS3,,False,64.0,3.0,,,,,2.6062399999999997,2.6068800000000003,in
3530-G329,JSZ,,False,50.8,2.0,,,,,3.14909,3.0996,in
3531-G332,JSZ,,False,50.8,2.0,,,,,1.51711,1.4579199999999999,in
3532-G326,JSZ,,False,50.8,2.0,,,,,4.78263,4.74243,in
3538-G371,JS1,,False,60.0,2.5,,,,,1.5258,1.51387,in
3539-G373,JS1,,False,60.0,2.5,,,,,3.15319,3.14655,in
3540-G376,JS1,,False,60.0,2.5,,,,,4.77968,4.77917,in
3587-G405,JSZ,,False,50.8,2.0,,,,,6.35516,6.35846,in
3615-G323,JSZ,,False,50.8,2.0,,,,,7.369470000000001,7.36688,in
3652-G402,JSZ,,False,50.8,2.0,,,,,8.01578,8.02117,in
J745-G022,JS1,,False,60.0,2.5,,,,,5.328,5.328,in
K595-G421,JS3,,False,64.0,3.0,,,,,-2.65818,-2.6883000000000004,in
J006-K612,JT2,,False,56.0,2.5,,,,,-34.123,-34.373,below
J007-K608,JT2,,False,56.0,2.5,,,,,-34.123,-34.442,below
J008-K609,JT2,,False,56.0,2.5,,,,,-35.554,-35.804,below
J009-K620,JT2,,False,56.0,2.5,,,,,-35.554,-35.804,below
J010-K615,JT2,,False,56.0,2.5,,,,,-35.506,-35.756,below
J011-J006,JT2,,False,56.0,2.5,,,,,-33.865,-34.123,below
J012-J007,JT2,,False,56.0,2.5,,,,,-33.865,-34.123,below
J013-J008,JT2,,False,56.0,2.5,,,,,-35.296,-35.554,below
J014-J009,JT2,,False,56.0,2.5,,,,,-35.296,-35.554,below
J015-J010,JT2,,False,56.0,2.5,,,,,-35.248,-35.506,below
J016-J011,JT2,,False,56.0,2.5,,,,,-33.573,-33.865,below
J017-J012,JT2,,False,56.0,2.5,,,,,-33.573,-33.865,below
J018-J013,JT2,,False,56.0,2.5,,,,,-35.004,-35.296,below
J019-J014,JT2,,False,56.0,2.5,,,,,-35.004,-35.296,below
J020-J015,JT2,,False,56.0,2.5,,,,,-34.956,-35.248,below
J021-J016,JT2,,False,56.0,2.5,,,,,-33.249,-33.573,below
J022-J017,JT2,,False,56.0,2.5,,,,,-33.249,-33.573,below
J023-J018,JT2,,False,56.0,2.5,,,,,-34.68,-35.004,below
J024-J019,JT2,,False,56.0,2.5,,,,,-34.68,-35.004,below
J025-J020,JT2,,False,56.0,2.5,,,,,-34.632,-34.956,below
J026-J021,JT2,,False,56.0,2.5,,,,,-32.895,-33.249,below
J027-J022,JT2,,False,56.0,2.5,,,,,-32.895,-33.249,below
J028-J023,JT2,,False,56.0,2.5,,,,,-34.326,-34.68,below
J029-J024,JT2,,False,56.0,2.5,,,,,-34.326,-34.68,below
J030-J025,JT2,,False,56.0,2.5,,,,,-34.278,-34.632,below
J031-J026,JT2,,False,56.0,2.5,,,,,-32.514,-32.895,below
J032-J027,JT2,,False,56.0,2.5,,,,,-32.514,-32.895,below
J033-J028,JT2,,False,56.0,2.5,,,,,-33.945,-34.326,below
J034-J029,JT2,,False,56.0,2.5,,,,,-33.945,-34.326,below
J035-J030,JT2,,False,56.0,2.5,,,,,-33.898,-34.278,below
J036-J031,JT2,,False,56.0,2.5,,,,,-32.11,-32.514,below
J037-J032,JT2,,False,56.0,2.5,,,,,-32.11,-32.514,below
J038-J033,JT2,,False,56.0,2.5,,,,,-33.541,-33.945,below
J039-J034,JT2,,False,56.0,2.5,,,,,-33.541,-33.945,below
J040-J035,JT2,,False,56.0,2.5,,,,,-33.493,-33.898,below
J041-J036,JT2,,False,56.0,2.5,,,,,-31.684,-32.11,below
J042-J037,JT2,,False,56.0,2.5,,,,,-31.684,-32.11,below
J043-J038,JT2,,False,56.0,2.5,,,,,-33.115,-33.541,below
J044-J039,JT2,,False,56.0,2.5,,,,,-33.115,-33.541,below
J045-J040,JT2,,False,56.0,2.5,,,,,-33.067,-33.493,below
J046-J043,JT2,,False,56.0,2.5,,,,,-32.672,-33.115,below
J047-J041,JT2,,False,56.0,2.5,,,,,-31.241,-31.684,below
J048-J042,JT2,,False,56.0,2.5,,,,,-31.241,-31.684,below
J049-J044,JT2,,False,56.0,2.5,,,,,-32.672,-33.115,below
J050-J045,JT2,,False,56.0,2.5,,,,,-32.624,-33.067,below
J051-J046,JT2,,False,56.0,2.5,,,,,-32.214,-32.672,below
J052-J047,JT2,,False,56.0,2.5,,,,,-30.783,-31.241,below
J053-J048,JT2,,False,56.0,2.5,,,,,-30.783,-31.241,below
J054-J049,JT2,,False,56.0,2.5,,,,,-32.214,-32.672,below
J055-J050,JT2,,False,56.0,2.5,,,,,-32.166,-32.624,below
J056-J051,JT2,,False,56.0,2.5,,,,,-31.746,-32.214,below
J057-J052,JT2,,False,56.0,2.5,,,,,-30.315,-30.783,below
J058-J053,JT2,,False,56.0,2.5,,,,,-30.315,-30.783,below
J059-J055,JT2,,False,56.0,2.5,,,,,-31.698,-32.166,below
J060-J054,JT2,,False,56.0,2.5,,,,,-31.746,-32.214,below
J061-J062,JT9,,False,56.0,2.5,,,,,11.75,11.74,above
J062-K603,JT9,,False,56.0,2.5,,,,,11.74,10.29,above
J065-J066,JT9,,False,56.0,2.5,,,,,11.75,11.728,above
J066-K607,JT9,,False,56.0,2.5,,,,,11.728,10.22,above
J069-J056,JT2,,False,56.0,2.5,,,,,-31.27,-31.746,below
J070-J057,JT2,,False,56.0,2.5,,,,,-29.839,-30.315,below
J071-J059,JT2,,False,56.0,2.5,,,,,-31.222,-31.698,below
J072-J058,JT2,,False,56.0,2.5,,,,,-29.839,-30.315,below
J073-J060,JT2,,False,56.0,2.5,,,,,-31.27,-31.746,below
J076-K475,JT2,,False,56.0,2.5,,,,,-23.5,-24.259,below
J077-J069,JT2,,False,56.0,2.5,,,,,-30.791,-31.27,below
J079-K444,JT6,,False,56.0,2.5,,,,,-4.3,-5.5,in
J080-J077,JT2,,False,56.0,2.5,,,,,-28.733,-30.791,below
J082-K474,JT2,,False,56.0,2.5,,,,,-23.5,-25.175,below
J083-J070,JT2,,False,56.0,2.5,,,,,-29.36,-29.839,below
J084-J083,JT2,,False,56.0,2.5,,,,,-28.018,-29.36,below
J087-J090,JT2,,False,56.0,2.5,,,,,-28.709,-30.743,below
J089-K440,JT6,,False,56.0,2.5,,,,,-4.3,-5.5,in
J090-J071,JT2,,False,56.0,2.5,,,,,-30.743,-31.222,below
J091-K473,JT2,,False,56.0,2.5,,,,,-23.5,-26.077,below
J092-K434,JT6,,False,56.0,2.5,,,,,-4.3,-5.5,in
J093-J072,JT2,,False,56.0,2.5,,,,,-29.36,-29.839,below
J095-K150,JT2,,False,56.0,2.5,,,,,-23.5,-25.609,below
J096-J093,JT2,,False,56.0,2.5,,,,,-28.018,-29.36,below
J097-J073,JT2,,False,56.0,2.5,,,,,-30.791,-31.27,below
J098-K151,JT2,,False,56.0,2.5,,,,,-23.5,-24.693,below
J099-K433,JT2,,False,56.0,2.5,,,,,-4.773,-5.5,below
J100-J097,JT2,,False,56.0,2.5,,,,,-28.733,-30.791,below
J101-J099,JT2,,False,56.0,2.5,,,,,-4.327,-4.773,below
J102-J101,JT6,,False,56.0,2.5,,,,,-4.3,-4.327,in
J123-K718,JT5,,False,56.0,2.5,,,,,-30.984,-34.357,below
J124-K587,JT5,,False,56.0,2.5,,,,,-30.984,-34.357,below
J125-J123,JT5,,False,56.0,2.5,,,,,-30.734,-30.984,below
J126-J124,JT5,,False,56.0,2.5,,,,,-30.734,-30.984,below
J127-J125,JT5,,False,56.0,2.5,,,,,-30.482,-30.734,below
J128-J126,JT5,,False,56.0,2.5,,,,,-30.482,-30.734,below
J129-J127,JT5,,False,56.0,2.5,,,,,-30.227,-30.482,below
J130-J128,JT5,,False,56.0,2.5,,,,,-30.227,-30.482,below
J131-J129,JT5,,False,56.0,2.5,,,,,-29.972,-30.227,below
J132-J130,JT5,,False,56.0,2.5,,,,,-29.972,-30.227,below
J133-J131,JT5,,False,56.0,2.5,,,,,-29.715,-29.972,below
J134-J132,JT5,,False,56.0,2.5,,,,,-29.715,-29.972,below
J135-J133,JT5,,False,56.0,2.5,,,,,-29.459,-29.715,below
J136-J134,JT5,,False,56.0,2.5,,,,,-29.459,-29.715,below
J137-J135,JT5,,False,56.0,2.5,,,,,-29.203,-29.459,below
J138-J136,JT5,,False,56.0,2.5,,,,,-29.203,-29.459,below
J139-J137,JT5,,False,56.0,2.5,,,,,-28.949,-29.203,below
J140-J138,JT5,,False,56.0,2.5,,,,,-28.949,-29.203,below
J141-J139,JT5,,False,56.0,2.5,,,,,-28.696,-28.949,below
J142-J140,JT5,,False,56.0,2.5,,,,,-28.696,-28.949,below
J145-J141,JT5,,False,56.0,2.5,,,,,-28.447,-28.696,below
J146-J142,JT5,,False,56.0,2.5,,,,,-28.447,-28.696,below
J147-K717,JT5,,False,56.0,2.5,,,,,-30.891,-34.349,below
J148-J147,JT5,,False,56.0,2.5,,,,,-30.636,-30.891,below
J149-J148,JT5,,False,56.0,2.5,,,,,-30.37,-30.636,below
J150-K585,JT5,,False,56.0,2.5,,,,,-30.262,-34.349,below
J151-J149,JT5,,False,56.0,2.5,,,,,-30.091,-30.37,below
J152-J150,JT5,,False,56.0,2.5,,,,,-30.0,-30.262,below
J153-J152,JT5,,False,56.0,2.5,,,,,-29.717,-30.0,below
J154-J151,JT5,,False,56.0,2.5,,,,,-29.801,-30.091,below
J155-J153,JT5,,False,56.0,2.5,,,,,-29.413,-29.717,below
J156-J154,JT5,,False,56.0,2.5,,,,,-29.5,-29.801,below
J157-J156,JT5,,False,56.0,2.5,,,,,-29.19,-29.5,below
J158-J155,JT5,,False,56.0,2.5,,,,,-29.091,-29.413,below
J159-J157,JT5,,False,56.0,2.5,,,,,-28.87,-29.19,below
J160-J158,JT5,,False,56.0,2.5,,,,,-28.755,-29.091,below
J161-J159,JT5,,False,56.0,2.5,,,,,-28.543,-28.87,below
J162-J160,JT5,,False,56.0,2.5,,,,,-28.407,-28.755,below
J163-J161,JT5,,False,56.0,2.5,,,,,-28.208,-28.543,below
J164-J163,JT5,,False,56.0,2.5,,,,,-27.866,-28.208,below
J165-K589,JT5,,False,56.0,2.5,,,,,-26.713,-27.33,below
J166-K560,JT5,,False,56.0,2.5,,,,,-26.713,-27.33,below
J167-K716,JT5,,False,56.0,2.5,,,,,-31.555,-34.332,below
J168-J166,JT5,,False,56.0,2.5,,,,,-26.597,-26.713,below
J169-J167,JT5,,False,56.0,2.5,,,,,-31.319,-31.555,below
J170-J164,JT5,,False,56.0,2.5,,,,,-27.518,-27.866,below
J171-K582,JT5,,False,56.0,2.5,,,,,-31.073,-34.336,below
J172-J169,JT5,,False,56.0,2.5,,,,,-31.082,-31.319,below
J173-J171,JT5,,False,56.0,2.5,,,,,-30.839,-31.073,below
J174-J172,JT5,,False,56.0,2.5,,,,,-30.843,-31.082,below
J175-J168,JT5,,False,56.0,2.5,,,,,-26.337,-26.597,below
J176-J173,JT5,,False,56.0,2.5,,,,,-30.602,-30.839,below
J177-J174,JT5,,False,56.0,2.5,,,,,-30.603,-30.843,below
J178-J176,JT5,,False,56.0,2.5,,,,,-30.365,-30.602,below
J179-J175,JT5,,False,56.0,2.5,,,,,-26.057,-26.337,below
J180-J177,JT5,,False,56.0,2.5,,,,,-30.364,-30.603,below
J181-J178,JT5,,False,56.0,2.5,,,,,-30.128,-30.365,below
J182-J180,JT5,,False,56.0,2.5,,,,,-30.124,-30.364,below
J183-J179,JT5,,False,56.0,2.5,,,,,-25.755,-26.057,below
J184-J181,JT5,,False,56.0,2.5,,,,,-29.894,-30.128,below
J185-J182,JT5,,False,56.0,2.5,,,,,-29.885,-30.124,below
J186-K545,JT5,,False,56.0,2.5,,,,,-26.083,-26.457,below
J187-K558,JT5,,False,56.0,2.5,,,,,-26.083,-26.315,below
J188-J183,JT5,,False,56.0,2.5,,,,,-25.435,-25.755,below
J189-J185,JT5,,False,56.0,2.5,,,,,-29.648,-29.885,below
J190-J188,JT5,,False,56.0,2.5,,,,,-25.096,-25.435,below
J191-J187,JT5,,False,56.0,2.5,,,,,-25.601,-26.083,below
J192-J189,JT5,,False,56.0,2.5,,,,,-29.412,-29.648,below
J193-J165,JT5,,False,56.0,2.5,,,,,-25.298,-26.713,below
J194-J190,JT5,,False,56.0,2.5,,,,,-24.739,-25.096,below
J195-J191,JT5,,False,56.0,2.5,,,,,-25.246,-25.601,below
J196-J192,JT5,,False,56.0,2.5,,,,,-29.065,-29.412,below
J197-J184,JT5,,False,56.0,2.5,,,,,-29.065,-29.894,below
J198-J193,JT5,,False,56.0,2.5,,,,,-25.041,-25.298,below
J199-J194,JT5,,False,56.0,2.5,,,,,-24.365,-24.739,below
J200-J195,JT5,,False,56.0,2.5,,,,,-24.874,-25.246,below
J201-J196,JT5,,False,56.0,2.5,,,,,-28.808,-29.065,below
J202-J197,JT5,,False,56.0,2.5,,,,,-28.808,-29.065,below
J203-J199,JT5,,False,56.0,2.5,,,,,-23.975,-24.365,below
J204-J200,JT5,,False,56.0,2.5,,,,,-24.487,-24.874,below
J205-J198,JT5,,False,56.0,2.5,,,,,-24.748,-25.041,below
J206-J203,JT5,,False,56.0,2.5,,,,,-23.57,-23.975,below
J207-J204,JT5,,False,56.0,2.5,,,,,-24.086,-24.487,below
J208-J201,JT5,,False,56.0,2.5,,,,,-28.516,-28.808,below
J209-J202,JT5,,False,56.0,2.5,,,,,-28.516,-28.808,below
J210-J186,JT5,,False,56.0,2.5,,,,,-24.283,-26.083,below
J211-J205,JT5,,False,56.0,2.5,,,,,-24.424,-24.748,below
J212-J206,JT5,,False,56.0,2.5,,,,,-23.152,-23.57,below
J213-J207,JT5,,False,56.0,2.5,,,,,-23.671,-24.086,below
J214-J208,JT5,,False,56.0,2.5,,,,,-28.191,-28.516,below
J215-J209,JT5,,False,56.0,2.5,,,,,-28.191,-28.516,below
J216-J210,JT5,,False,56.0,2.5,,,,,-23.93,-24.283,below
J217-J211,JT5,,False,56.0,2.5,,,,,-24.071,-24.424,below
J218-J212,JT5,,False,56.0,2.5,,,,,-22.72,-23.152,below
J219-J213,JT5,,False,56.0,2.5,,,,,-23.244,-23.671,below
J220-J214,JT5,,False,56.0,2.5,,,,,-27.838,-28.191,below
J221-J215,JT5,,False,56.0,2.5,,,,,-27.838,-28.191,below
J222-J216,JT5,,False,56.0,2.5,,,,,-23.549,-23.93,below
J223-J217,JT5,,False,56.0,2.5,,,,,-23.69,-24.071,below
J224-J218,JT5,,False,56.0,2.5,,,,,-22.276,-22.72,below
J225-J219,JT5,,False,56.0,2.5,,,,,-22.806,-23.244,below
J226-J220,JT5,,False,56.0,2.5,,,,,-27.457,-27.838,below
J227-J221,JT5,,False,56.0,2.5,,,,,-27.457,-27.838,below
J228-J224,JT5,,False,56.0,2.5,,,,,-21.822,-22.276,below
J229-J225,JT5,,False,56.0,2.5,,,,,-22.357,-22.806,below
J230-J222,JT5,,False,56.0,2.5,,,,,-23.144,-23.549,below
J231-J223,JT5,,False,56.0,2.5,,,,,-23.285,-23.69,below
J232-J226,JT5,,False,56.0,2.5,,,,,-27.052,-27.457,below
J233-J227,JT5,,False,56.0,2.5,,,,,-27.052,-27.457,below
J234-J228,JT5,,False,56.0,2.5,,,,,-21.357,-21.822,below
J235-J229,JT5,,False,56.0,2.5,,,,,-21.899,-22.357,below
J236-J230,JT5,,False,56.0,2.5,,,,,-22.719,-23.144,below
J237-J231,JT5,,False,56.0,2.5,,,,,-22.86,-23.285,below
J238-J232,JT5,,False,56.0,2.5,,,,,-26.627,-27.052,below
J239-J233,JT5,,False,56.0,2.5,,,,,-26.627,-27.052,below
J240-J234,JT5,,False,56.0,2.5,,,,,-20.885,-21.357,below
J241-J235,JT5,,False,56.0,2.5,,,,,-21.433,-21.899,below
J242-J236,JT5,,False,56.0,2.5,,,,,-22.275,-22.719,below
J243-J237,JT5,,False,56.0,2.5,,,,,-22.416,-22.86,below
J244-J240,JT5,,False,56.0,2.5,,,,,-20.405,-20.885,below
J245-J241,JT5,,False,56.0,2.5,,,,,-20.96,-21.433,below
J246-J238,JT5,,False,56.0,2.5,,,,,-26.183,-26.627,below
J247-J239,JT5,,False,56.0,2.5,,,,,-26.183,-26.627,below
J248-J244,JT5,,False,56.0,2.5,,,,,-19.919,-20.405,below
J249-J245,JT5,,False,56.0,2.5,,,,,-20.481,-20.96,below
J250-J242,JT5,,False,56.0,2.5,,,,,-21.818,-22.275,below
J251-J243,JT5,,False,56.0,2.5,,,,,-21.959,-22.416,below
J252-J246,JT5,,False,56.0,2.5,,,,,-25.726,-26.183,below
J253-J247,JT5,,False,56.0,2.5,,,,,-25.726,-26.183,below
J254-J248,JT5,,False,56.0,2.5,,,,,-19.428,-19.919,below
J255-J249,JT5,,False,56.0,2.5,,,,,-19.998,-20.481,below
J256-J250,JT5,,False,56.0,2.5,,,,,-21.349,-21.818,below
J257-J251,JT5,,False,56.0,2.5,,,,,-21.49,-21.959,below
J258-J252,JT5,,False,56.0,2.5,,,,,-25.257,-25.726,below
J259-J253,JT5,,False,56.0,2.5,,,,,-25.257,-25.726,below
J260-J254,JT5,,False,56.0,2.5,,,,,-18.933,-19.428,below
J261-J255,JT5,,False,56.0,2.5,,,,,-19.51,-19.998,below
J262-J256,JT5,,False,56.0,2.5,,,,,-20.874,-21.349,below
J263-J257,JT5,,False,56.0,2.5,,,,,-21.015,-21.49,below
J264-J258,JT5,,False,56.0,2.5,,,,,-24.782,-25.257,below
J265-J259,JT5,,False,56.0,2.5,,,,,-24.782,-25.257,below
J266-J260,JT5,,False,56.0,2.5,,,,,-18.436,-18.933,below
J267-J261,JT5,,False,56.0,2.5,,,,,-19.021,-19.51,below
J268-K520,JTB,,False,56.0,2.5,,,,,-4.3,-5.5,in
J269-J264,JT5,,False,56.0,2.5,,,,,-24.302,-24.782,below
J272-K519,JTB,,False,56.0,2.5,,,,,-4.3,-5.5,in
J273-J262,JT5,,False,56.0,2.5,,,,,-20.394,-20.874,below
J276-J263,JT5,,False,56.0,2.5,,,,,-20.535,-21.015,below
J277-K518,JTB,,False,56.0,2.5,,,,,-4.3,-5.5,in
J280-K491,JTB,,False,56.0,2.5,,,,,-4.3,-5.5,in
J281-J283,JT9,,False,56.0,2.5,,,,,16.335,13.0,above
J282-J266,JT5,,False,56.0,2.5,,,,,-17.937,-18.436,below
J283-J284,JT1,,False,56.0,2.5,,,,,13.0,8.2,in
J285-J287,JT9,,False,56.0,2.5,,,,,16.335,13.0,above
J287-J286,JT1,,False,56.0,2.5,,,,,13.0,8.2,in
J288-K490,JTB,,False,56.0,2.5,,,,,-4.3,-5.5,in
J289-J267,JT5,,False,56.0,2.5,,,,,-18.53,-19.021,below
J291-J265,JT5,,False,56.0,2.5,,,,,-24.302,-24.782,below
J292-K487,JTB,,False,56.0,2.5,,,,,-4.3,-5.5,in
J294-J296,JT4,,False,56.0,2.5,,,,,-32.484,-32.889,below
J296-J298,JT4,,False,56.0,2.5,,,,,-32.889,-33.278,below
J297-K581,JT4,,False,56.0,2.5,,,,,-35.511,-35.797,below
J298-J306,JT4,,False,56.0,2.5,,,,,-33.278,-33.652,below
J299-J297,JT4,,False,56.0,2.5,,,,,-35.251,-35.511,below
J300-J302,JT4,,False,56.0,2.5,,,,,-31.189,-31.633,below
J301-J299,JT4,,False,56.0,2.5,,,,,-34.97,-35.251,below
J302-J304,JT4,,False,56.0,2.5,,,,,-31.633,-32.065,below
J303-J301,JT4,,False,56.0,2.5,,,,,-34.669,-34.97,below
J304-J294,JT4,,False,56.0,2.5,,,,,-32.065,-32.484,below
J305-J303,JT4,,False,56.0,2.5,,,,,-34.348,-34.669,below
J306-J312,JT4,,False,56.0,2.5,,,,,-33.652,-34.009,below
J307-J305,JT4,,False,56.0,2.5,,,,,-34.009,-34.348,below
J308-J310,JT4,,False,56.0,2.5,,,,,-34.97,-35.251,below
J309-J307,JT4,,False,56.0,2.5,,,,,-33.652,-34.009,below
J310-J336,JT4,,False,56.0,2.5,,,,,-35.251,-35.511,below
J311-J309,JT4,,False,56.0,2.5,,,,,-33.278,-33.652,below
J312-J314,JT4,,False,56.0,2.5,,,,,-34.009,-34.348,below
J313-J311,JT4,,False,56.0,2.5,,,,,-32.889,-33.278,below
J314-J316,JT4,,False,56.0,2.5,,,,,-34.348,-34.669,below
J315-J313,JT4,,False,56.0,2.5,,,,,-32.484,-32.889,below
J316-J308,JT4,,False,56.0,2.5,,,,,-34.669,-34.97,below
J317-J315,JT4,,False,56.0,2.5,,,,,-32.065,-32.484,below
J318-J320,JT4,,False,56.0,2.5,,,,,-26.85,-27.349,below
J319-J317,JT4,,False,56.0,2.5,,,,,-31.633,-32.065,below
J320-J322,JT4,,False,56.0,2.5,,,,,-27.349,-27.846,below
J321-J319,JT4,,False,56.0,2.5,,,,,-31.189,-31.633,below
J322-J330,JT4,,False,56.0,2.5,,,,,-27.846,-28.341,below
J323-J321,JT4,,False,56.0,2.5,,,,,-30.735,-31.189,below
J324-J326,JT4,,False,56.0,2.5,,,,,-29.798,-30.271,below
J325-J323,JT4,,False,56.0,2.5,,,,,-30.271,-30.735,below
J326-J328,JT4,,False,56.0,2.5,,,,,-30.271,-30.735,below
J327-J325,JT4,,False,56.0,2.5,,,,,-29.798,-30.271,below
J328-J300,JT4,,False,56.0,2.5,,,,,-30.735,-31.189,below
J329-J327,JT4,,False,56.0,2.5,,,,,-29.318,-29.798,below
J330-J332,JT4,,False,56.0,2.5,,,,,-28.341,-28.832,below
J331-J329,JT4,,False,56.0,2.5,,,,,-28.832,-29.318,below
J332-J334,JT4,,False,56.0,2.5,,,,,-28.832,-29.318,below
J333-J331,JT4,,False,56.0,2.5,,,,,-28.341,-28.832,below
J334-J324,JT4,,False,56.0,2.5,,,,,-29.318,-29.798,below
J335-J333,JT4,,False,56.0,2.5,,,,,-27.846,-28.341,below
J336-K715,JT4,,False,56.0,2.5,,,,,-35.511,-35.799,below
J338-J367,JT4,,False,56.0,2.5,,,,,-19.958,-21.5,below
J340-J335,JT4,,False,56.0,2.5,,,,,-27.349,-27.846,below
J342-J344,JT4,,False,56.0,2.5,,,,,-4.621,-5.06,below
J343-K282,JT4,,False,56.0,2.5,,,,,-19.958,-21.5,below
J344-K569,JT4,,False,56.0,2.5,,,,,-5.06,-5.5,below
J345-J340,JT4,,False,56.0,2.5,,,,,-26.85,-27.349,below
J349-J342,JT8,,False,56.0,2.5,,,,,-4.3,-4.621,in
J355-J373,JT4,,False,56.0,2.5,,,,,-5.06,-5.5,below
J359-J355,JT4,,False,56.0,2.5,,,,,-4.621,-5.06,below
J365-J359,JT8,,False,56.0,2.5,,,,,-4.3,-4.621,in
J366-J368,JT4,,False,56.0,2.5,,,,,-22.0,-22.5,below
J367-J366,JT4,,False,56.0,2.5,,,,,-21.5,-22.0,below
J368-K676,JT4,,False,56.0,2.5,,,,,-22.5,-25.546,below
J369-J371,JT4,,False,56.0,2.5,,,,,-17.916,-18.416,below
J370-J369,JT4,,False,56.0,2.5,,,,,-17.416,-17.916,below
J371-J338,JT4,,False,56.0,2.5,,,,,-18.416,-19.958,below
J372-J374,JT4,,False,56.0,2.5,,,,,-6.0,-6.5,below
J373-J372,JT4,,False,56.0,2.5,,,,,-5.5,-6.0,below
J376-J360,JT1,,False,56.0,2.5,,,,,8.522,8.2,in
J378-J379,JT4,,False,56.0,2.5,,,,,-29.828,-30.301,below
J379-J380,JT4,,False,56.0,2.5,,,,,-30.301,-30.765,below
J380-J384,JT4,,False,56.0,2.5,,,,,-30.765,-31.219,below
J381-J382,JT4,,False,56.0,2.5,,,,,-28.371,-28.862,below
J382-J383,JT4,,False,56.0,2.5,,,,,-28.862,-29.348,below
J383-J378,JT4,,False,56.0,2.5,,,,,-29.348,-29.828,below
J384-J388,JT4,,False,56.0,2.5,,,,,-31.219,-31.663,below
J385-J386,JT4,,False,56.0,2.5,,,,,-32.919,-33.308,below
J386-J387,JT4,,False,56.0,2.5,,,,,-33.308,-33.682,below
J387-J424,JT4,,False,56.0,2.5,,,,,-33.682,-34.039,below
J388-J389,JT4,,False,56.0,2.5,,,,,-31.663,-32.095,below
J389-J390,JT4,,False,56.0,2.5,,,,,-32.095,-32.514,below
J390-J385,JT4,,False,56.0,2.5,,,,,-32.514,-32.919,below
J391-J392,JT4,,False,56.0,2.5,,,,,-26.881,-27.379,below
J392-J393,JT4,,False,56.0,2.5,,,,,-27.379,-27.876,below
J393-J381,JT4,,False,56.0,2.5,,,,,-27.876,-28.371,below
J396-J397,JT8,,False,56.0,2.5,,,,,-4.3,-4.619,in
J397-J399,JT4,,False,56.0,2.5,,,,,-4.619,-5.056,below
J398-K281,JT4,,False,56.0,2.5,,,,,-18.527,-21.5,below
J399-K568,JT4,,False,56.0,2.5,,,,,-5.056,-5.5,below
J400-J401,JT4,,False,56.0,2.5,,,,,-26.881,-27.379,below
J401-J402,JT4,,False,56.0,2.5,,,,,-27.379,-27.876,below
J402-J403,JT4,,False,56.0,2.5,,,,,-27.876,-28.371,below
J403-J404,JT4,,False,56.0,2.5,,,,,-28.371,-28.862,below
J404-J405,JT4,,False,56.0,2.5,,,,,-28.862,-29.348,below
J405-J406,JT4,,False,56.0,2.5,,,,,-29.348,-29.828,below
J406-J407,JT4,,False,56.0,2.5,,,,,-29.828,-30.301,below
J407-J408,JT4,,False,56.0,2.5,,,,,-30.301,-30.765,below
J408-J409,JT4,,False,56.0,2.5,,,,,-30.765,-31.219,below
J409-J410,JT4,,False,56.0,2.5,,,,,-31.219,-31.663,below
J410-J411,JT4,,False,56.0,2.5,,,,,-31.663,-32.095,below
J411-J412,JT4,,False,56.0,2.5,,,,,-32.095,-32.514,below
J412-J413,JT4,,False,56.0,2.5,,,,,-32.514,-32.919,below
J413-J414,JT4,,False,56.0,2.5,,,,,-32.919,-33.308,below
J414-J415,JT4,,False,56.0,2.5,,,,,-33.308,-33.682,below
J415-J416,JT4,,False,56.0,2.5,,,,,-33.682,-34.039,below
J416-J417,JT4,,False,56.0,2.5,,,,,-34.039,-34.378,below
J417-J418,JT4,,False,56.0,2.5,,,,,-34.378,-34.699,below
J418-J419,JT4,,False,56.0,2.5,,,,,-34.699,-35.0,below
J419-J420,JT4,,False,56.0,2.5,,,,,-35.0,-35.281,below
J420-J421,JT4,,False,56.0,2.5,,,,,-35.281,-35.541,below
J421-K580,JT4,,False,56.0,2.5,,,,,-35.541,-35.807,below
J424-J426,JT4,,False,56.0,2.5,,,,,-34.039,-34.378,below
J425-J429,JT4,,False,56.0,2.5,,,,,-35.281,-35.541,below
J426-J427,JT4,,False,56.0,2.5,,,,,-34.378,-34.699,below
J427-J428,JT4,,False,56.0,2.5,,,,,-34.699,-35.0,below
J428-J425,JT4,,False,56.0,2.5,,,,,-35.0,-35.281,below
J429-K714,JT4,,False,56.0,2.5,,,,,-35.541,-35.807,below
J437-J467,JT4,,False,56.0,2.5,,,,,-18.527,-21.5,below
J452-J479,JT4,,False,56.0,2.5,,,,,-5.056,-5.5,below
J454-J460,JT8,,False,56.0,2.5,,,,,-4.3,-4.62,in
J455-J452,JT4,,False,56.0,2.5,,,,,-4.619,-5.056,below
J459-J455,JT8,,False,56.0,2.5,,,,,-4.3,-4.619,in
J460-J462,JT4,,False,56.0,2.5,,,,,-4.62,-5.057,below
J461-J464,JT4,,False,56.0,2.5,,,,,-26.86,-27.358,below
J462-K567,JT4,,False,56.0,2.5,,,,,-5.057,-5.5,below
J463-K280,JT4,,False,56.0,2.5,,,,,-18.517,-21.5,below
J464-J466,JT4,,False,56.0,2.5,,,,,-27.358,-27.855,below
J465-J469,JT4,,False,56.0,2.5,,,,,-22.0,-22.5,below
J466-J468,JT4,,False,56.0,2.5,,,,,-27.855,-28.35,below
J467-J465,JT4,,False,56.0,2.5,,,,,-21.5,-22.0,below
J468-J470,JT4,,False,56.0,2.5,,,,,-28.35,-28.841,below
J469-J391,JT4,,False,56.0,2.5,,,,,-22.5,-26.881,below
J470-J472,JT4,,False,56.0,2.5,,,,,-28.841,-29.327,below
J471-J475,JT4,,False,56.0,2.5,,,,,-16.423,-16.923,below
J472-J474,JT4,,False,56.0,2.5,,,,,-29.327,-29.807,below
J473-J471,JT4,,False,56.0,2.5,,,,,-15.923,-16.423,below
J474-J476,JT4,,False,56.0,2.5,,,,,-29.807,-30.28,below
J475-J437,JT4,,False,56.0,2.5,,,,,-16.923,-18.527,below
J476-J478,JT4,,False,56.0,2.5,,,,,-30.28,-30.744,below
J477-J481,JT4,,False,56.0,2.5,,,,,-6.0,-6.5,below
J478-J480,JT4,,False,56.0,2.5,,,,,-30.744,-31.199,below
J479-J477,JT4,,False,56.0,2.5,,,,,-5.5,-6.0,below
J480-J482,JT4,,False,56.0,2.5,,,,,-31.199,-31.642,below
J482-J484,JT4,,False,56.0,2.5,,,,,-31.642,-32.074,below
J484-J486,JT4,,False,56.0,2.5,,,,,-32.074,-32.493,below
J486-J488,JT4,,False,56.0,2.5,,,,,-32.493,-32.898,below
J488-J490,JT4,,False,56.0,2.5,,,,,-32.898,-33.288,below
J489-J491,JT4,,False,56.0,2.5,,,,,-26.86,-27.358,below
J490-J492,JT4,,False,56.0,2.5,,,,,-33.288,-33.661,below
J491-J493,JT4,,False,56.0,2.5,,,,,-27.358,-27.855,below
J492-J494,JT4,,False,56.0,2.5,,,,,-33.661,-34.018,below
J493-J495,JT4,,False,56.0,2.5,,,,,-27.855,-28.35,below
J494-J496,JT4,,False,56.0,2.5,,,,,-34.018,-34.358,below
J495-J503,JT4,,False,56.0,2.5,,,,,-28.35,-28.841,below
J496-J498,JT4,,False,56.0,2.5,,,,,-34.358,-34.678,below
J497-J499,JT4,,False,56.0,2.5,,,,,-30.28,-30.744,below
J498-J500,JT4,,False,56.0,2.5,,,,,-34.678,-34.979,below
J499-J501,JT4,,False,56.0,2.5,,,,,-30.744,-31.199,below
J500-J502,JT4,,False,56.0,2.5,,,,,-34.979,-35.26,below
J501-J508,JT4,,False,56.0,2.5,,,,,-31.199,-31.642,below
J502-J504,JT4,,False,56.0,2.5,,,,,-35.26,-35.52,below
J503-J505,JT4,,False,56.0,2.5,,,,,-28.841,-29.327,below
J504-K579,JT4,,False,56.0,2.5,,,,,-35.52,-35.801,below
J505-J507,JT4,,False,56.0,2.5,,,,,-29.327,-29.807,below
J507-J497,JT4,,False,56.0,2.5,,,,,-29.807,-30.28,below
J508-J517,JT4,,False,56.0,2.5,,,,,-31.642,-32.074,below
J509-J513,JT4,,False,56.0,2.5,,,,,-33.288,-33.661,below
J513-J515,JT4,,False,56.0,2.5,,,,,-33.661,-34.018,below
J515-J523,JT4,,False,56.0,2.5,,,,,-34.018,-34.358,below
J517-J520,JT4,,False,56.0,2.5,,,,,-32.074,-32.493,below
J520-J522,JT4,,False,56.0,2.5,,,,,-32.493,-32.898,below
J522-J509,JT4,,False,56.0,2.5,,,,,-32.898,-33.288,below
J523-J526,JT4,,False,56.0,2.5,,,,,-34.358,-34.678,below
J525-J527,JT8,,False,56.0,2.5,,,,,-4.3,-4.623,in
J526-J528,JT4,,False,56.0,2.5,,,,,-34.678,-34.979,below
J527-J533,JT4,,False,56.0,2.5,,,,,-4.623,-5.065,below
J528-J529,JT4,,False,56.0,2.5,,,,,-34.979,-35.26,below
J529-J530,JT4,,False,56.0,2.5,,,,,-35.26,-35.52,below
J530-K713,JT4,,False,56.0,2.5,,,,,-35.52,-35.802,below
J531-J535,JT4,,False,56.0,2.5,,,,,-26.778,-27.277,below
J532-K279,JT4,,False,56.0,2.5,,,,,-18.476,-21.5,below
J533-K566,JT4,,False,56.0,2.5,,,,,-5.065,-5.5,below
J535-J537,JT4,,False,56.0,2.5,,,,,-27.277,-27.774,below
J536-J564,JT4,,False,56.0,2.5,,,,,-18.517,-21.5,below
J537-J539,JT4,,False,56.0,2.5,,,,,-27.774,-28.269,below
J539-J541,JT4,,False,56.0,2.5,,,,,-28.269,-28.76,below
J541-J543,JT4,,False,56.0,2.5,,,,,-28.76,-29.246,below
J543-J545,JT4,,False,56.0,2.5,,,,,-29.246,-29.726,below
J545-J547,JT4,,False,56.0,2.5,,,,,-29.726,-30.199,below
J547-J549,JT4,,False,56.0,2.5,,,,,-30.199,-30.663,below
J549-J551,JT4,,False,56.0,2.5,,,,,-30.663,-31.117,below
J550-J576,JT4,,False,56.0,2.5,,,,,-5.057,-5.5,below
J551-J553,JT4,,False,56.0,2.5,,,,,-31.117,-31.561,below
J552-J550,JT4,,False,56.0,2.5,,,,,-4.62,-5.057,below
J553-J555,JT4,,False,56.0,2.5,,,,,-31.561,-31.993,below
J555-J557,JT4,,False,56.0,2.5,,,,,-31.993,-32.412,below
J557-J559,JT4,,False,56.0,2.5,,,,,-32.412,-32.816,below
J559-J561,JT4,,False,56.0,2.5,,,,,-32.816,-33.206,below
J560-J552,JT8,,False,56.0,2.5,,,,,-4.3,-4.62,in
J561-J563,JT4,,False,56.0,2.5,,,,,-33.206,-33.58,below
J562-J566,JT4,,False,56.0,2.5,,,,,-22.0,-22.5,below
J563-J565,JT4,,False,56.0,2.5,,,,,-33.58,-33.937,below
J564-J562,JT4,,False,56.0,2.5,,,,,-21.5,-22.0,below
J565-J567,JT4,,False,56.0,2.5,,,,,-33.937,-34.276,below
J566-J489,JT4,,False,56.0,2.5,,,,,-22.5,-26.86,below
J567-J569,JT4,,False,56.0,2.5,,,,,-34.276,-34.597,below
J568-J572,JT4,,False,56.0,2.5,,,,,-14.718,-15.218,below
J569-J571,JT4,,False,56.0,2.5,,,,,-34.597,-34.898,below
J570-J568,JT4,,False,56.0,2.5,,,,,-14.218,-14.718,below
J571-J573,JT4,,False,56.0,2.5,,,,,-34.898,-35.179,below
J572-J536,JT4,,False,56.0,2.5,,,,,-15.218,-18.517,below
J573-J575,JT4,,False,56.0,2.5,,,,,-35.179,-35.439,below
J574-J577,JT4,,False,56.0,2.5,,,,,-6.0,-6.5,below
J575-K557,JT4,,False,56.0,2.5,,,,,-35.439,-35.773,below
J576-J574,JT4,,False,56.0,2.5,,,,,-5.5,-6.0,below
J586-J589,JT4,,False,56.0,2.5,,,,,-34.597,-34.898,below
J589-J591,JT4,,False,56.0,2.5,,,,,-34.898,-35.179,below
J591-J629,JT4,,False,56.0,2.5,,,,,-35.179,-35.439,below
J593-J595,JT4,,False,56.0,2.5,,,,,-30.663,-31.117,below
J594-J596,JT8,,False,56.0,2.5,,,,,-4.3,-4.628,in
J595-J597,JT4,,False,56.0,2.5,,,,,-31.117,-31.561,below
J596-J601,JT4,,False,56.0,2.5,,,,,-4.628,-5.082,below
J597-J605,JT4,,False,56.0,2.5,,,,,-31.561,-31.993,below
J598-J599,JT4,,False,56.0,2.5,,,,,-29.246,-29.726,below
J599-J603,JT4,,False,56.0,2.5,,,,,-29.726,-30.199,below
J600-J604,JT4,,False,56.0,2.5,,,,,-23.786,-24.277,below
J601-K565,JT4,,False,56.0,2.5,,,,,-5.082,-5.5,below
J602-K278,JT4,,False,56.0,2.5,,,,,-16.164,-21.5,below
J603-J593,JT4,,False,56.0,2.5,,,,,-30.199,-30.663,below
J604-J606,JT4,,False,56.0,2.5,,,,,-24.277,-24.766,below
J605-J613,JT4,,False,56.0,2.5,,,,,-31.993,-32.412,below
J606-J608,JT4,,False,56.0,2.5,,,,,-24.766,-25.253,below
J607-J609,JT4,,False,56.0,2.5,,,,,-33.58,-33.937,below
J608-J610,JT4,,False,56.0,2.5,,,,,-25.253,-25.737,below
J609-J611,JT4,,False,56.0,2.5,,,,,-33.937,-34.276,below
J610-J612,JT4,,False,56.0,2.5,,,,,-25.737,-26.216,below
J611-J586,JT4,,False,56.0,2.5,,,,,-34.276,-34.597,below
J612-J614,JT4,,False,56.0,2.5,,,,,-26.216,-26.689,below
J613-J615,JT4,,False,56.0,2.5,,,,,-32.412,-32.816,below
J614-J616,JT4,,False,56.0,2.5,,,,,-26.689,-27.155,below
J615-J617,JT4,,False,56.0,2.5,,,,,-32.816,-33.206,below
J616-J620,JT4,,False,56.0,2.5,,,,,-27.155,-27.613,below
J617-J607,JT4,,False,56.0,2.5,,,,,-33.206,-33.58,below
J619-J598,JT4,,False,56.0,2.5,,,,,-28.76,-29.246,below
J620-J622,JT4,,False,56.0,2.5,,,,,-27.613,-28.062,below
J621-J623,JT4,,False,56.0,2.5,,,,,-27.277,-27.774,below
J622-J624,JT4,,False,56.0,2.5,,,,,-28.062,-28.5,below
J623-J625,JT4,,False,56.0,2.5,,,,,-27.774,-28.269,below
J624-J626,JT4,,False,56.0,2.5,,,,,-28.5,-28.927,below
J625-J619,JT4,,False,56.0,2.5,,,,,-28.269,-28.76,below
J626-J628,JT4,,False,56.0,2.5,,,,,-28.927,-29.342,below
J627-J621,JT4,,False,56.0,2.5,,,,,-26.778,-27.277,below
J628-J630,JT4,,False,56.0,2.5,,,,,-29.342,-29.743,below
J629-K712,JT4,,False,56.0,2.5,,,,,-35.439,-35.779,below
J630-J632,JT4,,False,56.0,2.5,,,,,-29.743,-30.13,below
J632-J634,JT4,,False,56.0,2.5,,,,,-30.13,-30.502,below
J633-K397,JT4,,False,56.0,2.5,,,,,-18.476,-21.5,below
J634-J636,JT4,,False,56.0,2.5,,,,,-30.502,-30.857,below
J636-K538,JT4,,False,56.0,2.5,,,,,-30.857,-34.766,below
J638-J637,JT9,,False,56.0,2.5,,,,,9.792,10.2,above
J638-J679,JT9,,False,56.0,2.5,,,,,9.792,9.315,above
J641-J642,JT9,,False,56.0,2.5,,,,,9.723,10.2,above
J641-J680,JT9,,False,56.0,2.5,,,,,9.723,9.28,above
J645-J644,JT9,,False,56.0,2.5,,,,,9.727,10.2,above
J645-J681,JT9,,False,56.0,2.5,,,,,9.727,9.283,above
J646-J682,JT9,,False,56.0,2.5,,,,,9.705,9.271,above
J648-J646,JT9,,False,56.0,2.5,,,,,10.2,9.705,above
J649-J683,JT9,,False,56.0,2.5,,,,,10.634,10.235,above
J651-J649,JT9,,False,56.0,2.5,,,,,11.2,10.634,above
J664-J666,JT9,,False,56.0,2.5,,,,,11.2,10.634,above
J666-J688,JT9,,False,56.0,2.5,,,,,10.634,10.235,above
J668-J689,JT9,,False,56.0,2.5,,,,,9.705,9.271,above
J669-J668,JT9,,False,56.0,2.5,,,,,10.2,9.705,above
J670-J672,JT9,,False,56.0,2.5,,,,,10.2,9.727,above
J672-J690,JT9,,False,56.0,2.5,,,,,9.727,9.283,above
J674-J675,JT9,,False,56.0,2.5,,,,,10.2,9.723,above
J675-J691,JT9,,False,56.0,2.5,,,,,9.723,9.28,above
J677-J678,JT9,,False,56.0,2.5,,,,,10.2,9.792,above
J678-J692,JT9,,False,56.0,2.5,,,,,9.792,9.315,above
J679-J705,JT9,,False,56.0,2.5,,,,,9.315,8.839,above
J680-J699,JT9,,False,56.0,2.5,,,,,9.28,8.838,above
J681-J700,JT9,,False,56.0,2.5,,,,,9.283,8.839,above
J682-J701,JT9,,False,56.0,2.5,,,,,9.271,8.838,above
J683-J693,JT9,,False,56.0,2.5,,,,,10.235,9.838,above
J688-J698,JT9,,False,56.0,2.5,,,,,10.235,9.838,above
J689-J702,JT9,,False,56.0,2.5,,,,,9.271,8.838,above
J690-J703,JT9,,False,56.0,2.5,,,,,9.283,8.839,above
J691-J704,JT9,,False,56.0,2.5,,,,,9.28,8.838,above
J692-J706,JT9,,False,56.0,2.5,,,,,9.315,8.839,above
J693-J707,JT9,,False,56.0,2.5,,,,,9.838,9.441,above
J698-J712,JT9,,False,56.0,2.5,,,,,9.838,9.441,above
J699-J713,JT9,,False,56.0,2.5,,,,,8.838,8.399,above
J700-J716,JT9,,False,56.0,2.5,,,,,8.839,8.396,above
J701-J714,JT9,,False,56.0,2.5,,,,,8.838,8.407,above
J702-J715,JT9,,False,56.0,2.5,,,,,8.838,8.407,above
J703-J717,JT9,,False,56.0,2.5,,,,,8.839,8.396,above
J704-J718,JT9,,False,56.0,2.5,,,,,8.838,8.399,above
J705-J719,JT9,,False,56.0,2.5,,,,,8.839,8.366,above
J706-J720,JT9,,False,56.0,2.5,,,,,8.839,8.366,above
J707-J721,JT9,,False,56.0,2.5,,,,,9.441,9.046,above
J712-J726,JT9,,False,56.0,2.5,,,,,9.441,9.046,above
J713-K749,JT1,,False,56.0,2.5,,,,,8.399,8.2,in
J714-K751,JT1,,False,56.0,2.5,,,,,8.407,8.2,in
J715-K742,JT1,,False,56.0,2.5,,,,,8.407,8.2,in
J716-K750,JT1,,False,56.0,2.5,,,,,8.396,8.2,in
J717-K743,JT1,,False,56.0,2.5,,,,,8.396,8.2,in
J718-K744,JT1,,False,56.0,2.5,,,,,8.399,8.2,in
J719-K748,JT1,,False,56.0,2.5,,,,,8.366,8.2,in
J720-K745,JT1,,False,56.0,2.5,,,,,8.366,8.2,in
J726-K741,JT1,,False,56.0,2.5,,,,,9.046,8.2,in
J759-J773,JT3,,False,56.0,2.5,,,,,-5.111,-5.506,below
J759-K731,JT7,,False,56.0,2.5,,,,,-5.111,-4.3,in
J760-J774,JT3,,False,56.0,2.5,,,,,-5.114,-5.507,below
J760-K732,JT7,,False,56.0,2.5,,,,,-5.114,-4.3,in
J761-J775,JT3,,False,56.0,2.5,,,,,-5.119,-5.51,below
J761-K733,JT7,,False,56.0,2.5,,,,,-5.119,-4.3,in
J762-J776,JT3,,False,56.0,2.5,,,,,-5.119,-5.51,below
J762-K734,JT7,,False,56.0,2.5,,,,,-5.119,-4.3,in
J763-J777,JT3,,False,56.0,2.5,,,,,-5.114,-5.507,below
J764-J778,JT3,,False,56.0,2.5,,,,,-5.111,-5.506,below
J773-J787,JT3,,False,56.0,2.5,,,,,-5.506,-5.8,below
J774-J788,JT3,,False,56.0,2.5,,,,,-5.507,-5.8,below
J775-J789,JT3,,False,56.0,2.5,,,,,-5.51,-5.8,below
J776-J790,JT3,,False,56.0,2.5,,,,,-5.51,-5.8,below
J777-J791,JT3,,False,56.0,2.5,,,,,-5.507,-5.8,below
J778-J792,JT3,,False,56.0,2.5,,,,,-5.506,-5.8,below
J787-J801,JT3,,False,56.0,2.5,,,,,-5.8,-5.9030000000000005,below
J788-J802,JT3,,False,56.0,2.5,,,,,-5.8,-5.9030000000000005,below
J789-J803,JT3,,False,56.0,2.5,,,,,-5.8,-5.902,below
J790-J804,JT3,,False,56.0,2.5,,,,,-5.8,-5.902,below
J791-J805,JT3,,False,56.0,2.5,,,,,-5.8,-5.9030000000000005,below
J792-J806,JT3,,False,56.0,2.5,,,,,-5.8,-5.9030000000000005,below
J801-J811,JT3,,False,56.0,2.5,,,,,-5.9030000000000005,-6.3,below
J802-J812,JT3,,False,56.0,2.5,,,,,-5.9030000000000005,-6.299,below
J803-J813,JT3,,False,56.0,2.5,,,,,-5.902,-6.296,below
J804-J814,JT3,,False,56.0,2.5,,,,,-5.902,-6.296,below
J805-J815,JT3,,False,56.0,2.5,,,,,-5.9030000000000005,-6.299,below
J806-J816,JT3,,False,56.0,2.5,,,,,-5.9030000000000005,-6.3,below
J811-J835,JT3,,False,56.0,2.5,,,,,-6.3,-6.699,below
J812-J837,JT3,,False,56.0,2.5,,,,,-6.299,-6.696,below
J813-J840,JT3,,False,56.0,2.5,,,,,-6.296,-6.691,below
J814-J842,JT3,,False,56.0,2.5,,,,,-6.296,-6.691,below
J816-J850,JT3,,False,56.0,2.5,,,,,-6.3,-6.699,below
J821-J863,JT3,,False,56.0,2.5,,,,,-20.523,-21.006,below
J823-K229,JT3,,False,56.0,2.5,,,,,-14.118,-15.478,below
J824-J864,JT3,,False,56.0,2.5,,,,,-24.588,-25.086,below
J825-K312,JT3,,False,56.0,2.5,,,,,-17.381,-21.5,below
J827-K313,JT3,,False,56.0,2.5,,,,,-17.539,-21.5,below
J828-J865,JT3,,False,56.0,2.5,,,,,-24.904,-25.403,below
J831-J866,JT3,,False,56.0,2.5,,,,,-25.143,-25.641,below
J832-K314,JT3,,False,56.0,2.5,,,,,-17.658,-21.5,below
J833-J867,JT3,,False,56.0,2.5,,,,,-21.506,-21.997,below
J834-K363,JT3,,False,56.0,2.5,,,,,-15.024,-19.5,below
J836-J875,JT3,,False,56.0,2.5,,,,,-26.598,-27.091,below
J838-K315,JT3,,False,56.0,2.5,,,,,-17.809,-21.5,below
J839-K316,JT3,,False,56.0,2.5,,,,,-17.834,-21.5,below
J840-K247,JT3,,False,56.0,2.5,,,,,-6.691,-9.012,below
J841-J868,JT3,,False,56.0,2.5,,,,,-25.494,-25.992,below
J842-K259,JT3,,False,56.0,2.5,,,,,-6.691,-9.012,below
J843-K327,JT3,,False,56.0,2.5,,,,,-17.834,-21.5,below
J844-J869,JT3,,False,56.0,2.5,,,,,-25.494,-25.992,below
J845-K307,JT3,,False,56.0,2.5,,,,,-22.0,-22.5,below
J846-J876,JT3,,False,56.0,2.5,,,,,-26.598,-27.091,below
J847-K328,JT3,,False,56.0,2.5,,,,,-17.809,-21.5,below
J848-K346,JT3,,False,56.0,2.5,,,,,-15.024,-19.0,below
J849-J870,JT3,,False,56.0,2.5,,,,,-21.506,-21.997,below
J852-K329,JT3,,False,56.0,2.5,,,,,-17.658,-21.5,below
J853-J871,JT3,,False,56.0,2.5,,,,,-25.143,-25.641,below
J854-J872,JT3,,False,56.0,2.5,,,,,-24.904,-25.403,below
J856-K330,JT3,,False,56.0,2.5,,,,,-17.539,-21.5,below
J857-K331,JT3,,False,56.0,2.5,,,,,-17.381,-21.5,below
J859-J873,JT3,,False,56.0,2.5,,,,,-24.588,-25.086,below
J860-J874,JT3,,False,56.0,2.5,,,,,-20.523,-21.006,below
J862-K265,JT3,,False,56.0,2.5,,,,,-14.118,-15.478,below
J863-J885,JT3,,False,56.0,2.5,,,,,-21.006,-21.487,below
J864-J877,JT3,,False,56.0,2.5,,,,,-25.086,-25.584,below
J865-J879,JT3,,False,56.0,2.5,,,,,-25.403,-25.9,below
J866-J880,JT3,,False,56.0,2.5,,,,,-25.641,-26.138,below
J867-J881,JT3,,False,56.0,2.5,,,,,-21.997,-22.486,below
J868-J886,JT3,,False,56.0,2.5,,,,,-25.992,-26.49,below
J869-J887,JT3,,False,56.0,2.5,,,,,-25.992,-26.49,below
J870-J882,JT3,,False,56.0,2.5,,,,,-21.997,-22.486,below
J871-J883,JT3,,False,56.0,2.5,,,,,-25.641,-26.138,below
J872-J884,JT3,,False,56.0,2.5,,,,,-25.403,-25.9,below
J873-J878,JT3,,False,56.0,2.5,,,,,-25.086,-25.584,below
J874-J888,JT3,,False,56.0,2.5,,,,,-21.006,-21.487,below
J875-J889,JT3,,False,56.0,2.5,,,,,-27.091,-27.581,below
J876-J890,JT3,,False,56.0,2.5,,,,,-27.091,-27.581,below
J877-J891,JT3,,False,56.0,2.5,,,,,-25.584,-26.078,below
J878-J892,JT3,,False,56.0,2.5,,,,,-25.584,-26.078,below
J879-J893,JT3,,False,56.0,2.5,,,,,-25.9,-26.394,below
J880-J895,JT3,,False,56.0,2.5,,,,,-26.138,-26.633,below
J881-J896,JT3,,False,56.0,2.5,,,,,-22.486,-22.973,below
J882-J897,JT3,,False,56.0,2.5,,,,,-22.486,-22.973,below
J883-J898,JT3,,False,56.0,2.5,,,,,-26.138,-26.633,below
J884-J894,JT3,,False,56.0,2.5,,,,,-25.9,-26.394,below
J885-J899,JT3,,False,56.0,2.5,,,,,-21.487,-21.965,below
J886-J900,JT3,,False,56.0,2.5,,,,,-26.49,-26.984,below
J887-J901,JT3,,False,56.0,2.5,,,,,-26.49,-26.984,below
J888-J902,JT3,,False,56.0,2.5,,,,,-21.487,-21.965,below
J889-J903,JT3,,False,56.0,2.5,,,,,-27.581,-28.068,below
J890-J904,JT3,,False,56.0,2.5,,,,,-27.581,-28.068,below
J891-J905,JT3,,False,56.0,2.5,,,,,-26.078,-26.569,below
J892-J906,JT3,,False,56.0,2.5,,,,,-26.078,-26.569,below
J893-J907,JT3,,False,56.0,2.5,,,,,-26.394,-26.886,below
J894-J908,JT3,,False,56.0,2.5,,,,,-26.394,-26.886,below
J895-J911,JT3,,False,56.0,2.5,,,,,-26.633,-27.124,below
J896-J909,JT3,,False,56.0,2.5,,,,,-22.973,-23.457,below
J897-J910,JT3,,False,56.0,2.5,,,,,-22.973,-23.457,below
J898-J912,JT3,,False,56.0,2.5,,,,,-26.633,-27.124,below
J899-J913,JT3,,False,56.0,2.5,,,,,-21.965,-22.438,below
J900-J914,JT3,,False,56.0,2.5,,,,,-26.984,-27.475,below
J901-J915,JT3,,False,56.0,2.5,,,,,-26.984,-27.475,below
J902-J916,JT3,,False,56.0,2.5,,,,,-21.965,-22.438,below
J903-J917,JT3,,False,56.0,2.5,,,,,-28.068,-28.55,below
J904-J918,JT3,,False,56.0,2.5,,,,,-28.068,-28.55,below
J905-J919,JT3,,False,56.0,2.5,,,,,-26.569,-27.055,below
J906-J920,JT3,,False,56.0,2.5,,,,,-26.569,-27.055,below
J907-J921,JT3,,False,56.0,2.5,,,,,-26.886,-27.372,below
J908-J922,JT3,,False,56.0,2.5,,,,,-26.886,-27.372,below
J909-J923,JT3,,False,56.0,2.5,,,,,-23.457,-23.936,below
J910-J924,JT3,,False,56.0,2.5,,,,,-23.457,-23.936,below
J911-J925,JT3,,False,56.0,2.5,,,,,-27.124,-27.61,below
J912-J926,JT3,,False,56.0,2.5,,,,,-27.124,-27.61,below
J913-J927,JT3,,False,56.0,2.5,,,,,-22.438,-22.903,below
J914-J929,JT3,,False,56.0,2.5,,,,,-27.475,-27.961,below
J915-J930,JT3,,False,56.0,2.5,,,,,-27.475,-27.961,below
J916-J928,JT3,,False,56.0,2.5,,,,,-22.438,-22.903,below
J917-J931,JT3,,False,56.0,2.5,,,,,-28.55,-29.023,below
J918-J932,JT3,,False,56.0,2.5,,,,,-28.55,-29.023,below
J919-J933,JT3,,False,56.0,2.5,,,,,-27.055,-27.535,below
J920-J934,JT3,,False,56.0,2.5,,,,,-27.055,-27.535,below
J921-J935,JT3,,False,56.0,2.5,,,,,-27.372,-27.852,below
J922-J936,JT3,,False,56.0,2.5,,,,,-27.372,-27.852,below
J923-J937,JT3,,False,56.0,2.5,,,,,-23.936,-24.409,below
J924-J938,JT3,,False,56.0,2.5,,,,,-23.936,-24.409,below
J925-J939,JT3,,False,56.0,2.5,,,,,-27.61,-28.09,below
J926-J940,JT3,,False,56.0,2.5,,,,,-27.61,-28.09,below
J927-J941,JT3,,False,56.0,2.5,,,,,-22.903,-23.36,below
J928-J942,JT3,,False,56.0,2.5,,,,,-22.903,-23.36,below
J929-J943,JT3,,False,56.0,2.5,,,,,-27.961,-28.441,below
J930-J944,JT3,,False,56.0,2.5,,,,,-27.961,-28.441,below
J931-J947,JT3,,False,56.0,2.5,,,,,-29.023,-29.488,below
J932-J948,JT3,,False,56.0,2.5,,,,,-29.023,-29.488,below
J933-J945,JT3,,False,56.0,2.5,,,,,-27.535,-28.008,below
J934-J946,JT3,,False,56.0,2.5,,,,,-27.535,-28.008,below
J935-J949,JT3,,False,56.0,2.5,,,,,-27.852,-28.324,below
J936-J950,JT3,,False,56.0,2.5,,,,,-27.852,-28.324,below
J937-J951,JT3,,False,56.0,2.5,,,,,-24.409,-24.875,below
J938-J952,JT3,,False,56.0,2.5,,,,,-24.409,-24.875,below
J939-J953,JT3,,False,56.0,2.5,,,,,-28.09,-28.563,below
J940-J954,JT3,,False,56.0,2.5,,,,,-28.09,-28.563,below
J941-J955,JT3,,False,56.0,2.5,,,,,-23.36,-23.806,below
J942-J956,JT3,,False,56.0,2.5,,,,,-23.36,-23.806,below
J943-J957,JT3,,False,56.0,2.5,,,,,-28.441,-28.914,below
J944-J958,JT3,,False,56.0,2.5,,,,,-28.441,-28.914,below
J945-J959,JT3,,False,56.0,2.5,,,,,-28.008,-28.472,below
J946-J960,JT3,,False,56.0,2.5,,,,,-28.008,-28.472,below
J947-J963,JT3,,False,56.0,2.5,,,,,-29.488,-29.942,below
J948-J964,JT3,,False,56.0,2.5,,,,,-29.488,-29.942,below
J949-J961,JT3,,False,56.0,2.5,,,,,-28.324,-28.788,below
J950-J962,JT3,,False,56.0,2.5,,,,,-28.324,-28.788,below
J951-J965,JT3,,False,56.0,2.5,,,,,-24.875,-25.333,below
J952-J966,JT3,,False,56.0,2.5,,,,,-24.875,-25.333,below
J953-J967,JT3,,False,56.0,2.5,,,,,-28.563,-29.027,below
J954-J968,JT3,,False,56.0,2.5,,,,,-28.563,-29.027,below
J955-J969,JT3,,False,56.0,2.5,,,,,-23.806,-24.241,below
J956-J970,JT3,,False,56.0,2.5,,,,,-23.806,-24.241,below
J957-J971,JT3,,False,56.0,2.5,,,,,-28.914,-29.378,below
J958-J972,JT3,,False,56.0,2.5,,,,,-28.914,-29.378,below
J959-J973,JT3,,False,56.0,2.5,,,,,-28.472,-28.927,below
J960-J974,JT3,,False,56.0,2.5,,,,,-28.472,-28.927,below
J961-J975,JT3,,False,56.0,2.5,,,,,-28.788,-29.243,below
J962-J976,JT3,,False,56.0,2.5,,,,,-28.788,-29.243,below
J963-J981,JT3,,False,56.0,2.5,,,,,-29.942,-30.383,below
J964-J982,JT3,,False,56.0,2.5,,,,,-29.942,-30.383,below
J965-J977,JT3,,False,56.0,2.5,,,,,-25.333,-25.782,below
J966-J978,JT3,,False,56.0,2.5,,,,,-25.333,-25.782,below
J967-J979,JT3,,False,56.0,2.5,,,,,-29.027,-29.482,below
J968-J980,JT3,,False,56.0,2.5,,,,,-29.027,-29.482,below
J969-J983,JT3,,False,56.0,2.5,,,,,-24.241,-24.662,below
J970-J984,JT3,,False,56.0,2.5,,,,,-24.241,-24.662,below
J971-J985,JT3,,False,56.0,2.5,,,,,-29.378,-29.833,below
J972-J986,JT3,,False,56.0,2.5,,,,,-29.378,-29.833,below
J973-J987,JT3,,False,56.0,2.5,,,,,-28.927,-29.37,below
J974-J988,JT3,,False,56.0,2.5,,,,,-28.927,-29.37,below
J975-J989,JT3,,False,56.0,2.5,,,,,-29.243,-29.687,below
J976-J990,JT3,,False,56.0,2.5,,,,,-29.243,-29.687,below
J977-J991,JT3,,False,56.0,2.5,,,,,-25.782,-26.22,below
J978-J992,JT3,,False,56.0,2.5,,,,,-25.782,-26.22,below
J979-J993,JT3,,False,56.0,2.5,,,,,-29.482,-29.925,below
J980-J994,JT3,,False,56.0,2.5,,,,,-29.482,-29.925,below
J981-J995,JT3,,False,56.0,2.5,,,,,-30.383,-30.81,below
J982-J996,JT3,,False,56.0,2.5,,,,,-30.383,-30.81,below
J983-J997,JT3,,False,56.0,2.5,,,,,-24.662,-25.068,below
J984-J998,JT3,,False,56.0,2.5,,,,,-24.662,-25.068,below
J985-J999,JT3,,False,56.0,2.5,,,,,-29.833,-30.276,below
J986-K000,JT3,,False,56.0,2.5,,,,,-29.833,-30.276,below
J987-K001,JT3,,False,56.0,2.5,,,,,-29.37,-29.802,below
J988-K002,JT3,,False,56.0,2.5,,,,,-29.37,-29.802,below
J989-K003,JT3,,False,56.0,2.5,,,,,-29.687,-30.118,below
J990-K004,JT3,,False,56.0,2.5,,,,,-29.687,-30.118,below
J991-K005,JT3,,False,56.0,2.5,,,,,-26.22,-26.647,below
J992-K006,JT3,,False,56.0,2.5,,,,,-26.22,-26.647,below
J993-K007,JT3,,False,56.0,2.5,,,,,-29.925,-30.357,below
J994-K008,JT3,,False,56.0,2.5,,,,,-29.925,-30.357,below
J995-K011,JT3,,False,56.0,2.5,,,,,-30.81,-31.22,below
J996-K012,JT3,,False,56.0,2.5,,,,,-30.81,-31.22,below
J997-K009,JT3,,False,56.0,2.5,,,,,-25.068,-25.457,below
J998-K010,JT3,,False,56.0,2.5,,,,,-25.068,-25.457,below
J999-K013,JT3,,False,56.0,2.5,,,,,-30.276,-30.708,below
K000-K014,JT3,,False,56.0,2.5,,,,,-30.276,-30.708,below
K001-K015,JT3,,False,56.0,2.5,,,,,-29.802,-30.221,below
K002-K016,JT3,,False,56.0,2.5,,,,,-29.802,-30.221,below
K003-K017,JT3,,False,56.0,2.5,,,,,-30.118,-30.537,below
K004-K018,JT3,,False,56.0,2.5,,,,,-30.118,-30.537,below
K005-K019,JT3,,False,56.0,2.5,,,,,-26.647,-27.062,below
K006-K020,JT3,,False,56.0,2.5,,,,,-26.647,-27.062,below
K007-K021,JT3,,False,56.0,2.5,,,,,-30.357,-30.776,below
K008-K022,JT3,,False,56.0,2.5,,,,,-30.357,-30.776,below
K009-K023,JT3,,False,56.0,2.5,,,,,-25.457,-25.828,below
K010-K024,JT3,,False,56.0,2.5,,,,,-25.457,-25.828,below
K011-K027,JT3,,False,56.0,2.5,,,,,-31.22,-31.614,below
K012-K028,JT3,,False,56.0,2.5,,,,,-31.22,-31.614,below
K013-K025,JT3,,False,56.0,2.5,,,,,-30.708,-31.127,below
K014-K026,JT3,,False,56.0,2.5,,,,,-30.708,-31.127,below
K015-K029,JT3,,False,56.0,2.5,,,,,-30.221,-30.626,below
K016-K030,JT3,,False,56.0,2.5,,,,,-30.221,-30.626,below
K017-K031,JT3,,False,56.0,2.5,,,,,-30.537,-30.942,below
K018-K032,JT3,,False,56.0,2.5,,,,,-30.537,-30.942,below
K019-K033,JT3,,False,56.0,2.5,,,,,-27.062,-27.463,below
K020-K034,JT3,,False,56.0,2.5,,,,,-27.062,-27.463,below
K021-K035,JT3,,False,56.0,2.5,,,,,-30.776,-31.181,below
K022-K036,JT3,,False,56.0,2.5,,,,,-30.776,-31.181,below
K023-K037,JT3,,False,56.0,2.5,,,,,-25.828,-26.18,below
K024-K038,JT3,,False,56.0,2.5,,,,,-25.828,-26.18,below
K025-K039,JT3,,False,56.0,2.5,,,,,-31.127,-31.532,below
K026-K040,JT3,,False,56.0,2.5,,,,,-31.127,-31.532,below
K027-K043,JT3,,False,56.0,2.5,,,,,-31.614,-31.988,below
K028-K044,JT3,,False,56.0,2.5,,,,,-31.614,-31.988,below
K029-K041,JT3,,False,56.0,2.5,,,,,-30.626,-31.016,below
K030-K042,JT3,,False,56.0,2.5,,,,,-30.626,-31.016,below
K031-K045,JT3,,False,56.0,2.5,,,,,-30.942,-31.332,below
K032-K046,JT3,,False,56.0,2.5,,,,,-30.942,-31.332,below
K033-K047,JT3,,False,56.0,2.5,,,,,-27.463,-27.85,below
K034-K048,JT3,,False,56.0,2.5,,,,,-27.463,-27.85,below
K035-K049,JT3,,False,56.0,2.5,,,,,-31.181,-31.571,below
K036-K050,JT3,,False,56.0,2.5,,,,,-31.181,-31.571,below
K037-K385,JT3,,False,56.0,2.5,,,,,-26.18,-27.447,below
K038-K383,JT3,,False,56.0,2.5,,,,,-26.18,-27.447,below
K039-K051,JT3,,False,56.0,2.5,,,,,-31.532,-31.922,below
K040-K052,JT3,,False,56.0,2.5,,,,,-31.532,-31.922,below
K041-K053,JT3,,False,56.0,2.5,,,,,-31.016,-31.39,below
K042-K054,JT3,,False,56.0,2.5,,,,,-31.016,-31.39,below
K043-K055,JT3,,False,56.0,2.5,,,,,-31.988,-32.342,below
K044-K056,JT3,,False,56.0,2.5,,,,,-31.988,-32.342,below
K045-K057,JT3,,False,56.0,2.5,,,,,-31.332,-31.706,below
K046-K058,JT3,,False,56.0,2.5,,,,,-31.332,-31.706,below
K047-K059,JT3,,False,56.0,2.5,,,,,-27.85,-28.222,below
K048-K060,JT3,,False,56.0,2.5,,,,,-27.85,-28.222,below
K049-K061,JT3,,False,56.0,2.5,,,,,-31.571,-31.945,below
K050-K062,JT3,,False,56.0,2.5,,,,,-31.571,-31.945,below
K051-K065,JT3,,False,56.0,2.5,,,,,-31.922,-32.296,below
K052-K066,JT3,,False,56.0,2.5,,,,,-31.922,-32.296,below
K053-K063,JT3,,False,56.0,2.5,,,,,-31.39,-31.747,below
K054-K064,JT3,,False,56.0,2.5,,,,,-31.39,-31.747,below
K055-K067,JT3,,False,56.0,2.5,,,,,-32.342,-32.673,below
K056-K068,JT3,,False,56.0,2.5,,,,,-32.342,-32.673,below
K057-K069,JT3,,False,56.0,2.5,,,,,-31.706,-32.063,below
K058-K070,JT3,,False,56.0,2.5,,,,,-31.706,-32.063,below
K059-K071,JT3,,False,56.0,2.5,,,,,-28.222,-28.577,below
K060-K072,JT3,,False,56.0,2.5,,,,,-28.222,-28.577,below
K061-K073,JT3,,False,56.0,2.5,,,,,-31.945,-32.301,below
K062-K074,JT3,,False,56.0,2.5,,,,,-31.945,-32.301,below
K063-K075,JT3,,False,56.0,2.5,,,,,-31.747,-32.086,below
K064-K076,JT3,,False,56.0,2.5,,,,,-31.747,-32.086,below
K065-K077,JT3,,False,56.0,2.5,,,,,-32.296,-32.653,below
K066-K078,JT3,,False,56.0,2.5,,,,,-32.296,-32.653,below
K067-K081,JT3,,False,56.0,2.5,,,,,-32.673,-32.982,below
K068-K082,JT3,,False,56.0,2.5,,,,,-32.673,-32.982,below
K069-K079,JT3,,False,56.0,2.5,,,,,-32.063,-32.402,below
K070-K080,JT3,,False,56.0,2.5,,,,,-32.063,-32.402,below
K071-K705,JT3,,False,56.0,2.5,,,,,-28.577,-34.49,below
K072-K357,JT3,,False,56.0,2.5,,,,,-28.577,-34.539,below
K073-K083,JT3,,False,56.0,2.5,,,,,-32.301,-32.641,below
K074-K084,JT3,,False,56.0,2.5,,,,,-32.301,-32.641,below
K075-K085,JT3,,False,56.0,2.5,,,,,-32.086,-32.406,below
K076-K086,JT3,,False,56.0,2.5,,,,,-32.086,-32.406,below
K077-K087,JT3,,False,56.0,2.5,,,,,-32.653,-32.992,below
K078-K088,JT3,,False,56.0,2.5,,,,,-32.653,-32.992,below
K079-K089,JT3,,False,56.0,2.5,,,,,-32.402,-32.722,below
K080-K090,JT3,,False,56.0,2.5,,,,,-32.402,-32.722,below
K081-K091,JT3,,False,56.0,2.5,,,,,-32.982,-33.267,below
K082-K092,JT3,,False,56.0,2.5,,,,,-32.982,-33.267,below
K083-K093,JT3,,False,56.0,2.5,,,,,-32.641,-32.961,below
K084-K094,JT3,,False,56.0,2.5,,,,,-32.641,-32.961,below
K085-K095,JT3,,False,56.0,2.5,,,,,-32.406,-32.707,below
K086-K096,JT3,,False,56.0,2.5,,,,,-32.406,-32.707,below
K087-K097,JT3,,False,56.0,2.5,,,,,-32.992,-33.312,below
K088-K098,JT3,,False,56.0,2.5,,,,,-32.992,-33.312,below
K089-K099,JT3,,False,56.0,2.5,,,,,-32.722,-33.023,below
K090-K100,JT3,,False,56.0,2.5,,,,,-32.722,-33.023,below
K091-K103,JT3,,False,56.0,2.5,,,,,-33.267,-33.526,below
K092-K104,JT3,,False,56.0,2.5,,,,,-33.267,-33.526,below
K093-K101,JT3,,False,56.0,2.5,,,,,-32.961,-33.262,below
K094-K102,JT3,,False,56.0,2.5,,,,,-32.961,-33.262,below
K095-K105,JT3,,False,56.0,2.5,,,,,-32.707,-32.988,below
K096-K106,JT3,,False,56.0,2.5,,,,,-32.707,-32.988,below
K097-K107,JT3,,False,56.0,2.5,,,,,-33.312,-33.613,below
K098-K108,JT3,,False,56.0,2.5,,,,,-33.312,-33.613,below
K099-K109,JT3,,False,56.0,2.5,,,,,-33.023,-33.304,below
K100-K110,JT3,,False,56.0,2.5,,,,,-33.023,-33.304,below
K101-K111,JT3,,False,56.0,2.5,,,,,-33.262,-33.543,below
K102-K112,JT3,,False,56.0,2.5,,,,,-33.262,-33.543,below
K103-K360,JT3,,False,56.0,2.5,,,,,-33.526,-35.399,below
K104-K351,JT3,,False,56.0,2.5,,,,,-33.526,-35.409,below
K105-K113,JT3,,False,56.0,2.5,,,,,-32.988,-33.248,below
K106-K114,JT3,,False,56.0,2.5,,,,,-32.988,-33.248,below
K107-K115,JT3,,False,56.0,2.5,,,,,-33.613,-33.894,below
K108-K116,JT3,,False,56.0,2.5,,,,,-33.613,-33.894,below
K109-K117,JT3,,False,56.0,2.5,,,,,-33.304,-33.564,below
K110-K118,JT3,,False,56.0,2.5,,,,,-33.304,-33.564,below
K111-K119,JT3,,False,56.0,2.5,,,,,-33.543,-33.803,below
K112-K120,JT3,,False,56.0,2.5,,,,,-33.543,-33.803,below
K113-K372,JT3,,False,56.0,2.5,,,,,-33.248,-35.14,below
K114-K337,JT3,,False,56.0,2.5,,,,,-33.248,-35.277,below
K115-K121,JT3,,False,56.0,2.5,,,,,-33.894,-34.154,below
K116-K122,JT3,,False,56.0,2.5,,,,,-33.894,-34.154,below
K117-K371,JT3,,False,56.0,2.5,,,,,-33.564,-35.211,below
K118-K339,JT3,,False,56.0,2.5,,,,,-33.564,-35.306,below
K119-K362,JT3,,False,56.0,2.5,,,,,-33.803,-35.253,below
K120-K343,JT3,,False,56.0,2.5,,,,,-33.803,-35.338,below
K121-K359,JT3,,False,56.0,2.5,,,,,-34.154,-35.416,below
K122-K352,JT3,,False,56.0,2.5,,,,,-34.154,-35.417,below
K137-K155,JT2,,False,56.0,2.5,,,,,-17.695,-18.195,below
K139-K156,JT2,,False,56.0,2.5,,,,,-18.695,-19.195,below
K147-K149,JT2,,False,56.0,2.5,,,,,-26.109,-26.609,below
K148-K152,JT2,,False,56.0,2.5,,,,,-25.193,-25.693,below
K149-J096,JT2,,False,56.0,2.5,,,,,-26.609,-28.018,below
K150-K147,JT2,,False,56.0,2.5,,,,,-25.609,-26.109,below
K151-K148,JT2,,False,56.0,2.5,,,,,-24.693,-25.193,below
K152-J100,JT2,,False,56.0,2.5,,,,,-25.693,-28.733,below
K153-K137,JT2,,False,56.0,2.5,,,,,-17.195,-17.695,below
K154-K139,JT2,,False,56.0,2.5,,,,,-18.195,-18.695,below
K155-J095,JT2,,False,56.0,2.5,,,,,-18.195,-23.5,below
K156-J098,JT2,,False,56.0,2.5,,,,,-19.195,-23.5,below
K183-K173,JT1,,False,56.0,2.5,,,,,8.669,8.169,in
K184-K187,JT9,,False,56.0,2.5,,,,,9.382,8.882,above
K185-K191,JT3,,False,56.0,2.5,,,,,-6.0,-6.5,below
K186-K184,JT9,,False,56.0,2.5,,,,,9.882,9.382,above
K187-K725,JT1,,False,56.0,2.5,,,,,8.882,8.2,in
K188-K185,JT3,,False,56.0,2.5,,,,,-5.5,-6.0,below
K192-K194,JT3,,False,56.0,2.5,,,,,-6.0,-6.5,below
K193-K192,JT3,,False,56.0,2.5,,,,,-5.5,-6.0,below
K195-K199,JT3,,False,56.0,2.5,,,,,-6.0,-6.5,below
K196-K200,JT3,,False,56.0,2.5,,,,,-6.0,-6.5,below
K197-K195,JT3,,False,56.0,2.5,,,,,-5.5,-6.0,below
K198-K196,JT3,,False,56.0,2.5,,,,,-5.5,-6.0,below
K201-K209,JT3,,False,56.0,2.5,,,,,-6.0,-6.5,below
K202-K210,JT3,,False,56.0,2.5,,,,,-6.0,-6.5,below
K203-K211,JT3,,False,56.0,2.5,,,,,-6.0,-6.5,below
K204-K212,JT3,,False,56.0,2.5,,,,,-6.0,-6.5,below
K205-K201,JT3,,False,56.0,2.5,,,,,-5.5,-6.0,below
K206-K202,JT3,,False,56.0,2.5,,,,,-5.5,-6.0,below
K207-K203,JT3,,False,56.0,2.5,,,,,-5.5,-6.0,below
K208-K204,JT3,,False,56.0,2.5,,,,,-5.5,-6.0,below
K213-K215,JT9,,False,56.0,2.5,,,,,9.382,8.882,above
K214-K213,JT9,,False,56.0,2.5,,,,,9.882,9.382,above
K215-K726,JT1,,False,56.0,2.5,,,,,8.882,8.2,in
K217-K216,JT1,,False,56.0,2.5,,,,,8.669,8.169,in
K227-K230,JT3,,False,56.0,2.5,,,,,-15.978,-16.478,below
K229-K227,JT3,,False,56.0,2.5,,,,,-15.478,-15.978,below
K230-K373,JT3,,False,56.0,2.5,,,,,-16.478,-18.5,below
K232-K235,JT3,,False,56.0,2.5,,,,,-14.847,-15.347,below
K233-K232,JT3,,False,56.0,2.5,,,,,-14.347,-14.847,below
K235-J825,JT3,,False,56.0,2.5,,,,,-15.347,-17.381,below
K237-K239,JT3,,False,56.0,2.5,,,,,-13.861,-14.361,below
K238-K237,JT3,,False,56.0,2.5,,,,,-13.361,-13.861,below
K239-J827,JT3,,False,56.0,2.5,,,,,-14.361,-17.539,below
K240-K248,JT3,,False,56.0,2.5,,,,,-12.814,-13.314,below
K241-K249,JT3,,False,56.0,2.5,,,,,-11.578,-12.078,below
K242-K250,JT3,,False,56.0,2.5,,,,,-10.561,-11.061,below
K244-K240,JT3,,False,56.0,2.5,,,,,-12.314,-12.814,below
K245-K241,JT3,,False,56.0,2.5,,,,,-11.078,-11.578,below
K246-K242,JT3,,False,56.0,2.5,,,,,-10.061,-10.561,below
K247-K243,JT3,,False,56.0,2.5,,,,,-9.012,-9.512,below
K248-J832,JT3,,False,56.0,2.5,,,,,-13.314,-17.658,below
K249-J834,JT3,,False,56.0,2.5,,,,,-12.078,-15.024,below
K250-J838,JT3,,False,56.0,2.5,,,,,-11.061,-17.809,below
K251-J839,JT3,,False,56.0,2.5,,,,,-10.012,-17.834,below
K253-K267,JT3,,False,56.0,2.5,,,,,-10.561,-11.061,below
K254-K268,JT3,,False,56.0,2.5,,,,,-11.578,-12.078,below
K255-K269,JT3,,False,56.0,2.5,,,,,-12.814,-13.314,below
K256-K270,JT3,,False,56.0,2.5,,,,,-13.861,-14.361,below
K257-K271,JT3,,False,56.0,2.5,,,,,-14.847,-15.347,below
K258-K272,JT3,,False,56.0,2.5,,,,,-15.978,-16.478,below
K259-K252,JT3,,False,56.0,2.5,,,,,-9.012,-9.512,below
K260-K253,JT3,,False,56.0,2.5,,,,,-10.061,-10.561,below
K261-K254,JT3,,False,56.0,2.5,,,,,-11.078,-11.578,below
K262-K255,JT3,,False,56.0,2.5,,,,,-12.314,-12.814,below
K263-K256,JT3,,False,56.0,2.5,,,,,-13.361,-13.861,below
K264-K257,JT3,,False,56.0,2.5,,,,,-14.347,-14.847,below
K265-K258,JT3,,False,56.0,2.5,,,,,-15.478,-15.978,below
K266-J843,JT3,,False,56.0,2.5,,,,,-10.012,-17.834,below
K267-J847,JT3,,False,56.0,2.5,,,,,-11.061,-17.809,below
K268-J848,JT3,,False,56.0,2.5,,,,,-12.078,-15.024,below
K269-J852,JT3,,False,56.0,2.5,,,,,-13.314,-17.658,below
K270-J856,JT3,,False,56.0,2.5,,,,,-14.361,-17.539,below
K271-J857,JT3,,False,56.0,2.5,,,,,-15.347,-17.381,below
K272-K376,JT3,,False,56.0,2.5,,,,,-16.478,-18.5,below
K273-K283,JT4,,False,56.0,2.5,,,,,-22.0,-22.5,below
K274-K284,JT4,,False,56.0,2.5,,,,,-22.0,-22.5,below
K275-K285,JT4,,False,56.0,2.5,,,,,-22.0,-22.5,below
K276-K286,JT4,,False,56.0,2.5,,,,,-22.0,-22.5,below
K277-K287,JT4,,False,56.0,2.5,,,,,-22.0,-22.5,below
K278-K273,JT4,,False,56.0,2.5,,,,,-21.5,-22.0,below
K279-K274,JT4,,False,56.0,2.5,,,,,-21.5,-22.0,below
K280-K275,JT4,,False,56.0,2.5,,,,,-21.5,-22.0,below
K281-K276,JT4,,False,56.0,2.5,,,,,-21.5,-22.0,below
K282-K277,JT4,,False,56.0,2.5,,,,,-21.5,-22.0,below
K283-J600,JT4,,False,56.0,2.5,,,,,-22.5,-23.786,below
K284-J531,JT4,,False,56.0,2.5,,,,,-22.5,-26.778,below
K285-J461,JT4,,False,56.0,2.5,,,,,-22.5,-26.86,below
K286-J400,JT4,,False,56.0,2.5,,,,,-22.5,-26.881,below
K287-K688,JT4,,False,56.0,2.5,,,,,-22.5,-25.63,below
K288-K298,JT4,,False,56.0,2.5,,,,,-11.724,-12.224,below
K289-K299,JT4,,False,56.0,2.5,,,,,-13.223,-13.723,below
K290-K300,JT4,,False,56.0,2.5,,,,,-14.718,-15.218,below
K291-K301,JT4,,False,56.0,2.5,,,,,-16.423,-16.923,below
K292-K302,JT4,,False,56.0,2.5,,,,,-17.916,-18.416,below
K293-K288,JT4,,False,56.0,2.5,,,,,-11.224,-11.724,below
K294-K289,JT4,,False,56.0,2.5,,,,,-12.723,-13.223,below
K295-K290,JT4,,False,56.0,2.5,,,,,-14.218,-14.718,below
K296-K291,JT4,,False,56.0,2.5,,,,,-15.923,-16.423,below
K297-K292,JT4,,False,56.0,2.5,,,,,-17.416,-17.916,below
K298-J602,JT4,,False,56.0,2.5,,,,,-12.224,-16.164,below
K299-J532,JT4,,False,56.0,2.5,,,,,-13.723,-18.476,below
K300-J463,JT4,,False,56.0,2.5,,,,,-15.218,-18.517,below
K301-J398,JT4,,False,56.0,2.5,,,,,-16.923,-18.527,below
K302-J343,JT4,,False,56.0,2.5,,,,,-18.416,-19.958,below
K303-K308,JT3,,False,56.0,2.5,,,,,-22.0,-22.5,below
K304-K309,JT3,,False,56.0,2.5,,,,,-22.0,-22.5,below
K305-K310,JT3,,False,56.0,2.5,,,,,-22.0,-22.5,below
K306-K311,JT3,,False,56.0,2.5,,,,,-22.0,-22.5,below
K307-J824,JT3,,False,56.0,2.5,,,,,-22.5,-24.588,below
K308-J828,JT3,,False,56.0,2.5,,,,,-22.5,-24.904,below
K309-J831,JT3,,False,56.0,2.5,,,,,-22.5,-25.143,below
K310-J836,JT3,,False,56.0,2.5,,,,,-22.5,-26.598,below
K311-J841,JT3,,False,56.0,2.5,,,,,-22.5,-25.494,below
K312-J845,JT3,,False,56.0,2.5,,,,,-21.5,-22.0,below
K313-K303,JT3,,False,56.0,2.5,,,,,-21.5,-22.0,below
K314-K304,JT3,,False,56.0,2.5,,,,,-21.5,-22.0,below
K315-K305,JT3,,False,56.0,2.5,,,,,-21.5,-22.0,below
K316-K306,JT3,,False,56.0,2.5,,,,,-21.5,-22.0,below
K317-K322,JT3,,False,56.0,2.5,,,,,-22.0,-22.5,below
K318-K323,JT3,,False,56.0,2.5,,,,,-22.0,-22.5,below
K319-K324,JT3,,False,56.0,2.5,,,,,-22.0,-22.5,below
K320-K325,JT3,,False,56.0,2.5,,,,,-22.0,-22.5,below
K321-K326,JT3,,False,56.0,2.5,,,,,-22.0,-22.5,below
K322-J844,JT3,,False,56.0,2.5,,,,,-22.5,-25.494,below
K323-J846,JT3,,False,56.0,2.5,,,,,-22.5,-26.598,below
K324-J853,JT3,,False,56.0,2.5,,,,,-22.5,-25.143,below
K325-J854,JT3,,False,56.0,2.5,,,,,-22.5,-24.904,below
K326-J859,JT3,,False,56.0,2.5,,,,,-22.5,-24.588,below
K327-K317,JT3,,False,56.0,2.5,,,,,-21.5,-22.0,below
K328-K318,JT3,,False,56.0,2.5,,,,,-21.5,-22.0,below
K329-K319,JT3,,False,56.0,2.5,,,,,-21.5,-22.0,below
K330-K320,JT3,,False,56.0,2.5,,,,,-21.5,-22.0,below
K331-K321,JT3,,False,56.0,2.5,,,,,-21.5,-22.0,below
K332-K334,JT3,,False,56.0,2.5,,,,,-34.637,-34.99,below
K333-K338,JT3,,False,56.0,2.5,,,,,-35.527,-35.777,below
K334-K136,JT3,,False,56.0,2.5,,,,,-34.99,-37.81,below
K335-K332,JT3,,False,56.0,2.5,,,,,-34.283,-34.637,below
K336-K340,JT3,,False,56.0,2.5,,,,,-35.556,-35.806,below
K337-K333,JT3,,False,56.0,2.5,,,,,-35.277,-35.527,below
K338-K135,JT3,,False,56.0,2.5,,,,,-35.777,-38.11,below
K339-K336,JT3,,False,56.0,2.5,,,,,-35.306,-35.556,below
K340-K134,JT3,,False,56.0,2.5,,,,,-35.806,-38.11,below
K341-K342,JT3,,False,56.0,2.5,,,,,-35.588,-35.838,below
K342-K133,JT3,,False,56.0,2.5,,,,,-35.838,-38.11,below
K343-K341,JT3,,False,56.0,2.5,,,,,-35.338,-35.588,below
K344-K345,JT3,,False,56.0,2.5,,,,,-34.892,-35.246,below
K345-K132,JT3,,False,56.0,2.5,,,,,-35.246,-37.81,below
K346-K377,JT3,,False,56.0,2.5,,,,,-19.0,-20.006,below
K347-K349,JT3,,False,56.0,2.5,,,,,-35.659,-35.909,below
K348-K350,JT3,,False,56.0,2.5,,,,,-35.667,-35.917,below
K349-K131,JT3,,False,56.0,2.5,,,,,-35.909,-38.11,below
K350-K130,JT3,,False,56.0,2.5,,,,,-35.917,-38.11,below
K351-K347,JT3,,False,56.0,2.5,,,,,-35.409,-35.659,below
K352-K348,JT3,,False,56.0,2.5,,,,,-35.417,-35.667,below
K353-K355,JT3,,False,56.0,2.5,,,,,-35.666,-35.916,below
K354-K356,JT3,,False,56.0,2.5,,,,,-35.649,-35.899,below
K355-K129,JT3,,False,56.0,2.5,,,,,-35.916,-38.11,below
K356-K128,JT3,,False,56.0,2.5,,,,,-35.899,-38.11,below
K357-K344,JT3,,False,56.0,2.5,,,,,-34.539,-34.892,below
K358-K126,JT3,,False,56.0,2.5,,,,,-35.753,-38.11,below
K359-K353,JT3,,False,56.0,2.5,,,,,-35.416,-35.666,below
K360-K354,JT3,,False,56.0,2.5,,,,,-35.399,-35.649,below
K361-J849,JT3,,False,56.0,2.5,,,,,-21.006,-21.506,below
K362-K364,JT3,,False,56.0,2.5,,,,,-35.253,-35.503,below
K363-K588,JT3,,False,56.0,2.5,,,,,-19.5,-20.006,below
K364-K358,JT3,,False,56.0,2.5,,,,,-35.503,-35.753,below
K365-K368,JT3,,False,56.0,2.5,,,,,-35.461,-35.711,below
K366-K369,JT3,,False,56.0,2.5,,,,,-35.39,-35.64,below
K367-K123,JT3,,False,56.0,2.5,,,,,-34.99,-37.81,below
K368-K125,JT3,,False,56.0,2.5,,,,,-35.711,-38.11,below
K369-K124,JT3,,False,56.0,2.5,,,,,-35.64,-38.11,below
K370-K374,JT3,,False,56.0,2.5,,,,,-34.283,-34.637,below
K371-K365,JT3,,False,56.0,2.5,,,,,-35.211,-35.461,below
K372-K366,JT3,,False,56.0,2.5,,,,,-35.14,-35.39,below
K373-J821,JT3,,False,56.0,2.5,,,,,-18.5,-20.523,below
K374-K367,JT3,,False,56.0,2.5,,,,,-34.637,-34.99,below
K375-K361,JT3,,False,56.0,2.5,,,,,-20.506,-21.006,below
K376-J860,JT3,,False,56.0,2.5,,,,,-18.5,-20.523,below
K377-K375,JT3,,False,56.0,2.5,,,,,-20.006,-20.506,below
K378-J833,JT3,,False,56.0,2.5,,,,,-21.006,-21.506,below
K379-K378,JT3,,False,56.0,2.5,,,,,-20.506,-21.006,below
K380-K384,JT3,,False,56.0,2.5,,,,,-27.801,-28.154,below
K381-K382,JT3,,False,56.0,2.5,,,,,-27.801,-28.154,below
K382-K335,JT3,,False,56.0,2.5,,,,,-28.154,-34.283,below
K383-K381,JT3,,False,56.0,2.5,,,,,-27.447,-27.801,below
K384-K370,JT3,,False,56.0,2.5,,,,,-28.154,-34.283,below
K385-K380,JT3,,False,56.0,2.5,,,,,-27.447,-27.801,below
K390-K416,JT4,,False,56.0,2.5,,,,,-5.065,-5.5,below
K393-K390,JT4,,False,56.0,2.5,,,,,-4.623,-5.065,below
K395-K393,JT8,,False,56.0,2.5,,,,,-4.3,-4.623,in
K396-K398,JT4,,False,56.0,2.5,,,,,-22.0,-22.5,below
K397-K396,JT4,,False,56.0,2.5,,,,,-21.5,-22.0,below
K398-J627,JT4,,False,56.0,2.5,,,,,-22.5,-26.778,below
K399-K414,JT4,,False,56.0,2.5,,,,,-13.223,-13.723,below
K400-K496,JT4,,False,56.0,2.5,,,,,-35.12,-35.474,below
K401-K399,JT4,,False,56.0,2.5,,,,,-12.723,-13.223,below
K402-K411,JT5,,False,56.0,2.5,,,,,-6.0,-6.5,below
K403-K412,JT5,,False,56.0,2.5,,,,,-6.0,-6.5,below
K404-K413,JT5,,False,56.0,2.5,,,,,-6.0,-6.5,below
K405-K408,JT5,,False,56.0,2.5,,,,,-14.974,-15.474,below
K406-K409,JT5,,False,56.0,2.5,,,,,-13.607,-14.107,below
K407-K410,JT5,,False,56.0,2.5,,,,,-12.24,-12.74,below
K408-K452,JT5,,False,56.0,2.5,,,,,-15.474,-21.5,below
K409-J289,JT5,,False,56.0,2.5,,,,,-14.107,-18.53,below
K410-J282,JT5,,False,56.0,2.5,,,,,-12.74,-17.937,below
K414-J633,JT4,,False,56.0,2.5,,,,,-13.723,-18.476,below
K415-K417,JT4,,False,56.0,2.5,,,,,-6.0,-6.5,below
K416-K415,JT4,,False,56.0,2.5,,,,,-5.5,-6.0,below
K418-K419,JT4,,False,56.0,2.5,,,,,-28.5,-28.927,below
K419-K420,JT4,,False,56.0,2.5,,,,,-28.927,-29.342,below
K420-K424,JT4,,False,56.0,2.5,,,,,-29.342,-29.743,below
K421-K422,JT4,,False,56.0,2.5,,,,,-27.155,-27.613,below
K422-K423,JT4,,False,56.0,2.5,,,,,-27.613,-28.062,below
K423-K418,JT4,,False,56.0,2.5,,,,,-28.062,-28.5,below
K424-K425,JT4,,False,56.0,2.5,,,,,-29.743,-30.13,below
K425-K426,JT4,,False,56.0,2.5,,,,,-30.13,-30.502,below
K426-K628,JT4,,False,56.0,2.5,,,,,-30.502,-30.857,below
K427-K625,JT4,,False,56.0,2.5,,,,,-23.786,-24.277,below
K428-K497,JT4,,False,56.0,2.5,,,,,-36.023,-36.273,below
K429-K623,JT4,,False,56.0,2.5,,,,,-25.737,-26.216,below
K430-K435,JT2,,False,56.0,2.5,,,,,-6.0,-6.5,below
K431-K436,JT2,,False,56.0,2.5,,,,,-6.0,-6.5,below
K432-K498,JT4,,False,56.0,2.5,,,,,-36.051,-36.301,below
K433-K430,JT2,,False,56.0,2.5,,,,,-5.5,-6.0,below
K434-K431,JT2,,False,56.0,2.5,,,,,-5.5,-6.0,below
K437-K445,JT2,,False,56.0,2.5,,,,,-6.0,-6.5,below
K438-K446,JT2,,False,56.0,2.5,,,,,-6.0,-6.5,below
K439-K447,JT2,,False,56.0,2.5,,,,,-6.0,-6.5,below
K440-K437,JT2,,False,56.0,2.5,,,,,-5.5,-6.0,below
K443-K438,JT2,,False,56.0,2.5,,,,,-5.5,-6.0,below
K444-K439,JT2,,False,56.0,2.5,,,,,-5.5,-6.0,below
K448-J091,JT2,,False,56.0,2.5,,,,,-17.683,-23.5,below
K449-J082,JT2,,False,56.0,2.5,,,,,-18.669,-23.5,below
K450-K451,JT5,,False,56.0,2.5,,,,,-22.0,-22.5,below
K451-J291,JT5,,False,56.0,2.5,,,,,-22.5,-24.302,below
K452-K450,JT5,,False,56.0,2.5,,,,,-21.5,-22.0,below
K453-J269,JT5,,False,56.0,2.5,,,,,-22.5,-24.302,below
K454-J076,JT2,,False,56.0,2.5,,,,,-19.669,-23.5,below
K455-J087,JT2,,False,56.0,2.5,,,,,-27.077,-28.709,below
K456-J084,JT2,,False,56.0,2.5,,,,,-26.175,-28.018,below
K457-J080,JT2,,False,56.0,2.5,,,,,-25.259,-28.733,below
K458-K461,JT2,,False,56.0,2.5,,,,,-16.683,-17.183,below
K459-K463,JT2,,False,56.0,2.5,,,,,-17.669,-18.169,below
K460-K464,JT2,,False,56.0,2.5,,,,,-18.669,-19.169,below
K461-K448,JT2,,False,56.0,2.5,,,,,-17.183,-17.683,below
K462-K695,JT4,,False,56.0,2.5,,,,,-35.12,-35.474,below
K463-K449,JT2,,False,56.0,2.5,,,,,-18.169,-18.669,below
K464-K454,JT2,,False,56.0,2.5,,,,,-19.169,-19.669,below
K465-K466,JT5,,False,56.0,2.5,,,,,-21.5,-22.0,below
K466-K453,JT5,,False,56.0,2.5,,,,,-22.0,-22.5,below
K467-K455,JT2,,False,56.0,2.5,,,,,-26.577,-27.077,below
K468-K456,JT2,,False,56.0,2.5,,,,,-25.675,-26.175,below
K469-K590,JT5,,False,56.0,2.5,,,,,-27.58,-27.83,below
K470-J170,JT5,,False,56.0,2.5,,,,,-27.164,-27.518,below
K471-K696,JT4,,False,56.0,2.5,,,,,-36.029,-36.279,below
K472-K457,JT2,,False,56.0,2.5,,,,,-24.759,-25.259,below
K473-K467,JT2,,False,56.0,2.5,,,,,-26.077,-26.577,below
K474-K468,JT2,,False,56.0,2.5,,,,,-25.175,-25.675,below
K475-K472,JT2,,False,56.0,2.5,,,,,-24.259,-24.759,below
K479-J002,JT2,,False,56.0,2.5,,,,,-37.0,-38.11,below
K480-J005,JT2,,False,56.0,2.5,,,,,-37.0,-38.11,below
K485-K499,JT4,,False,56.0,2.5,,,,,-36.057,-36.307,below
K486-K529,JT4,,False,56.0,2.5,,,,,-36.047,-36.297,below
K487-K402,JT5,,False,56.0,2.5,,,,,-5.5,-6.0,below
K488-K530,JT5,,False,56.0,2.5,,,,,-34.586,-34.836,below
K489-K535,JT5,,False,56.0,2.5,,,,,-34.599,-34.849,below
K490-K403,JT5,,False,56.0,2.5,,,,,-5.5,-6.0,below
K491-K404,JT5,,False,56.0,2.5,,,,,-5.5,-6.0,below
K492-K405,JT5,,False,56.0,2.5,,,,,-14.474,-14.974,below
K493-K406,JT5,,False,56.0,2.5,,,,,-13.107,-13.607,below
K494-K532,JT5,,False,56.0,2.5,,,,,-34.607,-34.857,below
K496-J736,JT4,,False,56.0,2.5,,,,,-35.474,-37.81,below
K497-J618,JT4,,False,56.0,2.5,,,,,-36.273,-38.11,below
K498-J506,JT4,,False,56.0,2.5,,,,,-36.301,-38.11,below
K499-J422,JT4,,False,56.0,2.5,,,,,-36.307,-38.11,below
K502-K407,JT5,,False,56.0,2.5,,,,,-11.74,-12.24,below
K506-K521,JT5,,False,56.0,2.5,,,,,-12.303,-12.803,below
K507-K522,JT5,,False,56.0,2.5,,,,,-13.66,-14.16,below
K508-K523,JT5,,False,56.0,2.5,,,,,-15.017,-15.517,below
K509-K515,JT5,,False,56.0,2.5,,,,,-6.0,-6.5,below
K510-K516,JT5,,False,56.0,2.5,,,,,-6.0,-6.5,below
K511-K517,JT5,,False,56.0,2.5,,,,,-6.0,-6.5,below
K512-K506,JT5,,False,56.0,2.5,,,,,-11.803,-12.303,below
K513-K507,JT5,,False,56.0,2.5,,,,,-13.16,-13.66,below
K514-K508,JT5,,False,56.0,2.5,,,,,-14.517,-15.017,below
K518-K509,JT5,,False,56.0,2.5,,,,,-5.5,-6.0,below
K519-K510,JT5,,False,56.0,2.5,,,,,-5.5,-6.0,below
K520-K511,JT5,,False,56.0,2.5,,,,,-5.5,-6.0,below
K521-J276,JT5,,False,56.0,2.5,,,,,-12.803,-20.535,below
K522-J273,JT5,,False,56.0,2.5,,,,,-14.16,-20.394,below
K523-K639,JT5,,False,56.0,2.5,,,,,-15.517,-19.23,below
K529-J295,JT4,,False,56.0,2.5,,,,,-36.297,-38.11,below
K530-J144,JT5,,False,56.0,2.5,,,,,-34.836,-38.11,below
K532-J120,JT5,,False,56.0,2.5,,,,,-34.857,-38.11,below
K535-J122,JT5,,False,56.0,2.5,,,,,-34.849,-38.11,below
K538-K400,JT4,,False,56.0,2.5,,,,,-34.766,-35.12,below
K544-K470,JT5,,False,56.0,2.5,,,,,-26.811,-27.164,below
K545-K544,JT5,,False,56.0,2.5,,,,,-26.457,-26.811,below
K546-K691,JT5,,False,56.0,2.5,,,,,-27.022,-27.375,below
K547-K546,JT5,,False,56.0,2.5,,,,,-26.668,-27.022,below
K550-K570,JT4,,False,56.0,2.5,,,,,-6.0,-6.5,below
K551-K571,JT4,,False,56.0,2.5,,,,,-6.0,-6.5,below
K552-K572,JT4,,False,56.0,2.5,,,,,-6.0,-6.5,below
K553-K573,JT4,,False,56.0,2.5,,,,,-6.0,-6.5,below
K554-K575,JT4,,False,56.0,2.5,,,,,-6.0,-6.5,below
K556-J363,JT1,,False,56.0,2.5,,,,,8.522,8.2,in
K557-K428,JT4,,False,56.0,2.5,,,,,-35.773,-36.023,below
K558-K547,JT5,,False,56.0,2.5,,,,,-26.315,-26.668,below
K559-J146,JT5,,False,56.0,2.5,,,,,-27.83,-28.447,below
K560-K561,JT5,,False,56.0,2.5,,,,,-27.33,-27.58,below
K561-K559,JT5,,False,56.0,2.5,,,,,-27.58,-27.83,below
K565-K550,JT4,,False,56.0,2.5,,,,,-5.5,-6.0,below
K566-K551,JT4,,False,56.0,2.5,,,,,-5.5,-6.0,below
K567-K552,JT4,,False,56.0,2.5,,,,,-5.5,-6.0,below
K568-K553,JT4,,False,56.0,2.5,,,,,-5.5,-6.0,below
K569-K554,JT4,,False,56.0,2.5,,,,,-5.5,-6.0,below
K574-K697,JT4,,False,56.0,2.5,,,,,-36.052,-36.302,below
K579-K432,JT4,,False,56.0,2.5,,,,,-35.801,-36.051,below
K580-K485,JT4,,False,56.0,2.5,,,,,-35.807,-36.057,below
K581-K486,JT4,,False,56.0,2.5,,,,,-35.797,-36.047,below
K582-K488,JT5,,False,56.0,2.5,,,,,-34.336,-34.586,below
K585-K489,JT5,,False,56.0,2.5,,,,,-34.349,-34.599,below
K587-K494,JT5,,False,56.0,2.5,,,,,-34.357,-34.607,below
K588-K379,JT3,,False,56.0,2.5,,,,,-20.006,-20.506,below
K589-K469,JT5,,False,56.0,2.5,,,,,-27.33,-27.58,below
K590-J145,JT5,,False,56.0,2.5,,,,,-27.83,-28.447,below
K593-K698,JT4,,False,56.0,2.5,,,,,-36.057,-36.307,below
K602-K604,JT9,,False,56.0,2.5,,,,,9.79,9.29,above
K603-K602,JT9,,False,56.0,2.5,,,,,10.29,9.79,above
K604-J074,JT1,,False,56.0,2.5,,,,,9.29,8.2,in
K605-K606,JT9,,False,56.0,2.5,,,,,9.72,9.22,above
K606-J068,JT1,,False,56.0,2.5,,,,,9.22,8.2,in
K607-K605,JT9,,False,56.0,2.5,,,,,10.22,9.72,above
K608-K618,JT2,,False,56.0,2.5,,,,,-34.442,-34.692,below
K609-K610,JT2,,False,56.0,2.5,,,,,-35.804,-36.054,below
K610-K611,JT2,,False,56.0,2.5,,,,,-36.054,-36.304,below
K611-J003,JT2,,False,56.0,2.5,,,,,-36.304,-38.11,below
K612-K613,JT2,,False,56.0,2.5,,,,,-34.373,-34.623,below
K613-K614,JT2,,False,56.0,2.5,,,,,-34.623,-34.873,below
K614-J001,JT2,,False,56.0,2.5,,,,,-34.873,-38.11,below
K615-K616,JT2,,False,56.0,2.5,,,,,-35.756,-36.006,below
K616-K617,JT2,,False,56.0,2.5,,,,,-36.006,-36.256,below
K617-J004,JT2,,False,56.0,2.5,,,,,-36.256,-38.11,below
K618-K619,JT2,,False,56.0,2.5,,,,,-34.692,-34.942,below
K619-K479,JT2,,False,56.0,2.5,,,,,-34.942,-37.0,below
K620-K621,JT2,,False,56.0,2.5,,,,,-35.804,-36.054,below
K621-K622,JT2,,False,56.0,2.5,,,,,-36.054,-36.304,below
K622-K480,JT2,,False,56.0,2.5,,,,,-36.304,-37.0,below
K623-K624,JT4,,False,56.0,2.5,,,,,-26.216,-26.689,below
K624-K421,JT4,,False,56.0,2.5,,,,,-26.689,-27.155,below
K625-K626,JT4,,False,56.0,2.5,,,,,-24.277,-24.766,below
K626-K627,JT4,,False,56.0,2.5,,,,,-24.766,-25.253,below
K627-K429,JT4,,False,56.0,2.5,,,,,-25.253,-25.737,below
K628-K711,JT4,,False,56.0,2.5,,,,,-30.857,-34.766,below
K630-K649,JT4,,False,56.0,2.5,,,,,-16.164,-21.5,below
K635-K699,JT4,,False,56.0,2.5,,,,,-36.049,-36.299,below
K637-K700,JT5,,False,56.0,2.5,,,,,-34.582,-34.832,below
K639-K465,JT5,,False,56.0,2.5,,,,,-19.23,-21.5,below
K640-K443,JT6,,False,56.0,2.5,,,,,-4.3,-5.5,in
K642-K661,JT4,,False,56.0,2.5,,,,,-5.082,-5.5,below
K644-K642,JT4,,False,56.0,2.5,,,,,-4.628,-5.082,below
K647-K644,JT8,,False,56.0,2.5,,,,,-4.3,-4.628,in
K648-K650,JT4,,False,56.0,2.5,,,,,-22.0,-22.5,below
K649-K648,JT4,,False,56.0,2.5,,,,,-21.5,-22.0,below
K650-K427,JT4,,False,56.0,2.5,,,,,-22.5,-23.786,below
K651-K653,JT4,,False,56.0,2.5,,,,,-11.724,-12.224,below
K652-K651,JT4,,False,56.0,2.5,,,,,-11.224,-11.724,below
K653-K630,JT4,,False,56.0,2.5,,,,,-12.224,-16.164,below
K660-K662,JT4,,False,56.0,2.5,,,,,-6.0,-6.5,below
K661-K660,JT4,,False,56.0,2.5,,,,,-5.5,-6.0,below
K675-K677,JT4,,False,56.0,2.5,,,,,-26.046,-26.546,below
K676-K675,JT4,,False,56.0,2.5,,,,,-25.546,-26.046,below
K677-J318,JT4,,False,56.0,2.5,,,,,-26.546,-26.85,below
K687-K689,JT4,,False,56.0,2.5,,,,,-26.13,-26.63,below
K688-K687,JT4,,False,56.0,2.5,,,,,-25.63,-26.13,below
K689-J345,JT4,,False,56.0,2.5,,,,,-26.63,-26.85,below
K690-K692,JT5,,False,56.0,2.5,,,,,-27.729,-28.082,below
K691-K690,JT5,,False,56.0,2.5,,,,,-27.375,-27.729,below
K692-J162,JT5,,False,56.0,2.5,,,,,-28.082,-28.407,below
K693-K701,JT5,,False,56.0,2.5,,,,,-34.599,-34.849,below
K694-K702,JT5,,False,56.0,2.5,,,,,-34.607,-34.857,below
K695-K629,JT4,,False,56.0,2.5,,,,,-35.474,-37.81,below
K696-J631,JT4,,False,56.0,2.5,,,,,-36.279,-38.11,below
K697-J534,JT4,,False,56.0,2.5,,,,,-36.302,-38.11,below
K698-J436,JT4,,False,56.0,2.5,,,,,-36.307,-38.11,below
K699-J337,JT4,,False,56.0,2.5,,,,,-36.299,-38.11,below
K700-J143,JT5,,False,56.0,2.5,,,,,-34.832,-38.11,below
K701-J121,JT5,,False,56.0,2.5,,,,,-34.849,-38.11,below
K702-J119,JT5,,False,56.0,2.5,,,,,-34.857,-38.11,below
K703-K704,JT3,,False,56.0,2.5,,,,,-34.844,-35.197,below
K704-K127,JT3,,False,56.0,2.5,,,,,-35.197,-37.81,below
K705-K703,JT3,,False,56.0,2.5,,,,,-34.49,-34.844,below
K711-K462,JT4,,False,56.0,2.5,,,,,-34.766,-35.12,below
K712-K471,JT4,,False,56.0,2.5,,,,,-35.779,-36.029,below
K713-K574,JT4,,False,56.0,2.5,,,,,-35.802,-36.052,below
K714-K593,JT4,,False,56.0,2.5,,,,,-35.807,-36.057,below
K715-K635,JT4,,False,56.0,2.5,,,,,-35.799,-36.049,below
K716-K637,JT5,,False,56.0,2.5,,,,,-34.332,-34.582,below
K717-K693,JT5,,False,56.0,2.5,,,,,-34.349,-34.599,below
K718-K694,JT5,,False,56.0,2.5,,,,,-34.357,-34.607,below
K727-K188,JT7,,False,56.0,2.5,,,,,-4.3,-5.5,in
K728-K193,JT7,,False,56.0,2.5,,,,,-4.3,-5.5,in
K729-K197,JT7,,False,56.0,2.5,,,,,-4.3,-5.5,in
K730-K198,JT7,,False,56.0,2.5,,,,,-4.3,-5.5,in
K735-J763,JT7,,False,56.0,2.5,,,,,-4.3,-5.114,in
K736-J764,JT7,,False,56.0,2.5,,,,,-4.3,-5.111,in
K737-K205,JT7,,False,56.0,2.5,,,,,-4.3,-5.5,in
K738-K206,JT7,,False,56.0,2.5,,,,,-4.3,-5.5,in
K739-K207,JT7,,False,56.0,2.5,,,,,-4.3,-5.5,in
K740-K208,JT7,,False,56.0,2.5,,,,,-4.3,-5.5,in
K752-J721,JT1,,False,56.0,2.5,,,,,8.2,9.046,in
J074-J081,JTA,,False,56.0,2.5,,,,,8.2,8.0,in
J081-J078,JTA,,False,56.0,2.5,,,,,8.0,7.99,in
J085-K640,JTA,,False,56.0,2.5,,,,,-4.184,-4.3,in
J086-K58A,JTA,,False,56.0,2.5,,,,,-1.15,-1.608,in
J088-K596,JTA,,False,56.0,2.5,,,,,-0.305,-0.805,in
J094-J092,JTA,,False,56.0,2.5,,,,,-3.914,-4.3,in
J103-J085,JTA,,False,56.0,2.5,,,,,-3.762,-4.184,in
J104-J094,JTA,,False,56.0,2.5,,,,,-3.458,-3.914,in
J105-J104,JTA,,False,56.0,2.5,,,,,-3.004,-3.458,in
J106-J103,JTA,,False,56.0,2.5,,,,,-3.341,-3.762,in
J107-J106,JTA,,False,56.0,2.5,,,,,-3.3,-3.341,in
J108-J105,JTA,,False,56.0,2.5,,,,,-2.551,-3.004,in
J109-J107,JTA,,False,56.0,2.5,,,,,-2.921,-3.3,in
J110-J108,JTA,,False,56.0,2.5,,,,,-2.101,-2.551,in
J112-J111,JTA,,False,56.0,2.5,,,,,8.2,4.625,in
J271-K539,JTD,,False,56.0,2.5,,,,,8.2,5.279,in
J274-K537,JTD,,False,56.0,2.5,,,,,8.2,3.645,in
J286-K500,JTD,,False,56.0,2.5,,,,,8.2,3.588,in
J293-K495,JTD,,False,56.0,2.5,,,,,8.2,5.233,in
J341-K670,JTL,,False,56.0,2.5,,,,,-0.033,-0.612,in
J346-J347,JTL,,False,56.0,2.5,,,,,4.995,4.556,in
J347-J350,JTL,,False,56.0,2.5,,,,,4.556,4.117,in
J348-J349,JTL,,False,56.0,2.5,,,,,-4.182,-4.3,in
J350-J339,JTL,,False,56.0,2.5,,,,,4.117,3.68,in
J351-J348,JTL,,False,56.0,2.5,,,,,-3.745,-4.182,in
J352-K682,JTL,,False,56.0,2.5,,,,,-0.033,-0.614,in
J356-J354,JTL,,False,56.0,2.5,,,,,4.117,3.68,in
J357-J358,JTL,,False,56.0,2.5,,,,,-3.745,-4.182,in
J358-J365,JTL,,False,56.0,2.5,,,,,-4.182,-4.3,in
J360-J375,JTL,,False,56.0,2.5,,,,,8.2,8.022,in
J362-J364,JTL,,False,56.0,2.5,,,,,4.995,4.556,in
J363-K555,JTL,,False,56.0,2.5,,,,,8.2,8.022,in
J364-J356,JTL,,False,56.0,2.5,,,,,4.556,4.117,in
J375-J377,JTL,,False,56.0,2.5,,,,,8.022,7.522,in
J377-J346,JTL,,False,56.0,2.5,,,,,7.522,4.995,in
J394-J395,JTL,,False,56.0,2.5,,,,,-3.75,-4.184,in
J395-J396,JTL,,False,56.0,2.5,,,,,-4.184,-4.3,in
J423-J394,JTL,,False,56.0,2.5,,,,,-0.033,-3.75,in
J431-K564,JTL,,False,56.0,2.5,,,,,8.2,6.859,in
J432-J433,JTL,,False,56.0,2.5,,,,,4.991,4.554,in
J433-J434,JTL,,False,56.0,2.5,,,,,4.554,4.119,in
J434-J435,JTL,,False,56.0,2.5,,,,,4.119,3.685,in
J439-J456,JTL,,False,56.0,2.5,,,,,-0.033,-3.75,in
J440-J442,JTL,,False,56.0,2.5,,,,,8.2,4.992,in
J442-K584,JTL,,False,56.0,2.5,,,,,4.992,4.915,in
J443-K578,JTL,,False,56.0,2.5,,,,,4.555,4.416,in
J444-J446,JTL,,False,56.0,2.5,,,,,4.991,4.554,in
J445-K586,JTL,,False,56.0,2.5,,,,,4.118,3.979,in
J446-J449,JTL,,False,56.0,2.5,,,,,4.554,4.119,in
J448-J450,JTL,,False,56.0,2.5,,,,,-0.033,-3.749,in
J449-J438,JTL,,False,56.0,2.5,,,,,4.119,3.685,in
J450-J453,JTL,,False,56.0,2.5,,,,,-3.749,-4.183,in
J453-J454,JTL,,False,56.0,2.5,,,,,-4.183,-4.3,in
J456-J457,JTL,,False,56.0,2.5,,,,,-3.75,-4.184,in
J457-J459,JTL,,False,56.0,2.5,,,,,-4.184,-4.3,in
J458-J485,JTL,,False,56.0,2.5,,,,,8.2,6.859,in
J483-J487,JTL,,False,56.0,2.5,,,,,6.359,5.859,in
J485-J483,JTL,,False,56.0,2.5,,,,,6.859,6.359,in
J487-J444,JTL,,False,56.0,2.5,,,,,5.859,4.991,in
J511-J512,JTL,,False,56.0,2.5,,,,,8.2,5.0,in
J512-J514,JTL,,False,56.0,2.5,,,,,5.0,4.558,in
J514-J516,JTL,,False,56.0,2.5,,,,,4.558,4.116,in
J516-J518,JTL,,False,56.0,2.5,,,,,4.116,3.675,in
J518-K685,JTL,,False,56.0,2.5,,,,,3.675,3.208,in
J519-J521,JTL,,False,56.0,2.5,,,,,-0.033,-3.74,in
J521-J524,JTL,,False,56.0,2.5,,,,,-3.74,-4.181,in
J524-J525,JTL,,False,56.0,2.5,,,,,-4.181,-4.3,in
J538-K664,JTL,,False,56.0,2.5,,,,,3.684,3.103,in
J540-J554,JTL,,False,56.0,2.5,,,,,-0.033,-3.749,in
J542-J584,JTL,,False,56.0,2.5,,,,,4.118,3.979,in
J544-J582,JTL,,False,56.0,2.5,,,,,4.992,4.915,in
J546-J578,JTL,,False,56.0,2.5,,,,,4.555,4.416,in
J554-J556,JTL,,False,56.0,2.5,,,,,-3.749,-4.183,in
J556-J560,JTL,,False,56.0,2.5,,,,,-4.183,-4.3,in
J558-J544,JTL,,False,56.0,2.5,,,,,8.2,4.992,in
J578-J542,JTL,,False,56.0,2.5,,,,,4.416,4.118,in
J579-K548,JTL,,False,56.0,2.5,,,,,8.2,6.415,in
J580-J583,JTL,,False,56.0,2.5,,,,,5.017,4.563,in
J582-J546,JTL,,False,56.0,2.5,,,,,4.915,4.555,in
J583-J585,JTL,,False,56.0,2.5,,,,,4.563,4.11,in
J584-J538,JTL,,False,56.0,2.5,,,,,3.979,3.684,in
J585-J587,JTL,,False,56.0,2.5,,,,,4.11,3.66,in
J588-J590,JTL,,False,56.0,2.5,,,,,-0.033,-3.725,in
J590-J592,JTL,,False,56.0,2.5,,,,,-3.725,-4.175,in
J592-J594,JTL,,False,56.0,2.5,,,,,-4.175,-4.3,in
J635-K667,JTL,,False,56.0,2.5,,,,,3.675,3.208,in
J653-J684,JTE,,False,56.0,2.5,,,,,5.131,4.734,in
J654-J653,JTE,,False,56.0,2.5,,,,,5.7,5.131,in
J655-J685,JTE,,False,56.0,2.5,,,,,5.126,4.731,in
J657-J655,JTE,,False,56.0,2.5,,,,,5.7,5.126,in
J659-J686,JTE,,False,56.0,2.5,,,,,5.126,4.731,in
J660-J659,JTE,,False,56.0,2.5,,,,,5.7,5.126,in
J662-J663,JTE,,False,56.0,2.5,,,,,5.7,5.131,in
J663-J687,JTE,,False,56.0,2.5,,,,,5.131,4.734,in
J684-J694,JTE,,False,56.0,2.5,,,,,4.734,4.338,in
J685-J695,JTE,,False,56.0,2.5,,,,,4.731,4.337,in
J686-J696,JTE,,False,56.0,2.5,,,,,4.731,4.337,in
J687-J697,JTE,,False,56.0,2.5,,,,,4.734,4.338,in
J694-J708,JTE,,False,56.0,2.5,,,,,4.338,3.942,in
J695-J709,JTE,,False,56.0,2.5,,,,,4.337,3.945,in
J696-J710,JTE,,False,56.0,2.5,,,,,4.337,3.945,in
J697-J711,JTE,,False,56.0,2.5,,,,,4.338,3.942,in
J708-J722,JTE,,False,56.0,2.5,,,,,3.942,3.549,in
J709-J723,JTE,,False,56.0,2.5,,,,,3.945,3.554,in
J710-J724,JTE,,False,56.0,2.5,,,,,3.945,3.554,in
J711-J725,JTE,,False,56.0,2.5,,,,,3.942,3.549,in
J728-K167,JTE,,False,56.0,2.5,,,,,7.978,6.107,in
J731-K146,JTE,,False,56.0,2.5,,,,,7.957,4.819,in
J732-J747,JTE,,False,56.0,2.5,,,,,7.961,4.819,in
J733-K160,JTE,,False,56.0,2.5,,,,,7.895,5.676,in
J734-J740,JTE,,False,56.0,2.5,,,,,7.895,5.825,in
J735-K391,JTL,,False,56.0,2.5,,,,,-0.033,-3.74,in
J737-J739,JTE,,False,56.0,2.5,,,,,4.322,4.819,in
J738-J741,JTE,,False,56.0,2.5,,,,,5.328,4.8309999999999995,in
J739-J729,JTE,,False,56.0,2.5,,,,,4.819,7.961,in
J740-J738,JTE,,False,56.0,2.5,,,,,5.825,5.328,in
J742-J737,JTE,,False,56.0,2.5,,,,,3.825,4.322,in
J744-J748,JTE,,False,56.0,2.5,,,,,4.322,3.825,in
J746-J749,JTE,,False,56.0,2.5,,,,,4.327,4.825,in
J747-J744,JTE,,False,56.0,2.5,,,,,4.819,4.322,in
J749-J730,JTE,,False,56.0,2.5,,,,,4.825,7.957,in
J750-J746,JTE,,False,56.0,2.5,,,,,3.83,4.327,in
J751-J765,JTE,,False,56.0,2.5,,,,,-1.46,-1.931,in
J752-J766,JTE,,False,56.0,2.5,,,,,-1.46,-1.931,in
J753-J767,JTE,,False,56.0,2.5,,,,,-1.526,-1.964,in
J754-J768,JTE,,False,56.0,2.5,,,,,-1.522,-1.9609999999999999,in
J755-J769,JTE,,False,56.0,2.5,,,,,-1.522,-1.9609999999999999,in
J756-J772,JTE,,False,56.0,2.5,,,,,-1.526,-1.964,in
J757-J770,JTE,,False,56.0,2.5,,,,,-1.543,-1.972,in
J757-K170,JTE,,False,56.0,2.5,,,,,-1.543,1.084,in
J758-J771,JTE,,False,56.0,2.5,,,,,-1.543,-1.972,in
J765-J779,JTE,,False,56.0,2.5,,,,,-1.931,-2.3,in
J766-J780,JTE,,False,56.0,2.5,,,,,-1.931,-2.3,in
J767-J781,JTE,,False,56.0,2.5,,,,,-1.964,-2.3,in
J768-J782,JTE,,False,56.0,2.5,,,,,-1.9609999999999999,-2.3,in
J769-J785,JTE,,False,56.0,2.5,,,,,-1.9609999999999999,-2.3,in
J770-J783,JTE,,False,56.0,2.5,,,,,-1.972,-2.3,in
J771-J784,JTE,,False,56.0,2.5,,,,,-1.972,-2.3,in
J772-J786,JTE,,False,56.0,2.5,,,,,-1.964,-2.3,in
J779-J793,JTE,,False,56.0,2.5,,,,,-2.3,-2.404,in
J780-J794,JTE,,False,56.0,2.5,,,,,-2.3,-2.404,in
J781-J795,JTE,,False,56.0,2.5,,,,,-2.3,-2.403,in
J782-J796,JTE,,False,56.0,2.5,,,,,-2.3,-2.404,in
J783-J797,JTE,,False,56.0,2.5,,,,,-2.3,-2.403,in
J784-J798,JTE,,False,56.0,2.5,,,,,-2.3,-2.403,in
J785-J799,JTE,,False,56.0,2.5,,,,,-2.3,-2.404,in
J786-J800,JTE,,False,56.0,2.5,,,,,-2.3,-2.403,in
J793-J807,JTE,,False,56.0,2.5,,,,,-2.404,-2.88,in
J794-J820,JTE,,False,56.0,2.5,,,,,-2.404,-2.88,in
J795-J808,JTE,,False,56.0,2.5,,,,,-2.403,-2.8449999999999998,in
J796-J809,JTE,,False,56.0,2.5,,,,,-2.404,-2.848,in
J797-J810,JTE,,False,56.0,2.5,,,,,-2.403,-2.836,in
J798-J817,JTE,,False,56.0,2.5,,,,,-2.403,-2.836,in
J799-J818,JTE,,False,56.0,2.5,,,,,-2.404,-2.848,in
J800-J819,JTE,,False,56.0,2.5,,,,,-2.403,-2.8449999999999998,in
J807-J822,JTE,,False,56.0,2.5,,,,,-2.88,-3.357,in
J808-J826,JTE,,False,56.0,2.5,,,,,-2.8449999999999998,-3.2880000000000003,in
J809-J829,JTE,,False,56.0,2.5,,,,,-2.848,-3.292,in
J810-J830,JTE,,False,56.0,2.5,,,,,-2.836,-3.27,in
J817-J851,JTE,,False,56.0,2.5,,,,,-2.836,-3.27,in
J818-J855,JTE,,False,56.0,2.5,,,,,-2.848,-3.292,in
J819-J858,JTE,,False,56.0,2.5,,,,,-2.8449999999999998,-3.2880000000000003,in
J820-J861,JTE,,False,56.0,2.5,,,,,-2.88,-3.357,in
J822-K727,JTE,,False,56.0,2.5,,,,,-3.357,-4.3,in
J826-K728,JTE,,False,56.0,2.5,,,,,-3.2880000000000003,-4.3,in
J829-K729,JTE,,False,56.0,2.5,,,,,-3.292,-4.3,in
J830-K730,JTE,,False,56.0,2.5,,,,,-3.27,-4.3,in
J851-K737,JTE,,False,56.0,2.5,,,,,-3.27,-4.3,in
J855-K738,JTE,,False,56.0,2.5,,,,,-3.292,-4.3,in
J858-K739,JTE,,False,56.0,2.5,,,,,-3.2880000000000003,-4.3,in
J861-K740,JTE,,False,56.0,2.5,,,,,-3.357,-4.3,in
K142-J751,JTE,,False,56.0,2.5,,,,,2.748,-1.46,in
K143-K162,JTE,,False,56.0,2.5,,,,,4.322,3.825,in
K144-K163,JTE,,False,56.0,2.5,,,,,5.611,6.107,in
K145-K161,JTE,,False,56.0,2.5,,,,,5.179,4.682,in
K146-K143,JTE,,False,56.0,2.5,,,,,4.819,4.322,in
K157-K159,JTA,,False,56.0,2.5,,,,,-2.208,-2.708,in
K158-K157,JTA,,False,56.0,2.5,,,,,-1.709,-2.208,in
K159-J102,JTA,,False,56.0,2.5,,,,,-2.708,-4.3,in
K160-K145,JTE,,False,56.0,2.5,,,,,5.676,5.179,in
K163-J727,JTE,,False,56.0,2.5,,,,,6.107,7.978,in
K164-K144,JTE,,False,56.0,2.5,,,,,5.113,5.611,in
K165-K168,JTE,,False,56.0,2.5,,,,,5.61,5.113,in
K166-K169,JTE,,False,56.0,2.5,,,,,1.581,2.079,in
K167-K165,JTE,,False,56.0,2.5,,,,,6.107,5.61,in
K170-K166,JTE,,False,56.0,2.5,,,,,1.084,1.581,in
K171-K176,JTE,,False,56.0,2.5,,,,,0.22,0.7190000000000001,in
K172-K175,JTE,,False,56.0,2.5,,,,,-0.98,-0.483,in
K173-K182,JTE,,False,56.0,2.5,,,,,8.169,7.6690000000000005,in
K174-K179,JTE,,False,56.0,2.5,,,,,6.925,7.424,in
K177-K171,JTE,,False,56.0,2.5,,,,,-0.27899999999999997,0.22,in
K178-K174,JTE,,False,56.0,2.5,,,,,6.426,6.925,in
K179-K752,JTE,,False,56.0,2.5,,,,,7.424,8.2,in
K180-K172,JTE,,False,56.0,2.5,,,,,-1.477,-0.98,in
K181-K189,JTE,,False,56.0,2.5,,,,,-2.18,-1.6829999999999998,in
K182-J654,JTE,,False,56.0,2.5,,,,,7.6690000000000005,5.7,in
K190-K181,JTE,,False,56.0,2.5,,,,,-2.677,-2.18,in
K216-K218,JTE,,False,56.0,2.5,,,,,8.169,7.6690000000000005,in
K218-J662,JTE,,False,56.0,2.5,,,,,7.6690000000000005,5.7,in
K219-K236,JTE,,False,56.0,2.5,,,,,7.423,6.924,in
K222-K234,JTE,,False,56.0,2.5,,,,,-2.615,-2.118,in
K223-K228,JTE,,False,56.0,2.5,,,,,0.847,0.348,in
K224-K231,JTE,,False,56.0,2.5,,,,,-0.387,-0.884,in
K225-K735,JTE,,False,56.0,2.5,,,,,-1.381,-4.3,in
K226-K736,JTE,,False,56.0,2.5,,,,,-0.151,-4.3,in
K228-K226,JTE,,False,56.0,2.5,,,,,0.348,-0.151,in
K231-K225,JTE,,False,56.0,2.5,,,,,-0.884,-1.381,in
K234-K221,JTE,,False,56.0,2.5,,,,,-2.118,-1.621,in
K236-K220,JTE,,False,56.0,2.5,,,,,6.924,6.425,in
K386-J635,JTL,,False,56.0,2.5,,,,,4.116,3.675,in
K387-K388,JTL,,False,56.0,2.5,,,,,5.0,4.558,in
K388-K386,JTL,,False,56.0,2.5,,,,,4.558,4.116,in
K391-K392,JTL,,False,56.0,2.5,,,,,-3.74,-4.181,in
K392-K395,JTL,,False,56.0,2.5,,,,,-4.181,-4.3,in
K394-K387,JTL,,False,56.0,2.5,,,,,8.2,5.0,in
K476-K478,JTA,,False,56.0,2.5,,,,,7.366,6.866,in
K477-J075,JTA,,False,56.0,2.5,,,,,7.866,8.2,in
K477-K476,JTA,,False,56.0,2.5,,,,,7.866,7.366,in
K481-K503,JTD,,False,56.0,2.5,,,,,4.733,4.233,in
K484-K505,JTD,,False,56.0,2.5,,,,,1.444,0.9440000000000001,in
K495-K481,JTD,,False,56.0,2.5,,,,,5.233,4.733,in
K500-K483,JTD,,False,56.0,2.5,,,,,3.588,3.088,in
K501-K484,JTD,,False,56.0,2.5,,,,,1.944,1.444,in
K504-J288,JTD,,False,56.0,2.5,,,,,2.588,-4.3,in
K505-J280,JTD,,False,56.0,2.5,,,,,0.9440000000000001,-4.3,in
K524-K527,JTD,,False,56.0,2.5,,,,,1.5110000000000001,1.011,in
K526-K531,JTD,,False,56.0,2.5,,,,,4.779,4.279,in
K527-J277,JTD,,False,56.0,2.5,,,,,1.011,-4.3,in
K528-J272,JTD,,False,56.0,2.5,,,,,2.645,-4.3,in
K533-K524,JTD,,False,56.0,2.5,,,,,2.011,1.5110000000000001,in
K537-K525,JTD,,False,56.0,2.5,,,,,3.645,3.145,in
K539-K526,JTD,,False,56.0,2.5,,,,,5.279,4.779,in
K540-K549,JTL,,False,56.0,2.5,,,,,5.915,5.415,in
K541-K543,JTL,,False,56.0,2.5,,,,,0.948,0.45299999999999996,in
K542-K541,JTL,,False,56.0,2.5,,,,,1.444,0.948,in
K543-J588,JTL,,False,56.0,2.5,,,,,0.45299999999999996,-0.033,in
K548-K540,JTL,,False,56.0,2.5,,,,,6.415,5.915,in
K549-J580,JTL,,False,56.0,2.5,,,,,5.415,5.017,in
K555-K562,JTL,,False,56.0,2.5,,,,,8.022,7.522,in
K562-J362,JTL,,False,56.0,2.5,,,,,7.522,4.995,in
K563-K577,JTL,,False,56.0,2.5,,,,,6.359,5.859,in
K564-K563,JTL,,False,56.0,2.5,,,,,6.859,6.359,in
K577-J432,JTL,,False,56.0,2.5,,,,,5.859,4.991,in
K578-J445,JTL,,False,56.0,2.5,,,,,4.416,4.118,in
K583-J086,JTA,,False,56.0,2.5,,,,,-0.657,-1.15,in
K584-J443,JTL,,False,56.0,2.5,,,,,4.915,4.555,in
K586-J447,JTL,,False,56.0,2.5,,,,,3.979,3.684,in
K58A-J110,JTA,,False,56.0,2.5,,,,,-1.608,-2.101,in
K591-K597,JTA,,False,56.0,2.5,,,,,-1.65,-2.145,in
K594-K598,JTA,,False,56.0,2.5,,,,,-2.7,-3.2,in
K596-J089,JTA,,False,56.0,2.5,,,,,-0.805,-4.3,in
K597-J109,JTA,,False,56.0,2.5,,,,,-2.145,-2.921,in
K598-J079,JTA,,False,56.0,2.5,,,,,-3.2,-4.3,in
K599-J088,JTA,,False,56.0,2.5,,,,,0.195,-0.305,in
K600-K591,JTA,,False,56.0,2.5,,,,,-1.155,-1.65,in
K601-K594,JTA,,False,56.0,2.5,,,,,-2.2,-2.7,in
K631-K645,JTL,,False,56.0,2.5,,,,,-0.033,-3.725,in
K634-K632,JTL,,False,56.0,2.5,,,,,4.11,3.66,in
K636-K638,JTL,,False,56.0,2.5,,,,,5.017,4.563,in
K638-K634,JTL,,False,56.0,2.5,,,,,4.563,4.11,in
K643-K647,JTL,,False,56.0,2.5,,,,,-4.175,-4.3,in
K645-K643,JTL,,False,56.0,2.5,,,,,-3.725,-4.175,in
K646-K658,JTL,,False,56.0,2.5,,,,,8.2,6.43,in
K654-K659,JTL,,False,56.0,2.5,,,,,5.93,5.43,in
K655-K657,JTL,,False,56.0,2.5,,,,,0.948,0.45299999999999996,in
K656-K655,JTL,,False,56.0,2.5,,,,,1.443,0.948,in
K657-K631,JTL,,False,56.0,2.5,,,,,0.45299999999999996,-0.033,in
K658-K654,JTL,,False,56.0,2.5,,,,,6.43,5.93,in
K659-K636,JTL,,False,56.0,2.5,,,,,5.43,5.017,in
K663-K665,JTL,,False,56.0,2.5,,,,,2.607,2.111,in
K665-J540,JTL,,False,56.0,2.5,,,,,2.111,-0.033,in
K666-K668,JTL,,False,56.0,2.5,,,,,2.712,2.217,in
K668-J735,JTL,,False,56.0,2.5,,,,,2.217,-0.033,in
K669-K672,JTL,,False,56.0,2.5,,,,,-1.107,-1.603,in
K670-K669,JTL,,False,56.0,2.5,,,,,-0.612,-1.107,in
K671-K674,JTL,,False,56.0,2.5,,,,,0.642,0.146,in
K672-J357,JTL,,False,56.0,2.5,,,,,-1.603,-3.745,in
K673-K671,JTL,,False,56.0,2.5,,,,,1.138,0.642,in
K674-J439,JTL,,False,56.0,2.5,,,,,0.146,-0.033,in
K678-K680,JTL,,False,56.0,2.5,,,,,0.638,0.142,in
K679-K678,JTL,,False,56.0,2.5,,,,,1.134,0.638,in
K680-J423,JTL,,False,56.0,2.5,,,,,0.142,-0.033,in
K681-K683,JTL,,False,56.0,2.5,,,,,-1.11,-1.6059999999999999,in
K682-K681,JTL,,False,56.0,2.5,,,,,-0.614,-1.11,in
K683-J351,JTL,,False,56.0,2.5,,,,,-1.6059999999999999,-3.745,in
K684-K686,JTL,,False,56.0,2.5,,,,,2.712,2.217,in
K686-J519,JTL,,False,56.0,2.5,,,,,2.217,-0.033,in
K725-J657,JTE,,False,56.0,2.5,,,,,8.2,5.7,in
K726-J660,JTE,,False,56.0,2.5,,,,,8.2,5.7,in
K731-K177,JTE,,False,56.0,2.5,,,,,-4.3,-0.27899999999999997,in
K732-K180,JTE,,False,56.0,2.5,,,,,-4.3,-1.477,in
K733-K190,JTE,,False,56.0,2.5,,,,,-4.3,-2.677,in
K734-K222,JTE,,False,56.0,2.5,,,,,-4.3,-2.615,in
K741-K219,JTE,,False,56.0,2.5,,,,,8.2,7.423,in
K742-J728,JTE,,False,56.0,2.5,,,,,8.2,7.978,in
K743-J731,JTE,,False,56.0,2.5,,,,,8.2,7.957,in
K744-J732,JTE,,False,56.0,2.5,,,,,8.2,7.961,in
K745-J734,JTE,,False,56.0,2.5,,,,,8.2,7.895,in
K748-J733,JTE,,False,56.0,2.5,,,,,8.2,7.895,in
K749-J729,JTE,,False,56.0,2.5,,,,,8.2,7.961,in
K750-J730,JTE,,False,56.0,2.5,,,,,8.2,7.957,in
K751-J727,JTE,,False,56.0,2.5,,,,,8.2,7.978,in
Q743-Q900,JW7,,False,45.7,2.5,,,,,13.0,13.0,above
Q748-Q871,JW8,,False,55.9,2.5,,,,,13.0,13.0,above
Q871-Q902,JW8,,False,55.9,2.5,,,,,13.0,13.0,above
Q900-Q930,JW7,,False,45.7,2.5,,,,,13.0,13.0,above
Q902-Q933,JW8,,False,55.9,2.5,,,,,13.0,13.0,above
Q930-Q942,JW7,,False,45.7,2.5,,,,,13.0,13.0,above
Q933-Q943,JW8,,False,55.9,2.5,,,,,13.0,13.0,above
3534-GJ89,CS3,,False,73.0,2.0,,,,,-0.11645,-0.18120000000000003,in
X002-3800,CS5,,False,68.0,2.0,,,,,1.42445,1.43184,in
2201-2209,L01,LGCONEA,True,,10.0,296.0,250.0,12.0,5.5,-18.85,-15.85,below
2231-2208,L01,LGCONEA,True,,10.0,296.0,250.0,12.0,5.5,-18.85,-15.85,below
2534-2533,LA2,LACONE2,True,,6.0,238.0,200.0,12.0,3.5,-8.8,-10.8,below
1042-1043,LNB,,False,200.0,3.5,,,,,-33.8,-25.65,below
1113-1111,LNB,,False,200.0,3.5,,,,,-25.88,-23.8,below
1116-1113,LNB,,False,200.0,3.5,,,,,-33.92,-25.88,below
1269-1267,LNB,,False,200.0,3.5,,,,,-33.62,-23.1,below
1365-1366,LNB,,False,200.0,3.5,,,,,-34.0,-25.584,below
1530-1537,LAA,,False,200.0,3.5,,,,,-33.61,-25.75,below
1535-1539,LAA,,False,200.0,3.5,,,,,-33.44,-25.75,below
1536-1538,LNB,,False,200.0,3.5,,,,,-33.62,-25.708,below
1538-1574,LNB,,False,200.0,3.5,,,,,-25.708,-24.1,below
2022-2023,LNB,,False,200.0,3.5,,,,,-15.0,-10.0,below
2025-2022,LNB,,False,200.0,3.5,,,,,-20.0,-15.0,below
2080-2083,LNB,,False,200.0,3.5,,,,,-15.0,-10.0,below
2081-2080,LNB,,False,200.0,3.5,,,,,-20.0,-15.0,below
2083-2275,LNB,,False,200.0,3.5,,,,,-10.0,-8.0,below
2158-2159,LNB,,False,200.0,3.5,,,,,-20.9,-18.5,below
2159-2146,LNB,,False,200.0,3.5,,,,,-18.5,-10.5,below
2212-2215,LNB,,False,200.0,3.5,,,,,-18.85,-16.85,below
2215-2213,LNB,,False,200.0,3.5,,,,,-16.85,-10.84,below
2519-2520,LNB,,False,200.0,3.5,,,,,-20.0,-18.5,below
2520-2521,LNB,,False,200.0,3.5,,,,,-18.5,-16.5,below
2521-2533,LNB,,False,200.0,3.5,,,,,-16.5,-10.8,below
2522-2537,LAA,,False,200.0,3.5,,,,,-18.77,-10.0,below
2523-2540,LAA,,False,200.0,3.5,,,,,-18.77,-14.385,below
2537-2538,LAA,,False,200.0,3.5,,,,,-10.0,-9.0,below
2538-2539,LAA,,False,200.0,3.5,,,,,-9.0,-7.7,below
2540-2541,LAA,,False,200.0,3.5,,,,,-14.385,-10.0,below
2541-2542,LAA,,False,200.0,3.5,,,,,-10.0,-8.0,below
3640-3549,LNY,,False,200.0,4.0,,,,,8.2,11.0,in
3643-3093,LNI,,False,200.0,4.0,,,,,8.2,11.0,in
3646-3070,LNI,,False,200.0,4.0,,,,,8.2,11.0,in
1117-1527,LAF,,False,200.0,6.0,,,,,-38.4,-37.0,below
1120-1509,LFB,,False,200.0,6.5,,,,,-38.4,-37.0,below
1509-1530,LFB,,False,200.0,6.5,,,,,-37.0,-33.61,below
1527-1535,LAF,,False,200.0,6.0,,,,,-37.0,-33.44,below
2023-2274,LNZ,,False,200.0,6.0,,,,,-10.0,-8.0,below
3641-3710,LNW,,False,200.0,6.0,,,,,8.2,11.0,in
3642-3168,LNW,,False,200.0,6.0,,,,,8.2,11.0,in
4696-3093,LND,,False,200.0,6.0,,,,,13.0,11.0,above
4696-4697,LND,,False,200.0,6.0,,,,,13.0,14.3,above
1043-2021,LBG,,False,200.0,7.5,,,,,-25.65,-22.0,below
1044-1045,LNA,,False,200.0,7.0,,,,,-38.4,-37.0,below
1045-1042,LNA,,False,200.0,7.0,,,,,-37.0,-33.8,below
1112-1116,LNA,,False,200.0,7.0,,,,,-35.42,-33.92,below
1114-1115,LNA,,False,200.0,7.0,,,,,-38.4,-37.0,below
1115-1112,LNA,,False,200.0,7.0,,,,,-37.0,-35.42,below
1268-1558,LNA,,False,200.0,7.0,,,,,-37.0,-35.42,below
1271-1268,LNA,,False,200.0,7.0,,,,,-38.4,-37.0,below
1558-1269,LNA,,False,200.0,7.0,,,,,-35.42,-33.62,below
2021-2025,LBG,,False,200.0,7.5,,,,,-22.0,-20.0,below
4146-3710,LN0,,False,200.0,7.0,,,,,13.0,11.0,above
4146-4145,LN0,,False,200.0,7.0,,,,,13.0,14.3,above
1118-1515,LA9,,False,200.0,8.5,,,,,-38.4,-37.0,below
1515-1536,LA9,,False,200.0,8.5,,,,,-37.0,-33.62,below
1111-2078,LA3,,False,200.0,9.0,,,,,-23.8,-22.0,below
1362-1364,LNR,,False,200.0,8.0,,,,,-37.0,-36.3,below
1363-1362,LNR,,False,200.0,8.0,,,,,-38.4,-37.0,below
1364-1365,LNR,,False,200.0,8.0,,,,,-36.3,-34.0,below
1366-2216,LNR,,False,200.0,8.0,,,,,-25.584,-22.0,below
2078-2081,LA3,,False,200.0,9.0,,,,,-22.0,-20.0,below
2146-2280,LNR,,False,200.0,8.0,,,,,-10.5,-9.0,below
2216-2212,LNR,,False,200.0,8.0,,,,,-22.0,-18.85,below
3092-2280,LB0,,False,200.0,10.0,,,,,-6.0,-9.0,below
3092-3236,LZ1,,False,200.0,10.0,,,,,-6.0,-4.3,in
3552-3557,LA7,,False,200.0,8.0,,,,,9.29,12.1,above
3556-3558,LA8,,False,200.0,8.0,,,,,9.29,12.0,above
3557-4500,LA7,,False,200.0,8.0,,,,,12.1,13.0,above
3558-4521,LA1,,False,200.0,9.0,,,,,12.0,13.0,above
3644-3552,LAP,,False,200.0,8.0,,,,,8.2,9.29,in
3645-3556,LAY,,False,200.0,8.0,,,,,8.2,9.29,in
4500-4524,LA7,,False,200.0,8.0,,,,,13.0,14.3,above
4521-4522,LA1,,False,200.0,9.0,,,,,13.0,14.3,above
4891-3168,LA0,,False,200.0,9.0,,,,,13.0,11.0,above
4891-4890,LA0,,False,200.0,9.0,,,,,13.0,14.3,above
1574-2509,LAT,,False,200.0,10.0,,,,,-24.1,-22.0,below
2509-2519,LAT,,False,200.0,10.0,,,,,-22.0,-20.0,below
3549-3576,LA4,,False,200.0,8.5,,,,,11.0,13.0,above
3576-4523,LA4,,False,200.0,8.5,,,,,13.0,14.3,above
4277-3070,LA4,,False,200.0,8.5,,,,,13.0,11.0,above
4277-4278,LA4,,False,200.0,8.5,,,,,13.0,14.3,above
1267-2155,LAT,,False,200.0,10.0,,,,,-23.1,-22.0,below
1537-1540,LA5,,False,200.0,9.0,,,,,-25.75,-22.75,below
1539-1541,LA5,,False,200.0,9.0,,,,,-25.75,-22.8,below
1540-2501,LA5,,False,200.0,9.0,,,,,-22.75,-22.0,below
1541-2516,LA5,,False,200.0,9.0,,,,,-22.8,-22.0,below
2155-2158,LAT,,False,200.0,10.0,,,,,-22.0,-20.9,below
2501-2518,LA5,,False,200.0,9.0,,,,,-22.0,-21.3,below
2516-2517,LA5,,False,200.0,9.0,,,,,-22.0,-21.3,below
2517-2523,LA5,,False,200.0,9.0,,,,,-21.3,-18.77,below
2518-2522,LA5,,False,200.0,9.0,,,,,-21.3,-18.77,below
3019-2274,LAT,,False,200.0,10.0,,,,,-6.0,-8.0,below
3019-3232,LAX,,False,200.0,10.0,,,,,-6.0,-4.3,in
3067-2275,LAT,,False,200.0,10.0,,,,,-6.0,-8.0,below
3067-3238,LBZ,,False,200.0,10.0,,,,,-6.0,-4.3,in
2213-2281,LAT,,False,200.0,10.0,,,,,-10.84,-9.0,below
2539-3500,LAN,,False,200.0,10.0,,,,,-7.7,-6.0,below
2542-3520,LAN,,False,200.0,10.0,,,,,-8.0,-6.0,below
3170-2281,LAE,,False,200.0,11.0,,,,,-6.0,-9.0,below
3237-3170,LAG,,False,200.0,11.0,,,,,-4.3,-6.0,in
3500-3524,LAX,,False,200.0,10.0,,,,,-6.0,-4.3,in
3520-3521,LAX,,False,200.0,10.0,,,,,-6.0,-4.3,in
1029-1031,LP1,,False,250.0,11.0,,,,,-37.0,-33.285,below
1054-1052,LAB,,False,250.0,9.0,,,,,-33.285,-37.0,below
PK02-1029,LP1,,False,250.0,11.0,,,,,-38.565,-37.0,below
PK03-1052,LAD,,False,250.0,9.0,,,,,-38.565,-37.0,below
1031-1717,LP2,,False,250.0,8.0,,,,,-33.285,-30.57,below
1054-1059,LP2,,False,250.0,8.0,,,,,-33.285,-31.43,below
1098-1718,LP2,,False,250.0,8.0,,,,,-35.42,-30.57,below
1127-1720,LP2,,False,250.0,8.0,,,,,-35.42,-30.57,below
1717-1033,LP2,,False,250.0,8.0,,,,,-30.57,-30.05,below
1718-1097,LP2,,False,250.0,8.0,,,,,-30.57,-30.05,below
1720-1123,LP2,,False,250.0,8.0,,,,,-30.57,-30.05,below
1059-1719,LP3,,False,250.0,10.0,,,,,-31.43,-30.57,below
1719-1055,LP3,,False,250.0,10.0,,,,,-30.57,-30.05,below
1098-1102,LP4,,False,250.0,9.0,,,,,-35.42,-37.0,below
1125-1127,LP5,,False,250.0,9.0,,,,,-37.0,-35.42,below
PK01-1102,LP4,,False,250.0,9.0,,,,,-38.565,-37.0,below
PK04-1125,LP5,,False,250.0,9.0,,,,,-38.565,-37.0,below
2007-2005,LBB,,False,250.0,5.0,,,,,-18.695,-10.745,below
2040-2041,LBB,,False,250.0,5.0,,,,,-18.695,-10.745,below
2065-2067,LBB,,False,250.0,5.0,,,,,-18.555,-10.745,below
2067-2271,LBB,,False,250.0,5.0,,,,,-10.745,-9.3,below
2095-2097,LBB,,False,250.0,5.0,,,,,-18.565,-10.745,below
2097-2277,LBB,,False,250.0,5.0,,,,,-10.745,-9.3,below
4134-LGA1,LB8,,False,250.0,5.0,,,,,15.0,18.545,above
4153-LGA3,LB8,,False,250.0,5.0,,,,,15.0,18.545,above
2142-2139,LBC,,False,250.0,5.5,,,,,-18.77,-10.0,below
2174-2172,LBC,,False,250.0,5.5,,,,,-18.77,-10.0,below
2208-2144,LBC,,False,250.0,5.5,,,,,-15.85,-10.0,below
2209-2145,LBC,,False,250.0,5.5,,,,,-15.85,-10.0,below
3648-3083,LBI,,False,250.0,7.0,,,,,8.2,9.29,in
3649-3103,LBI,,False,250.0,7.0,,,,,8.2,10.5,in
3650-3003,LAZ,,False,250.0,7.0,,,,,8.2,10.0,in
3651-3035,LAZ,,False,250.0,7.0,,,,,8.2,10.0,in
1035-2008,LAO,,False,250.0,8.5,,,,,-25.75,-22.0,below
1058-2042,LAO,,False,250.0,8.5,,,,,-25.7,-22.0,below
1097-1101,LB2,,False,250.0,8.0,,,,,-30.05,-25.75,below
1123-1124,LB2,,False,250.0,8.0,,,,,-30.05,-25.75,below
2005-2270,LB2,,False,250.0,8.0,,,,,-10.745,-9.3,below
2008-2007,LAO,,False,250.0,8.5,,,,,-22.0,-18.695,below
2041-2276,LB2,,False,250.0,8.0,,,,,-10.745,-9.3,below
2042-2040,LAO,,False,250.0,8.5,,,,,-22.0,-18.695,below
2270-2222,LB2,,False,250.0,8.0,,,,,-9.3,-8.3,below
2276-2223,LB2,,False,250.0,8.0,,,,,-9.3,-8.3,below
1099-PK01,LB4,,False,250.0,9.0,,,,,-40.81,-38.565,below
1128-PK04,LB4,,False,250.0,9.0,,,,,-40.81,-38.565,below
3003-4135,LB7,,False,250.0,9.0,,,,,10.0,13.0,above
3035-4157,LB7,,False,250.0,9.0,,,,,10.0,13.0,above
3563-BO01,LB7,,False,250.0,9.0,,,,,8.5,9.25,above
3637-3563,LB6,,False,250.0,9.0,,,,,8.2,8.5,in
3638-3059,LBH,,False,250.0,9.0,,,,,8.2,9.445,in
3639-3078,LBH,,False,250.0,9.0,,,,,8.2,9.445,in
3647-3190,LBH,,False,250.0,9.0,,,,,8.2,10.5,in
4135-4134,LB7,,False,250.0,9.0,,,,,13.0,15.0,above
4157-4153,LB7,,False,250.0,9.0,,,,,13.0,15.0,above
4689-3083,LB7,,False,250.0,9.0,,,,,13.0,9.29,above
4689-LGC1,LB7,,False,250.0,9.0,,,,,13.0,18.545,above
4704-3103,LB7,,False,250.0,9.0,,,,,13.0,10.5,above
4704-LGC3,LB7,,False,250.0,9.0,,,,,13.0,18.545,above
BO01-3146,LB7,,False,250.0,9.0,,,,,9.25,9.74,above
1033-1035,LB3,,False,250.0,10.0,,,,,-30.05,-25.75,below
1055-1058,LB3,,False,250.0,10.0,,,,,-30.05,-25.7,below
2066-1101,LB1,,False,250.0,11.0,,,,,-22.0,-25.75,below
2066-2065,LB1,,False,250.0,11.0,,,,,-22.0,-18.555,below
2098-1124,LB3,,False,250.0,10.0,,,,,-22.0,-25.75,below
2098-2095,LB3,,False,250.0,10.0,,,,,-22.0,-18.565,below
3146-4875,LB5,,False,250.0,10.0,,,,,9.74,13.0,above
3190-4905,LB5,,False,250.0,10.0,,,,,10.5,13.0,above
4875-LGD1,LB5,,False,250.0,10.0,,,,,13.0,18.545,above
4905-LGD3,LB5,,False,250.0,10.0,,,,,13.0,18.545,above
1030-PK02,LB1,,False,250.0,11.0,,,,,-40.81,-38.565,below
1053-PK03,LB1,,False,250.0,11.0,,,,,-40.81,-38.565,below
1257-1254,LB1,,False,250.0,11.0,,,,,-30.05,-25.75,below
1282-2175,LAC,,False,250.0,12.0,,,,,-25.75,-22.0,below
1284-1282,LB1,,False,250.0,11.0,,,,,-30.05,-25.75,below
2138-1254,LB1,,False,250.0,11.0,,,,,-22.0,-25.75,below
2138-2142,LB1,,False,250.0,11.0,,,,,-22.0,-18.77,below
2139-2278,LB1,,False,250.0,11.0,,,,,-10.0,-9.0,below
2172-2282,LB1,,False,250.0,11.0,,,,,-10.0,-9.0,below
2175-2174,LAC,,False,250.0,12.0,,,,,-22.0,-18.77,below
3085-2278,LB1,,False,250.0,11.0,,,,,-6.0,-9.0,below
3104-2282,LB1,,False,250.0,11.0,,,,,-6.0,-9.0,below
3104-3246,LBN,,False,250.0,11.0,,,,,-6.0,-4.3,in
3506-3085,LBN,,False,250.0,11.0,,,,,-4.3,-6.0,in
1259-PK08,LAC,,False,250.0,12.0,,,,,-40.81,-38.565,below
1280-PK05,LAC,,False,250.0,12.0,,,,,-40.81,-38.565,below
2144-2283,LAC,,False,250.0,12.0,,,,,-10.0,-9.0,below
2145-2279,LAC,,False,250.0,12.0,,,,,-10.0,-9.0,below
2222-3001,LAC,,False,250.0,12.0,,,,,-8.3,-6.0,below
2229-3193,LAC,,False,250.0,12.0,,,,,-7.0,-6.0,below
2283-2229,LAC,,False,250.0,12.0,,,,,-9.0,-7.0,below
2534-2535,LNN,,False,250.0,12.0,,,,,-8.8,-8.0,below
2535-2536,LNN,,False,250.0,12.0,,,,,-8.0,-6.8,below
2536-3575,LNN,,False,250.0,12.0,,,,,-6.8,-6.0,below
3001-3509,LBP,,False,250.0,12.0,,,,,-6.0,-4.3,in
3037-2223,LAC,,False,250.0,12.0,,,,,-6.0,-8.3,below
3037-3249,LBP,,False,250.0,12.0,,,,,-6.0,-4.3,in
3057-2271,LAC,,False,250.0,12.0,,,,,-6.0,-9.3,below
3057-3507,LBP,,False,250.0,12.0,,,,,-6.0,-4.3,in
3059-4270,LA6,,False,250.0,12.0,,,,,9.445,13.0,above
3078-4283,LA6,,False,250.0,12.0,,,,,9.445,13.0,above
3081-2277,LAC,,False,250.0,12.0,,,,,-6.0,-9.3,below
3081-3244,LBP,,False,250.0,12.0,,,,,-6.0,-4.3,in
3151-2279,LAC,,False,250.0,12.0,,,,,-6.0,-9.0,below
3193-3252,LBP,,False,250.0,12.0,,,,,-6.0,-4.3,in
3522-3523,LN1,,False,250.0,12.0,,,,,-5.2,-4.3,in
3575-3522,LNN,,False,250.0,12.0,,,,,-6.0,-5.2,below
4270-LGB1,LA6,,False,250.0,12.0,,,,,13.0,18.545,above
4283-LGB3,LA6,,False,250.0,12.0,,,,,13.0,18.545,above
1256-1258,LP6,,False,250.0,12.0,,,,,-33.61,-37.0,below
1286-1279,LP6,,False,250.0,12.0,,,,,-37.0,-33.61,below
PK05-1286,LP6,,False,250.0,12.0,,,,,-38.565,-37.0,below
PK08-1258,LP6,,False,250.0,12.0,,,,,-38.565,-37.0,below
1256-1721,LP7,,False,250.0,8.0,,,,,-33.61,-30.57,below
1279-1723,LP7,,False,250.0,8.0,,,,,-33.61,-30.57,below
1721-1257,LP8,,False,250.0,11.0,,,,,-30.57,-30.05,below
1723-1284,LP8,,False,250.0,11.0,,,,,-30.57,-30.05,below
1349-1354,LCK,,False,300.0,10.0,,,,,-30.05,-25.75,below
1380-1378,LCK,,False,300.0,10.0,,,,,-30.05,-25.75,below
1354-2202,LCO,,False,300.0,12.0,,,,,-25.75,-22.0,below
1375-PK06,LCO,,False,300.0,12.0,,,,,-40.81,-38.365,below
1378-2228,LCO,,False,300.0,12.0,,,,,-25.75,-22.0,below
2202-2201,LCO,,False,300.0,12.0,,,,,-22.0,-18.85,below
2228-2231,LCO,,False,300.0,12.0,,,,,-22.0,-18.85,below
1352-PK07,LCO,,False,300.0,12.0,,,,,-40.81,-38.365,below
3543-3544,LD1,CORCON1,True,,6.0,238.0,200.0,12.0,4.0,-2.0,0.5,in
1348-1353,LPB,,False,300.0,12.0,,,,,-37.0,-33.285,below
1377-1374,LPB,,False,300.0,12.0,,,,,-37.0,-33.44,below
PK06-1377,LPB,,False,300.0,12.0,,,,,-38.365,-37.0,below
PK07-1348,LPB,,False,300.0,12.0,,,,,-38.365,-37.0,below
1353-1722,LP9,,False,300.0,7.5,,,,,-33.285,-30.57,below
1374-1724,LP9,,False,300.0,7.5,,,,,-33.44,-30.57,below
1722-1349,LPA,,False,300.0,10.0,,,,,-30.57,-30.05,below
1724-1380,LP0,,False,300.0,10.0,,,,,-30.57,-30.05,below
3002-3106,LBF,,False,250.0,7.0,,,,,-2.4050000000000002,5.1,in
3036-3107,LBF,,False,250.0,7.0,,,,,-2.4050000000000002,5.1,in
3082-3648,LBF,,False,250.0,7.0,,,,,5.615,8.2,in
3084-3082,LBF,,False,250.0,7.0,,,,,-3.005,5.615,in
3102-3105,LBF,,False,250.0,7.0,,,,,-1.8,3.2,in
3105-3649,LBF,,False,250.0,7.0,,,,,3.2,8.2,in
3084-3506,LBN,,False,250.0,11.0,,,,,-3.005,-4.3,in
3244-3079,LBN,,False,250.0,11.0,,,,,-4.3,-2.8,in
3246-3102,LBN,,False,250.0,11.0,,,,,-4.3,-1.8,in
3249-3036,LBN,,False,250.0,11.0,,,,,-4.3,-2.4050000000000002,in
3507-3056,LBN,,False,250.0,11.0,,,,,-4.3,-2.8,in
3509-3002,LBN,,False,250.0,11.0,,,,,-4.3,-2.4050000000000002,in
3008-3650,LZ3,,False,250.0,8.0,,,,,6.5,8.2,in
3030-3651,LZ3,,False,250.0,8.0,,,,,6.5,8.2,in
3106-3008,LZ3,,False,250.0,8.0,,,,,5.1,6.5,in
3107-3030,LZ3,,False,250.0,8.0,,,,,5.1,6.5,in
3145-BM19,LZ3,,False,250.0,8.0,,,,,-2.5300000000000002,-0.75,in
3186-3192,LZ3,,False,250.0,8.0,,,,,-1.8,0.7,in
BM19-BM20,LZ3,,False,250.0,8.0,,,,,-0.75,2.5,in
BM20-3149,LZ3,,False,250.0,8.0,,,,,2.5,4.5,in
3133-3554,LAJ,,False,200.0,8.0,,,,,-3.0,6.0,in
3236-3091,LZ1,,False,200.0,10.0,,,,,-4.3,-3.047,in
3525-3550,LAJ,,False,200.0,8.0,,,,,-3.0,6.0,in
3550-3644,LAJ,,False,200.0,8.0,,,,,6.0,8.2,in
3554-3645,LAJ,,False,200.0,8.0,,,,,6.0,8.2,in
3167-3172,LAX,,False,200.0,10.0,,,,,3.6,4.5,in
3172-3712,LAX,,False,200.0,10.0,,,,,4.5,5.4,in
3237-3171,LAX,,False,200.0,10.0,,,,,-4.3,-2.75,in
3521-3133,LAX,,False,200.0,10.0,,,,,-4.3,-3.0,in
3524-3525,LAX,,False,200.0,10.0,,,,,-4.3,-3.0,in
3056-3638,LBJ,,False,250.0,9.0,,,,,-2.8,8.2,in
3079-3639,LBJ,,False,250.0,9.0,,,,,-2.8,8.2,in
3149-BM22,LBJ,,False,250.0,9.0,,,,,4.5,5.5,in
3150-3637,LBJ,,False,250.0,9.0,,,,,6.0,8.2,in
3191-3647,LBJ,,False,250.0,9.0,,,,,6.0,8.2,in
3192-3191,LBJ,,False,250.0,9.0,,,,,0.7,6.0,in
BM22-3150,LBJ,,False,250.0,9.0,,,,,5.5,6.0,in
3066-3571,LNK,,False,200.0,4.0,,,,,-2.3,2.95,in
3091-3643,LNK,,False,200.0,4.0,,,,,-3.047,8.2,in
3544-3545,LNK,,False,200.0,4.0,,,,,0.5,3.305,in
3547-3640,LNK,,False,200.0,4.0,,,,,6.305,8.2,in
3571-3646,LNK,,False,200.0,4.0,,,,,2.95,8.2,in
3020-3567,LNC,,False,200.0,6.0,,,,,-2.3,2.95,in
3171-3167,LNC,,False,200.0,6.0,,,,,-2.75,3.6,in
3567-3641,LNC,,False,200.0,6.0,,,,,2.95,8.2,in
3712-3642,LNC,,False,200.0,6.0,,,,,5.4,8.2,in
3232-3020,LNE,,False,200.0,9.0,,,,,-4.3,-2.3,in
3238-3066,LBZ,,False,200.0,10.0,,,,,-4.3,-2.3,in
3252-3186,LBP,,False,250.0,12.0,,,,,-4.3,-1.8,in
3523-3543,LBP,,False,250.0,12.0,,,,,-4.3,-2.0,in
3545-3546,LNG,,False,200.0,8.0,,,,,3.305,4.805,in
3546-3547,LNG,,False,200.0,8.0,,,,,4.805,6.305,in
1003-2001,PL1,,False,243.84,10.0,,,,,-27.58,-21.93,below
1014-2002,PL1,,False,243.84,10.0,,,,,-27.58,-21.93,below
1063-2043,PL1,,False,243.84,10.0,,,,,-27.58,-21.93,below
1073-2044,PL1,,False,243.84,10.0,,,,,-27.58,-21.93,below
1084-2062,PL1,,False,243.84,10.0,,,,,-27.58,-21.93,below
1095-2063,PL1,,False,243.84,10.0,,,,,-27.58,-21.929,below
1146-2103,PL1,,False,243.84,10.0,,,,,-27.58,-21.93,below
1155-2104,PL1,,False,243.84,10.0,,,,,-27.58,-21.932,below
1223-2132,PL1,,False,243.84,10.0,,,,,-27.58,-21.93,below
1232-2133,PL1,,False,243.84,10.0,,,,,-27.58,-21.93,below
1243-2134,PL1,,False,243.84,10.0,,,,,-27.58,-21.03,below
1249-2135,PL1,,False,243.84,10.0,,,,,-27.58,-21.03,below
1287-2176,PL1,,False,243.84,10.0,,,,,-27.58,-21.93,below
1298-2177,PL1,,False,243.84,10.0,,,,,-27.58,-21.93,below
1336-2196,PL1,,False,243.84,10.0,,,,,-27.58,-21.93,below
1345-2197,PL1,,False,243.84,10.0,,,,,-27.58,-21.93,below
1383-2232,PL1,,False,243.84,10.0,,,,,-27.58,-21.03,below
1388-2233,PL1,,False,243.84,10.0,,,,,-27.58,-21.03,below
1397-2234,PL1,,False,243.84,10.0,,,,,-27.58,-21.93,below
1403-2235,PL1,,False,243.84,10.0,,,,,-27.58,-21.93,below
PA1A-1512,PL1,,False,243.84,10.0,,,,,-42.31,-40.5,below
PA1C-1504,PL1,,False,243.84,10.0,,,,,-42.31,-40.5,below
PA3A-1500,PL1,,False,243.84,10.0,,,,,-42.31,-40.5,below
PA3C-1503,PL1,,False,243.84,10.0,,,,,-42.31,-40.5,below
PB1A-1518,PL1,,False,243.84,10.0,,,,,-42.31,-40.5,below
PB1C-1511,PL1,,False,243.84,10.0,,,,,-42.31,-40.5,below
PB3A-1508,PL1,,False,243.84,10.0,,,,,-42.31,-40.502,below
PB3C-1516,PL1,,False,243.84,10.0,,,,,-42.31,-40.499,below
PC1A-1517,PL1,,False,243.84,10.0,,,,,-42.31,-40.5,below
PC1B-1502,PL1,,False,243.84,10.0,,,,,-42.31,-40.5,below
PC1C-1521,PL1,,False,243.84,10.0,,,,,-42.31,-40.5,below
PC3A-1520,PL1,,False,243.84,10.0,,,,,-42.31,-40.5,below
PC3B-1507,PL1,,False,243.84,10.0,,,,,-42.31,-40.5,below
PC3C-1514,PL1,,False,243.84,10.0,,,,,-42.31,-40.5,below
PD1A-1506,PL1,,False,243.84,10.0,,,,,-42.31,-40.5,below
PD1B-1519,PL1,,False,243.84,10.0,,,,,-42.31,-40.5,below
PD1C-1523,PL1,,False,243.84,10.0,,,,,-42.31,-40.5,below
PD3A-1505,PL1,,False,243.84,10.0,,,,,-42.31,-40.5,below
PD3B-1522,PL1,,False,243.84,10.0,,,,,-42.31,-40.5,below
PD3C-1501,PL1,,False,243.84,10.0,,,,,-42.31,-40.5,below
1005-1033,PL3,,False,120.0,3.0,,,,,-30.05,-30.05,below
1007-PK02,PL3,,False,120.0,3.0,,,,,-38.565,-38.565,below
1010-1055,PL3,,False,120.0,3.0,,,,,-30.05,-30.05,below
1012-PK03,PL3,,False,120.0,3.0,,,,,-38.565,-38.565,below
1016-1005,PL3,,False,120.0,3.0,,,,,-30.05,-30.05,below
1018-1007,PL3,,False,120.0,3.0,,,,,-38.565,-38.565,below
1022-1010,PL3,,False,120.0,3.0,,,,,-30.05,-30.05,below
1022-1070,PL3,,False,120.0,3.0,,,,,-30.05,-30.05,below
1024-1012,PL3,,False,120.0,3.0,,,,,-38.565,-38.565,below
1024-1067,PL3,,False,120.0,3.0,,,,,-38.565,-38.565,below
1055-1070,PL3,,False,120.0,3.0,,,,,-30.05,-30.05,below
1061-1018,PL3,,False,120.0,3.0,,,,,-38.565,-38.565,below
1061-PK02,PL3,,False,120.0,3.0,,,,,-38.565,-38.565,below
1062-1016,PL3,,False,120.0,3.0,,,,,-30.05,-30.05,below
1062-1033,PL3,,False,120.0,3.0,,,,,-30.05,-30.05,below
1085-1097,PL3,,False,120.0,3.0,,,,,-30.05,-30.05,below
1086-PK01,PL3,,False,120.0,3.0,,,,,-38.565,-38.565,below
1094-1145,PL3,,False,120.0,3.0,,,,,-38.565509999999996,-38.565,below
1094-PK04,PL3,,False,120.0,3.0,,,,,-38.56521,-38.564809999999994,below
1096-1123,PL3,,False,120.0,3.0,,,,,-30.04921,-30.04981,below
1096-1144,PL3,,False,120.0,3.0,,,,,-30.0495,-30.05,below
1135-1086,PL3,,False,120.0,3.0,,,,,-38.565,-38.565,below
1135-1147,PL3,,False,120.0,3.0,,,,,-38.565,-38.565,below
1136-1085,PL3,,False,120.0,3.0,,,,,-30.05,-30.05,below
1136-1148,PL3,,False,120.0,3.0,,,,,-30.05,-30.05,below
1144-1156,PL3,,False,120.0,3.0,,,,,-30.05,-30.051009999999998,below
1145-1158,PL3,,False,120.0,3.0,,,,,-38.565,-38.56399,below
1147-PK01,PL3,,False,120.0,3.0,,,,,-38.565,-38.565,below
1148-1097,PL3,,False,120.0,3.0,,,,,-30.05,-30.05,below
1156-1123,PL3,,False,120.0,3.0,,,,,-30.05158,-30.05038,below
1158-PK04,PL3,,False,120.0,3.0,,,,,-38.564569999999996,-38.56538,below
1226-PK08,PL3,,False,120.0,3.0,,,,,-38.565,-38.565,below
1227-1257,PL3,,False,120.0,3.0,,,,,-30.05,-30.05,below
1230-1244,PL3,,False,120.0,3.0,,,,,-30.05,-30.05,below
1230-1284,PL3,,False,120.0,3.0,,,,,-30.05,-30.05,below
1236-1248,PL3,,False,120.0,3.0,,,,,-38.565,-38.565,below
1236-PK05,PL3,,False,120.0,3.0,,,,,-38.565,-38.565,below
1238-1226,PL3,,False,120.0,3.0,,,,,-38.565,-38.565,below
1238-1290,PL3,,False,120.0,3.0,,,,,-38.565,-38.565,below
1238-PK08,PL3,,False,120.0,3.0,,,,,-38.565,-38.565,below
1239-1227,PL3,,False,120.0,3.0,,,,,-30.05,-30.05,below
1239-1257,PL3,,False,120.0,3.0,,,,,-30.05,-30.05,below
1239-1291,PL3,,False,120.0,3.0,,,,,-30.05,-30.05,below
1244-1284,PL3,,False,120.0,3.0,,,,,-30.05,-30.05,below
1244-1296,PL3,,False,120.0,3.0,,,,,-30.05,-30.05,below
1248-1294,PL3,,False,120.0,3.0,,,,,-38.565,-38.565,below
1248-PK05,PL3,,False,120.0,3.0,,,,,-38.565,-38.565,below
1290-PK08,PL3,,False,120.0,3.0,,,,,-38.565,-38.565,below
1291-1257,PL3,,False,120.0,3.0,,,,,-30.05,-30.05,below
1294-PK05,PL3,,False,120.0,3.0,,,,,-38.565,-38.565,below
1296-1284,PL3,,False,120.0,3.0,,,,,-30.05,-30.05,below
1334-1386,PL3,,False,120.0,3.0,,,,,-38.365,-38.365,below
1334-PK07,PL3,,False,120.0,3.0,,,,,-38.365,-38.365,below
1340-1349,PL3,,False,120.0,3.0,,,,,-30.05,-30.05,below
1340-1385,PL3,,False,120.0,3.0,,,,,-30.05,-30.05,below
1343-1392,PL3,,False,120.0,3.0,,,,,-38.365,-38.365,below
1343-PK06,PL3,,False,120.0,3.0,,,,,-38.365,-38.365,below
1344-1380,PL3,,False,120.0,3.0,,,,,-30.05,-30.05,below
1344-1393,PL3,,False,120.0,3.0,,,,,-30.05,-30.05,below
1385-1349,PL3,,False,120.0,3.0,,,,,-30.05,-30.05,below
1386-PK07,PL3,,False,120.0,3.0,,,,,-38.365,-38.365,below
1392-1404,PL3,,False,120.0,3.0,,,,,-38.365,-38.365,below
1392-PK06,PL3,,False,120.0,3.0,,,,,-38.365,-38.365,below
1393-1380,PL3,,False,120.0,3.0,,,,,-30.05,-30.05,below
1393-1407,PL3,,False,120.0,3.0,,,,,-30.05,-30.05,below
1400-1386,PL3,,False,120.0,3.0,,,,,-38.365,-38.365,below
1400-PK07,PL3,,False,120.0,3.0,,,,,-38.365,-38.365,below
1401-1349,PL3,,False,120.0,3.0,,,,,-30.05,-30.05,below
1401-1385,PL3,,False,120.0,3.0,,,,,-30.05,-30.05,below
1404-PK06,PL3,,False,120.0,3.0,,,,,-38.365,-38.365,below
1407-1380,PL3,,False,120.0,3.0,,,,,-30.05,-30.05,below
PK03-1067,PL3,,False,120.0,3.0,,,,,-38.565,-38.565,below
1004-1003,SL3,SLCONE1,True,,3.0,364.7,273.6,3.0,2.5,-26.93,-27.58,below
1008-1014,SL3,SLCONE1,True,,3.0,364.7,273.6,3.0,2.5,-26.93,-27.58,below
1065-1063,SL3,SLCONE1,True,,3.0,364.7,273.6,3.0,2.5,-26.93,-27.58,below
1069-1073,SL3,SLCONE1,True,,3.0,364.7,273.6,3.0,2.5,-26.93,-27.58,below
1089-1084,SL3,SLCONE1,True,,3.0,364.7,273.6,3.0,2.5,-26.93,-27.58,below
1090-1095,SL3,SLCONE1,True,,3.0,364.7,273.6,3.0,2.5,-26.93,-27.58,below
1151-1146,SL3,SLCONE1,True,,3.0,364.7,273.6,3.0,2.5,-26.93,-27.58,below
1154-1155,SL3,SLCONE1,True,,3.0,364.7,273.6,3.0,2.5,-26.93,-27.58,below
1224-1223,SL3,SLCONE1,True,,3.0,364.7,273.6,3.0,2.5,-26.93,-27.58,below
1235-1232,SL3,SLCONE1,True,,3.0,364.7,273.6,3.0,2.5,-26.93,-27.58,below
1241-1243,SL3,SLCONE1,True,,3.0,364.7,273.6,3.0,2.5,-26.93,-27.58,below
1247-1249,SL3,SLCONE1,True,,3.0,364.7,273.6,3.0,2.5,-26.93,-27.58,below
1289-1287,SL3,SLCONE1,True,,3.0,364.7,273.6,3.0,2.5,-26.93,-27.58,below
1297-1298,SL3,SLCONE1,True,,3.0,364.7,273.6,3.0,2.5,-26.93,-27.58,below
1339-1336,SL3,SLCONE1,True,,3.0,364.7,273.6,3.0,2.5,-26.93,-27.58,below
1346-1345,SL3,SLCONE1,True,,3.0,364.7,273.6,3.0,2.5,-26.93,-27.58,below
1384-1383,SL3,SLCONE1,True,,3.0,364.7,273.6,3.0,2.5,-26.93,-27.58,below
1394-1388,SL3,SLCONE1,True,,3.0,364.7,273.6,3.0,2.5,-26.93,-27.58,below
1399-1397,SL3,SLCONE1,True,,3.0,364.7,273.6,3.0,2.5,-26.93,-27.58,below
1402-1403,SL3,SLCONE1,True,,3.0,364.7,273.6,3.0,2.5,-26.93,-27.58,below
1004-1001,SL4,,False,364.7,3.0,,,,,-26.93,-25.88,below
1008-1011,SL4,,False,364.7,3.0,,,,,-26.93,-25.88,below
1065-1064,SL4,,False,364.7,3.0,,,,,-26.93,-25.88,below
1069-1072,SL4,,False,364.7,3.0,,,,,-26.93,-25.88,below
1089-1088,SL4,,False,364.7,3.0,,,,,-26.93,-25.88,below
1090-1093,SL4,,False,364.7,3.0,,,,,-26.93,-25.88,below
1151-1150,SL4,,False,364.7,3.0,,,,,-26.93,-25.88,below
1154-1157,SL4,,False,364.7,3.0,,,,,-26.93,-25.88,below
1224-1228,SL4,,False,364.7,3.0,,,,,-26.93,-25.88,below
1235-1233,SL4,,False,364.7,3.0,,,,,-26.93,-25.88,below
1241-1240,SL4,,False,364.7,3.0,,,,,-26.93,-25.88,below
1247-1245,SL4,,False,364.7,3.0,,,,,-26.93,-25.88,below
1289-1292,SL4,,False,364.7,3.0,,,,,-26.93,-25.88,below
1297-1295,SL4,,False,364.7,3.0,,,,,-26.93,-25.88,below
1339-1335,SL4,,False,364.7,3.0,,,,,-26.93,-25.88,below
1346-1347,SL4,,False,364.7,3.0,,,,,-26.93,-25.88,below
1384-1387,SL4,,False,364.7,3.0,,,,,-26.93,-25.88,below
1394-1389,SL4,,False,364.7,3.0,,,,,-26.93,-25.88,below
1399-1398,SL4,,False,364.7,3.0,,,,,-26.93,-25.88,below
1402-1405,SL4,,False,364.7,3.0,,,,,-26.93,-25.88,below
1002-1504,SL5,,False,278.6,5.0,,,,,-40.81,-40.5,below
1013-1503,SL5,,False,278.6,5.0,,,,,-40.81,-40.5,below
1066-1512,SL5,,False,278.6,5.0,,,,,-40.81,-40.5,below
1068-1500,SL5,,False,278.6,5.0,,,,,-40.81,-40.5,below
1083-1511,SL5,,False,278.6,5.0,,,,,-40.81,-40.5,below
1092-1516,SL5,,False,278.6,5.0,,,,,-40.809,-40.499,below
1149-1518,SL5,,False,278.6,5.0,,,,,-40.81,-40.5,below
1153-1508,SL5,,False,278.6,5.0,,,,,-40.812,-40.502,below
1225-1521,SL5,,False,278.6,5.0,,,,,-40.81,-40.5,below
1234-1514,SL5,,False,278.6,5.0,,,,,-40.81,-40.5,below
1242-1502,SL5,,False,278.6,5.0,,,,,-40.81,-40.5,below
1246-1507,SL5,,False,278.6,5.0,,,,,-40.81,-40.5,below
1293-1517,SL5,,False,278.6,5.0,,,,,-40.81,-40.5,below
1300-1520,SL5,,False,278.6,5.0,,,,,-40.81,-40.5,below
1338-1523,SL5,,False,278.6,5.0,,,,,-40.81,-40.5,below
1342-1501,SL5,,False,278.6,5.0,,,,,-40.81,-40.5,below
1382-1519,SL5,,False,278.6,5.0,,,,,-40.81,-40.5,below
1391-1522,SL5,,False,278.6,5.0,,,,,-40.81,-40.5,below
1395-1506,SL5,,False,278.6,5.0,,,,,-40.81,-40.5,below
1406-1505,SL5,,False,278.6,5.0,,,,,-40.81,-40.5,below
1524-1728,V01,HECONEA,True,,5.0,145.0,105.0,6.0,4.5,-34.402,-32.605,below
1525-1730,V01,HECONEA,True,,5.0,145.0,105.0,6.0,4.5,-34.402,-32.605,below
1499-1729,V03,HECONEC,True,,5.5,146.0,105.0,6.0,4.5,-34.32,-32.767,below
1526-1731,V03,HECONEC,True,,5.5,146.0,105.0,6.0,4.5,-34.32,-32.767,below
1584-1588,V05,VGCONEA,True,,7.5,198.0,169.0,8.0,7.5,-32.47,-31.634,below
1362-1567,HAX,,False,135.0,5.0,,,,,-35.2552,-34.385,below
1567-1569,HAX,,False,135.0,5.0,,,,,-34.385,-29.471,below
1568-2509,HAX,,False,135.0,5.0,,,,,-24.557,-23.705,below
1569-1568,HAX,,False,135.0,5.0,,,,,-29.471,-24.557,below
1045-1056,VA2,,False,113.0,3.5,,,,,-35.4652,-34.866,below
1045-1080,VA2,,False,113.0,3.5,,,,,-35.4652,-34.866,below
1056-1103,VA2,,False,113.0,3.5,,,,,-34.866,-29.495,below
1080-1104,VA2,,False,113.0,3.5,,,,,-34.866,-29.495,below
1081-2008,VA2,,False,113.0,3.5,,,,,-24.124,-23.535,below
1082-2042,VA2,,False,113.0,3.5,,,,,-24.124,-23.535,below
1103-1221,VA2,,False,113.0,3.5,,,,,-29.495,-27.104,below
1104-1106,VA2,,False,113.0,3.5,,,,,-29.495,-26.704,below
1106-1206,VA2,,False,113.0,3.5,,,,,-26.704,-26.109,below
1108-1082,VA2,,False,113.0,3.5,,,,,-24.598,-24.124,below
1115-1126,VA2,,False,113.0,3.5,,,,,-35.4653,-34.865,below
1115-1131,VA2,,False,113.0,3.5,,,,,-35.4652,-34.865,below
1121-1122,VA2,,False,113.0,3.5,,,,,-26.577,-25.675,below
1122-1198,VA2,,False,113.0,3.5,,,,,-25.675,-24.759,below
1126-1130,VA2,,False,113.0,3.5,,,,,-34.865,-29.495,below
1129-2066,VA2,,False,113.0,3.5,,,,,-24.124,-23.535,below
1130-1129,VA2,,False,113.0,3.5,,,,,-29.495,-24.124,below
1131-1134,VA2,,False,113.0,3.5,,,,,-34.865,-29.495,below
1132-2098,VA2,,False,113.0,3.5,,,,,-24.124,-23.535,below
1134-1132,VA2,,False,113.0,3.5,,,,,-29.495,-24.124,below
1198-1081,VA2,,False,113.0,3.5,,,,,-24.759,-24.124,below
1199-1108,VA2,,False,113.0,3.5,,,,,-25.193,-24.598,below
1206-1199,VA2,,False,113.0,3.5,,,,,-26.109,-25.193,below
1221-1121,VA2,,False,113.0,3.5,,,,,-27.104,-26.577,below
1268-1270,VA2,,False,113.0,3.5,,,,,-35.3618,-34.764,below
1268-1273,VA2,,False,113.0,3.5,,,,,-35.3619,-34.764,below
1270-1276,VA2,,False,113.0,3.5,,,,,-34.764,-29.44,below
1272-2138,VA2,,False,113.0,3.5,,,,,-24.115,-23.528,below
1273-1277,VA2,,False,113.0,3.5,,,,,-34.764,-29.44,below
1274-2175,VA2,,False,113.0,3.5,,,,,-24.115,-23.528,below
1276-1272,VA2,,False,113.0,3.5,,,,,-29.44,-24.115,below
1277-1274,VA2,,False,113.0,3.5,,,,,-29.44,-24.115,below
1200-1204,VBR,,False,102.0,3.0,,,,,-34.99,-29.468,below
1201-2501,VBR,,False,102.0,3.0,,,,,-23.945,-23.415,below
1202-1205,VBR,,False,102.0,3.0,,,,,-34.99,-29.468,below
1203-2516,VBR,,False,102.0,3.0,,,,,-23.945,-23.415,below
1204-2199,VBR,,False,102.0,3.0,,,,,-29.468,-28.504,below
1205-2206,VAE,,False,104.0,4.0,,,,,-29.468,-28.504,below
1209-2205,VBR,,False,102.0,3.0,,,,,-27.733,-27.505,below
1217-1201,VBR,,False,102.0,3.0,,,,,-26.977,-23.945,below
1220-1203,VBR,,False,102.0,3.0,,,,,-26.977,-23.945,below
1252-2569,VBR,,False,102.0,3.0,,,,,-15.577,-15.016,below
1253-2561,VBR,,False,102.0,3.0,,,,,-15.563,-15.002,below
1255-2563,VBR,,False,102.0,3.0,,,,,-9.773,-9.202,below
1515-1200,VBR,,False,102.0,3.0,,,,,-35.5345,-34.99,below
1515-1202,VBR,,False,102.0,3.0,,,,,-35.5345,-34.99,below
2014-2020,VBX,,False,102.0,3.0,,,,,-20.048,-14.0,below
2015-3001,VBX,,False,102.0,3.0,,,,,-7.952,-7.415,below
2020-2015,VBX,,False,102.0,3.0,,,,,-14.0,-7.952,below
2027-3037,VBY,,False,102.0,3.0,,,,,-7.952,-7.415,below
2028-2029,VBY,,False,102.0,3.0,,,,,-20.048,-14.0,below
2029-2027,VBY,,False,102.0,3.0,,,,,-14.0,-7.952,below
2066-2014,VBX,,False,102.0,3.0,,,,,-20.5843,-20.048,below
2098-2028,VBY,,False,102.0,3.0,,,,,-20.5843,-20.048,below
2199-2200,VBR,,False,102.0,3.0,,,,,-28.504,-27.505,below
2200-1217,VBR,,False,102.0,3.0,,,,,-27.505,-26.977,below
2205-1220,VBR,,False,102.0,3.0,,,,,-27.505,-26.977,below
2206-1209,VAE,,False,104.0,4.0,,,,,-28.504,-27.733,below
2501-2544,VBR,,False,102.0,3.0,,,,,-20.5688,-20.001,below
2509-2564,VAC,,False,107.0,3.0,,,,,-20.4463,-19.78,below
2516-2560,VBR,,False,102.0,3.0,,,,,-20.5687,-20.001,below
2527-2552,VBR,,False,102.0,3.0,,,,,-11.711,-11.14,below
2532-1255,VBR,,False,102.0,3.0,,,,,-10.334,-9.773,below
2544-2556,VBR,,False,102.0,3.0,,,,,-20.001,-17.508,below
2545-3575,VBR,,False,102.0,3.0,,,,,-8.101,-7.531,below
2552-2559,VBR,,False,102.0,3.0,,,,,-11.14,-9.62,below
2556-1252,VBR,,False,102.0,3.0,,,,,-17.508,-15.577,below
2559-2545,VBR,,False,102.0,3.0,,,,,-9.62,-8.101,below
2560-2567,VBR,,False,102.0,3.0,,,,,-20.001,-17.407,below
2561-2528,VBR,,False,102.0,3.0,,,,,-15.002,-14.24,below
2562-3575,VBR,,False,102.0,3.0,,,,,-8.071,-7.531,below
2563-2562,VBR,,False,102.0,3.0,,,,,-9.202,-8.071,below
2564-2566,VAC,,False,107.0,3.0,,,,,-19.78,-14.036,below
2565-3170,VAC,,False,107.0,3.0,,,,,-8.292,-7.693,below
2566-2565,VAC,,False,107.0,3.0,,,,,-14.036,-8.292,below
2567-1253,VBR,,False,102.0,3.0,,,,,-17.407,-15.563,below
2569-2524,VBR,,False,102.0,3.0,,,,,-15.016,-14.339,below
3559-3555,VBZ,,False,102.0,3.0,,,,,10.829,8.233,above
3616-3548,HZ2,,False,111.0,3.0,,,,,10.783,8.184,in
4500-3616,HZ3,,False,111.0,3.0,,,,,11.42,10.783,above
4521-3559,VBZ,,False,102.0,3.0,,,,,11.479,10.829,above
2008-2058,VAA,,False,118.0,3.5,,,,,-20.4197,-19.88,below
2017-2079,VBD,,False,103.0,3.5,,,,,-16.588,-13.972,below
2038-2140,VBD,,False,103.0,3.5,,,,,-17.126,-13.992,below
2042-2147,VAB,,False,108.0,3.5,,,,,-20.4778,-19.919,below
2066-2096,VBD,,False,103.0,3.5,,,,,-20.5073,-19.929,below
2079-2082,VBD,,False,103.0,3.5,,,,,-13.972,-8.063,below
2082-3019,VBD,,False,103.0,3.5,,,,,-8.063,-7.51,below
2085-3019,VBD,,False,103.0,3.5,,,,,-8.066,-7.511,below
2096-2102,VBD,,False,103.0,3.5,,,,,-19.929,-13.979,below
2098-2101,VBD,,False,103.0,3.5,,,,,-20.5073,-19.928,below
2100-3067,VBD,,False,103.0,3.5,,,,,-8.013,-7.436999999999999,below
2101-2105,VBD,,False,103.0,3.5,,,,,-19.928,-13.971,below
2102-2099,VBD,,False,103.0,3.5,,,,,-13.979,-8.029,below
2105-2100,VBD,,False,103.0,3.5,,,,,-13.971,-8.013,below
2138-2284,VBD,,False,103.0,3.5,,,,,-20.513,-19.936,below
2140-2085,VBD,,False,103.0,3.5,,,,,-13.992,-8.066,below
2141-2149,VBD,,False,103.0,3.5,,,,,-18.681,-17.685,below
2149-2038,VBD,,False,103.0,3.5,,,,,-17.685,-17.126,below
2171-2017,VBD,,False,103.0,3.5,,,,,-17.145,-16.588,below
2175-2286,VBD,,False,103.0,3.5,,,,,-20.513,-19.938,below
2178-2171,VBD,,False,103.0,3.5,,,,,-18.124,-17.145,below
2180-2178,VBD,,False,103.0,3.5,,,,,-19.118,-18.124,below
2284-2288,VBD,,False,103.0,3.5,,,,,-19.936,-14.014,below
2285-3092,VBD,,False,103.0,3.5,,,,,-8.092,-7.536,below
2286-2289,VBD,,False,103.0,3.5,,,,,-19.938,-14.032,below
2287-3092,VBD,,False,103.0,3.5,,,,,-8.125,-7.585,below
2288-2285,VBD,,False,103.0,3.5,,,,,-14.014,-8.092,below
2289-2287,VBD,,False,103.0,3.5,,,,,-14.032,-8.125,below
3067-2099,VBD,,False,103.0,3.5,,,,,-7.462,-8.029,below
1210-1213,VBF,,False,105.0,4.5,,,,,-29.35,-28.523,below
1211-1214,VBF,,False,105.0,4.5,,,,,-29.35,-28.523,below
1213-1215,VBF,,False,105.0,4.5,,,,,-28.523,-24.631,below
1214-1216,VBF,,False,105.0,4.5,,,,,-28.523,-24.631,below
1215-2228,VBF,,False,105.0,4.5,,,,,-24.631,-23.804,below
1216-2202,VBF,,False,105.0,4.5,,,,,-24.631,-23.804,below
1435-1210,VBF,,False,105.0,4.5,,,,,-30.766,-29.35,below
1436-1435,VBF,,False,105.0,4.5,,,,,-31.925,-30.766,below
1457-1458,VBF,,False,105.0,4.5,,,,,-31.925,-30.765,below
1458-1211,VBF,,False,105.0,4.5,,,,,-30.765,-29.35,below
1460-1678,VBF,,False,105.0,4.5,,,,,-31.975,-29.063,below
1469-1680,VBF,,False,105.0,4.5,,,,,-31.974,-29.066,below
1678-1679,VBF,,False,105.0,4.5,,,,,-29.063,-27.899,below
1679-1682,VBF,,False,105.0,4.5,,,,,-27.899,-27.079,below
1680-1681,VBF,,False,105.0,4.5,,,,,-29.066,-27.898,below
1681-1683,VBF,,False,105.0,4.5,,,,,-27.898,-27.08144,below
1682-2216,VBF,,False,105.0,4.5,,,,,-27.079,-23.769,below
1683-2216,VBF,,False,105.0,4.5,,,,,-27.078,-23.769,below
1728-1460,VBF,,False,105.0,4.5,,,,,-32.605,-31.975,below
1729-1457,VBF,,False,105.0,4.5,,,,,-32.767,-31.925,below
1730-1469,VBF,,False,105.0,4.5,,,,,-32.605,-31.974,below
1731-1436,VBF,,False,105.0,4.5,,,,,-32.767,-31.925,below
2524-2568,VBG,,False,106.0,5.0,,,,,-14.339,-13.66,below
2528-2529,VBG,,False,106.0,5.0,,,,,-14.24,-13.643,below
2529-2530,VBG,,False,106.0,5.0,,,,,-13.643,-12.285,below
2530-2531,VBG,,False,106.0,5.0,,,,,-12.285,-10.929,below
2531-2532,VBG,,False,106.0,5.0,,,,,-10.929,-10.334,below
2551-2527,VBG,,False,106.0,5.0,,,,,-12.305,-11.711,below
2568-2551,VBG,,False,106.0,5.0,,,,,-13.66,-12.305,below
3117-3621,VCZ,,False,112.0,3.0,,,,,8.221,10.516,above
3210-3618,VCZ,,False,112.0,3.0,,,,,10.692,8.246,above
3213-3617,VCZ,,False,112.0,3.0,,,,,10.693,8.252,above
3654-3605,VCZ,,False,112.0,3.0,,,,,8.218,10.516,above
4270-3621,VCZ,,False,112.0,3.0,,,,,11.242,10.516,above
4283-3605,VCZ,,False,112.0,3.0,,,,,11.242,10.516,above
4689-3210,VCZ,,False,112.0,3.0,,,,,11.415,10.692,above
4704-3213,VCZ,,False,112.0,3.0,,,,,11.415,10.693,above
2202-2214,VCG,,False,116.0,5.0,,,,,-20.4327,-19.797,below
2214-3254,VCG,,False,116.0,5.0,,,,,-19.797,-16.533,below
2217-3170,VCG,,False,116.0,5.0,,,,,-8.447,-7.816,below
2220-3250,VCG,,False,116.0,5.0,,,,,-19.797,-16.533,below
2221-3170,VCG,,False,116.0,5.0,,,,,-8.447,-7.816,below
2224-2242,VCG,,False,116.0,5.0,,,,,-12.818,-11.582,below
2228-2220,VCG,,False,116.0,5.0,,,,,-20.4327,-19.797,below
2230-2238,VCG,,False,116.0,5.0,,,,,-15.98,-14.85,below
2238-2239,VCG,,False,116.0,5.0,,,,,-14.85,-13.864,below
2239-2224,VCG,,False,116.0,5.0,,,,,-13.864,-12.818,below
2242-2249,VCG,,False,116.0,5.0,,,,,-11.582,-10.566,below
2249-2260,VCG,,False,116.0,5.0,,,,,-10.566,-9.518,below
2260-2217,VCG,,False,116.0,5.0,,,,,-9.518,-8.447,below
2261-2221,VCG,,False,116.0,5.0,,,,,-9.518,-8.447,below
2262-2261,VCG,,False,116.0,5.0,,,,,-10.566,-9.518,below
2263-2262,VCG,,False,116.0,5.0,,,,,-11.582,-10.566,below
2264-2263,VCG,,False,116.0,5.0,,,,,-12.818,-11.582,below
2265-2264,VCG,,False,116.0,5.0,,,,,-13.864,-12.818,below
2266-2265,VCG,,False,116.0,5.0,,,,,-14.85,-13.864,below
2267-2266,VCG,,False,116.0,5.0,,,,,-15.98,-14.85,below
3250-2267,VCG,,False,116.0,5.0,,,,,-16.533,-15.98,below
3254-2230,VCG,,False,116.0,5.0,,,,,-16.533,-15.98,below
1019-1025,HDC,,False,122.0,3.0,,,,,-34.425,-28.968,below
1020-1026,HDC,,False,122.0,3.0,,,,,-34.425,-28.968,below
1021-2548,H02,,False,123.0,3.5,,,,,-23.509,-22.67,below
1023-2548,H02,,False,123.0,3.5,,,,,-23.509,-22.67,below
1025-1021,HDC,,False,122.0,3.0,,,,,-28.968,-23.509,below
1026-1023,HDC,,False,122.0,3.0,,,,,-28.968,-23.509,below
1040-2546,H02,,False,123.0,3.5,,,,,-23.509,-22.67,below
1041-1077,HDC,,False,122.0,3.0,,,,,-34.425,-28.968,below
1046-1078,HDC,,False,122.0,3.0,,,,,-34.425,-28.968,below
1047-2546,H02,,False,123.0,3.5,,,,,-23.509,-22.67,below
1077-1040,HDC,,False,122.0,3.0,,,,,-28.968,-23.509,below
1078-1047,HDC,,False,122.0,3.0,,,,,-28.968,-23.509,below
1102-1019,H02,,False,123.0,3.5,,,,,-35.2846,-34.425,below
1112-1278,H02,,False,123.0,3.5,,,,,-34.54043,-33.732,below
1125-1041,H02,,False,123.0,3.5,,,,,-35.2846,-34.425,below
1258-1020,H02,,False,123.0,3.5,,,,,-35.2846,-34.425,below
1278-1302,HDC,,False,122.0,3.0,,,,,-33.732,-28.601,below
1281-1306,HDC,,False,122.0,3.0,,,,,-33.728,-28.599,below
1283-2547,H02,,False,123.0,3.5,,,,,-23.47,-22.665,below
1285-2547,H02,,False,123.0,3.5,,,,,-23.469,-22.665,below
1286-1046,H02,,False,123.0,3.5,,,,,-35.2846,-34.425,below
1302-1283,HDC,,False,122.0,3.0,,,,,-28.601,-23.47,below
1306-1285,HDC,,False,122.0,3.0,,,,,-28.599,-23.469,below
1326-2032,HDC,,False,122.0,3.0,,,,,-10.708,-8.526,below
1558-1281,H02,,False,123.0,3.5,,,,,-34.536030000000004,-33.728,below
2006-3151,H02,,False,123.0,3.5,,,,,-8.526,-7.705,below
2011-2035,HDC,,False,122.0,3.0,,,,,-19.535,-19.222,below
2013-2182,H02,,False,123.0,3.5,,,,,-14.03,-13.221,below
2032-3193,H02,,False,123.0,3.5,,,,,-8.526,-7.705,below
2033-2170,H02,,False,123.0,3.5,,,,,-19.535,-17.91,below
2035-2173,H02,,False,123.0,3.5,,,,,-19.222,-17.909,below
2166-1326,H02,,False,123.0,3.5,,,,,-11.723,-10.708,below
2167-2166,H02,,False,123.0,3.5,,,,,-13.221,-11.723,below
2168-2167,H02,,False,123.0,3.5,,,,,-14.715,-13.221,below
2169-2168,H02,,False,123.0,3.5,,,,,-16.418,-14.715,below
2170-2169,H02,,False,123.0,3.5,,,,,-17.91,-16.418,below
2173-2179,H02,,False,123.0,3.5,,,,,-17.909,-16.418,below
2179-2181,H02,,False,123.0,3.5,,,,,-16.418,-14.715,below
2181-2013,H02,,False,123.0,3.5,,,,,-14.715,-14.03,below
2182-2183,H02,,False,123.0,3.5,,,,,-13.221,-11.723,below
2183-2006,H02,,False,123.0,3.5,,,,,-11.723,-8.526,below
2501-2011,H02,,False,123.0,3.5,,,,,-20.349,-19.535,below
2516-2033,H02,,False,123.0,3.5,,,,,-20.3491,-19.535,below
3201-3576,HD1,,False,124.0,4.0,,,,,10.294,11.216,above
3580-3653,HDE,,False,124.0,4.0,,,,,8.2,9.126,in
3653-3201,HD1,,False,124.0,4.0,,,,,9.126,10.294,above
2003-2012,HEC,,False,132.0,3.5,,,,,-19.598,-13.977,below
2004-3085,HEC,,False,132.0,3.5,,,,,-8.354,-7.614,below
2012-2004,HEC,,False,132.0,3.5,,,,,-13.977,-8.354,below
2030-2034,HEC,,False,132.0,3.5,,,,,-19.599,-13.977,below
2031-3104,HEC,,False,132.0,3.5,,,,,-8.354,-7.614,below
2034-2031,HEC,,False,132.0,3.5,,,,,-13.977,-8.354,below
2501-2003,HEC,,False,132.0,3.5,,,,,-20.3407,-19.598,below
2516-2030,HEC,,False,132.0,3.5,,,,,-20.3409,-19.599,below
3029-4283,HE0,,False,132.0,3.5,,,,,10.514,11.314,above
3632-3029,HE0,,False,132.0,3.5,,,,,8.201,10.514,above
2018-4270,HE2,,False,133.0,4.0,,,,,10.503,11.308,above
2024-4500,HE2,,False,133.0,4.0,,,,,10.405,11.268,above
3032-4521,HE2,,False,133.0,4.0,,,,,10.405,11.269,above
3630-2018,HE2,,False,133.0,4.0,,,,,8.201,10.503,above
3631-2024,HE2,,False,133.0,4.0,,,,,8.202,10.405,above
3634-3032,HE1,,False,133.0,4.0,,,,,8.2,10.405,in
1359-1499,VFH,,False,147.0,6.0,,,,,-35.955,-34.32,below
1359-1524,VFH,,False,147.0,6.0,,,,,-35.955,-34.402,below
1369-1525,VFH,,False,147.0,6.0,,,,,-35.955,-34.402,below
1369-1526,VFH,,False,147.0,6.0,,,,,-35.955,-34.32,below
1000-1017,VGH,,False,157.0,6.0,,,,,-34.387,-29.419,below
1015-2066,VGH,,False,157.0,6.0,,,,,-24.452,-23.707,below
1017-1015,VGH,,False,157.0,6.0,,,,,-29.419,-24.452,below
1034-1079,VGH,,False,157.0,6.0,,,,,-34.387,-29.418,below
1036-2098,VGH,,False,157.0,6.0,,,,,-24.45,-23.707,below
1079-1036,VGH,,False,157.0,6.0,,,,,-29.418,-24.45,below
1029-1000,VGJ,,False,159.0,7.0,,,,,-35.1523,-34.387,below
1052-1034,VGJ,,False,159.0,7.0,,,,,-35.1522,-34.387,below
1037-1207,VHJ,,False,169.0,7.5,,,,,-24.96,-26.053,below
1207-1039,VHJ,,False,169.0,7.5,,,,,-26.053,-28.297,below
1588-1039,VHJ,,False,169.0,7.5,,,,,-31.634,-28.297,below
2501-1037,VHJ,,False,169.0,7.5,,,,,-23.902,-24.96,below
1074-1208,VIG,,False,176.0,6.0,,,,,-25.094,-26.135,below
1076-1057,VIG,,False,176.0,6.0,,,,,-29.462,-33.83,below
1208-1076,VIG,,False,176.0,6.0,,,,,-26.135,-29.462,below
1027-1032,VII,,False,178.0,7.0,,,,,-34.147,-29.479,below
1028-2501,VII,,False,178.0,7.0,,,,,-24.811,-23.898,below
1032-1028,VII,,False,178.0,7.0,,,,,-29.479,-24.811,below
1049-1075,VII,,False,178.0,7.0,,,,,-24.811,-29.479,below
1049-2516,VII,,False,178.0,7.0,,,,,-24.811,-23.898,below
1075-1048,VII,,False,178.0,7.0,,,,,-29.479,-34.148,below
1074-2516,VIJ,,False,179.0,7.5,,,,,-25.094,-23.97,below
1377-1057,VIJ,,False,179.0,7.5,,,,,-34.9748,-33.83,below
1258-1027,VIK,,False,180.0,8.0,,,,,-35.0813,-34.147,below
1286-1048,VIK,,False,180.0,8.0,,,,,-35.0814,-34.148,below
1038-1348,VKJ,,False,199.0,8.0,,,,,-33.584,-34.849199999999996,below
1584-1038,VKJ,,False,199.0,8.0,,,,,-32.47,-33.584,below
BL29-BL31,WB0,,False,20.0,8.0,,,,,-4.25,-4.15,in
BL30-BL32,WB0,,False,20.0,8.0,,,,,-4.25,-4.15,in
BL49-BL51,WB0,,False,20.0,8.0,,,,,-0.75,-0.65,in
BL50-BL52,WB0,,False,20.0,8.0,,,,,-0.75,-0.65,in
G032-K143,WB0,,False,20.0,8.0,,,,,4.322,4.47358,in
G041-K166,WB0,,False,20.0,8.0,,,,,1.581,1.73262,in
G062-K185,WBX,,False,20.0,8.0,,,,,-6.0,-5.8476,below
G065-K192,WBX,,False,20.0,8.0,,,,,-6.0,-5.8476,below
G068-K195,WBX,,False,20.0,8.0,,,,,-6.0,-5.8476,below
G071-K196,WBX,,False,20.0,8.0,,,,,-6.0,-5.8476,below
G074-K201,WBX,,False,20.0,8.0,,,,,-6.0,-5.8476,below
G077-K202,WBX,,False,20.0,8.0,,,,,-6.0,-5.8476,below
G080-K203,WBX,,False,20.0,8.0,,,,,-6.0,-5.8476,below
G083-K204,WBX,,False,20.0,8.0,,,,,-6.0,-5.8476,below
G086-K213,WB1,,False,20.0,8.0,,,,,9.382,9.5344,above
G089-K216,WB0,,False,20.0,8.0,,,,,8.169,8.3214,in
G092-K236,WB0,,False,20.0,8.0,,,,,6.924,7.076090000000001,in
G095-K234,WB0,,False,20.0,8.0,,,,,-2.118,-1.9664199999999998,in
G098-K231,WB0,,False,20.0,8.0,,,,,-0.884,-0.73243,in
G101-K228,WB0,,False,20.0,8.0,,,,,0.348,0.5000899999999999,in
G104-K227,WBX,,False,20.0,8.0,,,,,-15.978,-15.8256,below
G107-K232,WBX,,False,20.0,8.0,,,,,-14.847,-14.6946,below
G110-K237,WBX,,False,20.0,8.0,,,,,-13.861,-13.7086,below
G113-K240,WBX,,False,20.0,8.0,,,,,-12.814,-12.6616,below
G116-K241,WBX,,False,20.0,8.0,,,,,-11.578,-11.4256,below
G119-K242,WBX,,False,20.0,8.0,,,,,-10.561,-10.4086,below
G122-K243,WBX,,False,20.0,8.0,,,,,-9.512,-9.3596,below
G125-K252,WBX,,False,20.0,8.0,,,,,-9.512,-9.3596,below
G128-K253,WBX,,False,20.0,8.0,,,,,-10.561,-10.4086,below
G131-K254,WBX,,False,20.0,8.0,,,,,-11.578,-11.4256,below
G134-K255,WBX,,False,20.0,8.0,,,,,-12.814,-12.6616,below
G137-K256,WBX,,False,20.0,8.0,,,,,-13.861,-13.7086,below
G140-K257,WBX,,False,20.0,8.0,,,,,-14.847,-14.6946,below
G143-K258,WBX,,False,20.0,8.0,,,,,-15.978,-15.8256,below
G155-K273,WBX,,False,20.0,8.0,,,,,-22.0,-21.8476,below
G156-K274,WBX,,False,20.0,8.0,,,,,-22.0,-21.8476,below
G157-K275,WBX,,False,20.0,8.0,,,,,-22.0,-21.8476,below
G158-K276,WBX,,False,20.0,8.0,,,,,-22.0,-21.8476,below
G159-K277,WBX,,False,20.0,8.0,,,,,-22.0,-21.8476,below
G170-K288,WBX,,False,20.0,8.0,,,,,-11.724,-11.5716,below
G171-K289,WBX,,False,20.0,8.0,,,,,-13.223,-13.0706,below
G172-K290,WBX,,False,20.0,8.0,,,,,-14.718,-14.5656,below
G173-K291,WBX,,False,20.0,8.0,,,,,-16.423,-16.270599999999998,below
G174-K292,WBX,,False,20.0,8.0,,,,,-17.916,-17.7636,below
G259-J375,WB0,,False,20.0,8.0,,,,,8.022,8.1744,in
G262-K663,WB0,,False,20.0,8.0,,,,,2.607,2.75809,in
G266-J483,WB0,,False,20.0,8.0,,,,,6.359,6.5114,in
G269-K654,WB0,,False,20.0,8.0,,,,,5.93,6.0824,in
G273-K666,WB0,,False,20.0,8.0,,,,,2.712,2.8630600000000004,in
G274-K655,WB0,,False,20.0,8.0,,,,,0.948,1.09899,in
G278-K669,WB0,,False,20.0,8.0,,,,,-1.107,-0.95596,in
G281-K671,WB0,,False,20.0,8.0,,,,,0.642,0.7931,in
G284-J372,WBX,,False,20.0,8.0,,,,,-6.0,-5.8476,below
G287-J477,WBX,,False,20.0,8.0,,,,,-6.0,-5.8476,below
G291-K430,WBX,,False,20.0,8.0,,,,,-6.0,-5.8476,below
G292-K431,WBX,,False,20.0,8.0,,,,,-6.0,-5.8476,below
G296-K437,WBX,,False,20.0,8.0,,,,,-6.0,-5.8476,below
G299-K438,WBX,,False,20.0,8.0,,,,,-6.0,-5.8476,below
G302-K439,WBX,,False,20.0,8.0,,,,,-6.0,-5.8476,below
G305-K467,WBX,,False,20.0,8.0,,,,,-26.577,-26.4246,below
G308-K468,WBX,,False,20.0,8.0,,,,,-25.675,-25.5226,below
G311-K472,WBX,,False,20.0,8.0,,,,,-24.759,-24.6066,below
G314-K461,WBX,,False,20.0,8.0,,,,,-17.183,-17.0306,below
G317-K463,WBX,,False,20.0,8.0,,,,,-18.169,-18.0166,below
G320-K464,WBX,,False,20.0,8.0,,,,,-19.169,-19.0166,below
G323-K476,WB0,,False,20.0,8.0,,,,,7.366,7.5184,in
G326-K481,WB0,,False,20.0,8.0,,,,,4.733,4.8854,in
G329-K483,WB0,,False,20.0,8.0,,,,,3.088,3.2404,in
G332-K484,WB0,,False,20.0,8.0,,,,,1.444,1.5964,in
G335-K405,WBX,,False,20.0,8.0,,,,,-14.974,-14.8216,below
G338-K406,WBX,,False,20.0,8.0,,,,,-13.607,-13.4546,below
G341-K407,WBX,,False,20.0,8.0,,,,,-12.24,-12.0876,below
G344-K402,WBX,,False,20.0,8.0,,,,,-6.0,-5.8476,below
G347-K403,WBX,,False,20.0,8.0,,,,,-6.0,-5.8476,below
G350-K404,WBX,,False,20.0,8.0,,,,,-6.0,-5.8476,below
G353-K506,WBX,,False,20.0,8.0,,,,,-12.303,-12.1506,below
G355-K507,WBX,,False,20.0,8.0,,,,,-13.66,-13.5076,below
G358-K508,WBX,,False,20.0,8.0,,,,,-15.017,-14.8646,below
G362-K509,WBX,,False,20.0,8.0,,,,,-6.0,-5.8476,below
G365-K510,WBX,,False,20.0,8.0,,,,,-6.0,-5.8476,below
G368-K511,WBX,,False,20.0,8.0,,,,,-6.0,-5.8476,below
G371-K524,WB0,,False,20.0,8.0,,,,,1.5110000000000001,1.6634000000000002,in
G373-K525,WB0,,False,20.0,8.0,,,,,3.145,3.2974,in
G376-K526,WB0,,False,20.0,8.0,,,,,4.779,4.9314,in
G380-K541,WB0,,False,20.0,8.0,,,,,0.948,1.09899,in
G383-K540,WB0,,False,20.0,8.0,,,,,5.915,6.0674,in
G386-K550,WBX,,False,20.0,8.0,,,,,-6.0,-5.8476,below
G389-K551,WBX,,False,20.0,8.0,,,,,-6.0,-5.8476,below
G392-K552,WBX,,False,20.0,8.0,,,,,-6.0,-5.8476,below
G395-K553,WBX,,False,20.0,8.0,,,,,-6.0,-5.8476,below
G398-K554,WBX,,False,20.0,8.0,,,,,-6.0,-5.8476,below
G402-K555,WB0,,False,20.0,8.0,,,,,8.022,8.1744,in
G405-K563,WB0,,False,20.0,8.0,,,,,6.359,6.5114,in
G407-K578,WB0,,False,20.0,8.0,,,,,4.416,4.56831,in
G431-K613,WBX,,False,20.0,8.0,,,,,-34.623,-34.5468,below
G443-J574,WBX,,False,20.0,8.0,,,,,-6.0,-5.8476,below
G446-K415,WBX,,False,20.0,8.0,,,,,-6.0,-5.8476,below
G449-K660,WBX,,False,20.0,8.0,,,,,-6.0,-5.8476,below
G452-J369,WBX,,False,20.0,8.0,,,,,-17.916,-17.7636,below
G455-J471,WBX,,False,20.0,8.0,,,,,-16.423,-16.270599999999998,below
G458-J568,WBX,,False,20.0,8.0,,,,,-14.718,-14.5656,below
G461-K399,WBX,,False,20.0,8.0,,,,,-13.223,-13.0706,below
G464-K651,WBX,,False,20.0,8.0,,,,,-11.724,-11.5716,below
G467-J366,WBX,,False,20.0,8.0,,,,,-22.0,-21.8476,below
G470-J465,WBX,,False,20.0,8.0,,,,,-22.0,-21.8476,below
G473-J562,WBX,,False,20.0,8.0,,,,,-22.0,-21.8476,below
G476-K396,WBX,,False,20.0,8.0,,,,,-22.0,-21.8476,below
G479-K648,WBX,,False,20.0,8.0,,,,,-22.0,-21.8476,below
G482-K675,WBX,,False,20.0,8.0,,,,,-26.046,-25.8936,below
G485-K678,WB0,,False,20.0,8.0,,,,,0.638,0.7891,in
G488-K681,WB0,,False,20.0,8.0,,,,,-1.11,-0.9589200000000001,in
G491-K684,WB0,,False,20.0,8.0,,,,,2.712,2.8630600000000004,in
G494-K687,WBX,,False,20.0,8.0,,,,,-26.13,-25.9776,below
G521-K400,WBX,,False,20.0,8.0,,,,,-35.12,-35.012139999999995,below
G550-K544,WBX,,False,20.0,8.0,,,,,-26.811,-26.70305,below
G556-K469,WBX,,False,20.0,8.0,,,,,-27.58,-27.50377,below
J086-G410,WB0,,False,20.0,8.0,,,,,-1.15,-0.9997699999999999,in
J088-G414,WB0,,False,20.0,8.0,,,,,-0.305,-0.15259999999999999,in
J737-G003,WB0,,False,20.0,8.0,,,,,4.322,4.47359,in
J738-G022,WB0,,False,20.0,8.0,,,,,5.328,5.47947,in
J744-G028,WB0,,False,20.0,8.0,,,,,4.322,4.47359,in
J746-G008,WB0,,False,20.0,8.0,,,,,4.327,4.47858,in
J845-G176,WBX,,False,20.0,8.0,,,,,-22.0,-21.8476,below
K137-G014,WBX,,False,20.0,8.0,,,,,-17.695,-17.5426,below
K139-G017,WBX,,False,20.0,8.0,,,,,-18.695,-18.5426,below
K144-G035,WB0,,False,20.0,8.0,,,,,5.611,5.76262,in
K145-G004,WB0,,False,20.0,8.0,,,,,5.179,5.33047,in
K147-G001,WBX,,False,20.0,8.0,,,,,-26.109,-25.9566,below
K148-G002,WBX,,False,20.0,8.0,,,,,-25.193,-25.0406,below
K157-G020,WB0,,False,20.0,8.0,,,,,-2.208,-2.05575,in
K165-G038,WB0,,False,20.0,8.0,,,,,5.61,5.761620000000001,in
K171-G047,WB0,,False,20.0,8.0,,,,,0.22,0.37209000000000003,in
K172-G053,WB0,,False,20.0,8.0,,,,,-0.98,-0.82843,in
K173-G050,WB0,,False,20.0,8.0,,,,,8.169,8.3214,in
K174-G044,WB0,,False,20.0,8.0,,,,,6.925,7.07709,in
K181-G059,WB0,,False,20.0,8.0,,,,,-2.18,-2.02842,in
K184-G056,WB1,,False,20.0,8.0,,,,,9.382,9.5344,above
K303-G179,WBX,,False,20.0,8.0,,,,,-22.0,-21.8476,below
K304-G182,WBX,,False,20.0,8.0,,,,,-22.0,-21.8476,below
K305-G185,WBX,,False,20.0,8.0,,,,,-22.0,-21.8476,below
K306-G188,WBX,,False,20.0,8.0,,,,,-22.0,-21.8476,below
K317-G191,WBX,,False,20.0,8.0,,,,,-22.0,-21.8476,below
K318-G194,WBX,,False,20.0,8.0,,,,,-22.0,-22.1524,below
K319-G197,WBX,,False,20.0,8.0,,,,,-22.0,-22.1524,below
K320-G200,WBX,,False,20.0,8.0,,,,,-22.0,-22.1524,below
K321-G203,WBX,,False,20.0,8.0,,,,,-22.0,-22.1524,below
K332-G206,WBX,,False,20.0,8.0,,,,,-34.637,-34.52924,below
K333-G208,WBX,,False,20.0,8.0,,,,,-35.527,-35.4508,below
K336-G211,WBX,,False,20.0,8.0,,,,,-35.556,-35.479789999999994,below
K341-G214,WBX,,False,20.0,8.0,,,,,-35.588,-35.5118,below
K344-G220,WBX,,False,20.0,8.0,,,,,-34.892,-34.78423,below
K347-G217,WBX,,False,20.0,8.0,,,,,-35.659,-35.5828,below
K348-G218,WBX,,False,20.0,8.0,,,,,-35.667,-35.5908,below
K353-G227,WBX,,False,20.0,8.0,,,,,-35.666,-35.5898,below
K354-G230,WBX,,False,20.0,8.0,,,,,-35.649,-35.5728,below
K364-G236,WBX,,False,20.0,8.0,,,,,-35.503,-35.4268,below
K365-G238,WBX,,False,20.0,8.0,,,,,-35.461,-35.384789999999995,below
K366-G241,WBX,,False,20.0,8.0,,,,,-35.39,-35.3138,below
K374-G245,WBX,,False,20.0,8.0,,,,,-34.637,-34.52924,below
K375-G254,WBX,,False,20.0,8.0,,,,,-20.506,-20.3536,below
K379-G257,WBX,,False,20.0,8.0,,,,,-20.506,-20.3536,below
K380-G251,WBX,,False,20.0,8.0,,,,,-27.801,-27.69324,below
K381-G248,WBX,,False,20.0,8.0,,,,,-27.801,-27.69324,below
K428-G524,WBX,,False,20.0,8.0,,,,,-36.023,-35.946810000000006,below
K432-G527,WBX,,False,20.0,8.0,,,,,-36.051,-35.9748,below
K450-G544,WBX,,False,20.0,8.0,,,,,-22.0,-21.8476,below
K462-G497,WBX,,False,20.0,8.0,,,,,-35.12,-35.01224,below
K466-GD07,WBX,,False,20.0,8.0,,,,,-22.0,-21.8476,below
K471-G500,WBX,,False,20.0,8.0,,,,,-36.029,-35.95281000000001,below
K485-G530,WBX,,False,20.0,8.0,,,,,-36.057,-35.9808,below
K486-G533,WBX,,False,20.0,8.0,,,,,-36.047,-35.9708,below
K488-G536,WBX,,False,20.0,8.0,,,,,-34.586,-34.5098,below
K489-G539,WBX,,False,20.0,8.0,,,,,-34.599,-34.5228,below
K494-G542,WBX,,False,20.0,8.0,,,,,-34.607,-34.5308,below
K546-G552,WBX,,False,20.0,8.0,,,,,-27.022,-26.91426,below
K561-G559,WBX,,False,20.0,8.0,,,,,-27.58,-27.50377,below
K574-G503,WBX,,False,20.0,8.0,,,,,-36.052,-35.9758,below
K591-G418,WB0,,False,20.0,8.0,,,,,-1.65,-1.49905,in
K593-G506,WBX,,False,20.0,8.0,,,,,-36.057,-35.9808,below
K594-G421,WB0,,False,20.0,8.0,,,,,-2.7,-2.5476,in
K602-G412,WB1,,False,20.0,8.0,,,,,9.79,9.942369999999999,above
K605-G424,WB1,,False,20.0,8.0,,,,,9.72,9.872250000000001,above
K610-G428,WBX,,False,20.0,8.0,,,,,-36.054,-35.9778,below
K616-G434,WBX,,False,20.0,8.0,,,,,-36.006,-35.9298,below
K618-G436,WBX,,False,20.0,8.0,,,,,-34.692,-34.6158,below
K621-G440,WBX,,False,20.0,8.0,,,,,-36.054,-35.9778,below
K635-G509,WBX,,False,20.0,8.0,,,,,-36.049,-35.9728,below
K637-G512,WBX,,False,20.0,8.0,,,,,-34.582,-34.5058,below
K693-G515,WBX,,False,20.0,8.0,,,,,-34.599,-34.5228,below
K694-G518,WBX,,False,20.0,8.0,,,,,-34.607,-34.5308,below
K703-G232,WBX,,False,20.0,8.0,,,,,-34.844,-34.73623,below
GJ58-CA20,WBX,,False,20.0,8.0,,,,,-9.3,-9.15,below
GJ72-3628,WBX,,False,20.0,8.0,,,,,-6.0,-5.85,below
GJ89-4961,WB0,,False,20.0,8.0,,,,,-0.201,-0.048600000000000004,in
X001-CA18,WBX,,False,20.0,8.0,,,,,-6.0,-5.85,below
X002-CA17,WB0,,False,20.0,8.0,,,,,1.448,1.5979999999999999,in
X003-CA19,WBX,,False,20.0,8.0,,,,,-6.0,-5.85,below
X005-CA21,WB0,,False,20.0,8.0,,,,,4.826,4.976,in
3086-4146,XCK,,False,117.0,3.5,,,,,10.663,11.379999999999999,above
3113-4135,VA1,,False,113.0,3.5,,,,,10.665,11.399000000000001,above
3158-4157,VA1,,False,113.0,3.5,,,,,10.665,11.399000000000001,above
3178-4875,VA1,,False,113.0,3.5,,,,,10.667,11.395,above
3203-3614,VA0,,False,113.0,3.5,,,,,8.2,10.686,in
3206-3604,VZ1,,False,116.0,3.5,,,,,9.399,10.693,above
3214-4146,VA1,,False,113.0,3.5,,,,,10.676,11.405,above
3231-3113,VA1,,False,113.0,3.5,,,,,9.793,10.665,above
3233-3158,VA1,,False,113.0,3.5,,,,,9.722,10.665,above
3604-4891,VZ1,,False,116.0,3.5,,,,,10.693,11.39,above
3611-3214,VA0,,False,113.0,3.5,,,,,8.2,10.676,in
3622-4891,VA1,,False,113.0,3.5,,,,,10.7,11.408,above
3627-3622,VA1,,False,113.0,3.5,,,,,9.403,10.7,above
4905-3614,VA1,,False,113.0,3.5,,,,,11.403,10.686,above
BO08-3178,VA1,,False,113.0,3.5,,,,,9.455,10.667,above
3019-S054,XAA,,False,113.0,3.5,,,,,-4.3792,-4.277,in
3019-S055,XAA,,False,113.0,3.5,,,,,-4.3792,-4.277,in
3063-3179,XBG,,False,116.0,5.0,,,,,4.322,4.05431,in
3075-3108,XCJ,,False,117.0,3.5,,,,,2.424,3.1513999999999998,in
3080-3612,XCJ,,False,117.0,3.5,,,,,4.6,8.192,in
3087-3197,XAA,,False,113.0,3.5,,,,,-3.556,-0.386,in
3108-3080,XCJ,,False,117.0,3.5,,,,,3.9097799999999996,4.6,in
3109-3144,XAA,,False,113.0,3.5,,,,,3.90311,4.591,in
3114-3615,XAA,,False,113.0,3.5,,,,,6.526,7.371,in
3119-3114,XAA,,False,113.0,3.5,,,,,5.8100000000000005,6.526,in
3120-3119,XAA,,False,113.0,3.5,,,,,5.043,5.8100000000000005,in
3121-3120,XAA,,False,113.0,3.5,,,,,4.276,5.043,in
3122-3154,XAA,,False,113.0,3.5,,,,,4.267,4.983,in
3134-3135,XAA,,False,113.0,3.5,,,,,-3.556,-0.381,in
3135-3123,XAA,,False,113.0,3.5,,,,,-0.381,2.792,in
3142-3109,XAA,,False,113.0,3.5,,,,,2.416,3.1459,in
3144-3148,XAA,,False,113.0,3.5,,,,,4.591,6.4,in
3148-3611,XAA,,False,113.0,3.5,,,,,6.4,8.2,in
3151-3161,X01,,False,160.0,4.5,,,,,-3.858,-3.2640000000000002,in
3152-3115,XAA,,False,113.0,3.5,,,,,5.756,6.5280000000000005,in
3154-3152,XAA,,False,113.0,3.5,,,,,4.983,5.756,in
3155-3187,XBD,,False,116.0,5.0,,,,,5.666,6.218,in
3169-3619,XCA,,False,119.0,3.5,,,,,2.436,3.1519999999999997,in
3174-3212,XAT,,False,126.0,7.0,,,,,-0.41100000000000003,0.32799999999999996,in
3176-3623,XY4,,False,116.0,3.5,,,,,2.187,2.888,in
3177-3176,XY4,,False,116.0,3.5,,,,,-0.5379999999999999,2.187,in
3181-3207,XY4,,False,116.0,3.5,,,,,6.31,6.973,in
3187-3205,XAA,,False,113.0,3.5,,,,,6.218,6.9670000000000005,in
3193-3196,X03,,False,149.0,4.0,,,,,-3.927,-3.306,in
3194-3179,XZ3,,False,115.0,3.5,,,,,2.584,3.3049000000000004,in
3195-3217,XAK,,False,136.0,7.5,,,,,-0.305,0.48100000000000004,in
3197-3127,XAA,,False,113.0,3.5,,,,,-0.386,2.784,in
3199-3626,XAA,,False,113.0,3.5,,,,,2.259,2.964,in
3200-3199,XAA,,False,113.0,3.5,,,,,-0.523,2.259,in
3204-3181,XY4,,False,116.0,3.5,,,,,5.675,6.31,in
3205-3198,XAA,,False,113.0,3.5,,,,,6.9670000000000005,8.201,in
3208-3174,XAT,,False,126.0,7.0,,,,,-0.8190000000000001,-0.41100000000000003,in
3209-3169,XAT,,False,126.0,7.0,,,,,1.629,2.436,in
3215-3195,XAK,,False,136.0,7.5,,,,,-0.7040000000000001,-0.305,in
3216-3208,XAT,,False,126.0,7.0,,,,,-1.9649999999999999,-0.8190000000000001,in
3227-3143,XA8,,False,140.0,6.5,,,,,-1.098,-0.544,in
3255-3619,XA1,,False,117.0,5.5,,,,,4.322,3.943,in
3624-3204,XY4,,False,116.0,3.5,,,,,5.608,5.675,in
J745-3063,XBG,,False,116.0,5.0,,,,,5.328,4.322,in
J745-K141,XBG,,False,116.0,5.0,,,,,5.328,5.958,in
K140-3253,XA1,,False,117.0,5.5,,,,,5.818,5.179,in
K141-3203,XAA,,False,113.0,3.5,,,,,5.958,8.2,in
S054-3134,XAA,,False,113.0,3.5,,,,,-4.277,-3.556,in
S055-3087,XAA,,False,113.0,3.5,,,,,-4.277,-3.556,in
3011-3624,XY4,,False,116.0,3.5,,,,,4.407,5.608,in
3179-3055,XBB,,False,118.0,6.0,,,,,3.6790000000000003,4.39,in
3619-3011,XY3,,False,121.0,6.0,,,,,3.602,4.407,in
3623-3619,XY3,,False,121.0,6.0,,,,,2.888,3.602,in
3626-3179,XBB,,False,118.0,6.0,,,,,2.964,3.6790000000000003,in
3108-3121,XBB,,False,118.0,6.0,,,,,3.534,4.276,in
3109-3122,XBB,,False,118.0,6.0,,,,,3.525,4.267,in
3123-3108,XBB,,False,118.0,6.0,,,,,2.792,3.534,in
3127-3109,XBB,,False,118.0,6.0,,,,,2.784,3.525,in
3018-4500,HA1,,False,135.0,5.0,,,,,10.115,11.126999999999999,above
3021-4875,HA1,,False,135.0,5.0,,,,,10.113,11.129,above
3043-4521,HZ0,,False,139.0,5.0,,,,,10.104,11.099,above
3047-4905,HA1,,False,135.0,5.0,,,,,10.111,11.126999999999999,above
3629-3018,HA0,,False,135.0,5.0,,,,,8.2,10.115,in
3633-3043,HZ1,,False,139.0,5.0,,,,,8.192,10.104,in
3635-3047,HA0,,False,135.0,5.0,,,,,8.2,10.111,in
3636-3021,HA0,,False,135.0,5.0,,,,,8.2,10.113,in
3012-3228,XAV,,False,137.0,7.5,,,,,-3.11,-1.113,in
3014-3529,XAZ,,False,134.0,6.0,,,,,1.992,2.606,in
3016-3226,XAE,,False,140.0,7.5,,,,,2.5,2.712,in
3017-3027,XE1,,False,135.0,5.0,,,,,-3.125,-0.312,in
3022-3574,XE1,,False,135.0,5.0,,,,,4.505,6.006,in
3024-3221,XE1,,False,135.0,5.0,,,,,5.009,5.93,in
3025-3219,XE1,,False,135.0,5.0,,,,,7.107,8.022,in
3026-3229,XAV,,False,137.0,7.5,,,,,-0.5589999999999999,0.639,in
3027-3218,XAE,,False,140.0,7.5,,,,,-0.312,0.948,in
3040-3062,XBT,,False,139.0,5.0,,,,,-3.113,-0.306,in
3041-3586,XE1,,False,135.0,5.0,,,,,1.987,2.9962,in
3049-3222,XE1,,False,135.0,5.0,,,,,5.003,5.915,in
3050-3652,XY1,,False,139.0,5.0,,,,,7.101,8.014,in
3054-3635,XE1,,False,135.0,5.0,,,,,7.105,8.2,in
3061-3234,XAL,,False,140.0,7.5,,,,,-0.5589999999999999,0.637,in
3062-3224,XBY,,False,144.0,7.5,,,,,-0.306,0.953,in
3151-3017,XE1,,False,135.0,5.0,,,,,-4.1222,-3.125,in
3182-3025,XE1,,False,135.0,5.0,,,,,6.359,7.107,in
3193-3040,XBT,,False,139.0,5.0,,,,,-4.0921,-3.113,in
3218-3016,XAE,,False,140.0,7.5,,,,,0.948,2.5,in
3219-3629,XE1,,False,135.0,5.0,,,,,8.022,8.2,in
3220-3561,XAE,,False,140.0,7.5,,,,,3.05,3.503,in
3221-3260,XE1,,False,135.0,5.0,,,,,5.93,6.672,in
3222-3054,XE1,,False,135.0,5.0,,,,,5.915,7.105,in
3226-3220,XAE,,False,140.0,7.5,,,,,2.712,3.05,in
3228-3026,XAV,,False,137.0,7.5,,,,,-1.113,-0.5589999999999999,in
3229-3014,XAV,,False,137.0,7.5,,,,,0.639,1.992,in
3234-3041,XAL,,False,140.0,7.5,,,,,0.637,1.987,in
3235-3061,XAL,,False,140.0,7.5,,,,,-1.112,-0.5589999999999999,in
3239-3586,XAJ,,False,145.0,8.0,,,,,2.714,3.502,in
3260-3636,XE1,,False,135.0,5.0,,,,,6.672,8.2,in
3500-3012,XY2,,False,132.0,5.0,,,,,-4.135,-3.11,in
3520-3038,XE2,,False,134.0,4.5,,,,,-4.1204,-3.105,in
3529-3561,XAZ,,False,134.0,6.0,,,,,2.606,3.0021,in
3561-3022,XAE,,False,140.0,7.5,,,,,3.503,4.505,in
3561-3024,XE1,,False,135.0,5.0,,,,,4.01407,5.009,in
3574-3182,XE1,,False,135.0,5.0,,,,,6.006,6.359,in
3585-3587,XY1,,False,139.0,5.0,,,,,6.003,6.354,in
3586-3049,XE1,,False,135.0,5.0,,,,,4.0069,5.003,in
3586-3225,XAJ,,False,145.0,8.0,,,,,3.502,4.414,in
3587-3050,XY1,,False,139.0,5.0,,,,,6.354,7.101,in
3652-3633,XY1,,False,139.0,5.0,,,,,8.014,8.192,in
3569-E469,YW1,,False,21.91,1.42,,,,,13.52351,15.3,above
3569-E470,YW1,,False,21.91,1.42,,,,,13.62982,15.3,above
E050-E049,YW1,,False,21.91,1.42,,,,,13.67,15.25,above
E051-E052,YW1,,False,21.91,1.42,,,,,13.665,15.15,above
E051-E155,YW1,,False,21.91,1.42,,,,,13.46212,15.15,above
E054-E016,YW1,,False,21.91,1.42,,,,,13.62974,15.22756,above
E054-E079,YW1,,False,21.91,1.42,,,,,13.62974,15.22756,above
E057-E056,YW1,,False,21.91,1.42,,,,,13.665,15.15,above
E061-E060,YW1,,False,21.91,1.42,,,,,13.665,15.15,above
E063-E025,YW1,,False,21.91,1.42,,,,,13.62974,15.22756,above
E063-E103,YW1,,False,21.91,1.42,,,,,13.62974,15.22756,above
E066-E065,YW1,,False,21.91,1.42,,,,,13.665,15.15,above
E066-E156,YW1,,False,21.91,1.42,,,,,13.46212,15.15,above
E068-E067,YW1,,False,21.91,1.42,,,,,13.67,15.25,above
E126-E125,YW1,,False,21.91,1.42,,,,,14.567,15.15,above
E127-E126,YW1,,False,21.91,1.42,,,,,13.685,14.567,above
E127-E133,YW1,,False,21.91,1.42,,,,,13.36108,15.15,above
E150-E144,YW1,,False,21.91,1.42,,,,,13.36108,15.15,above
E150-E151,YW1,,False,21.91,1.42,,,,,13.685,14.567,above
E151-E152,YW1,,False,21.91,1.42,,,,,14.567,15.15,above
E207-E208,YW1,,False,21.91,1.42,,,,,13.685,15.15,above
E207-E218,YW1,,False,21.91,1.42,,,,,13.3746,15.15,above
E238-E227,YW1,,False,21.91,1.42,,,,,13.37459,15.15,above
E238-E237,YW1,,False,21.91,1.42,,,,,13.685,15.15,above
E334-E335,YW1,,False,21.91,1.42,,,,,13.665,15.15,above
E334-E341,YW1,,False,21.91,1.42,,,,,13.27973,15.15,above
E353-E346,YW1,,False,21.91,1.42,,,,,13.27973,15.15,above
E353-E352,YW1,,False,21.91,1.42,,,,,13.665,15.15,above
E407-E406,YW1,,False,21.91,1.42,,,,,13.665,15.15,above
E407-E411,YW1,,False,21.91,1.42,,,,,13.36366,15.15,above
E423-E418,YW1,,False,21.91,1.42,,,,,13.36366,15.15,above
E423-E422,YW1,,False,21.91,1.42,,,,,13.665,15.15,above
E438-E437,YW1,,False,21.91,1.42,,,,,14.567,15.15,above
E439-E438,YW1,,False,21.91,1.42,,,,,13.665,14.567,above
E439-E441,YW1,,False,21.91,1.42,,,,,13.54943,15.15,above
E460-E458,YW1,,False,21.91,1.42,,,,,13.54942,15.15,above
E460-E462,YW1,,False,21.91,1.42,,,,,13.665,14.567,above
E462-E461,YW1,,False,21.91,1.42,,,,,14.567,15.15,above
E471-E472,YW1,,False,21.91,1.42,,,,,13.50555,15.15,above
E471-E475,YW1,,False,21.91,1.42,,,,,13.62374,15.15,above
E493-E494,YW1,,False,21.91,1.42,,,,,13.50555,15.15,above
E493-E496,YW1,,False,21.91,1.42,,,,,13.62374,15.15,above
E495-E432,YW1,,False,21.91,1.42,,,,,13.52351,15.3,above
E495-E454,YW1,,False,21.91,1.42,,,,,13.62982,15.3,above
4238-E461,YW2,,False,16.83,1.42,,,,,13.665,15.280000000000001,above
4239-E437,YW2,,False,16.83,1.42,,,,,13.665,15.280000000000001,above
E017-E054,YW2,,False,16.83,1.42,,,,,15.3,13.62821,above
E024-E063,YW2,,False,16.83,1.42,,,,,15.3,13.62821,above
E026-E063,YW2,,False,16.83,1.42,,,,,15.3,13.62821,above
E053-E014,YW2,,False,16.83,1.42,,,,,13.63057,15.25,above
E053-E077,YW2,,False,16.83,1.42,,,,,13.62974,15.22756,above
E054-E015,YW2,,False,16.83,1.42,,,,,13.62821,15.3,above
E055-E018,YW2,,False,16.83,1.42,,,,,13.62974,15.22756,above
E055-E081,YW2,,False,16.83,1.42,,,,,13.62974,15.22756,above
E058-E038,YW2,,False,16.83,1.42,,,,,13.63346,15.3,above
E059-E043,YW2,,False,16.83,1.42,,,,,13.63346,15.3,above
E059-E093,YW2,,False,16.83,1.42,,,,,13.62821,15.3,above
E062-E023,YW2,,False,16.83,1.42,,,,,13.62974,15.22756,above
E062-E101,YW2,,False,16.83,1.42,,,,,13.62974,15.22756,above
E064-E027,YW2,,False,16.83,1.42,,,,,13.63057,15.25,above
E064-E105,YW2,,False,16.83,1.42,,,,,13.62974,15.22756,above
E203-E214,YW2,,False,16.83,1.42,,,,,15.25333,16.046670000000002,above
E212-E285,YW2,,False,16.83,1.42,,,,,15.248479999999999,16.05152,above
E234-E240,YW2,,False,16.83,1.42,,,,,15.25333,16.046670000000002,above
E242-E302,YW2,,False,16.83,1.42,,,,,15.248479999999999,16.05152,above
E278-E204,YW2,,False,16.83,1.42,,,,,15.248479999999999,16.05152,above
E288-E279,YW2,,False,16.83,1.42,,,,,15.25333,16.046670000000002,above
E296-E231,YW2,,False,16.83,1.42,,,,,15.248479999999999,16.05152,above
E304-E295,YW2,,False,16.83,1.42,,,,,15.25333,16.046670000000002,above
3582-Q681,YW3,,False,27.31,1.42,,,,,13.4034,15.15,above
4501-Q098,YW3,,False,27.31,1.42,,,,,13.66052,15.3,above
4507-Q159,YW3,,False,27.31,1.42,,,,,13.65364,15.15,above
4508-Q104,YW3,,False,27.31,1.42,,,,,13.66052,15.3,above
4520-Q141,YW3,,False,27.31,1.42,,,,,13.66052,15.3,above
4933-Q320,YW3,,False,27.31,1.42,,,,,13.67,15.15,above
BO88-Q738,YW3,,False,27.31,1.42,,,,,13.67,15.15,above
E502-Q111,YW3,,False,27.31,1.42,,,,,13.65968,15.15,above
E502-Q114,YW3,,False,27.31,1.42,,,,,13.65968,15.15,above
E502-Q118,YW3,,False,27.31,1.42,,,,,13.65968,15.15,above
Q026-Q063,YW3,,False,27.31,1.42,,,,,13.61079,15.3,above
Q026-Q064,YW3,,False,27.31,1.42,,,,,13.54266,15.3,above
Q031-Q065,YW3,,False,27.31,1.42,,,,,13.54266,15.3,above
Q031-Q066,YW3,,False,27.31,1.42,,,,,13.63244,15.3,above
Q132-Q131,YW3,,False,27.31,1.42,,,,,13.65968,15.15,above
Q132-Q135,YW3,,False,27.31,1.42,,,,,13.66052,15.3,above
Q132-Q216,YW3,,False,27.31,1.42,,,,,13.4303,15.15,above
Q162-Q161,YW3,,False,27.31,1.42,,,,,13.65364,15.15,above
Q162-Q326,YW3,,False,27.31,1.42,,,,,13.25211,15.15,above
Q197-Q196,YW3,,False,27.31,1.42,,,,,13.665,15.15,above
Q211-Q210,YW3,,False,27.31,1.42,,,,,13.665,15.15,above
Q253-Q215,YW3,,False,27.31,1.42,,,,,13.67,15.15,above
Q270-Q166,YW3,,False,27.31,1.42,,,,,13.62668,15.3,above
Q270-Q271,YW3,,False,27.31,1.42,,,,,13.32555,15.15,above
Q331-Q332,YW3,,False,27.31,1.42,,,,,13.67,15.15,above
Q358-Q356,YW3,,False,27.31,1.42,,,,,13.58422,15.15,above
Q358-Q362,YW3,,False,27.31,1.42,,,,,13.34922,15.15,above
Q369-Q307,YW3,,False,27.31,1.42,,,,,13.66,15.15,above
Q369-Q365,YW3,,False,27.31,1.42,,,,,13.3208,15.15,above
Q369-Q370,YW3,,False,27.31,1.42,,,,,13.66,15.15,above
Q415-Q414,YW3,,False,27.31,1.42,,,,,13.67,15.15,above
Q426-Q427,YW3,,False,27.31,1.42,,,,,15.3,13.67,above
Q467-Q472,YW3,,False,27.31,1.42,,,,,13.665,15.15,above
Q467-Q478,YW3,,False,27.31,1.42,,,,,13.38349,15.15,above
Q468-Q539,YW3,,False,27.31,1.42,,,,,13.29295,15.15,above
Q468-Q545,YW3,,False,27.31,1.42,,,,,13.665,15.15,above
Q510-Q509,YW3,,False,27.31,1.42,,,,,15.15,13.66,above
Q733-Q734,YW3,,False,27.31,1.42,,,,,13.67,15.15,above
Q733-Q918,YW3,,False,27.31,1.42,,,,,13.3491,15.15,above
Q743-Q559,YW3,,False,27.31,1.42,,,,,13.28286,15.15,above
Q743-Q744,YW3,,False,27.31,1.42,,,,,13.67,15.15,above
Q748-Q560,YW3,,False,27.31,1.42,,,,,13.28286,15.15,above
Q748-Q747,YW3,,False,27.31,1.42,,,,,13.67,15.15,above
Q793-Q889,YW3,,False,27.31,1.42,,,,,13.41168,15.200000000000001,above
Q817-Q816,YW3,,False,27.31,1.42,,,,,13.67,15.15,above
Q894-Q895,YW3,,False,27.31,1.42,,,,,13.2032,14.6,above
Q895-Q896,YW3,,False,27.31,1.42,,,,,14.6,15.15,above
Q899-Q898,YW3,,False,27.31,1.42,,,,,13.3,15.15,above
Q900-Q899,YW3,,False,27.31,1.42,,,,,13.2285,13.3,above
Q902-Q904,YW3,,False,27.31,1.42,,,,,13.2795,14.6,above
Q904-Q903,YW3,,False,27.31,1.42,,,,,14.6,15.15,above
Q907-Q927,YW3,,False,27.31,1.42,,,,,15.15,13.2032,above
Q908-Q933,YW3,,False,27.31,1.42,,,,,15.15,13.2795,above
Q926-Q928,YW3,,False,27.31,1.42,,,,,13.3,15.15,above
Q927-Q926,YW3,,False,27.31,1.42,,,,,13.2032,13.3,above
Q927-Q947,YW3,,False,27.31,1.42,,,,,13.2032,15.15,above
Q930-Q931,YW3,,False,27.31,1.42,,,,,13.2285,15.15,above
Q930-Q958,YW3,,False,27.31,1.42,,,,,13.2285,15.15,above
Q933-Q935,YW3,,False,27.31,1.42,,,,,13.2795,13.3,above
Q933-Q948,YW3,,False,27.31,1.42,,,,,13.2795,15.15,above
Q935-Q934,YW3,,False,27.31,1.42,,,,,13.3,15.15,above
4933-Q323,YW2,,False,16.83,1.42,,,,,13.46864,15.15,above
Q197-Q201,YW2,,False,16.83,1.42,,,,,13.40635,15.15,above
Q211-Q206,YW2,,False,16.83,1.42,,,,,13.40635,15.15,above
Q331-Q328,YW2,,False,16.83,1.42,,,,,13.4094,15.15,above
Q415-Q418,YW2,,False,16.83,1.42,,,,,13.4094,15.15,above
Q427-Q423,YW2,,False,16.83,1.42,,,,,13.4094,15.15,above
Q759-Q706,YW2,,False,16.83,1.42,,,,,13.45194,15.200000000000001,above
Q759-Q882,YW2,,False,16.83,1.42,,,,,13.41168,15.200000000000001,above
Q764-Q563,YW2,,False,16.83,1.42,,,,,13.28286,15.3,above
Q768-Q885,YW2,,False,16.83,1.42,,,,,13.4116,15.1958,above
Q773-Q565,YW2,,False,16.83,1.42,,,,,13.27629,15.200000000000001,above
Q773-Q774,YW2,,False,16.83,1.42,,,,,13.67,15.25,above
Q778-Q566,YW2,,False,16.83,1.42,,,,,13.27629,15.200000000000001,above
Q779-Q778,YW2,,False,16.83,1.42,,,,,15.25,13.67,above
Q785-Q886,YW2,,False,16.83,1.42,,,,,13.41168,15.200000000000001,above
Q788-Q567,YW2,,False,16.83,1.42,,,,,13.28369,15.200000000000001,above
Q793-Q713,YW2,,False,16.83,1.42,,,,,13.45194,15.200000000000001,above
Q799-Q568,YW2,,False,16.83,1.42,,,,,13.27629,15.200000000000001,above
Q800-Q799,YW2,,False,16.83,1.42,,,,,15.25,13.67,above
Q803-Q569,YW2,,False,16.83,1.42,,,,,13.28286,15.15,above
Q807-Q570,YW2,,False,16.83,1.42,,,,,13.28286,15.15,above
3582-Q609,YW3,,False,27.31,1.42,,,,,13.56661,15.15,above
BO88-Q890,YW3,,False,27.31,1.42,,,,,13.41293,15.3,above
Q253-Q248,YW3,,False,27.31,1.42,,,,,13.32848,15.15,above
Q483-Q481,YW3,,False,27.31,1.42,,,,,13.53447,15.3,above
Q483-Q488,YW3,,False,27.31,1.42,,,,,13.51313,15.3,above
Q506-Q509,YW3,,False,27.31,1.42,,,,,15.3,13.46346,above
Q513-Q509,YW3,,False,27.31,1.42,,,,,15.3,13.46346,above
Q535-Q531,YW3,,False,27.31,1.42,,,,,13.50544,15.3,above
Q535-Q537,YW3,,False,27.31,1.42,,,,,13.53007,15.3,above
Q535-Q539,YW3,,False,27.31,1.42,,,,,13.3372,15.3,above
Q610-Q683,YW3,,False,27.31,1.42,,,,,13.60175,15.3,above
Q660-Q785,YW3,,False,27.31,1.42,,,,,15.3,13.3946,above
Q748-Q891,YW3,,False,27.31,1.42,,,,,13.41293,15.3,above
Q751-Q561,YW3,,False,27.31,1.42,,,,,13.28286,15.3,above
Q751-Q919,YW3,,False,27.31,1.42,,,,,13.34769,15.3,above
Q752-Q751,YW3,,False,27.31,1.42,,,,,14.6,13.67,above
Q753-Q752,YW3,,False,27.31,1.42,,,,,15.3,14.6,above
Q759-Q763,YW3,,False,27.31,1.42,,,,,13.67,15.3,above
Q760-Q759,YW3,,False,27.31,1.42,,,,,15.25,13.67,above
Q763-Q768,YW3,,False,27.31,1.42,,,,,15.3,13.67,above
Q768-Q648,YW3,,False,27.31,1.42,,,,,13.3946,15.3,above
Q768-Q769,YW3,,False,27.31,1.42,,,,,13.67,15.3,above
Q785-Q784,YW3,,False,27.31,1.42,,,,,13.67,15.3,above
Q785-Q790,YW3,,False,27.31,1.42,,,,,13.67,15.3,above
Q790-Q793,YW3,,False,27.31,1.42,,,,,15.3,13.67,above
Q794-Q793,YW3,,False,27.31,1.42,,,,,15.25,13.67,above
4935-Q462,YW2,,False,16.83,1.42,,,,,13.67,15.15,above
4941-Q466,YW2,,False,16.83,1.42,,,,,13.67,15.15,above
BO88-Q742,YW2,,False,16.83,1.42,,,,,13.67,15.3,above
Q279-Q163,YW2,,False,16.83,1.42,,,,,13.63202,15.3,above
Q358-Q306,YW2,,False,16.83,1.42,,,,,13.48456,15.3,above
Q433-Q406,YW2,,False,16.83,1.42,,,,,13.66,15.15,above
Q433-Q465,YW2,,False,16.83,1.42,,,,,13.66,15.15,above
Q483-Q676,YW2,,False,16.83,1.42,,,,,13.55351,15.3,above
Q535-Q677,YW2,,False,16.83,1.42,,,,,13.54899,15.3,above
Q723-Q590,YW2,,False,16.83,1.42,,,,,13.66,15.15,above
Q735-BO88,YW2,,False,16.83,1.42,,,,,15.3,13.67,above
Q736-Q676,YW2,,False,16.83,1.42,,,,,13.40254,15.3,above
Q745-Q748,YW2,,False,16.83,1.42,,,,,15.3,13.67,above
Q748-Q750,YW2,,False,16.83,1.42,,,,,13.67,15.3,above
Q754-Q759,YW2,,False,16.83,1.42,,,,,15.3,13.67,above
Q756-Q562,YW2,,False,16.83,1.42,,,,,13.28286,15.3,above
Q793-Q798,YW2,,False,16.83,1.42,,,,,13.67,15.3,above
Q803-Q804,YW2,,False,16.83,1.42,,,,,13.67,15.15,above
Q807-Q808,YW2,,False,16.83,1.42,,,,,13.67,15.15,above
Q809-Q811,YW2,,False,16.83,1.42,,,,,15.3,13.67,above
Q811-Q815,YW2,,False,16.83,1.42,,,,,13.67,15.3,above
Q814-Q677,YW2,,False,16.83,1.42,,,,,13.40254,15.3,above
BO77-BO79,YW7,,False,16.83,0.71,,,,,10.15,11.25,above
BO78-BO80,YW7,,False,16.83,0.71,,,,,10.15,11.25,above
BO79-BO81,YW6,,False,16.83,0.71,,,,,11.25,11.25,above
BO79-BO91,YW7,,False,16.83,0.71,,,,,11.25,13.0,above
BO80-BO82,YW6,,False,16.83,0.71,,,,,11.25,11.25,above
BO80-BO92,YW7,,False,16.83,0.71,,,,,11.25,13.0,above
BO91-BO93,YW6,,False,16.83,0.71,,,,,13.0,13.0,above
BO91-BP01,YW7,,False,16.83,0.71,,,,,13.0,14.85,above
BO92-BO94,YW6,,False,16.83,0.71,,,,,13.0,13.0,above
BO92-BP02,YW7,,False,16.83,0.71,,,,,13.0,14.85,above
BO13-3582,YW3,,False,27.31,1.42,,,,,9.45,12.395,above
BO18-BP19,YW3,,False,27.31,1.42,,,,,9.45,9.667,above
BO24-BP21,YW3,,False,27.31,1.42,,,,,9.45,11.01,above
BO30-BO89,YW3,,False,27.31,1.42,,,,,9.45,12.7968,above
BO83-BP04,YW3,,False,27.31,1.42,,,,,11.25,12.66,above
BO86-BP20,YW3,,False,27.31,1.42,,,,,11.25,11.496,above
BP04-BO96,YW3,,False,27.31,1.42,,,,,12.66,12.7968,above
BP19-BO83,YW3,,False,27.31,1.42,,,,,9.667,11.25,above
BP20-BO99,YW3,,False,27.31,1.42,,,,,11.496,12.33,above
BP21-BO86,YW3,,False,27.31,1.42,,,,,11.01,11.25,above
BO83-BO84,YW9,,False,21.91,1.25,,,,,11.25,11.25,above
BO84-BO85,YW9,,False,21.91,1.25,,,,,11.25,11.25,above
BO85-BO86,YW9,,False,21.91,1.25,,,,,11.25,11.25,above
BP19-BP21,YW9,,False,21.91,1.25,,,,,9.73366,10.94334,above
BP20-BP04,YW9,,False,21.91,1.25,,,,,11.55314,12.59001,above
Q894-Q900,YW2,,False,16.83,1.42,,,,,13.0,13.0,above
Q899-Q895,YW2,,False,16.83,1.42,,,,,13.389100000000001,14.53258,above
Q899-Q904,YW2,,False,16.83,1.42,,,,,13.3864,14.5346,above
Q900-Q871,YW2,,False,16.83,1.42,,,,,13.0,13.0,above
Q900-Q902,YW2,,False,16.83,1.42,,,,,13.0,13.0,above
Q900-Q933,YW2,,False,16.83,1.42,,,,,13.0,13.0,above
Q926-Q931,YW2,,False,16.83,1.42,,,,,13.40112,15.15,above
Q927-Q900,YW2,,False,16.83,1.42,,,,,13.0,13.0,above
Q927-Q930,YW2,,False,16.83,1.42,,,,,13.0,13.0,above
Q930-Q933,YW2,,False,16.83,1.42,,,,,13.0,13.0,above
Q931-Q935,YW2,,False,16.83,1.42,,,,,15.15,13.398100000000001,above
BO81-BO84,YW6,,False,16.83,0.71,,,,,11.25,11.25,above
BO82-BO85,YW6,,False,16.83,0.71,,,,,11.25,11.25,above
BO93-BO97,YW6,,False,16.83,0.71,,,,,13.0,13.0,above
BO94-BO98,YW6,,False,16.83,0.71,,,,,13.0,13.0,above
BO12-BO13,YWC,,False,32.3,1.6,,,,,9.45,9.45,above
BO13-BO14,YWC,,False,32.3,1.6,,,,,9.45,9.45,above
BO14-BO15,YWC,,False,32.3,1.6,,,,,9.45,9.45,above
BO15-BO16,YWC,,False,32.3,1.6,,,,,9.45,9.45,above
BO16-BO17,YWC,,False,32.3,1.6,,,,,9.45,9.45,above
BO17-BO18,YWC,,False,32.3,1.6,,,,,9.45,9.45,above
BO18-BO19,YWC,,False,32.3,1.6,,,,,9.45,9.45,above
BO01-BO02,YWD,,False,32.3,1.42,,,,,9.25,9.25,above
BO01-BO05,YWD,,False,32.3,1.42,,,,,9.25,9.25,above
BO02-BO03,YWD,,False,32.3,1.42,,,,,9.25,9.25,above
BO03-BO04,YWD,,False,32.3,1.42,,,,,9.25,9.25,above
BO05-BO06,YWD,,False,32.3,1.42,,,,,9.25,9.25,above
BO06-BO07,YWD,,False,32.3,1.42,,,,,9.25,9.25,above
BO08-BO09,YWD,,False,32.3,1.42,,,,,9.455,9.45,above
BO08-BO20,YWD,,False,32.3,1.42,,,,,9.455,9.45,above
BO09-BP06,YWD,,False,32.3,1.42,,,,,9.45,9.45,above
BO10-BO11,YWD,,False,32.3,1.42,,,,,9.45,9.45,above
BO14-BP08,YWD,,False,32.3,1.42,,,,,9.45,9.45,above
BO16-BO26,YWD,,False,32.3,1.42,,,,,9.45,9.45,above
BO20-BO21,YWD,,False,32.3,1.42,,,,,9.45,9.45,above
BO20-BP13,YWD,,False,32.3,1.42,,,,,9.45,9.45,above
BO21-BO22,YWD,,False,32.3,1.42,,,,,9.45,9.45,above
BO22-BO23,YWD,,False,32.3,1.42,,,,,9.45,9.45,above
BO22-BO28,YWD,,False,32.3,1.42,,,,,9.45,9.45,above
BO23-BO24,YWD,,False,32.3,1.42,,,,,9.45,9.45,above
BO24-BO25,YWD,,False,32.3,1.42,,,,,9.45,9.45,above
BO26-BO27,YWD,,False,32.3,1.42,,,,,9.45,9.45,above
BO27-BO22,YWD,,False,32.3,1.42,,,,,9.45,9.45,above
BO28-BP05,YWD,,False,32.3,1.42,,,,,9.45,9.45,above
BO29-BO30,YWD,,False,32.3,1.42,,,,,9.45,9.45,above
BO30-BO31,YWD,,False,32.3,1.42,,,,,9.45,9.45,above
BP05-BO29,YWD,,False,32.3,1.42,,,,,9.45,9.45,above
BP06-BO10,YWD,,False,32.3,1.42,,,,,9.45,9.45,above
BP06-BP07,YWD,,False,32.3,1.42,,,,,9.45,9.45,above
BP07-BP17,YWD,,False,32.3,1.42,,,,,9.45,9.45,above
BP08-BP09,YWD,,False,32.3,1.42,,,,,9.45,9.45,above
BP09-BP11,YWD,,False,32.3,1.42,,,,,9.45,9.45,above
BP11-BO20,YWD,,False,32.3,1.42,,,,,9.45,9.45,above
BP13-BP15,YWD,,False,32.3,1.42,,,,,9.45,9.45,above
BP15-BP07,YWD,,False,32.3,1.42,,,,,9.45,9.45,above
BP17-BP05,YWD,,False,32.3,1.42,,,,,9.45,9.45,above
3535-3536,ZAF,CORCONC,True,,3.5,142.0,102.0,4.0,3.0,-3.368,-2.452,in
3526-3527,ZAH,CORCOND,True,,4.0,152.0,102.0,4.0,3.0,-3.378,-2.435,in
3527-3528,VBC,,False,102.0,3.0,,,,,-2.435,-0.763,in
3533-3553,VBC,,False,102.0,3.0,,,,,5.458,6.1,in
3541-3542,VAF,,False,111.0,3.0,,,,,5.437,6.078,in
3542-3548,VAF,,False,111.0,3.0,,,,,6.078,8.184,in
3553-3555,VBC,,False,102.0,3.0,,,,,6.1,8.233,in
3528-3534,ZAC,,False,107.0,5.5,,,,,-0.763,-0.09,in
3530-3532,ZBG,,False,106.0,5.0,,,,,3.168,4.798,in
3531-3530,ZBG,,False,106.0,5.0,,,,,1.54,3.168,in
3532-3533,ZBG,,False,106.0,5.0,,,,,4.798,5.458,in
3534-3531,ZAC,,False,107.0,5.5,,,,,-0.09,1.54,in
3538-3537,ZAI,,False,118.0,6.5,,,,,1.5310000000000001,0.856,in
3539-3538,ZAI,,False,118.0,6.5,,,,,3.156,1.5310000000000001,in
3541-3540,ZAI,,False,118.0,6.5,,,,,5.437,4.78,in
3129-3800,XBS,,False,115.0,4.5,,,,,0.677,1.398,in
3800-3128,XBS,,False,115.0,4.5,,,,,1.398,2.121,in
3096-3129,VCC,,False,112.0,3.0,,,,,-0.026000000000000002,0.677,in
3097-3096,VCC,,False,112.0,3.0,,,,,-1.7559999999999998,-0.026000000000000002,in
3112-3117,VCC,,False,112.0,3.0,,,,,2.824,8.221,in
3128-3112,VCC,,False,112.0,3.0,,,,,2.121,2.824,in
3147-3654,VCC,,False,112.0,3.0,,,,,2.021,8.218,in
3162-3618,VCC,,False,112.0,3.0,,,,,2.391,8.246,in
3163-3617,VCC,,False,112.0,3.0,,,,,2.407,8.252,in
3170-S056,VDE,,False,124.0,4.0,,,,,-4.2651,-4.277,in
3577-3584,VDE,,False,124.0,4.0,,,,,4.816,5.735,in
3584-3580,VDE,,False,124.0,4.0,,,,,5.735,8.2,in
3589-3590,VDE,,False,124.0,4.0,,,,,-3.358,3.896,in
3590-3577,VDE,,False,124.0,4.0,,,,,3.896,4.816,in
S056-3589,VDE,,False,124.0,4.0,,,,,-4.277,-3.358,in
3031-3632,VEC,,False,132.0,3.5,,,,,2.319,8.201,in
3037-3248,VEC,,False,132.0,3.5,,,,,-4.3641,-3.584,in
3248-3031,VEC,,False,132.0,3.5,,,,,-3.584,2.319,in
3575-3526,V02,,False,152.0,4.0,,,,,-4.1041,-3.378,in
3575-3535,HAZ,,False,143.0,4.0,,,,,-4.1632,-3.368,in
2019-3630,VED,,False,133.0,4.0,,,,,2.325,8.201,in
2026-3028,VED,,False,133.0,4.0,,,,,-3.4699999999999998,2.372,in
3001-3251,VED,,False,133.0,4.0,,,,,-4.3581,-3.573,in
3028-3631,VED,,False,133.0,4.0,,,,,2.372,8.202,in
3034-3058,VED,,False,133.0,4.0,,,,,-3.471,2.371,in
3058-3634,VED,,False,133.0,4.0,,,,,2.371,8.2,in
3085-2026,VED,,False,133.0,4.0,,,,,-4.3172,-3.4699999999999998,in
3104-3034,VED,,False,133.0,4.0,,,,,-4.3197,-3.471,in
3251-2019,VED,,False,133.0,4.0,,,,,-3.573,2.325,in
X005-3357,CS6,,False,105.0,3.0,,,,,4.821949999999999,4.808269999999999,in
BL31-BL25,BLI,,False,56.6,6.0,,,,,-4.25,-4.7,in
BL29-BL27,BLM,,False,70.0,4.8,,,,,-4.25,-4.65,in
BL30-BL28,BLM,,False,70.0,4.8,,,,,-4.25,-4.65,in
BL32-BL26,BLI,,False,56.6,6.0,,,,,-4.25,-4.7,in
3562-3145,LBP,,False,250.0,12.0,,,,,-4.25,-2.5300000000000002,in
3233-3261,VA1,,False,113.0,3.5,,,,,9.722,9.255,above
3231-3263,VA1,,False,113.0,3.5,,,,,9.793,9.255,above
3125-2000,XBA,,False,138.0,5.5,,,,,-0.264,0.36200000000000004,in
3125-2207,XBA,,False,138.0,5.5,,,,,-0.264,-0.929,in
2207-3230,XA8,,False,140.0,6.5,,,,,-0.929,-1.5939999999999999,in
2147-2210,HB5,HGCONED,True,,3.5,108.0,103.0,3.5,3.5,-19.919,-19.3,below
2210-2141,VBD,,False,103.0,3.5,,,,,-19.3,-18.681,below
3057-2290,H11,,False,128.0,3.5,,,,,-6.0,-6.0,below
2290-3060,HA2,,False,127.0,3.0,,,,,-6.0,-6.0,below
3077-2291,HDC,,False,122.0,3.0,,,,,-6.0,-6.0,below
2291-3081,H02,,False,123.0,3.5,,,,,-6.0,-6.0,below
3503-3116,HAP,,False,141.0,3.0,,,,,-6.0,-6.0,below
3116-3505,HAH,,False,146.0,5.5,,,,,-6.0,-6.0,below
3500-3259,H19,,False,180.0,5.0,,,,,-6.0,-6.0,below
3575-2293,H13,,False,143.0,4.0,,,,,-6.0,-6.0,below
3575-2227,H13,,False,143.0,4.0,,,,,-6.0,-6.0,below
K138-J115,JT9,,False,56.0,2.5,,,,,12.099,11.751,above
J115-J114,JT9,,False,56.0,2.5,,,,,11.751,11.404,above
J114-J113,JT1,,False,56.0,2.5,,,,,11.404,8.2,in
J117-K707,JT9,,False,56.0,2.5,,,,,11.752,11.256,above
K707-J112,JT1,,False,56.0,2.5,,,,,11.256,8.2,in
K709-J117,JT9,,False,56.0,2.5,,,,,12.253,11.752,above
K189-I001,JTE,,False,56.0,2.5,,,,,-1.6829999999999998,3.0,in
I001-J723,JTE,,False,56.0,2.5,,,,,3.0,3.554,in
K175-I002,JTE,,False,56.0,2.5,,,,,-0.483,3.0,in
I002-J722,JTE,,False,56.0,2.5,,,,,3.0,3.549,in
K176-I003,JTE,,False,56.0,2.5,,,,,0.7190000000000001,3.0,in
I003-K178,JTE,,False,56.0,2.5,,,,,3.0,6.426,in
K169-I004,JTE,,False,56.0,2.5,,,,,2.079,3.0,in
I004-K164,JTE,,False,56.0,2.5,,,,,3.0,5.113,in
J754-I005,JTE,,False,56.0,2.5,,,,,-1.522,3.0,in
I005-J750,JTE,,False,56.0,2.5,,,,,3.0,3.83,in
J753-I006,JTE,,False,56.0,2.5,,,,,-1.526,3.0,in
I006-J742,JTE,,False,56.0,2.5,,,,,3.0,3.825,in
K161-I007,JTE,,False,56.0,2.5,,,,,4.682,3.0,in
I007-K142,JTE,,False,56.0,2.5,,,,,3.0,2.748,in
K221-I008,JTE,,False,56.0,2.5,,,,,-1.621,3.0,in
I008-J724,JTE,,False,56.0,2.5,,,,,3.0,3.554,in
J725-I009,JTE,,False,56.0,2.5,,,,,3.549,3.0,in
I009-K224,JTE,,False,56.0,2.5,,,,,3.0,-0.387,in
K220-I010,JTE,,False,56.0,2.5,,,,,6.425,3.0,in
I010-K223,JTE,,False,56.0,2.5,,,,,3.0,0.847,in
K168-I011,JTE,,False,56.0,2.5,,,,,5.113,3.0,in
I011-J758,JTE,,False,56.0,2.5,,,,,3.0,-1.543,in
K162-I012,JTE,,False,56.0,2.5,,,,,3.825,3.0,in
I012-J755,JTE,,False,56.0,2.5,,,,,3.0,-1.522,in
J748-I013,JTE,,False,56.0,2.5,,,,,3.825,3.0,in
I013-J756,JTE,,False,56.0,2.5,,,,,3.0,-1.526,in
J741-I014,JTE,,False,56.0,2.5,,,,,4.8309999999999995,3.0,in
I014-J752,JTE,,False,56.0,2.5,,,,,3.0,-1.46,in
K191-I015,JT3,,False,56.0,2.5,,,,,-6.5,-10.0,below
I015-J823,JT3,,False,56.0,2.5,,,,,-10.0,-14.118,below
K194-I016,JT3,,False,56.0,2.5,,,,,-6.5,-10.0,below
I016-K233,JT3,,False,56.0,2.5,,,,,-10.0,-14.347,below
K199-I017,JT3,,False,56.0,2.5,,,,,-6.5,-10.0,below
I017-K238,JT3,,False,56.0,2.5,,,,,-10.0,-13.361,below
K200-I018,JT3,,False,56.0,2.5,,,,,-6.5,-10.0,below
I018-K244,JT3,,False,56.0,2.5,,,,,-10.0,-12.314,below
J835-I019,JT3,,False,56.0,2.5,,,,,-6.699,-10.0,below
I019-K245,JT3,,False,56.0,2.5,,,,,-10.0,-11.078,below
J837-I020,JT3,,False,56.0,2.5,,,,,-6.696,-10.0,below
I020-K246,JT3,,False,56.0,2.5,,,,,-10.0,-10.061,below
K243-I021,JT3,,False,56.0,2.5,,,,,-9.512,-10.0,below
I021-K251,JT3,,False,56.0,2.5,,,,,-10.0,-10.012,below
K212-I022,JT3,,False,56.0,2.5,,,,,-6.5,-10.0,below
I022-J862,JT3,,False,56.0,2.5,,,,,-10.0,-14.118,below
K211-I023,JT3,,False,56.0,2.5,,,,,-6.5,-10.0,below
I023-K264,JT3,,False,56.0,2.5,,,,,-10.0,-14.347,below
K210-I024,JT3,,False,56.0,2.5,,,,,-6.5,-10.0,below
I024-K263,JT3,,False,56.0,2.5,,,,,-10.0,-13.361,below
K209-I025,JT3,,False,56.0,2.5,,,,,-6.5,-10.0,below
I025-K262,JT3,,False,56.0,2.5,,,,,-10.0,-12.314,below
J850-I026,JT3,,False,56.0,2.5,,,,,-6.699,-10.0,below
I026-K261,JT3,,False,56.0,2.5,,,,,-10.0,-11.078,below
J815-I027,JT3,,False,56.0,2.5,,,,,-6.299,-10.0,below
I027-K260,JT3,,False,56.0,2.5,,,,,-10.0,-10.061,below
K252-I028,JT3,,False,56.0,2.5,,,,,-9.512,-10.0,below
I028-K266,JT3,,False,56.0,2.5,,,,,-10.0,-10.012,below
J481-I029,JT4,,False,56.0,2.5,,,,,-6.5,-10.0,below
I029-J473,JT4,,False,56.0,2.5,,,,,-10.0,-15.923,below
J374-I030,JT4,,False,56.0,2.5,,,,,-6.5,-10.0,below
I030-J370,JT4,,False,56.0,2.5,,,,,-10.0,-17.416,below
J577-I031,JT4,,False,56.0,2.5,,,,,-6.5,-10.0,below
I031-J570,JT4,,False,56.0,2.5,,,,,-10.0,-14.218,below
K517-I032,JT5,,False,56.0,2.5,,,,,-6.5,-10.0,below
I032-K514,JT5,,False,56.0,2.5,,,,,-10.0,-14.517,below
K570-I033,JT4,,False,56.0,2.5,,,,,-6.5,-10.0,below
I033-K293,JT4,,False,56.0,2.5,,,,,-10.0,-11.224,below
K417-I034,JT4,,False,56.0,2.5,,,,,-6.5,-10.0,below
I034-K401,JT4,,False,56.0,2.5,,,,,-10.0,-12.723,below
K411-I035,JT5,,False,56.0,2.5,,,,,-6.5,-10.0,below
I035-K492,JT5,,False,56.0,2.5,,,,,-10.0,-14.474,below
K412-I036,JT5,,False,56.0,2.5,,,,,-6.5,-10.0,below
I036-K493,JT5,,False,56.0,2.5,,,,,-10.0,-13.107,below
K413-I037,JT5,,False,56.0,2.5,,,,,-6.5,-10.0,below
I037-K502,JT5,,False,56.0,2.5,,,,,-10.0,-11.74,below
K515-I038,JT5,,False,56.0,2.5,,,,,-6.5,-10.0,below
I038-K512,JT5,,False,56.0,2.5,,,,,-10.0,-11.803,below
K571-I039,JT4,,False,56.0,2.5,,,,,-6.5,-10.0,below
I039-K294,JT4,,False,56.0,2.5,,,,,-10.0,-12.723,below
K516-I040,JT5,,False,56.0,2.5,,,,,-6.5,-10.0,below
I040-K513,JT5,,False,56.0,2.5,,,,,-10.0,-13.16,below
K572-I041,JT4,,False,56.0,2.5,,,,,-6.5,-10.0,below
I041-K295,JT4,,False,56.0,2.5,,,,,-10.0,-14.218,below
K573-I042,JT4,,False,56.0,2.5,,,,,-6.5,-10.0,below
I042-K296,JT4,,False,56.0,2.5,,,,,-10.0,-15.923,below
K575-I043,JT4,,False,56.0,2.5,,,,,-6.5,-10.0,below
I043-K297,JT4,,False,56.0,2.5,,,,,-10.0,-17.416,below
K662-I044,JT4,,False,56.0,2.5,,,,,-6.5,-10.0,below
I044-K652,JT4,,False,56.0,2.5,,,,,-10.0,-11.224,below
J339-I045,JTL,,False,56.0,2.5,,,,,3.68,3.0,in
I045-J341,JTL,,False,56.0,2.5,,,,,3.0,-0.033,in
J354-I046,JTL,,False,56.0,2.5,,,,,3.68,3.0,in
I046-J352,JTL,,False,56.0,2.5,,,,,3.0,-0.033,in
J435-I047,JTL,,False,56.0,2.5,,,,,3.685,3.0,in
I047-K679,JTL,,False,56.0,2.5,,,,,3.0,1.134,in
J438-I048,JTL,,False,56.0,2.5,,,,,3.685,3.0,in
I048-K673,JTL,,False,56.0,2.5,,,,,3.0,1.138,in
J447-I049,JTL,,False,56.0,2.5,,,,,3.684,3.0,in
I049-J448,JTL,,False,56.0,2.5,,,,,3.0,-0.033,in
K632-I050,JTL,,False,56.0,2.5,,,,,3.66,3.0,in
I050-K656,JTL,,False,56.0,2.5,,,,,3.0,1.443,in
J587-I051,JTL,,False,56.0,2.5,,,,,3.66,3.0,in
I051-K542,JTL,,False,56.0,2.5,,,,,3.0,1.444,in
K483-I052,JTD,,False,56.0,2.5,,,,,3.088,3.0,in
I052-K504,JTD,,False,56.0,2.5,,,,,3.0,2.588,in
K525-I053,JTD,,False,56.0,2.5,,,,,3.145,3.0,in
I053-K528,JTD,,False,56.0,2.5,,,,,3.0,2.645,in
K664-I054,JTL,,False,56.0,2.5,,,,,3.103,3.0,in
I054-K663,JTL,,False,56.0,2.5,,,,,3.0,2.607,in
K667-I055,JTL,,False,56.0,2.5,,,,,3.208,3.0,in
I055-K666,JTL,,False,56.0,2.5,,,,,3.0,2.712,in
K685-I056,JTL,,False,56.0,2.5,,,,,3.208,3.0,in
I056-K684,JTL,,False,56.0,2.5,,,,,3.0,2.712,in
K503-I057,JTD,,False,56.0,2.5,,,,,4.233,3.0,in
I057-J292,JTD,,False,56.0,2.5,,,,,3.0,-4.3,in
K531-I058,JTD,,False,56.0,2.5,,,,,4.279,3.0,in
I058-J268,JTD,,False,56.0,2.5,,,,,3.0,-4.3,in
J284-I059,JTD,,False,56.0,2.5,,,,,8.2,3.0,in
I059-K501,JTD,,False,56.0,2.5,,,,,3.0,1.944,in
J278-I060,JTD,,False,56.0,2.5,,,,,8.2,3.0,in
I060-K533,JTD,,False,56.0,2.5,,,,,3.0,2.011,in
J078-I061,JTA,,False,56.0,2.5,,,,,7.99,3.0,in
I061-K601,JTA,,False,56.0,2.5,,,,,3.0,-2.2,in
J113-I062,JTA,,False,56.0,2.5,,,,,8.2,3.0,in
I062-K600,JTA,,False,56.0,2.5,,,,,3.0,-1.155,in
K478-I063,JTA,,False,56.0,2.5,,,,,6.866,3.0,in
I063-K599,JTA,,False,56.0,2.5,,,,,3.0,0.195,in
J111-I064,JTA,,False,56.0,2.5,,,,,4.625,3.0,in
I064-K583,JTA,,False,56.0,2.5,,,,,3.0,-0.657,in
J068-I065,JTA,,False,56.0,2.5,,,,,8.2,3.0,in
I065-K158,JTA,,False,56.0,2.5,,,,,3.0,-1.709,in
K447-I066,JT2,,False,56.0,2.5,,,,,-6.5,-10.0,below
I066-K460,JT2,,False,56.0,2.5,,,,,-10.0,-18.669,below
K446-I067,JT2,,False,56.0,2.5,,,,,-6.5,-10.0,below
I067-K459,JT2,,False,56.0,2.5,,,,,-10.0,-17.669,below
K445-I068,JT2,,False,56.0,2.5,,,,,-6.5,-10.0,below
I068-K458,JT2,,False,56.0,2.5,,,,,-10.0,-16.683,below
K436-I069,JT2,,False,56.0,2.5,,,,,-6.5,-10.0,below
I069-K153,JT2,,False,56.0,2.5,,,,,-10.0,-17.195,below
K435-I070,JT2,,False,56.0,2.5,,,,,-6.5,-10.0,below
I070-K154,JT2,,False,56.0,2.5,,,,,-10.0,-18.195,below
3038-300A,XE2,,False,134.0,4.5,,,,,-3.105,-2.109,in
300A-3235,XAL,,False,140.0,7.5,,,,,-2.109,-1.112,in
300B-3627,VA1,,False,113.0,3.5,,,,,8.817,9.403,above
3259-3000,HAV,C5K1,True,,3.5,177.0,141.0,5.0,3.0,-6.0,-6.0,below
3000-3503,HAP,,False,141.0,3.0,,,,,-6.0,-6.0,below
3161-3240,XB2,C5U,True,,4.0,159.0,116.0,4.5,3.5,-3.2640000000000002,-2.643,in
3240-3177,XY4,,False,116.0,3.5,,,,,-2.643,-0.5379999999999999,in
3138-3245,HBH,C5V,True,,3.0,152.0,121.0,4.0,2.5,-6.0,-6.0,below
3245-3051,HDB,,False,121.0,2.5,,,,,-6.0,-6.0,below
3132-3247,HBI,C5W,True,,3.5,152.0,131.0,4.0,3.0,-6.0,-6.0,below
3247-3166,HEB,,False,131.0,3.0,,,,,-6.0,-6.0,below
3196-3262,XCB,C5M1,True,,4.0,149.0,113.0,4.0,3.5,-3.306,-2.683,in
3262-3200,XAA,,False,113.0,3.5,,,,,-2.683,-0.523,in
3094-3264,HBO,C5Y,True,,3.5,142.0,131.0,4.0,3.0,-6.0,-6.0,below
3264-3099,HEB,,False,131.0,3.0,,,,,-6.0,-6.0,below
2293-2195,HAY,C5L1,True,,3.0,141.0,121.0,4.0,2.5,-6.0,-6.0,below
2195-3241,HDB,,False,121.0,2.5,,,,,-6.0,-6.0,below
3175-3265,HBU,C5A1,True,,3.0,132.0,121.0,4.0,2.5,-6.0,-6.0,below
3265-3185,HDB,,False,121.0,2.5,,,,,-6.0,-6.0,below
3230-3266,XA8,,False,140.0,6.5,,,,,-1.5939999999999999,-2.22,in
3266-K595,XA8,,False,140.0,6.5,,,,,-2.22,-2.633,in
3211-3267,XAP,,False,135.0,7.0,,,,,-1.893,-1.288,in
3267-3215,XAK,,False,136.0,7.5,,,,,-1.288,-0.7040000000000001,in
3217-3268,XAK,,False,136.0,7.5,,,,,0.48100000000000004,1.086,in
3143-3269,XBR,C5DB,True,,4.0,135.0,113.0,6.5,3.5,-0.544,0.08,in
3269-3142,XAA,,False,113.0,3.5,,,,,0.08,2.416,in
3227-3270,XA8,,False,140.0,6.5,,,,,-1.098,-1.7229999999999999,in
3270-3202,XA8,,False,140.0,6.5,,,,,-1.7229999999999999,-2.146,in
2122-2292,HB6,C5G1,True,,3.0,118.0,97.0,3.5,2.5,-22.0,-22.0,below
2292-2131,HB8,,False,97.0,2.5,,,,,-22.0,-22.0,below
2120-2294,HB7,C5H1,True,,3.0,108.0,92.0,3.0,2.5,-22.0,-22.0,below
2294-2136,HAC,,False,92.0,2.5,,,,,-22.0,-22.0,below
300D-K140,XAA,,False,113.0,3.5,,,,,8.2,5.818,in
BO08-300D,VA0,,False,113.0,3.5,,,,,9.455,8.2,in
3115-300E,XAA,,False,113.0,3.5,,,,,6.5280000000000005,8.201,in
300E-3261,VA1,,False,113.0,3.5,,,,,8.201,9.255,above
3615-300G,XAA,,False,113.0,3.5,,,,,7.371,8.201,in
3263-300G,VA1,,False,113.0,3.5,,,,,9.255,8.201,above
2058-200A,HB4,HGCONEC,True,,3.5,118.0,103.0,3.5,3.5,-19.88,-19.435,below
200A-2180,VBD,,False,103.0,3.5,,,,,-19.435,-19.118,below
J063-J743,JT9,,False,56.0,2.5,,,,,16.335,13.0,above
J743-J061,JT9,,False,56.0,2.5,,,,,13.0,11.75,above
J743-4000,JS0,,False,50.8,2.0,,,,,13.0,13.0,above
J064-K706,JT0,,False,56.0,2.5,,,,,16.335,13.0,above
K706-J075,JT1,,False,56.0,2.5,,,,,13.0,8.2,in
J116-K708,JT9,,False,56.0,2.5,,,,,16.335,13.0,above
K708-K138,JT9,,False,56.0,2.5,,,,,13.0,12.099,above
3198-300B,VA1,,False,113.0,3.5,,,,,8.201,8.817,above
J581-K753,JT0,,False,56.0,2.5,,,,,16.335,13.0,above
K753-J579,JT1,,False,56.0,2.5,,,,,13.0,8.2,in
J510-K747,JT0,,False,56.0,2.5,,,,,16.335,13.0,above
K747-J511,JT1,,False,56.0,2.5,,,,,13.0,8.2,in
J441-K746,JT0,,False,56.0,2.5,,,,,16.335,13.0,above
K746-J440,JT1,,False,56.0,2.5,,,,,13.0,8.2,in
J430-K724,JT0,,False,56.0,2.5,,,,,16.335,13.0,above
K724-J431,JT1,,False,56.0,2.5,,,,,13.0,8.2,in
J361-K723,JT9,,False,56.0,2.5,,,,,16.335,13.0,above
K723-K556,JT9,,False,56.0,2.5,,,,,13.0,8.522,above
J290-GD19,JT0,,False,56.0,2.5,,,,,16.335,13.0,above
GD19-J293,JT1,,False,56.0,2.5,,,,,13.0,8.2,in
J676-K755,JT9,,False,56.0,2.5,,,,,16.335,13.0,above
K755-J677,JT9,,False,56.0,2.5,,,,,13.0,10.2,above
J673-K756,JT9,,False,56.0,2.5,,,,,16.335,13.0,above
K756-J674,JT9,,False,56.0,2.5,,,,,13.0,10.2,above
J671-K757,JT9,,False,56.0,2.5,,,,,16.335,13.0,above
K757-J670,JT9,,False,56.0,2.5,,,,,13.0,10.2,above
J667-K758,JT9,,False,56.0,2.5,,,,,16.335,13.0,above
K758-J669,JT9,,False,56.0,2.5,,,,,13.0,10.2,above
J665-K759,JT9,,False,56.0,2.5,,,,,16.335,13.0,above
K759-J664,JT9,,False,56.0,2.5,,,,,13.0,11.2,above
J661-K760,JT9,,False,56.0,2.5,,,,,16.335,13.0,above
K760-K217,JT9,,False,56.0,2.5,,,,,13.0,8.669,above
J658-K761,JT9,,False,56.0,2.5,,,,,16.335,13.0,above
K761-K214,JT9,,False,56.0,2.5,,,,,13.0,9.882,above
J279-K762,JT0,,False,56.0,2.5,,,,,16.335,13.0,above
K762-J278,JT1,,False,56.0,2.5,,,,,13.0,8.2,in
J275-K763,JT0,,False,56.0,2.5,,,,,16.335,13.0,above
K763-J274,JT1,,False,56.0,2.5,,,,,13.0,8.2,in
J270-K764,JT0,,False,56.0,2.5,,,,,16.335,13.0,above
K764-J271,JT1,,False,56.0,2.5,,,,,13.0,8.2,in
J656-K765,JT9,,False,56.0,2.5,,,,,16.335,13.0,above
K765-K186,JT9,,False,56.0,2.5,,,,,13.0,9.882,above
J652-K766,JT9,,False,56.0,2.5,,,,,16.335,13.0,above
K766-K183,JT9,,False,56.0,2.5,,,,,13.0,8.669,above
J650-K767,JT9,,False,56.0,2.5,,,,,16.335,13.0,above
K767-J651,JT9,,False,56.0,2.5,,,,,13.0,11.2,above
J647-K768,JT9,,False,56.0,2.5,,,,,16.335,13.0,above
K768-J648,JT9,,False,56.0,2.5,,,,,13.0,10.2,above
J643-K769,JT9,,False,56.0,2.5,,,,,16.335,13.0,above
K769-J644,JT9,,False,56.0,2.5,,,,,13.0,10.2,above
J640-K770,JT9,,False,56.0,2.5,,,,,16.335,13.0,above
K770-J642,JT9,,False,56.0,2.5,,,,,13.0,10.2,above
J639-K771,JT9,,False,56.0,2.5,,,,,16.335,13.0,above
K771-J637,JT9,,False,56.0,2.5,,,,,13.0,10.2,above
J353-K772,JT9,,False,56.0,2.5,,,,,16.335,13.0,above
K772-J376,JT9,,False,56.0,2.5,,,,,13.0,8.522,above
J451-K773,JT0,,False,56.0,2.5,,,,,16.335,13.0,above
K773-J458,JT1,,False,56.0,2.5,,,,,13.0,8.2,in
J548-K774,JT0,,False,56.0,2.5,,,,,16.335,13.0,above
K774-J558,JT1,,False,56.0,2.5,,,,,13.0,8.2,in
K389-K775,JT0,,False,56.0,2.5,,,,,16.335,13.0,above
K775-K394,JT1,,False,56.0,2.5,,,,,13.0,8.2,in
K641-K776,JT0,,False,56.0,2.5,,,,,16.335,13.0,above
K776-K646,JT1,,False,56.0,2.5,,,,,13.0,8.2,in
J118-K777,JT9,,False,56.0,2.5,,,,,16.335,13.0,above
K777-K709,JT9,,False,56.0,2.5,,,,,13.0,12.253,above
J067-K778,JT9,,False,56.0,2.5,,,,,16.335,13.0,above
K778-J065,JT9,,False,56.0,2.5,,,,,13.0,11.75,above
3562-3151,LBP,,False,250.0,12.0,,,,,-4.25,-6.0,in
3207-3183,XY4,,False,116.0,3.5,,,,,6.973,8.201,in
3242-2227,HAP,,False,141.0,3.0,,,,,-6.0,-6.0,below
3055-3223,XBS,,False,115.0,4.5,,,,,4.39,4.952,in
3155-3223,XBD,,False,116.0,5.0,,,,,5.666,4.952,in
2000-3271,XBH,HGCONEE,True,,3.5,134.0,117.0,5.5,3.5,0.36200000000000004,0.987,in
3271-3272,XCJ,,False,117.0,3.5,,,,,0.987,1.613,in
3272-3075,XCJ,,False,117.0,3.5,,,,,1.613,2.424,in
3612-3274,XCJ,,False,117.0,3.5,,,,,8.192,10.032,in
3274-3086,XCK,,False,117.0,3.5,,,,,10.032,10.663,above
3225-3188,XAJ,,False,145.0,8.0,,,,,4.414,4.8740000000000006,in
3357-3048,ZAE,,False,109.0,5.0,,,,,4.805,4.811,in
3048-3577,ZAZ,,False,105.0,3.0,,,,,4.811,4.816,in
3546-3273,ZAZ,,False,105.0,3.0,,,,,4.805,4.805,in
3273-3357,ZAE,,False,109.0,5.0,,,,,4.805,4.805,in
3188-3275,XY1,,False,139.0,5.0,,,,,4.8740000000000006,5.615,in
3275-3585,XY1,,False,139.0,5.0,,,,,5.615,6.003,in
3268-3276,XB6,C5OA,True,,7.0,135.0,115.0,7.5,3.5,1.086,1.69,in
3276-3194,XZ3,,False,115.0,3.5,,,,,1.69,2.584,in
3539-3277,ZAI,,False,118.0,6.5,,,,,3.156,3.785,in
3277-3540,ZAI,,False,118.0,6.5,,,,,3.785,4.78,in
3537-3278,ZAM,C5QA,True,,3.5,112.0,102.0,6.5,3.0,0.856,0.22699999999999998,in
3278-3536,VBC,,False,102.0,3.0,,,,,0.22699999999999998,-2.452,in
2295-2198,XAG,,False,135.0,4.0,,,,,-3.192,-2.771,in
2198-2296,XA8,,False,140.0,6.5,,,,,-2.771,-2.458,in
2296-3202,XA8,,False,140.0,6.5,,,,,-2.458,-2.146,in
2297-K595,XA8,,False,140.0,6.5,,,,,-3.005,-2.633,in
3001-2297,XAG,,False,135.0,4.0,,,,,-4.1737,-3.005,in
2295-3037,XAG,,False,135.0,4.0,,,,,-3.192,-4.1714,in
2298-3211,XAP,,False,135.0,7.0,,,,,-2.241,-1.893,in
2299-3216,XAT,,False,126.0,7.0,,,,,-2.293,-1.9649999999999999,in
2300-2299,XA3,C5IA,True,,5.0,190.0,126.0,5.0,7.0,-2.917,-2.293,in
3170-2300,XAD,,False,190.0,5.0,,,,,-3.7043,-2.917,in
2301-2298,XA4,C5JA,True,,4.0,188.0,135.0,5.0,7.0,-2.893,-2.241,in
2301-3170,XAF,,False,190.0,5.0,,,,,-2.893,-3.6882,in
3255-3253,XA1,,False,117.0,5.5,,,,,4.322,5.179,in
3239-3074,XAJ,,False,145.0,8.0,,,,,2.714,2.273,in
3074-3224,XBY,,False,144.0,7.5,,,,,2.273,0.953,in
3212-3042,XAT,,False,126.0,7.0,,,,,0.32799999999999996,0.978,in
3042-3209,XAT,,False,126.0,7.0,,,,,0.978,1.629,in
3183-3206,VZ1,,False,116.0,3.5,,,,,8.201,9.399,above
3092-3157,VCB,,False,135.0,3.5,,,,,-4.2122,-3.466,in
3092-3160,VCB,,False,135.0,3.5,,,,,-4.1634,-3.4379999999999997,in
3160-2302,VCD,C9Z,True,,3.5,135.0,112.0,3.5,3.0,-3.4379999999999997,-2.809,in
2302-3163,VCC,,False,112.0,3.0,,,,,-2.809,2.407,in
3157-2303,VCD,C9Z,True,,3.5,135.0,112.0,3.5,3.0,-3.466,-2.835,in
2303-3162,VCC,,False,112.0,3.0,,,,,-2.835,2.391,in
3067-3131,VCB,,False,135.0,3.5,,,,,-4.3139,-3.499,in
3067-3088,VCB,,False,135.0,3.5,,,,,-4.2893,-3.485,in
3131-2304,VCD,C9Z,True,,3.5,135.0,112.0,3.5,3.0,-3.499,-2.871,in
2304-3147,VCC,,False,112.0,3.0,,,,,-2.871,2.021,in
3088-2305,VCD,C9Z,True,,3.5,135.0,112.0,3.5,3.0,-3.485,-2.857,in
2305-3097,VCC,,False,112.0,3.0,,,,,-2.857,-1.7559999999999998,in
