member_id,group_id,section_id,z1,z2,zone,warning,new_group_id,new_section_id
BL11-BL13,BF1,,2.5,3.4,in,,BF1,
BL12-BL14,BF1,,2.5,3.4,in,,BF1,
BL13-BL15,BF1,,3.4,5.5,in,,BF1,
BL14-BL16,BF1,,3.4,5.5,in,,BF1,
BL15-BL17,BF1,,5.5,6.3,in,,BF1,
BL16-BL18,BF1,,5.5,6.3,in,,BF1,
BL17-BL19,BF1,,6.3,8.2,in,,BF1,
BL18-BL20,BF1,,6.3,8.2,in,,BF1,
BM28-BM30,BF1,,-2.9,-0.6,in,,BF1,
BM29-BM31,BF1,,-2.9,-0.6,in,,BF1,
BM32-BL11,BF1,,0.6,2.5,in,,BF1,
BM33-BL12,BF1,,0.6,2.5,in,,BF1,
BL05-BL07,BF1,,-4.23,-3.5,in,,BF1,
BL06-BL08,BF1,,-4.23,-3.5,in,,BF1,
BL07-BM28,BF1,,-3.5,-2.9,in,,BF1,
BL08-BM29,BF1,,-3.5,-2.9,in,,BF1,
BL09-BM32,BF1,,0.0,0.6,in,,BF1,
BL10-BM33,BF1,,0.0,0.6,in,,BF1,
BM30-BL09,BF1,,-0.6,0.0,in,,BF1,
BM31-BL10,BF1,,-0.6,0.0,in,,BF1,
BL01-BL02,BF3,,-5.23,-5.23,below,,BF3,
BL01-BL03,BF3,,-5.23,-4.39,below,,BF3,
BL02-BL04,BF3,,-5.23,-4.39,below,,BF3,
BL19-BL21,BF0,,8.2,8.5,in,member straddles splash zone boundary,BF0,
BL20-BL22,BF0,,8.2,8.5,in,member straddles splash zone boundary,BF0,
BL21-BL23,BF2,,8.5,9.95,above,,BF2,
BL22-BL24,BF2,,8.5,10.0,above,,BF2,
3563-BL95,BL1,,8.5,8.5,above,,BL1,
BL95-BL96,BL1,,8.5,8.5,above,,BL1,
BL96-BL97,BL1,,8.5,8.5,above,,BL1,
BL97-BL98,BL1,,8.5,8.5,above,,BL1,
BL03-BL05,BF3,,-4.39,-4.5162,below,,BF3,
BL04-BL06,BF3,,-4.39,-4.5162,below,,BF3,
BL97-BL99,BL5,,8.9065,9.028,above,,BL5,
BL99-BM05,BL5,,9.028,9.3,above,,BL5,
BM05-BM06,BL5,,9.3,9.85,above,,BL5,
BM06-BM10,BL5,,9.85,10.3,above,,BL5,
BM10-BM12,BL5,,10.3,10.5,above,,BL5,
BL93-BL21,BL6,,8.5,8.5,above,,BL6,
BL94-BL22,BL6,,8.5,8.5,above,,BL6,
BL96-BL93,BL6,,8.5,8.5,above,,BL6,
BL96-BL94,BL6,,8.5,8.5,above,,BL6,
BL91-BM01,BL8,,8.2,9.3,in,member straddles splash zone boundary,BL8,
BL92-BM02,BL8,,8.2,9.3,in,member straddles splash zone boundary,BL8,
BM01-BM03,BL4,,9.3,9.3,above,,BL4,
BM01-BM07,BL2,,9.3,10.3,above,,BL2,
BM02-BM04,BL4,,9.3,9.3,above,,BL4,
BM02-BM08,BL2,,9.3,10.3,above,,BL2,
BM04-BM05,BL4,,9.3,9.3,above,,BL4,
BM05-BM03,BL4,,9.3,9.3,above,,BL4,
BM07-BM09,BL4,,10.3,10.3,above,,BL4,
BM07-BM13,BL2,,10.3,12.4,above,,BL2,
BM08-BM11,BL4,,10.3,10.3,above,,BL4,
BM08-BM14,BL2,,10.3,12.4,above,,BL2,
BM10-BM09,BL4,,10.3,10.3,above,,BL4,
BM11-BM10,BL4,,10.3,10.3,above,,BL4,
BM13-BM14,BL7,,12.4,12.4,above,,BL7,
BM13-BM15,BL2,,12.4,12.5,above,,BL2,
BM14-BM16,BL2,,12.4,12.5,above,,BL2,
BL99-RP08,BL9,,9.028,9.85,above,,BL9,
BL35-BL36,BL0,,-3.5,-3.5,in,,BL0,
BL36-BL56,BLA,,-3.5,0.0,in,,BLA,
BL37-BL38,BL0,,-3.5,-3.5,in,,BL0,
BL37-BL57,BLA,,-3.5,0.0,in,,BLA,
BL55-BL56,BL0,,0.0,0.0,in,,BL0,
BL56-BL70,BLA,,0.0,3.0,in,,BLA,
BL57-BL58,BL0,,0.0,0.0,in,,BL0,
BL57-BL71,BLA,,0.0,3.0,in,,BLA,
BL70-BL72,BLB,,3.0,3.4,in,,BLB,
BL71-BL73,BLB,,3.0,3.4,in,,BLB,
BL72-BL75,BL0,,3.4,3.4,in,,BL0,
BL72-BL85,BLB,,3.4,6.3,in,,BLB,
BL73-BL76,BL0,,3.4,3.4,in,,BL0,
BL73-BL86,BLB,,3.4,6.3,in,,BLB,
BL85-BL88,BL0,,6.3,6.3,in,,BL0,
BL85-BL91,BLB,,6.3,8.2,in,,BLB,
BL86-BL89,BL0,,6.3,6.3,in,,BL0,
BL86-BL92,BLB,,6.3,8.2,in,,BLB,
BM17-BL36,BLA,,-4.0,-3.5,in,,BLA,
BM18-BL37,BLA,,-4.0,-3.5,in,,BLA,
BL67-BL68,BLC,,2.5,2.5,in,,BLC,
BL68-BL69,BLC,,2.5,2.5,in,,BLC,
BL80-BL81,BLC,,5.5,5.5,in,,BLC,
BL81-BL82,BLC,,5.5,5.5,in,,BLC,
BM20-BL67,BLC,,2.5,2.5,in,,BLC,
BM22-BL80,BLC,,5.5,5.5,in,,BLC,
BL65-BL11,BLD,,2.5,2.5,in,,BLD,
BL66-BL12,BLD,,2.5,2.5,in,,BLD,
BL68-BL65,BLD,,2.5,2.5,in,,BLD,
BL68-BL66,BLD,,2.5,2.5,in,,BLD,
BL78-BL15,BLD,,5.5,5.5,in,,BLD,
BL79-BL16,BLD,,5.5,5.5,in,,BLD,
BL81-BL78,BLD,,5.5,5.5,in,,BLD,
BL81-BL79,BLD,,5.5,5.5,in,,BLD,
BL13-BL74,BLG,,3.4,3.4,in,,BLG,
BL14-BL77,BLG,,3.4,3.4,in,,BLG,
BL17-BL87,BLG,,6.3,6.3,in,,BLG,
BL18-BL90,BLG,,6.3,6.3,in,,BLG,
BL74-BL75,BLG,,3.4,3.4,in,,BLG,
BL75-BL76,BLG,,3.4,3.4,in,,BLG,
BL76-BL77,BLG,,3.4,3.4,in,,BLG,
BL87-BL88,BLG,,6.3,6.3,in,,BLG,
BL88-BL89,BLG,,6.3,6.3,in,,BLG,
BL89-BL90,BLG,,6.3,6.3,in,,BLG,
BL35-BL07,BLD,,-3.5,-3.5,in,,BLD,
BL38-BL08,BLD,,-3.5,-3.5,in,,BLD,
BL39-BL35,BLD,,-3.5,-3.5,in,,BLD,
BL40-BL38,BLD,,-3.5,-3.5,in,,BLD,
BL40-BL42,BLD,,-3.5,-3.5,in,,BLD,
BL41-BL39,BLD,,-3.5,-3.5,in,,BLD,
BL41-BL42,BLD,,-3.5,-3.5,in,,BLD,
BL55-BL09,BLD,,0.0,0.0,in,,BLD,
BL58-BL10,BLD,,0.0,0.0,in,,BLD,
BL59-BL55,BLD,,0.0,0.0,in,,BLD,
BL60-BL59,BLD,,0.0,0.0,in,,BLD,
BL61-BL60,BLD,,0.0,0.0,in,,BLD,
BL62-BL58,BLD,,0.0,0.0,in,,BLD,
BL62-BL61,BLD,,0.0,0.0,in,,BLD,
BL31-BL39,BLI,,-4.25,-3.5,in,,BLI,
BL32-BL40,BLI,,-4.25,-3.5,in,,BLI,
BL39-BL43,BLI,,-3.5,-3.2,in,,BLI,
BL40-BL44,BLI,,-3.5,-3.197,in,,BLI,
BL45-BL51,BLI,,-1.2,-0.75,in,,BLI,
BL46-BL52,BLI,,-1.2,-0.75,in,,BLI,
BL51-BL59,BLI,,-0.75,0.0,in,,BLI,
BL52-BL62,BLI,,-0.75,0.0,in,,BLI,
BL59-BL63,BLI,,0.0,0.3,in,,BLI,
BL62-BL64,BLI,,0.0,0.303,in,,BLI,
BL29-BL33,BLM,,-4.25,-3.85,in,,BLM,
BL30-BL34,BLM,,-4.25,-3.85,in,,BLM,
BL47-BL49,BLM,,-1.15,-0.75,in,,BLM,
BL48-BL50,BLM,,-1.15,-0.75,in,,BLM,
BL49-BL53,BLM,,-0.75,-0.35,in,,BLM,
BL50-BL54,BLM,,-0.75,-0.35,in,,BLM,
3562-BL29,BLN,,-4.25,-4.25,in,,BLN,
3562-BL30,BLN,,-4.25,-4.25,in,,BLN,
BM19-BL49,BLN,,-0.75,-0.75,in,,BLN,
BM19-BL50,BLN,,-0.75,-0.75,in,,BLN,
BO88-Q870,BO3,,13.0,13.0,above,,BO3,
BO89-Q894,BO3,,13.0,13.0,above,,BO3,
Q870-BO89,BO3,,13.0,13.0,above,,BO3,
Q894-Q927,BO3,,13.0,13.0,above,,BO3,
Q927-BO90,BO3,,13.0,13.0,above,,BO3,
BO97-BP25,BO7,,13.0,13.0,above,,BO7,
BO98-BO97,BO7,,13.0,13.0,above,,BO7,
BO99-BO98,BO7,,13.0,13.0,above,,BO7,
BP25-BO96,BO7,,13.0,13.0,above,,BO7,
Q483-BO96,BO7,,13.0,13.0,above,,BO7,
4961-JR19,CA1,,-0.201,8.2,in,,CA1,
CA17-JR15,CA1,,1.448,8.2,in,,CA1,
S008-CA17,CA1,,-4.3,1.448,in,,CA1,
S009-4961,CA1,,-4.3,-0.201,in,,CA1,
CA11-CA07,CA2,,13.75,15.835,above,,CA2,
CA14-CA03,CA2,,13.75,15.835,above,,CA2,
JR15-CA16,CA0,,8.2,12.25,in,member straddles splash zone boundary,CA0,
JR19-CA13,CA0,,8.2,12.25,in,member straddles splash zone boundary,CA0,
3628-4953,CA5,,-6.0,-4.5,below,,CA5,
4953-S009,CA0,,-4.5,-4.3,in,member straddles splash zone boundary,CA0,
CA01-CA18,CA5,,-10.0,-6.0,below,,CA5,
CA06-CA20,CA5,,-10.525,-9.3,below,,CA5,
CA18-CA81,CA5,,-6.0,-4.4,below,,CA5,
CA20-3628,CA5,,-9.3,-6.0,below,,CA5,
CA81-S008,CA0,,-4.4,-4.3,in,member straddles splash zone boundary,CA0,
CA12-CA11,CA7,,13.0,13.75,above,,CA7,
CA13-CA12,CA7,,12.25,13.0,above,,CA7,
CA15-CA14,CA7,,13.0,13.75,above,,CA7,
CA16-CA15,CA7,,12.25,13.0,above,,CA7,
2531-GJ58,CS0,,-10.60017,-9.5907,below,,CS0,
3512-GJ72,CS0,,-6.0,-6.0,below,,CS0,
CA12-4516,CS2,,13.0,13.0,above,,CS2,
CA15-4100,CS2,,13.0,13.0,above,,CS2,
X001-3101,CS0,,-6.0,-6.0,below,,CS0,
CA09-4794,CS1,,13.0,13.0,above,,CS1,
X003-3363,CS4,,-6.0,-6.0,below,,CS4,
1716-S010,CW0,,-4.4,-4.3,in,member straddles splash zone boundary,CW0,
CA05-CA19,CW2,,-10.0,-6.0,below,,CW2,
CA19-1716,CW2,,-6.0,-4.4,below,,CW2,
CA21-CA22,CW1,,4.826,8.2,in,,CW1,
S010-CA21,CW1,,-4.3,4.826,in,,CW1,
CA08-CA04,CW3,,14.075,15.835,above,,CW3,
CA22-CA10,CW9,,8.2,11.925,in,member straddles splash zone boundary,CW9,
CA09-CA08,CW4,,13.0,14.075,above,,CW4,
CA10-CA09,CW4,,11.925,13.0,above,,CW4,
1707-X005,GU6,,4.126,4.826,in,,GU6,
X005-1708,GU6,,4.826,5.526,in,,GU6,
G001-G010,GU1,,-26.109,-26.609,below,,GU1,
G002-G012,GU1,,-25.193,-25.693,below,,GU1,
G009-G001,GU1,,-25.609,-26.109,below,,GU1,
G011-G002,GU1,,-24.693,-25.193,below,,GU1,
G013-G014,GU1,,-17.195,-17.695,below,,GU1,
G014-G015,GU1,,-17.695,-18.195,below,,GU1,
G016-G017,GU1,,-18.195,-18.695,below,,GU1,
G017-G018,GU1,,-18.695,-19.195,below,,GU1,
G055-G056,GU4,,9.882,9.382,above,,GU4,
G057-G056,GU4,,8.882,9.382,above,,GU4,
G061-G062,GU1,,-5.5,-6.0,below,,GU1,
G062-G063,GU1,,-6.0,-6.5,below,,GU1,
G064-G065,GU1,,-5.5,-6.0,below,,GU1,
G065-G066,GU1,,-6.0,-6.5,below,,GU1,
G067-G068,GU1,,-5.5,-6.0,below,,GU1,
G068-G069,GU1,,-6.0,-6.5,below,,GU1,
G070-G071,GU1,,-5.5,-6.0,below,,GU1,
G071-G072,GU1,,-6.0,-6.5,below,,GU1,
G073-G074,GU1,,-5.5,-6.0,below,,GU1,
G074-G075,GU1,,-6.0,-6.5,below,,GU1,
G076-G077,GU1,,-5.5,-6.0,below,,GU1,
G077-G078,GU1,,-6.0,-6.5,below,,GU1,
G079-G080,GU1,,-5.5,-6.0,below,,GU1,
G080-G081,GU1,,-6.0,-6.5,below,,GU1,
G082-G083,GU1,,-5.5,-6.0,below,,GU1,
G083-G084,GU1,,-6.0,-6.5,below,,GU1,
G085-G086,GU4,,9.882,9.382,above,,GU4,
G086-G087,GU4,,9.382,8.882,above,,GU4,
G088-G089,GU0,,8.669,8.169,in,member straddles splash zone boundary,GU0,
G089-G090,GUZ,,8.169,7.669,in,,GUZ,
G103-G104,GU1,,-15.478,-15.978,below,,GU1,
G104-G105,GU1,,-15.978,-16.478,below,,GU1,
G106-G107,GU1,,-14.347,-14.847,below,,GU1,
G107-G108,GU1,,-14.847,-15.347,below,,GU1,
G109-G110,GU1,,-13.361,-13.861,below,,GU1,
G110-G111,GU1,,-13.861,-14.361,below,,GU1,
G112-G113,GU1,,-12.314,-12.814,below,,GU1,
G113-G114,GU1,,-12.814,-13.314,below,,GU1,
G115-G116,GU1,,-11.078,-11.578,below,,GU1,
G116-G117,GU1,,-11.578,-12.078,below,,GU1,
G118-G119,GU1,,-10.061,-10.561,below,,GU1,
G119-G120,GU1,,-10.561,-11.061,below,,GU1,
G121-G122,GU1,,-9.012,-9.512,below,,GU1,
G122-G123,GU1,,-9.512,-10.012,below,,GU1,
G124-G125,GU1,,-9.012,-9.512,below,,GU1,
G125-G126,GU1,,-9.512,-10.012,below,,GU1,
G127-G128,GU1,,-10.061,-10.561,below,,GU1,
G128-G129,GU1,,-10.561,-11.061,below,,GU1,
G130-G131,GU1,,-11.078,-11.578,below,,GU1,
G131-G132,GU1,,-11.578,-12.078,below,,GU1,
G133-G134,GU1,,-12.314,-12.814,below,,GU1,
G134-G135,GU1,,-12.814,-13.314,below,,GU1,
G136-G137,GU1,,-13.361,-13.861,below,,GU1,
G137-G138,GU1,,-13.861,-14.361,below,,GU1,
G139-G140,GU1,,-14.347,-14.847,below,,GU1,
G140-G141,GU1,,-14.847,-15.347,below,,GU1,
G142-G143,GU1,,-15.478,-15.978,below,,GU1,
G143-G144,GU1,,-15.978,-16.478,below,,GU1,
G145-G155,GU1,,-21.5,-22.0,below,,GU1,
G146-G156,GU1,,-21.5,-22.0,below,,GU1,
G147-G157,GU1,,-21.5,-22.0,below,,GU1,
G148-G158,GU1,,-21.5,-22.0,below,,GU1,
G149-G159,GU1,,-21.5,-22.0,below,,GU1,
G155-G150,GU1,,-22.0,-22.5,below,,GU1,
G156-G151,GU1,,-22.0,-22.5,below,,GU1,
G157-G152,GU1,,-22.0,-22.5,below,,GU1,
G158-G153,GU1,,-22.0,-22.5,below,,GU1,
G159-G154,GU1,,-22.0,-22.5,below,,GU1,
G160-G170,GU1,,-11.224,-11.724,below,,GU1,
G161-G171,GU1,,-12.723,-13.223,below,,GU1,
G162-G172,GU1,,-14.218,-14.718,below,,GU1,
G163-G173,GU1,,-15.923,-16.423,below,,GU1,
G164-G174,GU1,,-17.416,-17.916,below,,GU1,
G170-G165,GU1,,-11.724,-12.224,below,,GU1,
G171-G166,GU1,,-13.223,-13.723,below,,GU1,
G172-G167,GU1,,-14.718,-15.218,below,,GU1,
G173-G168,GU1,,-16.423,-16.923,below,,GU1,
G174-G169,GU1,,-17.916,-18.416,below,,GU1,
G176-G175,GU1,,-22.0,-21.5,below,,GU1,
G176-G177,GU1,,-22.0,-22.5,below,,GU1,
G179-G178,GU1,,-22.0,-22.5,below,,GU1,
G179-G180,GU1,,-22.0,-21.5,below,,GU1,
G182-G181,GU1,,-22.0,-21.5,below,,GU1,
G182-G183,GU1,,-22.0,-22.5,below,,GU1,
G184-G185,GU1,,-21.5,-22.0,below,,GU1,
G185-G186,GU1,,-22.0,-22.5,below,,GU1,
G187-G188,GU1,,-21.5,-22.0,below,,GU1,
G189-G188,GU1,,-22.5,-22.0,below,,GU1,
G191-G190,GU1,,-22.0,-21.5,below,,GU1,
G191-G192,GU1,,-22.0,-22.5,below,,GU1,
G194-G193,GU1,,-22.0,-21.5,below,,GU1,
G194-G195,GU1,,-22.0,-22.5,below,,GU1,
G197-G196,GU1,,-22.0,-21.5,below,,GU1,
G197-G198,GU1,,-22.0,-22.5,below,,GU1,
G200-G199,GU1,,-22.0,-21.5,below,,GU1,
G200-G201,GU1,,-22.0,-22.5,below,,GU1,
G203-G202,GU1,,-22.0,-21.5,below,,GU1,
G204-G203,GU1,,-22.5,-22.0,below,,GU1,
G206-G205,GU1,,-34.637,-34.99,below,,GU1,
G206-G207,GU1,,-34.637,-34.283,below,,GU1,
G208-G209,GU1,,-35.527,-35.277,below,,GU1,
G208-G210,GU1,,-35.527,-35.777,below,,GU1,
G211-G212,GU1,,-35.556,-35.806,below,,GU1,
G211-G213,GU1,,-35.556,-35.306,below,,GU1,
G214-G215,GU1,,-35.588,-35.338,below,,GU1,
G214-G216,GU1,,-35.588,-35.838,below,,GU1,
G217-G223,GU1,,-35.659,-35.409,below,,GU1,
G218-G222,GU1,,-35.667,-35.417,below,,GU1,
G218-G225,GU1,,-35.667,-35.917,below,,GU1,
G220-G219,GU1,,-34.892,-35.246,below,,GU1,
G220-G221,GU1,,-34.892,-34.539,below,,GU1,
G224-G217,GU1,,-35.909,-35.659,below,,GU1,
G227-G226,GU1,,-35.666,-35.916,below,,GU1,
G227-G228,GU1,,-35.666,-35.416,below,,GU1,
G230-G229,GU1,,-35.649,-35.899,below,,GU1,
G230-G231,GU1,,-35.649,-35.399,below,,GU1,
G232-G233,GU1,,-34.844,-35.197,below,,GU1,
G232-G234,GU1,,-34.844,-34.49,below,,GU1,
G236-G235,GU1,,-35.503,-35.753,below,,GU1,
G236-G237,GU1,,-35.503,-35.253,below,,GU1,
G238-G239,GU1,,-35.461,-35.211,below,,GU1,
G238-G240,GU1,,-35.461,-35.711,below,,GU1,
G241-G242,GU1,,-35.39,-35.14,below,,GU1,
G241-G243,GU1,,-35.39,-35.64,below,,GU1,
G245-G244,GU1,,-34.637,-34.99,below,,GU1,
G245-G246,GU1,,-34.637,-34.283,below,,GU1,
G248-G247,GU1,,-27.801,-28.154,below,,GU1,
G248-G249,GU1,,-27.801,-27.447,below,,GU1,
G250-G251,GU1,,-28.154,-27.801,below,,GU1,
G252-G251,GU1,,-27.447,-27.801,below,,GU1,
G254-G253,GU1,,-20.506,-21.006,below,,GU1,
G254-G255,GU1,,-20.506,-20.006,below,,GU1,
G257-G256,GU1,,-20.506,-21.006,below,,GU1,
G257-G258,GU1,,-20.506,-20.006,below,,GU1,
G283-G284,GU1,,-5.5,-6.0,below,,GU1,
G284-G285,GU1,,-6.0,-6.5,below,,GU1,
G286-G287,GU1,,-5.5,-6.0,below,,GU1,
G287-G288,GU1,,-6.0,-6.5,below,,GU1,
G289-G291,GU1,,-5.5,-6.0,below,,GU1,
G290-G292,GU1,,-5.5,-6.0,below,,GU1,
G291-G293,GU1,,-6.0,-6.5,below,,GU1,
G292-G294,GU1,,-6.0,-6.5,below,,GU1,
G295-G296,GU1,,-5.5,-6.0,below,,GU1,
G296-G297,GU1,,-6.0,-6.5,below,,GU1,
G298-G299,GU1,,-5.5,-6.0,below,,GU1,
G299-G300,GU1,,-6.0,-6.5,below,,GU1,
G301-G302,GU1,,-5.5,-6.0,below,,GU1,
G302-G303,GU1,,-6.0,-6.5,below,,GU1,
G304-G305,GU1,,-26.077,-26.577,below,,GU1,
G305-G306,GU1,,-26.577,-27.077,below,,GU1,
G307-G308,GU1,,-25.175,-25.675,below,,GU1,
G308-G309,GU1,,-25.675,-26.175,below,,GU1,
G310-G311,GU1,,-24.259,-24.759,below,,GU1,
G311-G312,GU1,,-24.759,-25.259,below,,GU1,
G313-G314,GU1,,-16.683,-17.183,below,,GU1,
G314-G315,GU1,,-17.183,-17.683,below,,GU1,
G316-G317,GU1,,-17.669,-18.169,below,,GU1,
G317-G318,GU1,,-18.169,-18.669,below,,GU1,
G319-G320,GU1,,-18.669,-19.169,below,,GU1,
G320-G321,GU1,,-19.169,-19.669,below,,GU1,
G334-G335,GU1,,-14.474,-14.974,below,,GU1,
G335-G336,GU1,,-14.974,-15.474,below,,GU1,
G337-G338,GU1,,-13.107,-13.607,below,,GU1,
G338-G339,GU1,,-13.607,-14.107,below,,GU1,
G340-G341,GU1,,-11.74,-12.24,below,,GU1,
G341-G342,GU1,,-12.24,-12.74,below,,GU1,
G343-G344,GU1,,-5.5,-6.0,below,,GU1,
G344-G345,GU1,,-6.0,-6.5,below,,GU1,
G346-G347,GU1,,-5.5,-6.0,below,,GU1,
G347-G348,GU1,,-6.0,-6.5,below,,GU1,
G349-G350,GU1,,-5.5,-6.0,below,,GU1,
G350-G351,GU1,,-6.0,-6.5,below,,GU1,
G352-G353,GU1,,-11.803,-12.303,below,,GU1,
G353-G354,GU1,,-12.303,-12.803,below,,GU1,
G355-G356,GU1,,-13.66,-14.16,below,,GU1,
G357-G358,GU1,,-14.517,-15.017,below,,GU1,
G358-G359,GU1,,-15.017,-15.517,below,,GU1,
G360-G355,GU1,,-13.16,-13.66,below,,GU1,
G361-G362,GU1,,-5.5,-6.0,below,,GU1,
G362-G363,GU1,,-6.0,-6.5,below,,GU1,
G364-G365,GU1,,-5.5,-6.0,below,,GU1,
G365-G366,GU1,,-6.0,-6.5,below,,GU1,
G367-G368,GU1,,-5.5,-6.0,below,,GU1,
G368-G369,GU1,,-6.0,-6.5,below,,GU1,
G385-G386,GU1,,-5.5,-6.0,below,,GU1,
G386-G387,GU1,,-6.0,-6.5,below,,GU1,
G388-G389,GU1,,-5.5,-6.0,below,,GU1,
G389-G390,GU1,,-6.0,-6.5,below,,GU1,
G391-G392,GU1,,-5.5,-6.0,below,,GU1,
G392-G393,GU1,,-6.0,-6.5,below,,GU1,
G394-G395,GU1,,-5.5,-6.0,below,,GU1,
G395-G396,GU1,,-6.0,-6.5,below,,GU1,
G397-G398,GU1,,-5.5,-6.0,below,,GU1,
G398-G399,GU1,,-6.0,-6.5,below,,GU1,
G412-G413,GU4,,9.79,10.29,above,,GU4,
G412-G423,GU4,,9.79,9.29,above,,GU4,
G424-G425,GU4,,9.72,10.22,above,,GU4,
G424-G426,GU4,,9.72,9.22,above,,GU4,
G428-G427,GU1,,-36.054,-36.304,below,,GU1,
G428-G429,GU1,,-36.054,-35.804,below,,GU1,
G431-G430,GU1,,-34.623,-34.873,below,,GU1,
G431-G432,GU1,,-34.623,-34.373,below,,GU1,
G434-G433,GU1,,-36.006,-36.256,below,,GU1,
G434-G435,GU1,,-36.006,-35.756,below,,GU1,
G436-G437,GU1,,-34.692,-34.442,below,,GU1,
G436-G438,GU1,,-34.692,-34.942,below,,GU1,
G440-G439,GU1,,-36.054,-36.304,below,,GU1,
G440-G441,GU1,,-36.054,-35.804,below,,GU1,
G442-G443,GU1,,-5.5,-6.0,below,,GU1,
G443-G444,GU1,,-6.0,-6.5,below,,GU1,
G445-G446,GU1,,-5.5,-6.0,below,,GU1,
G446-G447,GU1,,-6.0,-6.5,below,,GU1,
G448-G449,GU1,,-5.5,-6.0,below,,GU1,
G449-G450,GU1,,-6.0,-6.5,below,,GU1,
G451-G452,GU1,,-17.416,-17.916,below,,GU1,
G452-G453,GU1,,-17.916,-18.416,below,,GU1,
G454-G455,GU1,,-15.923,-16.423,below,,GU1,
G455-G456,GU1,,-16.423,-16.923,below,,GU1,
G457-G458,GU1,,-14.218,-14.718,below,,GU1,
G458-G459,GU1,,-14.718,-15.218,below,,GU1,
G460-G461,GU1,,-12.723,-13.223,below,,GU1,
G461-G462,GU1,,-13.223,-13.723,below,,GU1,
G463-G464,GU1,,-11.224,-11.724,below,,GU1,
G464-G465,GU1,,-11.724,-12.224,below,,GU1,
G466-G467,GU1,,-21.5,-22.0,below,,GU1,
G467-G468,GU1,,-22.0,-22.5,below,,GU1,
G469-G470,GU1,,-21.5,-22.0,below,,GU1,
G470-G471,GU1,,-22.0,-22.5,below,,GU1,
G472-G473,GU1,,-21.5,-22.0,below,,GU1,
G473-G474,GU1,,-22.0,-22.5,below,,GU1,
G475-G476,GU1,,-21.5,-22.0,below,,GU1,
G476-G477,GU1,,-22.0,-22.5,below,,GU1,
G478-G479,GU1,,-21.5,-22.0,below,,GU1,
G479-G480,GU1,,-22.0,-22.5,below,,GU1,
G481-G482,GU1,,-25.546,-26.046,below,,GU1,
G482-G483,GU1,,-26.046,-26.546,below,,GU1,
G493-G494,GU1,,-25.63,-26.13,below,,GU1,
G494-G495,GU1,,-26.13,-26.63,below,,GU1,
G497-G496,GU1,,-35.12,-35.474,below,,GU1,
G497-G498,GU1,,-35.12,-34.766,below,,GU1,
G500-G499,GU1,,-36.029,-36.279,below,,GU1,
G500-G501,GU1,,-36.029,-35.779,below,,GU1,
G503-G502,GU1,,-36.052,-36.302,below,,GU1,
G503-G504,GU1,,-36.052,-35.802,below,,GU1,
G506-G505,GU1,,-36.057,-36.307,below,,GU1,
G506-G507,GU1,,-36.057,-35.807,below,,GU1,
G509-G508,GU1,,-36.049,-36.299,below,,GU1,
G509-G510,GU1,,-36.049,-35.799,below,,GU1,
G512-G511,GU1,,-34.582,-34.832,below,,GU1,
G512-G513,GU1,,-34.582,-34.332,below,,GU1,
G515-G514,GU1,,-34.599,-34.849,below,,GU1,
G515-G516,GU1,,-34.599,-34.349,below,,GU1,
G518-G517,GU1,,-34.607,-34.857,below,,GU1,
G518-G519,GU1,,-34.607,-34.357,below,,GU1,
G521-G520,GU1,,-35.12,-35.474,below,,GU1,
G521-G522,GU1,,-35.12,-34.766,below,,GU1,
G524-G523,GU1,,-36.023,-36.273,below,,GU1,
G524-G525,GU1,,-36.023,-35.773,below,,GU1,
G527-G526,GU1,,-36.051,-36.301,below,,GU1,
G528-G527,GU1,,-35.801,-36.051,below,,GU1,
G530-G529,GU1,,-36.057,-36.307,below,,GU1,
G530-G531,GU1,,-36.057,-35.807,below,,GU1,
G533-G532,GU1,,-36.047,-36.297,below,,GU1,
G533-G534,GU1,,-36.047,-35.797,below,,GU1,
G536-G535,GU1,,-34.586,-34.836,below,,GU1,
G536-G537,GU1,,-34.586,-34.336,below,,GU1,
G539-G538,GU1,,-34.599,-34.849,below,,GU1,
G539-G540,GU1,,-34.599,-34.349,below,,GU1,
G542-G541,GU1,,-34.607,-34.857,below,,GU1,
G542-G543,GU1,,-34.607,-34.357,below,,GU1,
G544-G545,GU1,,-22.0,-21.5,below,,GU1,
G544-G546,GU1,,-22.0,-22.5,below,,GU1,
G550-G548,GU1,,-26.811,-27.164,below,,GU1,
G550-G551,GU1,,-26.811,-26.457,below,,GU1,
G552-G553,GU1,,-27.022,-27.375,below,,GU1,
G552-G554,GU1,,-27.022,-26.668,below,,GU1,
G555-G556,GU1,,-27.83,-27.58,below,,GU1,
G556-G557,GU1,,-27.58,-27.33,below,,GU1,
G559-G558,GU1,,-27.58,-27.33,below,,GU1,
G559-G560,GU1,,-27.58,-27.83,below,,GU1,
GD07-G547,GU1,,-22.0,-22.5,below,,GU1,
GD07-G549,GU1,,-22.0,-21.5,below,,GU1,
1705-X003,GU2,,-6.7,-6.68,below,,GU2,
X003-1706,GU2,,-5.32,-5.3,below,,GU2,
1709-X001,GU3,,-6.7,-6.0,below,,GU3,
GJ58-GJ67,GU3,,-9.3,-8.6,below,,GU3,
GJ68-GJ58,GU3,,-10.0,-9.3,below,,GU3,
GJ69-GJ72,GU3,,-6.7,-6.0,below,,GU3,
GJ72-GJ70,GU3,,-6.0,-5.3,below,,GU3,
X001-1710,GU3,,-6.0,-5.3,below,,GU3,
G003-G025,GUZ,,4.322,4.819,in,,GUZ,
G003-G026,GUZ,,4.322,3.825,in,,GUZ,
G004-G005,GUZ,,5.179,5.676,in,,GUZ,
G004-G006,GUZ,,5.179,4.682,in,,GUZ,
G008-G007,GUZ,,4.327,4.825,in,,GUZ,
G008-G030,GUZ,,4.327,3.83,in,,GUZ,
G019-G020,GUZ,,-1.709,-2.208,in,,GUZ,
G020-G021,GUZ,,-2.208,-2.708,in,,GUZ,
G022-G023,GUZ,,5.328,5.825,in,,GUZ,
G022-G024,GUZ,,5.328,4.831,in,,GUZ,
G028-G027,GUZ,,4.322,4.819,in,,GUZ,
G028-G029,GUZ,,4.322,3.825,in,,GUZ,
G031-G032,GUZ,,4.819,4.322,in,,GUZ,
G032-G033,GUZ,,4.322,3.825,in,,GUZ,
G034-G035,GUZ,,6.107,5.611,in,,GUZ,
G035-G036,GUZ,,5.611,5.113,in,,GUZ,
G037-G038,GUZ,,6.107,5.61,in,,GUZ,
G038-G039,GUZ,,5.61,5.113,in,,GUZ,
G040-G041,GUZ,,2.079,1.581,in,,GUZ,
G041-G042,GUZ,,1.581,1.084,in,,GUZ,
G044-G043,GUZ,,6.925,7.424,in,,GUZ,
G044-G045,GUZ,,6.925,6.426,in,,GUZ,
G046-G047,GUZ,,0.719,0.22,in,,GUZ,
G048-G047,GUZ,,-0.279,0.22,in,,GUZ,
G049-G050,GU0,,8.669,8.169,in,member straddles splash zone boundary,GU0,
G050-G051,GUZ,,8.169,7.669,in,,GUZ,
G052-G053,GUZ,,-0.483,-0.98,in,,GUZ,
G053-G054,GUZ,,-0.98,-1.477,in,,GUZ,
G058-G059,GUZ,,-1.683,-2.18,in,,GUZ,
G059-G060,GUZ,,-2.18,-2.677,in,,GUZ,
G091-G092,GUZ,,7.423,6.924,in,,GUZ,
G092-G093,GUZ,,6.924,6.425,in,,GUZ,
G094-G095,GUZ,,-1.621,-2.118,in,,GUZ,
G095-G096,GUZ,,-2.118,-2.615,in,,GUZ,
G097-G098,GUZ,,-0.387,-0.884,in,,GUZ,
G098-G099,GUZ,,-0.884,-1.381,in,,GUZ,
G100-G101,GUZ,,0.847,0.348,in,,GUZ,
G101-G102,GUZ,,0.348,-0.151,in,,GUZ,
G259-G263,GUZ,,8.022,7.522,in,,GUZ,
G260-G262,GUZ,,3.103,2.607,in,,GUZ,
G261-G259,GU0,,8.522,8.022,in,member straddles splash zone boundary,GU0,
G262-G264,GUZ,,2.607,2.111,in,,GUZ,
G265-G266,GUZ,,6.859,6.359,in,,GUZ,
G266-G267,GUZ,,6.359,5.859,in,,GUZ,
G268-G269,GUZ,,6.43,5.93,in,,GUZ,
G269-G270,GUZ,,5.93,5.43,in,,GUZ,
G271-G274,GUZ,,1.443,0.948,in,,GUZ,
G272-G273,GUZ,,3.208,2.712,in,,GUZ,
G273-G276,GUZ,,2.712,2.217,in,,GUZ,
G274-G275,GUZ,,0.948,0.453,in,,GUZ,
G277-G278,GUZ,,-0.612,-1.107,in,,GUZ,
G278-G279,GUZ,,-1.107,-1.603,in,,GUZ,
G280-G281,GUZ,,1.138,0.642,in,,GUZ,
G281-G282,GUZ,,0.642,0.146,in,,GUZ,
G322-G323,GUZ,,7.866,7.366,in,,GUZ,
G323-G324,GUZ,,7.366,6.866,in,,GUZ,
G325-G326,GUZ,,5.233,4.733,in,,GUZ,
G326-G327,GUZ,,4.733,4.233,in,,GUZ,
G328-G329,GUZ,,3.588,3.088,in,,GUZ,
G329-G330,GUZ,,3.088,2.588,in,,GUZ,
G331-G332,GUZ,,1.944,1.444,in,,GUZ,
G332-G333,GUZ,,1.444,0.944,in,,GUZ,
G370-G371,GUZ,,2.011,1.511,in,,GUZ,
G371-G372,GUZ,,1.511,1.011,in,,GUZ,
G373-G374,GUZ,,3.145,2.645,in,,GUZ,
G375-G376,GUZ,,5.279,4.779,in,,GUZ,
G376-G377,GUZ,,4.779,4.279,in,,GUZ,
G378-G373,GUZ,,3.645,3.145,in,,GUZ,
G379-G380,GUZ,,1.444,0.948,in,,GUZ,
G380-G381,GUZ,,0.948,0.453,in,,GUZ,
G382-G383,GUZ,,6.415,5.915,in,,GUZ,
G383-G384,GUZ,,5.915,5.415,in,,GUZ,
G400-G402,GU0,,8.522,8.022,in,member straddles splash zone boundary,GU0,
G402-G401,GUZ,,8.022,7.522,in,,GUZ,
G403-G405,GUZ,,6.859,6.359,in,,GUZ,
G405-G404,GUZ,,6.359,5.859,in,,GUZ,
G406-G407,GUZ,,4.915,4.416,in,,GUZ,
G407-G408,GUZ,,4.416,3.979,in,,GUZ,
G410-G409,GUZ,,-1.15,-0.657,in,,GUZ,
G410-G411,GUZ,,-1.15,-1.608,in,,GUZ,
G414-G415,GUZ,,-0.305,-0.805,in,,GUZ,
G414-G416,GUZ,,-0.305,0.195,in,,GUZ,
G418-G417,GUZ,,-1.65,-2.145,in,,GUZ,
G418-G419,GUZ,,-1.65,-1.155,in,,GUZ,
G421-G420,GUZ,,-2.7,-3.2,in,,GUZ,
G421-G422,GUZ,,-2.7,-2.2,in,,GUZ,
G484-G485,GUZ,,1.134,0.638,in,,GUZ,
G485-G486,GUZ,,0.638,0.142,in,,GUZ,
G487-G488,GUZ,,-0.614,-1.11,in,,GUZ,
G488-G489,GUZ,,-1.11,-1.606,in,,GUZ,
G490-G491,GUZ,,3.208,2.712,in,,GUZ,
G491-G492,GUZ,,2.712,2.217,in,,GUZ,
1712-X002,GU5,,0.748,1.448,in,,GU5,
GJ88-GJ89,GUY,,0.519,-0.201,in,,GUY,
GJ89-GJ87,GUY,,-0.201,-0.882,in,,GUY,
X002-1711,GU5,,1.448,2.148,in,,GU5,
1357-1531,H01,HACONEA,-37.0,-37.0,below,,H01,HACONEA
1361-1532,H01,HACONEA,-37.0,-37.0,below,,H01,HACONEA
1367-1533,H01,HACONEA,-37.0,-37.0,below,,H01,HACONEA
1371-1534,HCD,HACONEZ,-37.0,-37.0,below,,HCD,HACONEZ
1140-1180,HAB,,-37.0,-37.0,below,,HAB,
1141-1181,HAB,,-37.0,-37.0,below,,HAB,
1142-1176,HAB,,-37.0,-37.0,below,,HAB,
1143-1178,HAB,,-37.0,-37.0,below,,HAB,
1160-1550,H03,,-37.0,-37.0,below,,H03,
1161-1545,H03,,-37.0,-37.0,below,,H03,
1162-1545,H03,,-37.0,-37.0,below,,H03,
1163-1551,H03,,-37.0,-37.0,below,,H03,
1176-1160,HAB,,-37.0,-37.0,below,,HAB,
1178-1163,HAB,,-37.0,-37.0,below,,HAB,
1180-1161,HAB,,-37.0,-37.0,below,,HAB,
1181-1162,HAB,,-37.0,-37.0,below,,HAB,
1550-1140,H03,,-37.0,-37.0,below,,H03,
1551-1141,H03,,-37.0,-37.0,below,,H03,
1554-1142,H03,,-37.0,-37.0,below,,H03,
1554-1143,H03,,-37.0,-37.0,below,,H03,
2093-2113,HAB,,-22.0,-22.0,below,,HAB,
2094-2548,H03,,-22.0,-22.0,below,,H03,
2106-2112,H03,,-22.0,-22.0,below,,H03,
2107-2115,HAB,,-22.0,-22.0,below,,HAB,
2108-2117,HAB,,-22.0,-22.0,below,,HAB,
2109-2112,H03,,-22.0,-22.0,below,,H03,
2110-2546,H03,,-22.0,-22.0,below,,H03,
2111-2118,HAB,,-22.0,-22.0,below,,HAB,
2113-2094,HAB,,-22.0,-22.0,below,,HAB,
2115-2106,HAB,,-22.0,-22.0,below,,HAB,
2117-2109,HAB,,-22.0,-22.0,below,,HAB,
2118-2110,HAB,,-22.0,-22.0,below,,HAB,
2546-2108,H03,,-22.0,-22.0,below,,H03,
2548-2107,H03,,-22.0,-22.0,below,,H03,
2549-2093,H03,,-22.0,-22.0,below,,H03,
2549-2111,H03,,-22.0,-22.0,below,,H03,
1133-1183,HAC,,-37.0,-37.0,below,,HAC,
1137-1182,HAC,,-37.0,-37.0,below,,HAC,
1138-1542,HAC,,-37.0,-37.0,below,,HAC,
1139-1542,HAC,,-37.0,-37.0,below,,HAC,
1164-1561,HAC,,-37.0,-37.0,below,,HAC,
1165-1561,HAC,,-37.0,-37.0,below,,HAC,
1166-1563,HAC,,-37.0,-37.0,below,,HAC,
1167-1564,HAC,,-37.0,-37.0,below,,HAC,
1168-1174,HAC,,-37.0,-37.0,below,,HAC,
1169-1175,HAC,,-37.0,-37.0,below,,HAC,
1170-1173,HAC,,-37.0,-37.0,below,,HAC,
1171-1172,HAC,,-37.0,-37.0,below,,HAC,
1172-1166,HAC,,-37.0,-37.0,below,,HAC,
1173-1167,HAC,,-37.0,-37.0,below,,HAC,
1174-1164,HAC,,-37.0,-37.0,below,,HAC,
1175-1165,HAC,,-37.0,-37.0,below,,HAC,
1182-1138,HAC,,-37.0,-37.0,below,,HAC,
1183-1139,HAC,,-37.0,-37.0,below,,HAC,
1543-1137,HAC,,-37.0,-37.0,below,,HAC,
1544-1133,HAC,,-37.0,-37.0,below,,HAC,
1557-1168,HAC,,-37.0,-37.0,below,,HAC,
1560-1169,HAC,,-37.0,-37.0,below,,HAC,
1562-1170,HAC,,-37.0,-37.0,below,,HAC,
1562-1171,HAC,,-37.0,-37.0,below,,HAC,
2009-2064,H04,,-22.0,-22.0,below,,H04,
2037-2074,HAC,,-22.0,-22.0,below,,HAC,
2064-2075,HB8,,-22.0,-22.0,below,,HB8,
2071-2543,H04,,-22.0,-22.0,below,,H04,
2072-2543,HAC,,-22.0,-22.0,below,,HAC,
2074-2076,HAC,,-22.0,-22.0,below,,HAC,
2075-2071,HB8,,-22.0,-22.0,below,,HB8,
2076-2072,HAC,,-22.0,-22.0,below,,HAC,
2119-2136,HAC,,-22.0,-22.0,below,,HAC,
2120-2554,H07,,-22.0,-22.0,below,,H07,
2122-2554,H08,,-22.0,-22.0,below,,H08,
2124-2131,HB8,,-22.0,-22.0,below,,HB8,
2125-2129,HAC,,-22.0,-22.0,below,,HAC,
2126-2130,HAC,,-22.0,-22.0,below,,HAC,
2127-2203,HAC,,-22.0,-22.0,below,,HAC,
2128-2226,HAC,,-22.0,-22.0,below,,HAC,
2129-2127,HAC,,-22.0,-22.0,below,,HAC,
2130-2128,HAC,,-22.0,-22.0,below,,HAC,
2550-2119,HAC,,-22.0,-22.0,below,,HAC,
2553-2124,H04,,-22.0,-22.0,below,,H04,
2555-2125,HAC,,-22.0,-22.0,below,,HAC,
2555-2126,HAC,,-22.0,-22.0,below,,HAC,
1109-1468,HAD,,-37.0,-37.0,below,,HAD,
1110-1109,HAD,,-37.0,-37.0,below,,HAD,
1212-1308,HAD,,-37.0,-37.0,below,,HAD,
1301-1305,HAD,,-37.0,-37.0,below,,HAD,
1305-1509,HAD,,-37.0,-37.0,below,,HAD,
1315-K633,HAD,,-37.0,-37.0,below,,HAD,
1316-1315,HAD,,-37.0,-37.0,below,,HAD,
1318-1319,HAD,,-37.0,-37.0,below,,HAD,
1319-K811,HAD,,-37.0,-37.0,below,,HAD,
1325-1330,HAD,,-37.0,-37.0,below,,HAD,
1325-1332,HAD,,-37.0,-37.0,below,,HAD,
1328-1333,HAD,,-37.0,-37.0,below,,HAD,
1331-1328,HAD,,-37.0,-37.0,below,,HAD,
1355-1409,HAD,,-37.0,-37.0,below,,HAD,
1359-1412,HAD,,-37.0,-37.0,below,,HAD,
1362-1413,HAD,,-37.0,-37.0,below,,HAD,
1369-1414,HAD,,-37.0,-37.0,below,,HAD,
1373-1410,HAD,,-37.0,-37.0,below,,HAD,
1409-1411,HAD,,-37.0,-37.0,below,,HAD,
1410-1415,HAD,,-37.0,-37.0,below,,HAD,
1411-1443,HAD,,-37.0,-37.0,below,,HAD,
1411-1444,HAD,,-37.0,-37.0,below,,HAD,
1412-1110,HAD,,-37.0,-37.0,below,,HAD,
1413-1448,HAD,,-37.0,-37.0,below,,HAD,
1414-L657,HAD,,-37.0,-37.0,below,,HAD,
1415-1454,HAD,,-37.0,-37.0,below,,HAD,
1433-L045,HAD,,-37.0,-37.0,below,,HAD,
1443-1416,HAD,,-37.0,-37.0,below,,HAD,
1444-L648,HAD,,-37.0,-37.0,below,,HAD,
1445-L649,HAD,,-37.0,-37.0,below,,HAD,
1447-1413,HAD,,-37.0,-37.0,below,,HAD,
1448-L655,HAD,,-37.0,-37.0,below,,HAD,
1454-1417,HAD,,-37.0,-37.0,below,,HAD,
1455-1414,HAD,,-37.0,-37.0,below,,HAD,
1455-L656,HAD,,-37.0,-37.0,below,,HAD,
1468-1447,HAD,,-37.0,-37.0,below,,HAD,
1472-1325,HAD,,-37.0,-37.0,below,,HAD,
1472-L052,HAD,,-37.0,-37.0,below,,HAD,
1527-1308,HAD,,-37.0,-37.0,below,,HAD,
1702-1415,HAD,,-37.0,-37.0,below,,HAD,
1702-L658,HAD,,-37.0,-37.0,below,,HAD,
GF66-1328,HAD,,-37.0,-37.0,below,,HAD,
K534-1308,HAD,,-37.0,-37.0,below,,HAD,
K534-1319,HAD,,-37.0,-37.0,below,,HAD,
K633-1305,HAD,,-37.0,-37.0,below,,HAD,
K802-1315,HAD,,-37.0,-37.0,below,,HAD,
K811-K901,HAD,,-37.0,-37.0,below,,HAD,
K892-K802,HAD,,-37.0,-37.0,below,,HAD,
K901-1433,HAD,,-37.0,-37.0,below,,HAD,
L045-GF66,HAD,,-37.0,-37.0,below,,HAD,
L052-K892,HAD,,-37.0,-37.0,below,,HAD,
L648-1445,HAD,,-37.0,-37.0,below,,HAD,
L649-1412,HAD,,-37.0,-37.0,below,,HAD,
L656-L655,HAD,,-37.0,-37.0,below,,HAD,
L657-L658,HAD,,-37.0,-37.0,below,,HAD,
2008-2049,H02,,-22.0,-22.0,below,,H02,
2016-2045,HDB,,-22.0,-22.0,below,,HDB,
2021-2543,HA3,,-22.0,-22.0,below,,HA3,
2039-2098,H02,,-22.0,-22.0,below,,H02,
2042-2016,H02,,-22.0,-22.0,below,,H02,
2045-2039,HDB,,-22.0,-22.0,below,,HDB,
2046-2047,HB1,,-22.0,-22.0,below,,HB1,
2047-2077,HB1,,-22.0,-22.0,below,,HB1,
2049-2056,HDB,,-22.0,-22.0,below,,HDB,
2055-2066,H02,,-22.0,-22.0,below,,H02,
2056-2055,HDB,,-22.0,-22.0,below,,HDB,
2077-2078,H05,,-22.0,-22.0,below,,H05,
2152-2515,HDB,,-22.0,-22.0,below,,HDB,
2153-2154,HDB,,-22.0,-22.0,below,,HDB,
2154-2510,HDB,,-22.0,-22.0,below,,HDB,
2155-2163,H06,,-22.0,-22.0,below,,H06,
2156-2509,H02,,-22.0,-22.0,below,,H02,
2157-2156,HDB,,-22.0,-22.0,below,,HDB,
2160-2502,HDB,,-22.0,-22.0,below,,HDB,
2161-2202,H02,,-22.0,-22.0,below,,H02,
2162-2228,H02,,-22.0,-22.0,below,,H02,
2163-2164,HBJ,,-22.0,-22.0,below,,HBJ,
2164-2259,HBJ,,-22.0,-22.0,below,,HBJ,
2192-2161,HDB,,-22.0,-22.0,below,,HDB,
2193-2162,HDB,,-22.0,-22.0,below,,HDB,
2501-2160,H02,,-22.0,-22.0,below,,H02,
2501-2187,H02,,-22.0,-22.0,below,,H02,
2502-2503,HDB,,-22.0,-22.0,below,,HDB,
2508-2157,HDB,,-22.0,-22.0,below,,HDB,
2509-2153,H02,,-22.0,-22.0,below,,H02,
2514-2152,HDB,,-22.0,-22.0,below,,HDB,
2515-2516,H02,,-22.0,-22.0,below,,H02,
2516-2188,H02,,-22.0,-22.0,below,,H02,
2543-2046,HA3,,-22.0,-22.0,below,,HA3,
3001-3033,H02,,-6.0,-6.0,below,,H02,
3010-3045,HB0,,-6.0,-6.0,below,,HB0,
3019-3039,H02,,-6.0,-6.0,below,,H02,
3033-3053,HDB,,-6.0,-6.0,below,,HDB,
3039-3090,HDB,,-6.0,-6.0,below,,HDB,
3044-3077,HDB,,-6.0,-6.0,below,,HDB,
3052-3037,H02,,-6.0,-6.0,below,,H02,
3053-3100,HDB,,-6.0,-6.0,below,,HDB,
3060-3013,HB0,,-6.0,-6.0,below,,HB0,
3064-3052,HDB,,-6.0,-6.0,below,,HDB,
3065-3069,HDB,,-6.0,-6.0,below,,HDB,
3068-3520,H02,,-6.0,-6.0,below,,H02,
3069-3068,HDB,,-6.0,-6.0,below,,HDB,
3071-3073,HDB,,-6.0,-6.0,below,,HDB,
3072-3500,H02,,-6.0,-6.0,below,,H02,
3073-3072,HDB,,-6.0,-6.0,below,,HDB,
3085-3071,H02,,-6.0,-6.0,below,,H02,
3090-3110,HDB,,-6.0,-6.0,below,,HDB,
3092-3175,H12,,-6.0,-6.0,below,,H12,
3104-3065,H02,,-6.0,-6.0,below,,H02,
3111-3064,HDB,,-6.0,-6.0,below,,HDB,
3180-3046,HDB,,-6.0,-6.0,below,,HDB,
3185-3180,HDB,,-6.0,-6.0,below,,HDB,
3241-3512,HA9,,-6.0,-6.0,below,,HA9,
3517-3518,HDB,,-6.0,-6.0,below,,HDB,
3570-4180,H00,,13.0,13.0,above,,H00,
3572-4186,H00,,13.0,13.0,above,,H00,
3582-4002,H00,,13.0,13.0,above,,H00,
4001-Q358,H00,,13.0,13.0,above,,H00,
4160-4161,H00,,13.0,13.0,above,,H00,
4160-4164,H00,,13.0,13.0,above,,H00,
4161-4165,HD0,,13.0,13.0,above,,HD0,
4162-4268,H00,,13.0,13.0,above,,H00,
4163-4267,H00,,13.0,13.0,above,,H00,
4164-4166,HD0,,13.0,13.0,above,,HD0,
4165-4162,HD0,,13.0,13.0,above,,HD0,
4166-4163,HD0,,13.0,13.0,above,,HD0,
4180-4182,HD0,,13.0,13.0,above,,HD0,
4181-4513,H00,,13.0,13.0,above,,H00,
4182-4181,HD0,,13.0,13.0,above,,HD0,
4186-4188,HD0,,13.0,13.0,above,,HD0,
4187-4514,H00,,13.0,13.0,above,,H00,
4188-4187,HD0,,13.0,13.0,above,,HD0,
4192-4513,H00,,13.0,13.0,above,,H00,
4193-4514,H00,,13.0,13.0,above,,H00,
4194-4195,HD0,,13.0,13.0,above,,HD0,
4195-4193,HD0,,13.0,13.0,above,,HD0,
4880-3582,H00,,13.0,13.0,above,,H00,
4900-Q610,H00,,13.0,13.0,above,,H00,
Q358-4192,H00,,13.0,13.0,above,,H00,
Q535-4194,H00,,13.0,13.0,above,,H00,
Q610-Q535,H00,,13.0,13.0,above,,H00,
2259-2554,HAF,,-22.0,-22.0,below,,HAF,
2554-2509,HAG,,-22.0,-22.0,below,,HAG,
3045-3067,H11,,-6.0,-6.0,below,,H11,
3046-3575,H02,,-6.0,-6.0,below,,H02,
3067-3044,H02,,-6.0,-6.0,below,,H02,
3100-3057,H02,,-6.0,-6.0,below,,H02,
3110-3067,H02,,-6.0,-6.0,below,,H02,
3111-3081,H02,,-6.0,-6.0,below,,H02,
3138-3170,H15,,-6.0,-6.0,below,,H15,
4002-Q483,H00,,13.0,13.0,above,,H00,
Q483-4001,H00,,13.0,13.0,above,,H00,
2184-2185,HA9,,-22.0,-22.0,below,,HA9,
2185-2186,HA9,,-22.0,-22.0,below,,HA9,
2186-2191,HA9,,-22.0,-22.0,below,,HA9,
2187-2184,HA9,,-22.0,-22.0,below,,HA9,
2188-3355,HA9,,-22.0,-22.0,below,,HA9,
2191-2194,HA9,,-22.0,-22.0,below,,HA9,
2194-2192,HA9,,-22.0,-22.0,below,,HA9,
2503-2504,HA9,,-22.0,-22.0,below,,HA9,
2504-2505,HA9,,-22.0,-22.0,below,,HA9,
2506-2505,HA9,,-22.0,-22.0,below,,HA9,
2506-2507,HA9,,-22.0,-22.0,below,,HA9,
2507-2508,HA9,,-22.0,-22.0,below,,HA9,
2510-2511,HA9,,-22.0,-22.0,below,,HA9,
2511-2512,HA9,,-22.0,-22.0,below,,HA9,
2512-2513,HA9,,-22.0,-22.0,below,,HA9,
2513-2514,HA9,,-22.0,-22.0,below,,HA9,
3351-2193,HA9,,-22.0,-22.0,below,,HA9,
3352-3351,HA9,,-22.0,-22.0,below,,HA9,
3353-3352,HA9,,-22.0,-22.0,below,,HA9,
3354-3353,HA9,,-22.0,-22.0,below,,HA9,
3355-3354,HA9,,-22.0,-22.0,below,,HA9,
2509-2555,HA4,,-22.0,-22.0,below,,HA4,
2555-2216,HA4,,-22.0,-22.0,below,,HA4,
3512-3513,HAR,,-6.0,-6.0,below,,HAR,
3513-3514,HAS,,-6.0,-6.0,below,,HAS,
3514-3515,HAT,,-6.0,-6.0,below,,HAT,
3013-3101,HBY,,-6.0,-6.0,below,,HBY,
3101-3010,HBY,,-6.0,-6.0,below,,HBY,
3515-3516,HAO,,-6.0,-6.0,below,,HAO,
3516-3517,HAQ,,-6.0,-6.0,below,,HAQ,
3007-3015,HBQ,,-6.0,-6.0,below,,HBQ,
3015-3019,H10,,-6.0,-6.0,below,,H10,
3019-3023,H10,,-6.0,-6.0,below,,H10,
3023-3009,HBQ,,-6.0,-6.0,below,,HBQ,
1549-1552,HEB,,-37.0,-37.0,below,,HEB,
3089-3095,HEB,,-6.0,-6.0,below,,HEB,
3092-3132,H09,,-6.0,-6.0,below,,H09,
3094-3092,H13,,-6.0,-6.0,below,,H13,
3095-3099,HEB,,-6.0,-6.0,below,,HEB,
3165-3098,HEB,,-6.0,-6.0,below,,HEB,
3166-3165,HEB,,-6.0,-6.0,below,,HEB,
2053-2516,HEC,,-22.0,-22.0,below,,HEC,
2054-2053,HEC,,-22.0,-22.0,below,,HEC,
2068-2501,HEC,,-22.0,-22.0,below,,HEC,
2069-2068,HEC,,-22.0,-22.0,below,,HEC,
2138-2550,HAX,,-22.0,-22.0,below,,HAX,
2150-2069,HEC,,-22.0,-22.0,below,,HEC,
2151-2054,HEC,,-22.0,-22.0,below,,HEC,
2175-2553,HAX,,-22.0,-22.0,below,,HAX,
2550-2150,HAX,,-22.0,-22.0,below,,HAX,
2553-2151,HAX,,-22.0,-22.0,below,,HAX,
3570-4178,HE0,,13.0,13.0,above,,HE0,
3572-4704,HE0,,13.0,13.0,above,,HE0,
3576-4785,HE0,,13.0,13.0,above,,HE0,
4178-4179,HE0,,13.0,13.0,above,,HE0,
4179-4694,HE0,,13.0,13.0,above,,HE0,
4183-4185,HE0,,13.0,13.0,above,,HE0,
4184-3576,HE0,,13.0,13.0,above,,HE0,
4185-4184,HE0,,13.0,13.0,above,,HE0,
4190-3572,HE0,,13.0,13.0,above,,HE0,
4191-4190,HE0,,13.0,13.0,above,,HE0,
4689-3570,HE0,,13.0,13.0,above,,HE0,
4694-4696,HE0,,13.0,13.0,above,,HE0,
4696-4183,HE0,,13.0,13.0,above,,HE0,
4696-4699,HE0,,13.0,13.0,above,,HE0,
4699-4191,HE0,,13.0,13.0,above,,HE0,
4800-Q369,HE0,,13.0,13.0,above,,HE0,
4865-4866,HE0,,13.0,13.0,above,,HE0,
4866-Q723,HE0,,13.0,13.0,above,,HE0,
Q369-Q433,HE0,,13.0,13.0,above,,HE0,
Q433-Q509,HE0,,13.0,13.0,above,,HE0,
Q509-4865,HE0,,13.0,13.0,above,,HE0,
Q723-4891,HE0,,13.0,13.0,above,,HE0,
1102-1177,HED,,-37.0,-37.0,below,,HED,
1115-1545,HED,,-37.0,-37.0,below,,HED,
1125-1546,HED,,-37.0,-37.0,below,,HED,
1179-1177,HED,,-37.0,-37.0,below,,HED,
1179-1186,HED,,-37.0,-37.0,below,,HED,
1184-1115,HED,,-37.0,-37.0,below,,HED,
1185-1184,HED,,-37.0,-37.0,below,,HED,
1186-1550,HED,,-37.0,-37.0,below,,HED,
1187-1551,HED,,-37.0,-37.0,below,,HED,
1188-1190,HED,,-37.0,-37.0,below,,HED,
1189-1555,HED,,-37.0,-37.0,below,,HED,
1190-1192,HED,,-37.0,-37.0,below,,HED,
1191-1510,HED,,-37.0,-37.0,below,,HED,
1192-1258,HED,,-37.0,-37.0,below,,HED,
1193-1527,HED,,-37.0,-37.0,below,,HED,
1222-K441,HED,,-37.0,-37.0,below,,HED,
1251-1515,HED,,-37.0,-37.0,below,,HED,
1509-1191,HED,,-37.0,-37.0,below,,HED,
1510-1513,HED,,-37.0,-37.0,below,,HED,
1513-1251,HED,,-37.0,-37.0,below,,HED,
1515-1222,HED,,-37.0,-37.0,below,,HED,
1545-1548,HED,,-37.0,-37.0,below,,HED,
1546-1547,HED,,-37.0,-37.0,below,,HED,
1547-1187,HED,,-37.0,-37.0,below,,HED,
1548-1549,HED,,-37.0,-37.0,below,,HED,
1550-1188,HED,,-37.0,-37.0,below,,HED,
1551-1189,HED,,-37.0,-37.0,below,,HED,
1552-1553,HED,,-37.0,-37.0,below,,HED,
1553-1554,HED,,-37.0,-37.0,below,,HED,
1554-1268,HED,,-37.0,-37.0,below,,HED,
1555-1556,HED,,-37.0,-37.0,below,,HED,
1556-1286,HED,,-37.0,-37.0,below,,HED,
1577-1185,HED,,-37.0,-37.0,below,,HED,
2078-2112,HAX,,-22.0,-22.0,below,,HAX,
2087-2547,HED,,-22.0,-22.0,below,,HED,
2088-2091,HED,,-22.0,-22.0,below,,HED,
2090-2087,HED,,-22.0,-22.0,below,,HED,
2091-2121,HED,,-22.0,-22.0,below,,HED,
2112-2114,HAX,,-22.0,-22.0,below,,HAX,
2114-2116,HED,,-22.0,-22.0,below,,HED,
2116-2090,HED,,-22.0,-22.0,below,,HED,
2121-2123,HED,,-22.0,-22.0,below,,HED,
2123-2549,HAX,,-22.0,-22.0,below,,HAX,
2138-2268,HED,,-22.0,-22.0,below,,HED,
2148-2155,HED,,-22.0,-22.0,below,,HED,
2155-2165,HED,,-22.0,-22.0,below,,HED,
2268-2269,HED,,-22.0,-22.0,below,,HED,
2269-2148,HED,,-22.0,-22.0,below,,HED,
2272-2175,HED,,-22.0,-22.0,below,,HED,
2273-2165,HED,,-22.0,-22.0,below,,HED,
2273-2272,HED,,-22.0,-22.0,below,,HED,
2547-2088,HED,,-22.0,-22.0,below,,HED,
2549-2155,HAX,,-22.0,-22.0,below,,HAX,
3085-3089,HED,,-6.0,-6.0,below,,HED,
3098-3104,HED,,-6.0,-6.0,below,,HED,
3568-4270,HE2,,13.0,13.0,above,,HE2,
3569-E493,HE2,,13.0,13.0,above,,HE2,
4003-4905,HE2,,13.0,13.0,above,,HE2,
4004-4875,HE2,,13.0,13.0,above,,HE2,
4005-4006,HE2,,13.0,13.0,above,,HE2,
4006-Q026,HE2,,13.0,13.0,above,,HE2,
4007-4720,HE2,,13.0,13.0,above,,HE2,
4142-4792,HE2,,13.0,13.0,above,,HE2,
4143-4144,HE2,,13.0,13.0,above,,HE2,
4144-E058,HE2,,13.0,13.0,above,,HE2,
4146-E059,HE2,,13.0,13.0,above,,HE2,
4147-4148,HE2,,13.0,13.0,above,,HE2,
4148-E061,HE2,,13.0,13.0,above,,HE2,
4238-3569,HE2,,13.0,13.0,above,,HE2,
4239-E495,HE2,,13.0,13.0,above,,HE2,
4500-4501,HE2,,13.0,13.0,above,,HE2,
4500-Q197,HE2,,13.0,13.0,above,,HE2,
4501-4507,HE2,,13.0,13.0,above,,HE2,
4507-4508,HE2,,13.0,13.0,above,,HE2,
4508-4509,HE2,,13.0,13.0,above,,HE2,
4509-4510,HE2,,13.0,13.0,above,,HE2,
4510-4511,HE2,,13.0,13.0,above,,HE2,
4511-E502,HE2,,13.0,13.0,above,,HE2,
4515-Q132,HE2,,13.0,13.0,above,,HE2,
4516-Q279,HE2,,13.0,13.0,above,,HE2,
4517-4518,HE2,,13.0,13.0,above,,HE2,
4518-4519,HE2,,13.0,13.0,above,,HE2,
4519-Q270,HE2,,13.0,13.0,above,,HE2,
4520-Q162,HE2,,13.0,13.0,above,,HE2,
4521-4005,HE2,,13.0,13.0,above,,HE2,
4521-Q211,HE2,,13.0,13.0,above,,HE2,
4689-Q031,HE2,,13.0,13.0,above,,HE2,
4720-4500,HE2,,13.0,13.0,above,,HE2,
4792-E051,HE2,,13.0,13.0,above,,HE2,
4795-4149,HE2,,13.0,13.0,above,,HE2,
4863-Q467,HE2,,13.0,13.0,above,,HE2,
4864-Q468,HE2,,13.0,13.0,above,,HE2,
E051-JF04,HE2,,13.0,13.0,above,,HE2,
E053-E054,HE2,,13.0,13.0,above,,HE2,
E054-E055,HE2,,13.0,13.0,above,,HE2,
E055-E057,HE2,,13.0,13.0,above,,HE2,
E057-4143,HE2,,13.0,13.0,above,,HE2,
E058-4146,HE2,,13.0,13.0,above,,HE2,
E059-4147,HE2,,13.0,13.0,above,,HE2,
E061-E062,HE2,,13.0,13.0,above,,HE2,
E062-E063,HE2,,13.0,13.0,above,,HE2,
E063-E064,HE2,,13.0,13.0,above,,HE2,
E064-E066,HE2,,13.0,13.0,above,,HE2,
E066-4795,HE2,,13.0,13.0,above,,HE2,
E207-E334,HE2,,13.0,13.0,above,,HE2,
E238-E353,HE2,,13.0,13.0,above,,HE2,
E334-E407,HE2,,13.0,13.0,above,,HE2,
E353-E423,HE2,,13.0,13.0,above,,HE2,
E407-E439,HE2,,13.0,13.0,above,,HE2,
E423-E460,HE2,,13.0,13.0,above,,HE2,
E439-4239,HE2,,13.0,13.0,above,,HE2,
E460-4238,HE2,,13.0,13.0,above,,HE2,
E471-3568,HE2,,13.0,13.0,above,,HE2,
E493-4283,HE2,,13.0,13.0,above,,HE2,
E495-E471,HE2,,13.0,13.0,above,,HE2,
E502-4512,HE2,,13.0,13.0,above,,HE2,
JF04-E053,HE2,,13.0,13.0,above,,HE2,
K441-K442,HED,,-37.0,-37.0,below,,HED,
K442-1193,HED,,-37.0,-37.0,below,,HED,
Q026-4704,HE2,,13.0,13.0,above,,HE2,
Q031-4007,HE2,,13.0,13.0,above,,HE2,
Q132-4516,HE2,,13.0,13.0,above,,HE2,
Q162-4521,HE2,,13.0,13.0,above,,HE2,
Q197-4781,HE2,,13.0,13.0,above,,HE2,
Q211-4782,HE2,,13.0,13.0,above,,HE2,
Q270-4520,HE2,,13.0,13.0,above,,HE2,
Q279-4517,HE2,,13.0,13.0,above,,HE2,
Q467-4004,HE2,,13.0,13.0,above,,HE2,
Q468-4003,HE2,,13.0,13.0,above,,HE2,
0016-1421,HEE,,-37.0,-37.0,below,,HEE,
0017-1052,HEE,,-37.0,-37.0,below,,HEE,
1029-0016,HEE,,-37.0,-37.0,below,,HEE,
1045-1051,HEE,,-37.0,-37.0,below,,HEE,
1050-1045,HEE,,-37.0,-37.0,below,,HEE,
1051-1105,HEE,,-37.0,-37.0,below,,HEE,
1100-1050,HEE,,-37.0,-37.0,below,,HEE,
1102-1543,HEE,,-37.0,-37.0,below,,HEE,
1105-1219,HEE,,-37.0,-37.0,below,,HEE,
1107-1194,HEE,,-37.0,-37.0,below,,HEE,
1115-1195,HEE,,-37.0,-37.0,below,,HEE,
1119-1197,HEE,,-37.0,-37.0,below,,HEE,
1194-1115,HEE,,-37.0,-37.0,below,,HEE,
1195-1119,HEE,,-37.0,-37.0,below,,HEE,
1196-1107,HEE,,-37.0,-37.0,below,,HEE,
1197-1544,HEE,,-37.0,-37.0,below,,HEE,
1218-1100,HEE,,-37.0,-37.0,below,,HEE,
1219-1419,HEE,,-37.0,-37.0,below,,HEE,
1258-1557,HEE,,-37.0,-37.0,below,,HEE,
1262-1303,HEE,,-37.0,-37.0,below,,HEE,
1264-K592,HEE,,-37.0,-37.0,below,,HEE,
1265-1527,HEE,,-37.0,-37.0,below,,HEE,
1266-K536,HEE,,-37.0,-37.0,below,,HEE,
1286-1560,HEE,,-37.0,-37.0,below,,HEE,
1304-1265,HEE,,-37.0,-37.0,below,,HEE,
1309-1312,HEE,,-37.0,-37.0,below,,HEE,
1310-1313,HEE,,-37.0,-37.0,below,,HEE,
1312-1316,HEE,,-37.0,-37.0,below,,HEE,
1313-1318,HEE,,-37.0,-37.0,below,,HEE,
1314-1317,HEE,,-37.0,-37.0,below,,HEE,
1316-1321,HEE,,-37.0,-37.0,below,,HEE,
1317-1320,HEE,,-37.0,-37.0,below,,HEE,
1318-1322,HEE,,-37.0,-37.0,below,,HEE,
1320-1362,HEE,,-37.0,-37.0,below,,HEE,
1321-1323,HEE,,-37.0,-37.0,below,,HEE,
1322-1324,HEE,,-37.0,-37.0,below,,HEE,
1323-1330,HEE,,-37.0,-37.0,below,,HEE,
1324-1331,HEE,,-37.0,-37.0,below,,HEE,
1327-1377,HEE,,-37.0,-37.0,below,,HEE,
1330-1620,HEE,,-37.0,-37.0,below,,HEE,
1331-1327,HEE,,-37.0,-37.0,below,,HEE,
1419-0017,HEE,,-37.0,-37.0,below,,HEE,
1421-JF58,HEE,,-37.0,-37.0,below,,HEE,
1509-1262,HEE,,-37.0,-37.0,below,,HEE,
1509-1309,HEE,,-37.0,-37.0,below,,HEE,
1515-1562,HEE,,-37.0,-37.0,below,,HEE,
1527-1310,HEE,,-37.0,-37.0,below,,HEE,
1543-1196,HEE,,-37.0,-37.0,below,,HEE,
1544-1125,HEE,,-37.0,-37.0,below,,HEE,
1557-1264,HEE,,-37.0,-37.0,below,,HEE,
1560-1266,HEE,,-37.0,-37.0,below,,HEE,
1562-1314,HEE,,-37.0,-37.0,below,,HEE,
1620-1348,HEE,,-37.0,-37.0,below,,HEE,
2009-2137,HEE,,-22.0,-22.0,below,,HEE,
2010-2008,HEE,,-22.0,-22.0,below,,HEE,
2010-2237,HEE,,-22.0,-22.0,below,,HEE,
2021-2084,HEE,,-22.0,-22.0,below,,HEE,
2036-2042,HEE,,-22.0,-22.0,below,,HEE,
2037-2098,HEE,,-22.0,-22.0,below,,HEE,
2048-2051,HEE,,-22.0,-22.0,below,,HEE,
2050-2052,HEE,,-22.0,-22.0,below,,HEE,
2051-2258,HEE,,-22.0,-22.0,below,,HEE,
2052-2250,HEE,,-22.0,-22.0,below,,HEE,
2057-2060,HEE,,-22.0,-22.0,below,,HEE,
2059-2061,HEE,,-22.0,-22.0,below,,HEE,
2060-2241,HEE,,-22.0,-22.0,below,,HEE,
2061-2240,HEE,,-22.0,-22.0,below,,HEE,
2066-2009,HEE,,-22.0,-22.0,below,,HEE,
2066-2057,HEE,,-22.0,-22.0,below,,HEE,
2070-2073,HEE,,-22.0,-22.0,below,,HEE,
2073-2078,HEE,,-22.0,-22.0,below,,HEE,
2078-2089,HEE,,-22.0,-22.0,below,,HEE,
2084-2189,HEE,,-22.0,-22.0,below,,HEE,
2086-2021,HEE,,-22.0,-22.0,below,,HEE,
2089-2092,HEE,,-22.0,-22.0,below,,HEE,
2092-2143,HEE,,-22.0,-22.0,below,,HEE,
2098-2048,HEE,,-22.0,-22.0,below,,HEE,
2137-2070,HEE,,-22.0,-22.0,below,,HEE,
2138-2059,HEE,,-22.0,-22.0,below,,HEE,
2143-2037,HEE,,-22.0,-22.0,below,,HEE,
2175-2050,HEE,,-22.0,-22.0,below,,HEE,
2189-2190,HEE,,-22.0,-22.0,below,,HEE,
2190-2036,HEE,,-22.0,-22.0,below,,HEE,
2202-2203,HEE,,-22.0,-22.0,below,,HEE,
2203-2204,HEE,,-22.0,-22.0,below,,HEE,
2204-2243,HEE,,-22.0,-22.0,below,,HEE,
2211-2216,HEE,,-22.0,-22.0,below,,HEE,
2216-2218,HEE,,-22.0,-22.0,below,,HEE,
2218-2251,HEE,,-22.0,-22.0,below,,HEE,
2219-2252,HEE,,-22.0,-22.0,below,,HEE,
2225-2226,HEE,,-22.0,-22.0,below,,HEE,
2225-2257,HEE,,-22.0,-22.0,below,,HEE,
2226-2228,HEE,,-22.0,-22.0,below,,HEE,
2236-JF01,HEE,,-22.0,-22.0,below,,HEE,
2237-2236,HEE,,-22.0,-22.0,below,,HEE,
2241-2548,HEE,,-22.0,-22.0,below,,HEE,
2243-2244,HEE,,-22.0,-22.0,below,,HEE,
2244-2245,HEE,,-22.0,-22.0,below,,HEE,
2245-2246,HEE,,-22.0,-22.0,below,,HEE,
2246-2247,HEE,,-22.0,-22.0,below,,HEE,
2247-2557,HEE,,-22.0,-22.0,below,,HEE,
2248-3343,HEE,,-22.0,-22.0,below,,HEE,
2251-2219,HEE,,-22.0,-22.0,below,,HEE,
2252-2558,HEE,,-22.0,-22.0,below,,HEE,
2253-2254,HEE,,-22.0,-22.0,below,,HEE,
2254-2255,HEE,,-22.0,-22.0,below,,HEE,
2255-2256,HEE,,-22.0,-22.0,below,,HEE,
2256-2257,HEE,,-22.0,-22.0,below,,HEE,
2258-2546,HEE,,-22.0,-22.0,below,,HEE,
2546-2250,HEE,,-22.0,-22.0,below,,HEE,
2548-2240,HEE,,-22.0,-22.0,below,,HEE,
2557-2248,HEE,,-22.0,-22.0,below,,HEE,
2558-2253,HEE,,-22.0,-22.0,below,,HEE,
3136-3139,HEE,,-6.0,-6.0,below,,HEE,
3137-3140,HEE,,-6.0,-6.0,below,,HEE,
3139-3151,HEE,,-6.0,-6.0,below,,HEE,
3140-3193,HEE,,-6.0,-6.0,below,,HEE,
3343-2211,HEE,,-22.0,-22.0,below,,HEE,
4000-4142,HE3,,13.0,13.0,above,,HE3,
4135-4138,HE3,,13.0,13.0,above,,HE3,
4138-E050,HE3,,13.0,13.0,above,,HE3,
4146-4160,HE3,,13.0,13.0,above,,HE3,
4149-4793,HE3,,13.0,13.0,above,,HE3,
4152-4157,HE3,,13.0,13.0,above,,HE3,
4160-4171,HE3,,13.0,13.0,above,,HE3,
4171-4175,HE3,,13.0,13.0,above,,HE3,
4174-4277,HE3,,13.0,13.0,above,,HE3,
4175-4174,HE3,,13.0,13.0,above,,HE3,
4781-4932,HE3,,13.0,13.0,above,,HE3,
4782-4938,HE3,,13.0,13.0,above,,HE3,
4785-Q253,HE3,,13.0,13.0,above,,HE3,
4793-E068,HE3,,13.0,13.0,above,,HE3,
4794-4800,HE3,,13.0,13.0,above,,HE3,
4875-4880,HE3,,13.0,13.0,above,,HE3,
4880-4883,HE3,,13.0,13.0,above,,HE3,
4883-Q733,HE3,,13.0,13.0,above,,HE3,
4885-4917,HE3,,13.0,13.0,above,,HE3,
4888-Q773,HE3,,13.0,13.0,above,,HE3,
4891-Q778,HE3,,13.0,13.0,above,,HE3,
4893-4924,HE3,,13.0,13.0,above,,HE3,
4896-Q807,HE3,,13.0,13.0,above,,HE3,
4898-4900,HE3,,13.0,13.0,above,,HE3,
4900-4905,HE3,,13.0,13.0,above,,HE3,
4917-Q748,HE3,,13.0,13.0,above,,HE3,
4918-Q751,HE3,,13.0,13.0,above,,HE3,
4919-Q756,HE3,,13.0,13.0,above,,HE3,
4920-Q759,HE3,,13.0,13.0,above,,HE3,
4921-Q764,HE3,,13.0,13.0,above,,HE3,
4922-Q768,HE3,,13.0,13.0,above,,HE3,
4923-4888,HE3,,13.0,13.0,above,,HE3,
4924-Q785,HE3,,13.0,13.0,above,,HE3,
4925-Q788,HE3,,13.0,13.0,above,,HE3,
4926-Q793,HE3,,13.0,13.0,above,,HE3,
4927-4928,HE3,,13.0,13.0,above,,HE3,
4928-Q799,HE3,,13.0,13.0,above,,HE3,
4929-Q803,HE3,,13.0,13.0,above,,HE3,
4930-4896,HE3,,13.0,13.0,above,,HE3,
4932-4933,HE3,,13.0,13.0,above,,HE3,
4933-4934,HE3,,13.0,13.0,above,,HE3,
4934-Q415,HE3,,13.0,13.0,above,,HE3,
4935-4936,HE3,,13.0,13.0,above,,HE3,
4936-4863,HE3,,13.0,13.0,above,,HE3,
4938-Q331,HE3,,13.0,13.0,above,,HE3,
4939-4940,HE3,,13.0,13.0,above,,HE3,
4940-Q427,HE3,,13.0,13.0,above,,HE3,
4941-4943,HE3,,13.0,13.0,above,,HE3,
4943-4864,HE3,,13.0,13.0,above,,HE3,
BO88-BO99,HE3,,13.0,13.0,above,,HE3,
BO99-Q743,HE3,,13.0,13.0,above,,HE3,
E050-4000,HE3,,13.0,13.0,above,,HE3,
E068-4152,HE3,,13.0,13.0,above,,HE3,
JF01-2086,HEE,,-22.0,-22.0,below,,HEE,
JF58-1218,HEE,,-37.0,-37.0,below,,HEE,
K482-1304,HEE,,-37.0,-37.0,below,,HEE,
K536-K482,HEE,,-37.0,-37.0,below,,HEE,
K576-1303,HEE,,-37.0,-37.0,below,,HEE,
K592-K576,HEE,,-37.0,-37.0,below,,HEE,
Q253-4794,HE3,,13.0,13.0,above,,HE3,
Q331-4939,HE3,,13.0,13.0,above,,HE3,
Q415-4935,HE3,,13.0,13.0,above,,HE3,
Q427-4941,HE3,,13.0,13.0,above,,HE3,
Q733-Q736,HE3,,13.0,13.0,above,,HE3,
Q736-BO88,HE3,,13.0,13.0,above,,HE3,
Q743-4885,HE3,,13.0,13.0,above,,HE3,
Q748-4918,HE3,,13.0,13.0,above,,HE3,
Q751-4919,HE3,,13.0,13.0,above,,HE3,
Q756-4920,HE3,,13.0,13.0,above,,HE3,
Q759-4921,HE3,,13.0,13.0,above,,HE3,
Q764-4922,HE3,,13.0,13.0,above,,HE3,
Q768-4923,HE3,,13.0,13.0,above,,HE3,
Q773-4891,HE3,,13.0,13.0,above,,HE3,
Q778-4893,HE3,,13.0,13.0,above,,HE3,
Q785-4925,HE3,,13.0,13.0,above,,HE3,
Q788-4926,HE3,,13.0,13.0,above,,HE3,
Q793-4927,HE3,,13.0,13.0,above,,HE3,
Q799-4929,HE3,,13.0,13.0,above,,HE3,
Q803-4930,HE3,,13.0,13.0,above,,HE3,
Q807-Q811,HE3,,13.0,13.0,above,,HE3,
Q811-Q814,HE3,,13.0,13.0,above,,HE3,
Q814-Q817,HE3,,13.0,13.0,above,,HE3,
Q817-4898,HE3,,13.0,13.0,above,,HE3,
1045-1542,HAX,,-37.0,-37.0,below,,HAX,
1542-1577,HAX,,-37.0,-37.0,below,,HAX,
3576-4514,HA1,,13.0,13.0,above,,HA1,
4512-4513,HA1,,13.0,13.0,above,,HA1,
4513-3576,HA1,,13.0,13.0,above,,HA1,
4514-4515,HA1,,13.0,13.0,above,,HA1,
1268-1559,HEG,,-37.0,-37.0,below,,HEG,
1329-3306,HEG,,-6.0,-6.0,below,,HEG,
1559-1566,HEG,,-37.0,-37.0,below,,HEG,
1561-1515,HEG,,-37.0,-37.0,below,,HEG,
1565-1561,HEG,,-37.0,-37.0,below,,HEG,
1566-1565,HEG,,-37.0,-37.0,below,,HEG,
3306-3307,HEG,,-6.0,-6.0,below,,HEG,
3307-3308,HEG,,-6.0,-6.0,below,,HEG,
3308-3309,HEG,,-6.0,-6.0,below,,HEG,
3309-3310,HEG,,-6.0,-6.0,below,,HEG,
3310-3137,HEG,,-6.0,-6.0,below,,HEG,
3312-3313,HEG,,-6.0,-6.0,below,,HEG,
3313-3314,HEG,,-6.0,-6.0,below,,HEG,
3314-3315,HEG,,-6.0,-6.0,below,,HEG,
3315-3316,HEG,,-6.0,-6.0,below,,HEG,
3316-3136,HEG,,-6.0,-6.0,below,,HEG,
3500-3312,HEG,,-6.0,-6.0,below,,HEG,
3520-1329,HEG,,-6.0,-6.0,below,,HEG,
3564-E238,HEH,,13.0,13.0,above,,HEH,
3565-E207,HEH,,13.0,13.0,above,,HEH,
4135-E127,HEH,,13.0,13.0,above,,HEH,
4157-E150,HEH,,13.0,13.0,above,,HEH,
E127-3565,HEH,,13.0,13.0,above,,HEH,
E150-3564,HEH,,13.0,13.0,above,,HEH,
3130-3051,HAU,HFCONEC,-6.0,-6.0,below,,HAU,HFCONEC
3519-3518,HAW,HFCONED,-6.0,-6.0,below,,HAW,HFCONED
3505-3508,HAI,,-6.0,-6.0,below,,HAI,
3508-3511,HAK,,-6.0,-6.0,below,,HAK,
3511-3242,HAL,,-6.0,-6.0,below,,HAL,
3519-3520,H17,,-6.0,-6.0,below,,H17,
3118-3363,HAA,,-6.0,-6.0,below,,HAA,
3363-3130,HAE,,-6.0,-6.0,below,,HAE,
3575-3118,H18,,-6.0,-6.0,below,,H18,
1689-1690,HFG,,-37.0,-37.0,below,,HFG,
1690-1575,HFG,,-37.0,-37.0,below,,HFG,
1691-1576,HFG,,-37.0,-37.0,below,,HFG,
1692-1691,HFG,,-37.0,-37.0,below,,HFG,
1029-1692,HFJ,,-37.0,-37.0,below,,HFJ,
1052-1689,HFJ,,-37.0,-37.0,below,,HFJ,
1575-1125,HFJ,,-37.0,-37.0,below,,HFJ,
1576-1102,HFJ,,-37.0,-37.0,below,,HFJ,
3005-3007,HBR,HGCONEA,-6.0,-6.0,below,,HBR,HGCONEA
3006-3009,HBR,HGCONEA,-6.0,-6.0,below,,HBR,HGCONEA
3001-3126,H09,,-6.0,-6.0,below,,H09,
3004-3005,H09,,-6.0,-6.0,below,,H09,
3006-3287,H09,,-6.0,-6.0,below,,H09,
3124-3037,H09,,-6.0,-6.0,below,,H09,
3126-3289,H09,,-6.0,-6.0,below,,H09,
3286-3124,H09,,-6.0,-6.0,below,,H09,
3287-3286,H09,,-6.0,-6.0,below,,H09,
3288-3004,H09,,-6.0,-6.0,below,,H09,
3289-3288,H09,,-6.0,-6.0,below,,H09,
1258-1581,HGF,,-37.0,-37.0,below,,HGF,
1263-1351,HGF,,-37.0,-37.0,below,,HGF,
1268-1350,HGF,,-37.0,-37.0,below,,HGF,
1275-1583,HGF,,-37.0,-37.0,below,,HGF,
1350-1275,HGF,,-37.0,-37.0,below,,HGF,
1351-1268,HGF,,-37.0,-37.0,below,,HGF,
1581-1263,HGF,,-37.0,-37.0,below,,HGF,
1583-1286,HGF,,-37.0,-37.0,below,,HGF,
1260-1533,HHE,,-37.0,-37.0,below,,HHE,
1261-1362,HHE,,-37.0,-37.0,below,,HHE,
1355-1356,HHE,,-37.0,-37.0,below,,HHE,
1356-1531,HHE,,-37.0,-37.0,below,,HHE,
1362-1260,HHE,,-37.0,-37.0,below,,HHE,
1372-1373,HHC,,-37.0,-37.0,below,,HHC,
1532-1261,HHE,,-37.0,-37.0,below,,HHE,
1534-1372,HHC,,-37.0,-37.0,below,,HHC,
1348-1563,HHB,,-37.0,-37.0,below,,HHB,
1373-1564,HHG,,-37.0,-37.0,below,,HHG,
1563-1355,HHB,,-37.0,-37.0,below,,HHB,
1564-1377,HHG,,-37.0,-37.0,below,,HHG,
4100-4201,HH0,,13.0,13.0,above,,HH0,
4200-4280,HH0,,13.0,13.0,above,,HH0,
4275-4100,HH0,,13.0,13.0,above,,HH0,
4275-4277,HH0,,13.0,13.0,above,,HH0,
4277-4280,HH0,,13.0,13.0,above,,HH0,
4201-4268,HHH,,13.0,13.0,above,,HHH,
4267-4200,HHH,,13.0,13.0,above,,HHH,
4267-4283,HHH,,13.0,13.0,above,,HHH,
4270-4268,HHH,,13.0,13.0,above,,HHH,
3151-3153,H14,,-6.0,-6.0,below,,H14,
3153-3256,HJC,,-6.0,-6.0,below,,HJC,
3156-3761,H14,,-6.0,-6.0,below,,H14,
3164-3170,H14,,-6.0,-6.0,below,,H14,
3170-3257,H14,,-6.0,-6.0,below,,H14,
3184-3193,H14,,-6.0,-6.0,below,,H14,
3256-3156,H14,,-6.0,-6.0,below,,H14,
3257-3768,HJC,,-6.0,-6.0,below,,HJC,
3258-3184,HJC,,-6.0,-6.0,below,,HJC,
3321-3758,HJC,,-6.0,-6.0,below,,HJC,
3322-3756,HJC,,-6.0,-6.0,below,,HJC,
3756-3164,HJC,,-6.0,-6.0,below,,HJC,
3757-3322,HJC,,-6.0,-6.0,below,,HJC,
3758-3757,HJC,,-6.0,-6.0,below,,HJC,
3759-3321,H14,,-6.0,-6.0,below,,H14,
3760-3759,H14,,-6.0,-6.0,below,,H14,
3761-3760,H14,,-6.0,-6.0,below,,H14,
3763-3764,H14,,-6.0,-6.0,below,,H14,
3764-3258,H14,,-6.0,-6.0,below,,H14,
3765-3769,H14,,-6.0,-6.0,below,,H14,
3766-3763,H14,,-6.0,-6.0,below,,H14,
3767-3765,HJC,,-6.0,-6.0,below,,HJC,
3768-3767,HJC,,-6.0,-6.0,below,,HJC,
3769-3766,H14,,-6.0,-6.0,below,,H14,
1357-1359,HLJ,,-37.0,-37.0,below,,HLJ,
1359-1361,HLJ,,-37.0,-37.0,below,,HLJ,
1367-1369,HLJ,,-37.0,-37.0,below,,HLJ,
1369-1371,HLJ,,-37.0,-37.0,below,,HLJ,
0016-G428,JS2,,-36.68181,-36.2338,below,,JS2,
0017-G440,JS2,,-36.68181,-36.2282,below,,JS2,
1109-G232,JS2,,-36.66767,-35.0738,below,,JS2,
1110-G236,JS2,,-36.57932,-35.7778,below,,JS2,
1121-G305,JS2,,-26.577,-26.577,below,,JS2,
1122-G308,JS2,,-25.675,-25.675,below,,JS2,
1198-G311,JS2,,-24.759,-24.759,below,,JS2,
1207-G482,JS2,,-26.0498,-26.04723,below,,JS2,
1208-G494,JS2,,-26.132620000000003,-26.130879999999998,below,,JS2,
1210-G248,JS2,,-28.976020000000002,-28.0233,below,,JS2,
1211-G251,JS2,,-28.976020000000002,-28.0233,below,,JS2,
1303-G512,JS2,,-36.44625,-34.8381,below,,JS2,
1304-G536,JS2,,-36.44718,-34.8406,below,,JS2,
1325-G497,JS2,,-36.72251,-35.3,below,,JS2,
1328-G521,JS2,,-36.72251,-35.3,below,,JS2,
1419-G436,JS2,,-36.48075,-34.9378,below,,JS2,
1421-G431,JS2,,-36.46197,-34.8855,below,,JS2,
1443-G245,JS2,,-36.60877,-34.8658,below,,JS2,
1447-G227,JS2,,-36.59688,-35.9454,below,,JS2,
1448-G218,JS2,,-36.59735,-35.9484,below,,JS2,
1454-G206,JS2,,-36.60877,-34.8658,below,,JS2,
1468-G230,JS2,,-36.59601,-35.9305,below,,JS2,
1702-G208,JS2,,-36.62135,-35.7906,below,,JS2,
2166-G170,JS2,,-11.72333,-11.72382,below,,JS2,
2167-G171,JS2,,-13.22166,-13.222650000000002,below,,JS2,
2168-G172,JS2,,-14.716,-14.71747,below,,JS2,
2169-G173,JS2,,-16.41966,-16.42212,below,,JS2,
2170-G174,JS2,,-17.91199,-17.91495,below,,JS2,
2171-G314,JS2,,-17.15558,-17.17632,below,,JS2,
2173-G452,JS2,,-17.91133,-17.91477,below,,JS2,
2178-G317,JS2,,-18.136519999999997,-18.1611,below,,JS2,
2179-G455,JS2,,-16.41966,-16.42212,below,,JS2,
2180-G320,JS2,,-19.132189999999998,-19.160040000000002,below,,JS2,
2181-G458,JS2,,-14.716,-14.71747,below,,JS2,
2182-G461,JS2,,-13.22166,-13.222650000000002,below,,JS2,
2183-G464,JS2,,-11.72333,-11.72382,below,,JS2,
2184-G467,JS2,,-22.0,-22.0,below,,JS2,
2185-G470,JS2,,-22.0,-22.0,below,,JS2,
2186-G473,JS2,,-22.0,-22.0,below,,JS2,
2191-G476,JS2,,-22.0,-22.0,below,,JS2,
2194-G479,JS2,,-22.0,-22.0,below,,JS2,
2199-G556,JS2,,-28.340230000000002,-27.6988,below,,JS2,
2200-G550,JS2,,-27.25885,-26.9671,below,,JS2,
2205-G552,JS2,,-27.3266,-27.130599999999998,below,,JS2,
2206-G559,JS2,,-28.337030000000002,-27.6988,below,,JS2,
2224-G113,JS2,,-12.816749999999999,-12.8147,below,,JS2,
2230-G104,JS2,,-15.979370000000001,-15.978349999999999,below,,JS2,
2238-G107,JS2,,-14.84906,-14.847529999999999,below,,JS2,
2239-G110,JS2,,-13.86306,-13.86153,below,,JS2,
2242-G116,JS2,,-11.58075,-11.5787,below,,JS2,
2244-G176,JS2,,-22.0,-22.0,below,,JS2,
2245-G179,JS2,,-22.0,-22.0,below,,JS2,
2246-G182,JS2,,-22.0,-22.0,below,,JS2,
2247-G257,JS2,,-21.57905,-20.7685,below,,JS2,
2248-G185,JS2,,-22.0,-22.0,below,,JS2,
2249-G119,JS2,,-10.564430000000002,-10.56188,below,,JS2,
2251-G191,JS2,,-22.0,-22.0,below,,JS2,
2252-G194,JS2,,-22.0,-22.0,below,,JS2,
2253-G254,JS2,,-21.57905,-20.7685,below,,JS2,
2254-G197,JS2,,-22.0,-22.0,below,,JS2,
2255-G200,JS2,,-22.0,-22.0,below,,JS2,
2256-G203,JS2,,-22.0,-22.0,below,,JS2,
2260-G122,JS2,,-9.51612,-9.51305,below,,JS2,
2261-G125,JS2,,-9.51612,-9.51305,below,,JS2,
2262-G128,JS2,,-10.564430000000002,-10.56188,below,,JS2,
2263-G131,JS2,,-11.58075,-11.5787,below,,JS2,
2264-G134,JS2,,-12.816749999999999,-12.8147,below,,JS2,
2265-G137,JS2,,-13.86306,-13.86153,below,,JS2,
2266-G140,JS2,,-14.84906,-14.847529999999999,below,,JS2,
2267-G143,JS2,,-15.979370000000001,-15.978349999999999,below,,JS2,
2504-GD07,JS2,,-22.0,-22.0,below,,JS2,
2513-G544,JS2,,-22.0,-22.0,below,,JS2,
2529-G338,JS2,,-13.63448,-13.612219999999999,below,,JS2,
2530-G341,JS2,,-12.27436,-12.24653,below,,JS2,
2551-G353,JS2,,-12.30453,-12.30329,below,,JS2,
2561-G335,JS2,,-14.99563,-14.978060000000001,below,,JS2,
2568-G355,JS2,,-13.66,-13.66,below,,JS2,
2569-G358,JS2,,-15.01623,-15.01685,below,,JS2,
3004-G296,JS2,,-6.0,-6.0,below,,JS2,
3156-G062,JS2,,-6.0,-6.0,below,,JS2,
3206-G056,JS0,,9.395729999999999,9.38383,above,,JS0,
3231-G412,JS0,,9.792069999999999,9.79054,above,,JS0,
3233-G424,JS0,,9.72137,9.720360000000001,above,,JS0,
3286-G291,JS2,,-6.0,-6.0,below,,JS2,
3287-G292,JS2,,-6.0,-6.0,below,,JS2,
3288-G299,JS2,,-6.0,-6.0,below,,JS2,
3289-G302,JS2,,-6.0,-6.0,below,,JS2,
3306-G398,JS2,,-6.0,-6.0,below,,JS2,
3307-G395,JS2,,-6.0,-6.0,below,,JS2,
3308-G392,JS2,,-6.0,-6.0,below,,JS2,
3309-G389,JS2,,-6.0,-6.0,below,,JS2,
3310-G386,JS2,,-6.0,-6.0,below,,JS2,
3312-G284,JS2,,-6.0,-6.0,below,,JS2,
3313-G287,JS2,,-6.0,-6.0,below,,JS2,
3314-G443,JS2,,-6.0,-6.0,below,,JS2,
3315-G446,JS2,,-6.0,-6.0,below,,JS2,
3316-G449,JS2,,-6.0,-6.0,below,,JS2,
3343-G188,JS2,,-22.0,-22.0,below,,JS2,
3351-G155,JS2,,-22.0,-22.0,below,,JS2,
3352-G156,JS2,,-22.0,-22.0,below,,JS2,
3353-G157,JS2,,-22.0,-22.0,below,,JS2,
3354-G158,JS2,,-22.0,-22.0,below,,JS2,
3355-G159,JS2,,-22.0,-22.0,below,,JS2,
3505-G368,JSX,,-6.0,-6.0,below,,JSX,
3508-G365,JSX,,-6.0,-6.0,below,,JSX,
3511-G362,JSQ,,-6.0,-6.0,below,,JSQ,
3513-G350,JSQ,,-6.0,-6.0,below,,JSQ,
3514-G347,JSX,,-6.0,-6.0,below,,JSX,
3516-G344,JSQ,,-6.0,-6.0,below,,JSQ,
3627-G086,JS0,,9.39905,9.384269999999999,above,,JS0,
3759-G071,JS2,,-6.0,-6.0,below,,JS2,
3760-G068,JS2,,-6.0,-6.0,below,,JS2,
3761-G065,JS2,,-6.0,-6.0,below,,JS2,
3763-G080,JS2,,-6.0,-6.0,below,,JS2,
3764-G083,JS2,,-6.0,-6.0,below,,JS2,
3766-G077,JS2,,-6.0,-6.0,below,,JS2,
3769-G074,JS2,,-6.0,-6.0,below,,JS2,
G001-1206,JS2,,-26.109,-26.109,below,,JS2,
G002-1199,JS2,,-25.193,-25.193,below,,JS2,
G014-2149,JS2,,-17.69324,-17.68778,below,,JS2,
G017-2141,JS2,,-18.69254,-18.684900000000003,below,,JS2,
K708-3565,JS0,,13.0,13.0,above,,JS0,
K777-3564,JS0,,13.0,13.0,above,,JS0,
K778-4793,JS0,,13.0,13.0,above,,JS0,
K763-4510,JS0,,13.0,13.0,above,,JS0,
K762-4511,JS0,,13.0,13.0,above,,JS0,
K764-4509,JS0,,13.0,13.0,above,,JS0,
GD19-4519,JS0,,13.0,13.0,above,,JS0,
K772-4932,JS0,,13.0,13.0,above,,JS0,
K723-4938,JS0,,13.0,13.0,above,,JS0,
K773-4933,JS0,,13.0,13.0,above,,JS0,
K724-4939,JS0,,13.0,13.0,above,,JS0,
K774-4934,JS0,,13.0,13.0,above,,JS0,
K746-4940,JS0,,13.0,13.0,above,,JS0,
K775-4935,JS0,,13.0,13.0,above,,JS0,
K747-4941,JS0,,13.0,13.0,above,,JS0,
K776-4936,JS0,,13.0,13.0,above,,JS0,
K753-4943,JS0,,13.0,13.0,above,,JS0,
K771-4917,JS0,,13.0,13.0,above,,JS0,
K770-4918,JS0,,13.0,13.0,above,,JS0,
K769-4919,JS0,,13.0,13.0,above,,JS0,
K768-4920,JS0,,13.0,13.0,above,,JS0,
K767-4921,JS0,,13.0,13.0,above,,JS0,
K766-4922,JS0,,13.0,13.0,above,,JS0,
K765-4923,JS0,,13.0,13.0,above,,JS0,
K761-4924,JS0,,13.0,13.0,above,,JS0,
K760-4925,JS0,,13.0,13.0,above,,JS0,
K759-4926,JS0,,13.0,13.0,above,,JS0,
K758-4927,JS0,,13.0,13.0,above,,JS0,
K757-4928,JS0,,13.0,13.0,above,,JS0,
K756-4929,JS0,,13.0,13.0,above,,JS0,
K755-4930,JS0,,13.0,13.0,above,,JS0,
J283-4517,JS0,,13.0,13.0,above,,JS0,
J287-4518,JS0,,13.0,13.0,above,,JS0,
K706-JF04,JS0,,13.0,13.0,above,,JS0,
JF58-G434,JS2,,-36.66344,-36.1879,below,,JS2,
K482-G539,JS2,,-36.45587,-34.846799999999995,below,,JS2,
K534-G533,JS2,,-36.75611,-36.240199999999994,below,,JS2,
K536-G542,JS2,,-36.46112,-34.850699999999996,below,,JS2,
K576-G515,JS2,,-36.45587,-34.846799999999995,below,,JS2,
K592-G518,JS2,,-36.46112,-34.850699999999996,below,,JS2,
K633-G509,JS2,,-36.75671,-36.242,below,,JS2,
K802-G506,JS2,,-36.75763,-36.249900000000004,below,,JS2,
K811-G530,JS2,,-36.75763,-36.249900000000004,below,,JS2,
K892-G503,JS2,,-36.75727,-36.2447,below,,JS2,
K901-G527,JS2,,-36.75685,-36.244,below,,JS2,
L045-G524,JS2,,-36.75216,-36.2173,below,,JS2,
L052-G500,JS2,,-36.75451,-36.2224,below,,JS2,
L648-G241,JS2,,-36.58784,-35.6714,below,,JS2,
L649-G238,JS2,,-36.5849,-35.7419,below,,JS2,
L655-G217,JS2,,-36.59883,-35.939299999999996,below,,JS2,
L656-G220,JS2,,-36.67499,-35.1191,below,,JS2,
L657-G214,JS2,,-36.60112,-35.8667,below,,JS2,
L658-G211,JS2,,-36.60882,-35.829299999999996,below,,JS2,
3011-G008,JSZ,,4.38775,4.33736,in,,JSZ,
3055-G032,JSZ,,4.37413,4.33076,in,,JSZ,
3063-G028,JS1,,4.322,4.322,in,,JS1,
3125-G414,JS3,,-0.27947,-0.29771,in,,JS3,
3155-G038,JS1,,5.65373,5.616890000000001,in,,JS1,
3182-G266,JSZ,,6.359,6.359,in,,JSZ,
3183-G050,JSZ,,8.19478,8.17248,in,,JSZ,
3198-G089,JSZ,,8.19497,8.17247,in,,JSZ,
3202-G020,JS3,,-2.16972,-2.1969800000000004,in,,JS3,
3204-G035,JSZ,,5.66108,5.6188199999999995,in,,JSZ,
3205-G092,JSZ,,6.958139999999999,6.9291100000000005,in,,JSZ,
3207-G044,JSZ,,6.96293,6.93065,in,,JSZ,
3208-G053,JS3,,-0.8620899999999999,-0.95776,in,,JS3,
3209-G041,JS1,,1.6151200000000001,1.58818,in,,JS1,
3211-G095,JS1,,-1.95997,-2.08576,in,,JS1,
3212-G047,JS3,,0.29778000000000004,0.23559,in,,JS3,
3215-G098,JS3,,-0.7546499999999999,-0.85961,in,,JS3,
3216-G059,JS1,,-2.0253,-2.14889,in,,JS1,
3217-G101,JS3,,0.44153,0.36685999999999996,in,,JS3,
3218-G274,JS3,,0.948,0.948,in,,JS3,
3219-G259,JSZ,,8.022,8.022,in,,JSZ,
3221-G269,JSZ,,5.93,5.93,in,,JSZ,
3222-G383,JSZ,,5.915,5.915,in,,JSZ,
3224-G380,JS3,,0.9516199999999999,0.94863,in,,JS3,
3225-G407,JS1,,4.4144,4.41582,in,,JS1,
3226-G273,JS1,,2.712,2.712,in,,JS1,
3227-G410,JS3,,-1.11582,-1.14171,in,,JS3,
3228-G278,JS1,,-1.1112,-1.10786,in,,JS1,
3229-G281,JS3,,0.63982,0.64161,in,,JS3,
3230-G418,JS3,,-1.6133300000000002,-1.641,in,,JS3,
3234-G485,JS3,,0.637,0.638,in,,JS3,
3235-G488,JS1,,-1.112,-1.11,in,,JS1,
3239-G491,JS1,,2.7136,2.71218,in,,JS1,
3253-G004,JS1,,5.179,5.179,in,,JS1,
3255-G003,JS1,,4.322,4.322,in,,JS1,
3529-G262,JS3,,2.6062399999999997,2.6068800000000003,in,,JS3,
3530-G329,JSZ,,3.14909,3.0996,in,,JSZ,
3531-G332,JSZ,,1.51711,1.4579199999999999,in,,JSZ,
3532-G326,JSZ,,4.78263,4.74243,in,,JSZ,
3538-G371,JS1,,1.5257999999999998,1.5138699999999998,in,,JS1,
3539-G373,JS1,,3.15319,3.14655,in,,JS1,
3540-G376,JS1,,4.77968,4.77917,in,,JS1,
3587-G405,JSZ,,6.35516,6.35846,in,,JSZ,
3615-G323,JSZ,,7.369470000000001,7.36688,in,,JSZ,
3652-G402,JSZ,,8.01578,8.02117,in,,JSZ,
J745-G022,JS1,,5.328,5.328,in,,JS1,
K595-G421,JS3,,-2.65818,-2.6883000000000004,in,,JS3,
J006-K612,JT2,,-34.123,-34.373,below,,JT2,
J007-K608,JT2,,-34.123,-34.442,below,,JT2,
J008-K609,JT2,,-35.554,-35.804,below,,JT2,
J009-K620,JT2,,-35.554,-35.804,below,,JT2,
J010-K615,JT2,,-35.506,-35.756,below,,JT2,
J011-J006,JT2,,-33.865,-34.123,below,,JT2,
J012-J007,JT2,,-33.865,-34.123,below,,JT2,
J013-J008,JT2,,-35.296,-35.554,below,,JT2,
J014-J009,JT2,,-35.296,-35.554,below,,JT2,
J015-J010,JT2,,-35.248,-35.506,below,,JT2,
J016-J011,JT2,,-33.573,-33.865,below,,JT2,
J017-J012,JT2,,-33.573,-33.865,below,,JT2,
J018-J013,JT2,,-35.004,-35.296,below,,JT2,
J019-J014,JT2,,-35.004,-35.296,below,,JT2,
J020-J015,JT2,,-34.956,-35.248,below,,JT2,
J021-J016,JT2,,-33.249,-33.573,below,,JT2,
J022-J017,JT2,,-33.249,-33.573,below,,JT2,
J023-J018,JT2,,-34.68,-35.004,below,,JT2,
J024-J019,JT2,,-34.68,-35.004,below,,JT2,
J025-J020,JT2,,-34.632,-34.956,below,,JT2,
J026-J021,JT2,,-32.895,-33.249,below,,JT2,
J027-J022,JT2,,-32.895,-33.249,below,,JT2,
J028-J023,JT2,,-34.326,-34.68,below,,JT2,
J029-J024,JT2,,-34.326,-34.68,below,,JT2,
J030-J025,JT2,,-34.278,-34.632,below,,JT2,
J031-J026,JT2,,-32.514,-32.895,below,,JT2,
J032-J027,JT2,,-32.514,-32.895,below,,JT2,
J033-J028,JT2,,-33.945,-34.326,below,,JT2,
J034-J029,JT2,,-33.945,-34.326,below,,JT2,
J035-J030,JT2,,-33.898,-34.278,below,,JT2,
J036-J031,JT2,,-32.11,-32.514,below,,JT2,
J037-J032,JT2,,-32.11,-32.514,below,,JT2,
J038-J033,JT2,,-33.541,-33.945,below,,JT2,
J039-J034,JT2,,-33.541,-33.945,below,,JT2,
J040-J035,JT2,,-33.493,-33.898,below,,JT2,
J041-J036,JT2,,-31.684,-32.11,below,,JT2,
J042-J037,JT2,,-31.684,-32.11,below,,JT2,
J043-J038,JT2,,-33.115,-33.541,below,,JT2,
J044-J039,JT2,,-33.115,-33.541,below,,JT2,
J045-J040,JT2,,-33.067,-33.493,below,,JT2,
J046-J043,JT2,,-32.672,-33.115,below,,JT2,
J047-J041,JT2,,-31.241,-31.684,below,,JT2,
J048-J042,JT2,,-31.241,-31.684,below,,JT2,
J049-J044,JT2,,-32.672,-33.115,below,,JT2,
J050-J045,JT2,,-32.624,-33.067,below,,JT2,
J051-J046,JT2,,-32.214,-32.672,below,,JT2,
J052-J047,JT2,,-30.783,-31.241,below,,JT2,
J053-J048,JT2,,-30.783,-31.241,below,,JT2,
J054-J049,JT2,,-32.214,-32.672,below,,JT2,
J055-J050,JT2,,-32.166,-32.624,below,,JT2,
J056-J051,JT2,,-31.746,-32.214,below,,JT2,
J057-J052,JT2,,-30.315,-30.783,below,,JT2,
J058-J053,JT2,,-30.315,-30.783,below,,JT2,
J059-J055,JT2,,-31.698,-32.166,below,,JT2,
J060-J054,JT2,,-31.746,-32.214,below,,JT2,
J061-J062,JT9,,11.75,11.74,above,,JT9,
J062-K603,JT9,,11.74,10.29,above,,JT9,
J065-J066,JT9,,11.75,11.728,above,,JT9,
J066-K607,JT9,,11.728,10.22,above,,JT9,
J069-J056,JT2,,-31.27,-31.746,below,,JT2,
J070-J057,JT2,,-29.839,-30.315,below,,JT2,
J071-J059,JT2,,-31.222,-31.698,below,,JT2,
J072-J058,JT2,,-29.839,-30.315,below,,JT2,
J073-J060,JT2,,-31.27,-31.746,below,,JT2,
J076-K475,JT2,,-23.5,-24.259,below,,JT2,
J077-J069,JT2,,-30.791,-31.27,below,,JT2,
J079-K444,JT6,,-4.3,-5.5,in,member straddles splash zone boundary,JT6,
J080-J077,JT2,,-28.733,-30.791,below,,JT2,
J082-K474,JT2,,-23.5,-25.175,below,,JT2,
J083-J070,JT2,,-29.36,-29.839,below,,JT2,
J084-J083,JT2,,-28.018,-29.36,below,,JT2,
J087-J090,JT2,,-28.709,-30.743,below,,JT2,
J089-K440,JT6,,-4.3,-5.5,in,member straddles splash zone boundary,JT6,
J090-J071,JT2,,-30.743,-31.222,below,,JT2,
J091-K473,JT2,,-23.5,-26.077,below,,JT2,
J092-K434,JT6,,-4.3,-5.5,in,member straddles splash zone boundary,JT6,
J093-J072,JT2,,-29.36,-29.839,below,,JT2,
J095-K150,JT2,,-23.5,-25.609,below,,JT2,
J096-J093,JT2,,-28.018,-29.36,below,,JT2,
J097-J073,JT2,,-30.791,-31.27,below,,JT2,
J098-K151,JT2,,-23.5,-24.693,below,,JT2,
J099-K433,JT2,,-4.773,-5.5,below,,JT2,
J100-J097,JT2,,-28.733,-30.791,below,,JT2,
J101-J099,JT2,,-4.327,-4.773,below,,JT2,
J102-J101,JT6,,-4.3,-4.327,in,member straddles splash zone boundary,JT6,
J123-K718,JT5,,-30.984,-34.357,below,,JT5,
J124-K587,JT5,,-30.984,-34.357,below,,JT5,
J125-J123,JT5,,-30.734,-30.984,below,,JT5,
J126-J124,JT5,,-30.734,-30.984,below,,JT5,
J127-J125,JT5,,-30.482,-30.734,below,,JT5,
J128-J126,JT5,,-30.482,-30.734,below,,JT5,
J129-J127,JT5,,-30.227,-30.482,below,,JT5,
J130-J128,JT5,,-30.227,-30.482,below,,JT5,
J131-J129,JT5,,-29.972,-30.227,below,,JT5,
J132-J130,JT5,,-29.972,-30.227,below,,JT5,
J133-J131,JT5,,-29.715,-29.972,below,,JT5,
J134-J132,JT5,,-29.715,-29.972,below,,JT5,
J135-J133,JT5,,-29.459,-29.715,below,,JT5,
J136-J134,JT5,,-29.459,-29.715,below,,JT5,
J137-J135,JT5,,-29.203,-29.459,below,,JT5,
J138-J136,JT5,,-29.203,-29.459,below,,JT5,
J139-J137,JT5,,-28.949,-29.203,below,,JT5,
J140-J138,JT5,,-28.949,-29.203,below,,JT5,
J141-J139,JT5,,-28.696,-28.949,below,,JT5,
J142-J140,JT5,,-28.696,-28.949,below,,JT5,
J145-J141,JT5,,-28.447,-28.696,below,,JT5,
J146-J142,JT5,,-28.447,-28.696,below,,JT5,
J147-K717,JT5,,-30.891,-34.349,below,,JT5,
J148-J147,JT5,,-30.636,-30.891,below,,JT5,
J149-J148,JT5,,-30.37,-30.636,below,,JT5,
J150-K585,JT5,,-30.262,-34.349,below,,JT5,
J151-J149,JT5,,-30.091,-30.37,below,,JT5,
J152-J150,JT5,,-30.0,-30.262,below,,JT5,
J153-J152,JT5,,-29.717,-30.0,below,,JT5,
J154-J151,JT5,,-29.801,-30.091,below,,JT5,
J155-J153,JT5,,-29.413,-29.717,below,,JT5,
J156-J154,JT5,,-29.5,-29.801,below,,JT5,
J157-J156,JT5,,-29.19,-29.5,below,,JT5,
J158-J155,JT5,,-29.091,-29.413,below,,JT5,
J159-J157,JT5,,-28.87,-29.19,below,,JT5,
J160-J158,JT5,,-28.755,-29.091,below,,JT5,
J161-J159,JT5,,-28.543,-28.87,below,,JT5,
J162-J160,JT5,,-28.407,-28.755,below,,JT5,
J163-J161,JT5,,-28.208,-28.543,below,,JT5,
J164-J163,JT5,,-27.866,-28.208,below,,JT5,
J165-K589,JT5,,-26.713,-27.33,below,,JT5,
J166-K560,JT5,,-26.713,-27.33,below,,JT5,
J167-K716,JT5,,-31.555,-34.332,below,,JT5,
J168-J166,JT5,,-26.597,-26.713,below,,JT5,
J169-J167,JT5,,-31.319,-31.555,below,,JT5,
J170-J164,JT5,,-27.518,-27.866,below,,JT5,
J171-K582,JT5,,-31.073,-34.336,below,,JT5,
J172-J169,JT5,,-31.082,-31.319,below,,JT5,
J173-J171,JT5,,-30.839,-31.073,below,,JT5,
J174-J172,JT5,,-30.843,-31.082,below,,JT5,
J175-J168,JT5,,-26.337,-26.597,below,,JT5,
J176-J173,JT5,,-30.602,-30.839,below,,JT5,
J177-J174,JT5,,-30.603,-30.843,below,,JT5,
J178-J176,JT5,,-30.365,-30.602,below,,JT5,
J179-J175,JT5,,-26.057,-26.337,below,,JT5,
J180-J177,JT5,,-30.364,-30.603,below,,JT5,
J181-J178,JT5,,-30.128,-30.365,below,,JT5,
J182-J180,JT5,,-30.124,-30.364,below,,JT5,
J183-J179,JT5,,-25.755,-26.057,below,,JT5,
J184-J181,JT5,,-29.894,-30.128,below,,JT5,
J185-J182,JT5,,-29.885,-30.124,below,,JT5,
J186-K545,JT5,,-26.083,-26.457,below,,JT5,
J187-K558,JT5,,-26.083,-26.315,below,,JT5,
J188-J183,JT5,,-25.435,-25.755,below,,JT5,
J189-J185,JT5,,-29.648,-29.885,below,,JT5,
J190-J188,JT5,,-25.096,-25.435,below,,JT5,
J191-J187,JT5,,-25.601,-26.083,below,,JT5,
J192-J189,JT5,,-29.412,-29.648,below,,JT5,
J193-J165,JT5,,-25.298,-26.713,below,,JT5,
J194-J190,JT5,,-24.739,-25.096,below,,JT5,
J195-J191,JT5,,-25.246,-25.601,below,,JT5,
J196-J192,JT5,,-29.065,-29.412,below,,JT5,
J197-J184,JT5,,-29.065,-29.894,below,,JT5,
J198-J193,JT5,,-25.041,-25.298,below,,JT5,
J199-J194,JT5,,-24.365,-24.739,below,,JT5,
J200-J195,JT5,,-24.874,-25.246,below,,JT5,
J201-J196,JT5,,-28.808,-29.065,below,,JT5,
J202-J197,JT5,,-28.808,-29.065,below,,JT5,
J203-J199,JT5,,-23.975,-24.365,below,,JT5,
J204-J200,JT5,,-24.487,-24.874,below,,JT5,
J205-J198,JT5,,-24.748,-25.041,below,,JT5,
J206-J203,JT5,,-23.57,-23.975,below,,JT5,
J207-J204,JT5,,-24.086,-24.487,below,,JT5,
J208-J201,JT5,,-28.516,-28.808,below,,JT5,
J209-J202,JT5,,-28.516,-28.808,below,,JT5,
J210-J186,JT5,,-24.283,-26.083,below,,JT5,
J211-J205,JT5,,-24.424,-24.748,below,,JT5,
J212-J206,JT5,,-23.152,-23.57,below,,JT5,
J213-J207,JT5,,-23.671,-24.086,below,,JT5,
J214-J208,JT5,,-28.191,-28.516,below,,JT5,
J215-J209,JT5,,-28.191,-28.516,below,,JT5,
J216-J210,JT5,,-23.93,-24.283,below,,JT5,
J217-J211,JT5,,-24.071,-24.424,below,,JT5,
J218-J212,JT5,,-22.72,-23.152,below,,JT5,
J219-J213,JT5,,-23.244,-23.671,below,,JT5,
J220-J214,JT5,,-27.838,-28.191,below,,JT5,
J221-J215,JT5,,-27.838,-28.191,below,,JT5,
J222-J216,JT5,,-23.549,-23.93,below,,JT5,
J223-J217,JT5,,-23.69,-24.071,below,,JT5,
J224-J218,JT5,,-22.276,-22.72,below,,JT5,
J225-J219,JT5,,-22.806,-23.244,below,,JT5,
J226-J220,JT5,,-27.457,-27.838,below,,JT5,
J227-J221,JT5,,-27.457,-27.838,below,,JT5,
J228-J224,JT5,,-21.822,-22.276,below,,JT5,
J229-J225,JT5,,-22.357,-22.806,below,,JT5,
J230-J222,JT5,,-23.144,-23.549,below,,JT5,
J231-J223,JT5,,-23.285,-23.69,below,,JT5,
J232-J226,JT5,,-27.052,-27.457,below,,JT5,
J233-J227,JT5,,-27.052,-27.457,below,,JT5,
J234-J228,JT5,,-21.357,-21.822,below,,JT5,
J235-J229,JT5,,-21.899,-22.357,below,,JT5,
J236-J230,JT5,,-22.719,-23.144,below,,JT5,
J237-J231,JT5,,-22.86,-23.285,below,,JT5,
J238-J232,JT5,,-26.627,-27.052,below,,JT5,
J239-J233,JT5,,-26.627,-27.052,below,,JT5,
J240-J234,JT5,,-20.885,-21.357,below,,JT5,
J241-J235,JT5,,-21.433,-21.899,below,,JT5,
J242-J236,JT5,,-22.275,-22.719,below,,JT5,
J243-J237,JT5,,-22.416,-22.86,below,,JT5,
J244-J240,JT5,,-20.405,-20.885,below,,JT5,
J245-J241,JT5,,-20.96,-21.433,below,,JT5,
J246-J238,JT5,,-26.183,-26.627,below,,JT5,
J247-J239,JT5,,-26.183,-26.627,below,,JT5,
J248-J244,JT5,,-19.919,-20.405,below,,JT5,
J249-J245,JT5,,-20.481,-20.96,below,,JT5,
J250-J242,JT5,,-21.818,-22.275,below,,JT5,
J251-J243,JT5,,-21.959,-22.416,below,,JT5,
J252-J246,JT5,,-25.726,-26.183,below,,JT5,
J253-J247,JT5,,-25.726,-26.183,below,,JT5,
J254-J248,JT5,,-19.428,-19.919,below,,JT5,
J255-J249,JT5,,-19.998,-20.481,below,,JT5,
J256-J250,JT5,,-21.349,-21.818,below,,JT5,
J257-J251,JT5,,-21.49,-21.959,below,,JT5,
J258-J252,JT5,,-25.257,-25.726,below,,JT5,
J259-J253,JT5,,-25.257,-25.726,below,,JT5,
J260-J254,JT5,,-18.933,-19.428,below,,JT5,
J261-J255,JT5,,-19.51,-19.998,below,,JT5,
J262-J256,JT5,,-20.874,-21.349,below,,JT5,
J263-J257,JT5,,-21.015,-21.49,below,,JT5,
J264-J258,JT5,,-24.782,-25.257,below,,JT5,
J265-J259,JT5,,-24.782,-25.257,below,,JT5,
J266-J260,JT5,,-18.436,-18.933,below,,JT5,
J267-J261,JT5,,-19.021,-19.51,below,,JT5,
J268-K520,JTB,,-4.3,-5.5,in,member straddles splash zone boundary,JTB,
J269-J264,JT5,,-24.302,-24.782,below,,JT5,
J272-K519,JTB,,-4.3,-5.5,in,member straddles splash zone boundary,JTB,
J273-J262,JT5,,-20.394,-20.874,below,,JT5,
J276-J263,JT5,,-20.535,-21.015,below,,JT5,
J277-K518,JTB,,-4.3,-5.5,in,member straddles splash zone boundary,JTB,
J280-K491,JTB,,-4.3,-5.5,in,member straddles splash zone boundary,JTB,
J281-J283,JT9,,16.335,13.0,above,,JT9,
J282-J266,JT5,,-17.937,-18.436,below,,JT5,
J283-J284,JT1,,13.0,8.2,in,member straddles splash zone boundary,JT1,
J285-J287,JT9,,16.335,13.0,above,,JT9,
J287-J286,JT1,,13.0,8.2,in,member straddles splash zone boundary,JT1,
J288-K490,JTB,,-4.3,-5.5,in,member straddles splash zone boundary,JTB,
J289-J267,JT5,,-18.53,-19.021,below,,JT5,
J291-J265,JT5,,-24.302,-24.782,below,,JT5,
J292-K487,JTB,,-4.3,-5.5,in,member straddles splash zone boundary,JTB,
J294-J296,JT4,,-32.484,-32.889,below,,JT4,
J296-J298,JT4,,-32.889,-33.278,below,,JT4,
J297-K581,JT4,,-35.511,-35.797,below,,JT4,
J298-J306,JT4,,-33.278,-33.652,below,,JT4,
J299-J297,JT4,,-35.251,-35.511,below,,JT4,
J300-J302,JT4,,-31.189,-31.633,below,,JT4,
J301-J299,JT4,,-34.97,-35.251,below,,JT4,
J302-J304,JT4,,-31.633,-32.065,below,,JT4,
J303-J301,JT4,,-34.669,-34.97,below,,JT4,
J304-J294,JT4,,-32.065,-32.484,below,,JT4,
J305-J303,JT4,,-34.348,-34.669,below,,JT4,
J306-J312,JT4,,-33.652,-34.009,below,,JT4,
J307-J305,JT4,,-34.009,-34.348,below,,JT4,
J308-J310,JT4,,-34.97,-35.251,below,,JT4,
J309-J307,JT4,,-33.652,-34.009,below,,JT4,
J310-J336,JT4,,-35.251,-35.511,below,,JT4,
J311-J309,JT4,,-33.278,-33.652,below,,JT4,
J312-J314,JT4,,-34.009,-34.348,below,,JT4,
J313-J311,JT4,,-32.889,-33.278,below,,JT4,
J314-J316,JT4,,-34.348,-34.669,below,,JT4,
J315-J313,JT4,,-32.484,-32.889,below,,JT4,
J316-J308,JT4,,-34.669,-34.97,below,,JT4,
J317-J315,JT4,,-32.065,-32.484,below,,JT4,
J318-J320,JT4,,-26.85,-27.349,below,,JT4,
J319-J317,JT4,,-31.633,-32.065,below,,JT4,
J320-J322,JT4,,-27.349,-27.846,below,,JT4,
J321-J319,JT4,,-31.189,-31.633,below,,JT4,
J322-J330,JT4,,-27.846,-28.341,below,,JT4,
J323-J321,JT4,,-30.735,-31.189,below,,JT4,
J324-J326,JT4,,-29.798,-30.271,below,,JT4,
J325-J323,JT4,,-30.271,-30.735,below,,JT4,
J326-J328,JT4,,-30.271,-30.735,below,,JT4,
J327-J325,JT4,,-29.798,-30.271,below,,JT4,
J328-J300,JT4,,-30.735,-31.189,below,,JT4,
J329-J327,JT4,,-29.318,-29.798,below,,JT4,
J330-J332,JT4,,-28.341,-28.832,below,,JT4,
J331-J329,JT4,,-28.832,-29.318,below,,JT4,
J332-J334,JT4,,-28.832,-29.318,below,,JT4,
J333-J331,JT4,,-28.341,-28.832,below,,JT4,
J334-J324,JT4,,-29.318,-29.798,below,,JT4,
J335-J333,JT4,,-27.846,-28.341,below,,JT4,
J336-K715,JT4,,-35.511,-35.799,below,,JT4,
J338-J367,JT4,,-19.958,-21.5,below,,JT4,
J340-J335,JT4,,-27.349,-27.846,below,,JT4,
J342-J344,JT4,,-4.621,-5.06,below,,JT4,
J343-K282,JT4,,-19.958,-21.5,below,,JT4,
J344-K569,JT4,,-5.06,-5.5,below,,JT4,
J345-J340,JT4,,-26.85,-27.349,below,,JT4,
J349-J342,JT8,,-4.3,-4.621,in,member straddles splash zone boundary,JT8,
J355-J373,JT4,,-5.06,-5.5,below,,JT4,
J359-J355,JT4,,-4.621,-5.06,below,,JT4,
J365-J359,JT8,,-4.3,-4.621,in,member straddles splash zone boundary,JT8,
J366-J368,JT4,,-22.0,-22.5,below,,JT4,
J367-J366,JT4,,-21.5,-22.0,below,,JT4,
J368-K676,JT4,,-22.5,-25.546,below,,JT4,
J369-J371,JT4,,-17.916,-18.416,below,,JT4,
J370-J369,JT4,,-17.416,-17.916,below,,JT4,
J371-J338,JT4,,-18.416,-19.958,below,,JT4,
J372-J374,JT4,,-6.0,-6.5,below,,JT4,
J373-J372,JT4,,-5.5,-6.0,below,,JT4,
J376-J360,JT1,,8.522,8.2,in,member straddles splash zone boundary,JT1,
J378-J379,JT4,,-29.828,-30.301,below,,JT4,
J379-J380,JT4,,-30.301,-30.765,below,,JT4,
J380-J384,JT4,,-30.765,-31.219,below,,JT4,
J381-J382,JT4,,-28.371,-28.862,below,,JT4,
J382-J383,JT4,,-28.862,-29.348,below,,JT4,
J383-J378,JT4,,-29.348,-29.828,below,,JT4,
J384-J388,JT4,,-31.219,-31.663,below,,JT4,
J385-J386,JT4,,-32.919,-33.308,below,,JT4,
J386-J387,JT4,,-33.308,-33.682,below,,JT4,
J387-J424,JT4,,-33.682,-34.039,below,,JT4,
J388-J389,JT4,,-31.663,-32.095,below,,JT4,
J389-J390,JT4,,-32.095,-32.514,below,,JT4,
J390-J385,JT4,,-32.514,-32.919,below,,JT4,
J391-J392,JT4,,-26.881,-27.379,below,,JT4,
J392-J393,JT4,,-27.379,-27.876,below,,JT4,
J393-J381,JT4,,-27.876,-28.371,below,,JT4,
J396-J397,JT8,,-4.3,-4.619,in,member straddles splash zone boundary,JT8,
J397-J399,JT4,,-4.619,-5.056,below,,JT4,
J398-K281,JT4,,-18.527,-21.5,below,,JT4,
J399-K568,JT4,,-5.056,-5.5,below,,JT4,
J400-J401,JT4,,-26.881,-27.379,below,,JT4,
J401-J402,JT4,,-27.379,-27.876,below,,JT4,
J402-J403,JT4,,-27.876,-28.371,below,,JT4,
J403-J404,JT4,,-28.371,-28.862,below,,JT4,
J404-J405,JT4,,-28.862,-29.348,below,,JT4,
J405-J406,JT4,,-29.348,-29.828,below,,JT4,
J406-J407,JT4,,-29.828,-30.301,below,,JT4,
J407-J408,JT4,,-30.301,-30.765,below,,JT4,
J408-J409,JT4,,-30.765,-31.219,below,,JT4,
J409-J410,JT4,,-31.219,-31.663,below,,JT4,
J410-J411,JT4,,-31.663,-32.095,below,,JT4,
J411-J412,JT4,,-32.095,-32.514,below,,JT4,
J412-J413,JT4,,-32.514,-32.919,below,,JT4,
J413-J414,JT4,,-32.919,-33.308,below,,JT4,
J414-J415,JT4,,-33.308,-33.682,below,,JT4,
J415-J416,JT4,,-33.682,-34.039,below,,JT4,
J416-J417,JT4,,-34.039,-34.378,below,,JT4,
J417-J418,JT4,,-34.378,-34.699,below,,JT4,
J418-J419,JT4,,-34.699,-35.0,below,,JT4,
J419-J420,JT4,,-35.0,-35.281,below,,JT4,
J420-J421,JT4,,-35.281,-35.541,below,,JT4,
J421-K580,JT4,,-35.541,-35.807,below,,JT4,
J424-J426,JT4,,-34.039,-34.378,below,,JT4,
J425-J429,JT4,,-35.281,-35.541,below,,JT4,
J426-J427,JT4,,-34.378,-34.699,below,,JT4,
J427-J428,JT4,,-34.699,-35.0,below,,JT4,
J428-J425,JT4,,-35.0,-35.281,below,,JT4,
J429-K714,JT4,,-35.541,-35.807,below,,JT4,
J437-J467,JT4,,-18.527,-21.5,below,,JT4,
J452-J479,JT4,,-5.056,-5.5,below,,JT4,
J454-J460,JT8,,-4.3,-4.62,in,member straddles splash zone boundary,JT8,
J455-J452,JT4,,-4.619,-5.056,below,,JT4,
J459-J455,JT8,,-4.3,-4.619,in,member straddles splash zone boundary,JT8,
J460-J462,JT4,,-4.62,-5.057,below,,JT4,
J461-J464,JT4,,-26.86,-27.358,below,,JT4,
J462-K567,JT4,,-5.057,-5.5,below,,JT4,
J463-K280,JT4,,-18.517,-21.5,below,,JT4,
J464-J466,JT4,,-27.358,-27.855,below,,JT4,
J465-J469,JT4,,-22.0,-22.5,below,,JT4,
J466-J468,JT4,,-27.855,-28.35,below,,JT4,
J467-J465,JT4,,-21.5,-22.0,below,,JT4,
J468-J470,JT4,,-28.35,-28.841,below,,JT4,
J469-J391,JT4,,-22.5,-26.881,below,,JT4,
J470-J472,JT4,,-28.841,-29.327,below,,JT4,
J471-J475,JT4,,-16.423,-16.923,below,,JT4,
J472-J474,JT4,,-29.327,-29.807,below,,JT4,
J473-J471,JT4,,-15.923,-16.423,below,,JT4,
J474-J476,JT4,,-29.807,-30.28,below,,JT4,
J475-J437,JT4,,-16.923,-18.527,below,,JT4,
J476-J478,JT4,,-30.28,-30.744,below,,JT4,
J477-J481,JT4,,-6.0,-6.5,below,,JT4,
J478-J480,JT4,,-30.744,-31.199,below,,JT4,
J479-J477,JT4,,-5.5,-6.0,below,,JT4,
J480-J482,JT4,,-31.199,-31.642,below,,JT4,
J482-J484,JT4,,-31.642,-32.074,below,,JT4,
J484-J486,JT4,,-32.074,-32.493,below,,JT4,
J486-J488,JT4,,-32.493,-32.898,below,,JT4,
J488-J490,JT4,,-32.898,-33.288,below,,JT4,
J489-J491,JT4,,-26.86,-27.358,below,,JT4,
J490-J492,JT4,,-33.288,-33.661,below,,JT4,
J491-J493,JT4,,-27.358,-27.855,below,,JT4,
J492-J494,JT4,,-33.661,-34.018,below,,JT4,
J493-J495,JT4,,-27.855,-28.35,below,,JT4,
J494-J496,JT4,,-34.018,-34.358,below,,JT4,
J495-J503,JT4,,-28.35,-28.841,below,,JT4,
J496-J498,JT4,,-34.358,-34.678,below,,JT4,
J497-J499,JT4,,-30.28,-30.744,below,,JT4,
J498-J500,JT4,,-34.678,-34.979,below,,JT4,
J499-J501,JT4,,-30.744,-31.199,below,,JT4,
J500-J502,JT4,,-34.979,-35.26,below,,JT4,
J501-J508,JT4,,-31.199,-31.642,below,,JT4,
J502-J504,JT4,,-35.26,-35.52,below,,JT4,
J503-J505,JT4,,-28.841,-29.327,below,,JT4,
J504-K579,JT4,,-35.52,-35.801,below,,JT4,
J505-J507,JT4,,-29.327,-29.807,below,,JT4,
J507-J497,JT4,,-29.807,-30.28,below,,JT4,
J508-J517,JT4,,-31.642,-32.074,below,,JT4,
J509-J513,JT4,,-33.288,-33.661,below,,JT4,
J513-J515,JT4,,-33.661,-34.018,below,,JT4,
J515-J523,JT4,,-34.018,-34.358,below,,JT4,
J517-J520,JT4,,-32.074,-32.493,below,,JT4,
J520-J522,JT4,,-32.493,-32.898,below,,JT4,
J522-J509,JT4,,-32.898,-33.288,below,,JT4,
J523-J526,JT4,,-34.358,-34.678,below,,JT4,
J525-J527,JT8,,-4.3,-4.623,in,member straddles splash zone boundary,JT8,
J526-J528,JT4,,-34.678,-34.979,below,,JT4,
J527-J533,JT4,,-4.623,-5.065,below,,JT4,
J528-J529,JT4,,-34.979,-35.26,below,,JT4,
J529-J530,JT4,,-35.26,-35.52,below,,JT4,
J530-K713,JT4,,-35.52,-35.802,below,,JT4,
J531-J535,JT4,,-26.778,-27.277,below,,JT4,
J532-K279,JT4,,-18.476,-21.5,below,,JT4,
J533-K566,JT4,,-5.065,-5.5,below,,JT4,
J535-J537,JT4,,-27.277,-27.774,below,,JT4,
J536-J564,JT4,,-18.517,-21.5,below,,JT4,
J537-J539,JT4,,-27.774,-28.269,below,,JT4,
J539-J541,JT4,,-28.269,-28.76,below,,JT4,
J541-J543,JT4,,-28.76,-29.246,below,,JT4,
J543-J545,JT4,,-29.246,-29.726,below,,JT4,
J545-J547,JT4,,-29.726,-30.199,below,,JT4,
J547-J549,JT4,,-30.199,-30.663,below,,JT4,
J549-J551,JT4,,-30.663,-31.117,below,,JT4,
J550-J576,JT4,,-5.057,-5.5,below,,JT4,
J551-J553,JT4,,-31.117,-31.561,below,,JT4,
J552-J550,JT4,,-4.62,-5.057,below,,JT4,
J553-J555,JT4,,-31.561,-31.993,below,,JT4,
J555-J557,JT4,,-31.993,-32.412,below,,JT4,
J557-J559,JT4,,-32.412,-32.816,below,,JT4,
J559-J561,JT4,,-32.816,-33.206,below,,JT4,
J560-J552,JT8,,-4.3,-4.62,in,member straddles splash zone boundary,JT8,
J561-J563,JT4,,-33.206,-33.58,below,,JT4,
J562-J566,JT4,,-22.0,-22.5,below,,JT4,
J563-J565,JT4,,-33.58,-33.937,below,,JT4,
J564-J562,JT4,,-21.5,-22.0,below,,JT4,
J565-J567,JT4,,-33.937,-34.276,below,,JT4,
J566-J489,JT4,,-22.5,-26.86,below,,JT4,
J567-J569,JT4,,-34.276,-34.597,below,,JT4,
J568-J572,JT4,,-14.718,-15.218,below,,JT4,
J569-J571,JT4,,-34.597,-34.898,below,,JT4,
J570-J568,JT4,,-14.218,-14.718,below,,JT4,
J571-J573,JT4,,-34.898,-35.179,below,,JT4,
J572-J536,JT4,,-15.218,-18.517,below,,JT4,
J573-J575,JT4,,-35.179,-35.439,below,,JT4,
J574-J577,JT4,,-6.0,-6.5,below,,JT4,
J575-K557,JT4,,-35.439,-35.773,below,,JT4,
J576-J574,JT4,,-5.5,-6.0,below,,JT4,
J586-J589,JT4,,-34.597,-34.898,below,,JT4,
J589-J591,JT4,,-34.898,-35.179,below,,JT4,
J591-J629,JT4,,-35.179,-35.439,below,,JT4,
J593-J595,JT4,,-30.663,-31.117,below,,JT4,
J594-J596,JT8,,-4.3,-4.628,in,member straddles splash zone boundary,JT8,
J595-J597,JT4,,-31.117,-31.561,below,,JT4,
J596-J601,JT4,,-4.628,-5.082,below,,JT4,
J597-J605,JT4,,-31.561,-31.993,below,,JT4,
J598-J599,JT4,,-29.246,-29.726,below,,JT4,
J599-J603,JT4,,-29.726,-30.199,below,,JT4,
J600-J604,JT4,,-23.786,-24.277,below,,JT4,
J601-K565,JT4,,-5.082,-5.5,below,,JT4,
J602-K278,JT4,,-16.164,-21.5,below,,JT4,
J603-J593,JT4,,-30.199,-30.663,below,,JT4,
J604-J606,JT4,,-24.277,-24.766,below,,JT4,
J605-J613,JT4,,-31.993,-32.412,below,,JT4,
J606-J608,JT4,,-24.766,-25.253,below,,JT4,
J607-J609,JT4,,-33.58,-33.937,below,,JT4,
J608-J610,JT4,,-25.253,-25.737,below,,JT4,
J609-J611,JT4,,-33.937,-34.276,below,,JT4,
J610-J612,JT4,,-25.737,-26.216,below,,JT4,
J611-J586,JT4,,-34.276,-34.597,below,,JT4,
J612-J614,JT4,,-26.216,-26.689,below,,JT4,
J613-J615,JT4,,-32.412,-32.816,below,,JT4,
J614-J616,JT4,,-26.689,-27.155,below,,JT4,
J615-J617,JT4,,-32.816,-33.206,below,,JT4,
J616-J620,JT4,,-27.155,-27.613,below,,JT4,
J617-J607,JT4,,-33.206,-33.58,below,,JT4,
J619-J598,JT4,,-28.76,-29.246,below,,JT4,
J620-J622,JT4,,-27.613,-28.062,below,,JT4,
J621-J623,JT4,,-27.277,-27.774,below,,JT4,
J622-J624,JT4,,-28.062,-28.5,below,,JT4,
J623-J625,JT4,,-27.774,-28.269,below,,JT4,
J624-J626,JT4,,-28.5,-28.927,below,,JT4,
J625-J619,JT4,,-28.269,-28.76,below,,JT4,
J626-J628,JT4,,-28.927,-29.342,below,,JT4,
J627-J621,JT4,,-26.778,-27.277,below,,JT4,
J628-J630,JT4,,-29.342,-29.743,below,,JT4,
J629-K712,JT4,,-35.439,-35.779,below,,JT4,
J630-J632,JT4,,-29.743,-30.13,below,,JT4,
J632-J634,JT4,,-30.13,-30.502,below,,JT4,
J633-K397,JT4,,-18.476,-21.5,below,,JT4,
J634-J636,JT4,,-30.502,-30.857,below,,JT4,
J636-K538,JT4,,-30.857,-34.766,below,,JT4,
J638-J637,JT9,,9.792,10.2,above,,JT9,
J638-J679,JT9,,9.792,9.315,above,,JT9,
J641-J642,JT9,,9.723,10.2,above,,JT9,
J641-J680,JT9,,9.723,9.28,above,,JT9,
J645-J644,JT9,,9.727,10.2,above,,JT9,
J645-J681,JT9,,9.727,9.283,above,,JT9,
J646-J682,JT9,,9.705,9.271,above,,JT9,
J648-J646,JT9,,10.2,9.705,above,,JT9,
J649-J683,JT9,,10.634,10.235,above,,JT9,
J651-J649,JT9,,11.2,10.634,above,,JT9,
J664-J666,JT9,,11.2,10.634,above,,JT9,
J666-J688,JT9,,10.634,10.235,above,,JT9,
J668-J689,JT9,,9.705,9.271,above,,JT9,
J669-J668,JT9,,10.2,9.705,above,,JT9,
J670-J672,JT9,,10.2,9.727,above,,JT9,
J672-J690,JT9,,9.727,9.283,above,,JT9,
J674-J675,JT9,,10.2,9.723,above,,JT9,
J675-J691,JT9,,9.723,9.28,above,,JT9,
J677-J678,JT9,,10.2,9.792,above,,JT9,
J678-J692,JT9,,9.792,9.315,above,,JT9,
J679-J705,JT9,,9.315,8.839,above,,JT9,
J680-J699,JT9,,9.28,8.838,above,,JT9,
J681-J700,JT9,,9.283,8.839,above,,JT9,
J682-J701,JT9,,9.271,8.838,above,,JT9,
J683-J693,JT9,,10.235,9.838,above,,JT9,
J688-J698,JT9,,10.235,9.838,above,,JT9,
J689-J702,JT9,,9.271,8.838,above,,JT9,
J690-J703,JT9,,9.283,8.839,above,,JT9,
J691-J704,JT9,,9.28,8.838,above,,JT9,
J692-J706,JT9,,9.315,8.839,above,,JT9,
J693-J707,JT9,,9.838,9.441,above,,JT9,
J698-J712,JT9,,9.838,9.441,above,,JT9,
J699-J713,JT9,,8.838,8.399,above,,JT9,
J700-J716,JT9,,8.839,8.396,above,,JT9,
J701-J714,JT9,,8.838,8.407,above,,JT9,
J702-J715,JT9,,8.838,8.407,above,,JT9,
J703-J717,JT9,,8.839,8.396,above,,JT9,
J704-J718,JT9,,8.838,8.399,above,,JT9,
J705-J719,JT9,,8.839,8.366,above,,JT9,
J706-J720,JT9,,8.839,8.366,above,,JT9,
J707-J721,JT9,,9.441,9.046,above,,JT9,
J712-J726,JT9,,9.441,9.046,above,,JT9,
J713-K749,JT1,,8.399,8.2,in,member straddles splash zone boundary,JT1,
J714-K751,JT1,,8.407,8.2,in,member straddles splash zone boundary,JT1,
J715-K742,JT1,,8.407,8.2,in,member straddles splash zone boundary,JT1,
J716-K750,JT1,,8.396,8.2,in,member straddles splash zone boundary,JT1,
J717-K743,JT1,,8.396,8.2,in,member straddles splash zone boundary,JT1,
J718-K744,JT1,,8.399,8.2,in,member straddles splash zone boundary,JT1,
J719-K748,JT1,,8.366,8.2,in,member straddles splash zone boundary,JT1,
J720-K745,JT1,,8.366,8.2,in,member straddles splash zone boundary,JT1,
J726-K741,JT1,,9.046,8.2,in,member straddles splash zone boundary,JT1,
J759-J773,JT3,,-5.111,-5.506,below,,JT3,
J759-K731,JT7,,-5.111,-4.3,in,member straddles splash zone boundary,JT7,
J760-J774,JT3,,-5.114,-5.507,below,,JT3,
J760-K732,JT7,,-5.114,-4.3,in,member straddles splash zone boundary,JT7,
J761-J775,JT3,,-5.119,-5.51,below,,JT3,
J761-K733,JT7,,-5.119,-4.3,in,member straddles splash zone boundary,JT7,
J762-J776,JT3,,-5.119,-5.51,below,,JT3,
J762-K734,JT7,,-5.119,-4.3,in,member straddles splash zone boundary,JT7,
J763-J777,JT3,,-5.114,-5.507,below,,JT3,
J764-J778,JT3,,-5.111,-5.506,below,,JT3,
J773-J787,JT3,,-5.506,-5.8,below,,JT3,
J774-J788,JT3,,-5.507,-5.8,below,,JT3,
J775-J789,JT3,,-5.51,-5.8,below,,JT3,
J776-J790,JT3,,-5.51,-5.8,below,,JT3,
J777-J791,JT3,,-5.507,-5.8,below,,JT3,
J778-J792,JT3,,-5.506,-5.8,below,,JT3,
J787-J801,JT3,,-5.8,-5.903,below,,JT3,
J788-J802,JT3,,-5.8,-5.903,below,,JT3,
J789-J803,JT3,,-5.8,-5.902,below,,JT3,
J790-J804,JT3,,-5.8,-5.902,below,,JT3,
J791-J805,JT3,,-5.8,-5.903,below,,JT3,
J792-J806,JT3,,-5.8,-5.903,below,,JT3,
J801-J811,JT3,,-5.903,-6.3,below,,JT3,
J802-J812,JT3,,-5.903,-6.299,below,,JT3,
J803-J813,JT3,,-5.902,-6.296,below,,JT3,
J804-J814,JT3,,-5.902,-6.296,below,,JT3,
J805-J815,JT3,,-5.903,-6.299,below,,JT3,
J806-J816,JT3,,-5.903,-6.3,below,,JT3,
J811-J835,JT3,,-6.3,-6.699,below,,JT3,
J812-J837,JT3,,-6.299,-6.696,below,,JT3,
J813-J840,JT3,,-6.296,-6.691,below,,JT3,
J814-J842,JT3,,-6.296,-6.691,below,,JT3,
J816-J850,JT3,,-6.3,-6.699,below,,JT3,
J821-J863,JT3,,-20.523,-21.006,below,,JT3,
J823-K229,JT3,,-14.118,-15.478,below,,JT3,
J824-J864,JT3,,-24.588,-25.086,below,,JT3,
J825-K312,JT3,,-17.381,-21.5,below,,JT3,
J827-K313,JT3,,-17.539,-21.5,below,,JT3,
J828-J865,JT3,,-24.904,-25.403,below,,JT3,
J831-J866,JT3,,-25.143,-25.641,below,,JT3,
J832-K314,JT3,,-17.658,-21.5,below,,JT3,
J833-J867,JT3,,-21.506,-21.997,below,,JT3,
J834-K363,JT3,,-15.024,-19.5,below,,JT3,
J836-J875,JT3,,-26.598,-27.091,below,,JT3,
J838-K315,JT3,,-17.809,-21.5,below,,JT3,
J839-K316,JT3,,-17.834,-21.5,below,,JT3,
J840-K247,JT3,,-6.691,-9.012,below,,JT3,
J841-J868,JT3,,-25.494,-25.992,below,,JT3,
J842-K259,JT3,,-6.691,-9.012,below,,JT3,
J843-K327,JT3,,-17.834,-21.5,below,,JT3,
J844-J869,JT3,,-25.494,-25.992,below,,JT3,
J845-K307,JT3,,-22.0,-22.5,below,,JT3,
J846-J876,JT3,,-26.598,-27.091,below,,JT3,
J847-K328,JT3,,-17.809,-21.5,below,,JT3,
J848-K346,JT3,,-15.024,-19.0,below,,JT3,
J849-J870,JT3,,-21.506,-21.997,below,,JT3,
J852-K329,JT3,,-17.658,-21.5,below,,JT3,
J853-J871,JT3,,-25.143,-25.641,below,,JT3,
J854-J872,JT3,,-24.904,-25.403,below,,JT3,
J856-K330,JT3,,-17.539,-21.5,below,,JT3,
J857-K331,JT3,,-17.381,-21.5,below,,JT3,
J859-J873,JT3,,-24.588,-25.086,below,,JT3,
J860-J874,JT3,,-20.523,-21.006,below,,JT3,
J862-K265,JT3,,-14.118,-15.478,below,,JT3,
J863-J885,JT3,,-21.006,-21.487,below,,JT3,
J864-J877,JT3,,-25.086,-25.584,below,,JT3,
J865-J879,JT3,,-25.403,-25.9,below,,JT3,
J866-J880,JT3,,-25.641,-26.138,below,,JT3,
J867-J881,JT3,,-21.997,-22.486,below,,JT3,
J868-J886,JT3,,-25.992,-26.49,below,,JT3,
J869-J887,JT3,,-25.992,-26.49,below,,JT3,
J870-J882,JT3,,-21.997,-22.486,below,,JT3,
J871-J883,JT3,,-25.641,-26.138,below,,JT3,
J872-J884,JT3,,-25.403,-25.9,below,,JT3,
J873-J878,JT3,,-25.086,-25.584,below,,JT3,
J874-J888,JT3,,-21.006,-21.487,below,,JT3,
J875-J889,JT3,,-27.091,-27.581,below,,JT3,
J876-J890,JT3,,-27.091,-27.581,below,,JT3,
J877-J891,JT3,,-25.584,-26.078,below,,JT3,
J878-J892,JT3,,-25.584,-26.078,below,,JT3,
J879-J893,JT3,,-25.9,-26.394,below,,JT3,
J880-J895,JT3,,-26.138,-26.633,below,,JT3,
J881-J896,JT3,,-22.486,-22.973,below,,JT3,
J882-J897,JT3,,-22.486,-22.973,below,,JT3,
J883-J898,JT3,,-26.138,-26.633,below,,JT3,
J884-J894,JT3,,-25.9,-26.394,below,,JT3,
J885-J899,JT3,,-21.487,-21.965,below,,JT3,
J886-J900,JT3,,-26.49,-26.984,below,,JT3,
J887-J901,JT3,,-26.49,-26.984,below,,JT3,
J888-J902,JT3,,-21.487,-21.965,below,,JT3,
J889-J903,JT3,,-27.581,-28.068,below,,JT3,
J890-J904,JT3,,-27.581,-28.068,below,,JT3,
J891-J905,JT3,,-26.078,-26.569,below,,JT3,
J892-J906,JT3,,-26.078,-26.569,below,,JT3,
J893-J907,JT3,,-26.394,-26.886,below,,JT3,
J894-J908,JT3,,-26.394,-26.886,below,,JT3,
J895-J911,JT3,,-26.633,-27.124,below,,JT3,
J896-J909,JT3,,-22.973,-23.457,below,,JT3,
J897-J910,JT3,,-22.973,-23.457,below,,JT3,
J898-J912,JT3,,-26.633,-27.124,below,,JT3,
J899-J913,JT3,,-21.965,-22.438,below,,JT3,
J900-J914,JT3,,-26.984,-27.475,below,,JT3,
J901-J915,JT3,,-26.984,-27.475,below,,JT3,
J902-J916,JT3,,-21.965,-22.438,below,,JT3,
J903-J917,JT3,,-28.068,-28.55,below,,JT3,
J904-J918,JT3,,-28.068,-28.55,below,,JT3,
J905-J919,JT3,,-26.569,-27.055,below,,JT3,
J906-J920,JT3,,-26.569,-27.055,below,,JT3,
J907-J921,JT3,,-26.886,-27.372,below,,JT3,
J908-J922,JT3,,-26.886,-27.372,below,,JT3,
J909-J923,JT3,,-23.457,-23.936,below,,JT3,
J910-J924,JT3,,-23.457,-23.936,below,,JT3,
J911-J925,JT3,,-27.124,-27.61,below,,JT3,
J912-J926,JT3,,-27.124,-27.61,below,,JT3,
J913-J927,JT3,,-22.438,-22.903,below,,JT3,
J914-J929,JT3,,-27.475,-27.961,below,,JT3,
J915-J930,JT3,,-27.475,-27.961,below,,JT3,
J916-J928,JT3,,-22.438,-22.903,below,,JT3,
J917-J931,JT3,,-28.55,-29.023,below,,JT3,
J918-J932,JT3,,-28.55,-29.023,below,,JT3,
J919-J933,JT3,,-27.055,-27.535,below,,JT3,
J920-J934,JT3,,-27.055,-27.535,below,,JT3,
J921-J935,JT3,,-27.372,-27.852,below,,JT3,
J922-J936,JT3,,-27.372,-27.852,below,,JT3,
J923-J937,JT3,,-23.936,-24.409,below,,JT3,
J924-J938,JT3,,-23.936,-24.409,below,,JT3,
J925-J939,JT3,,-27.61,-28.09,below,,JT3,
J926-J940,JT3,,-27.61,-28.09,below,,JT3,
J927-J941,JT3,,-22.903,-23.36,below,,JT3,
J928-J942,JT3,,-22.903,-23.36,below,,JT3,
J929-J943,JT3,,-27.961,-28.441,below,,JT3,
J930-J944,JT3,,-27.961,-28.441,below,,JT3,
J931-J947,JT3,,-29.023,-29.488,below,,JT3,
J932-J948,JT3,,-29.023,-29.488,below,,JT3,
J933-J945,JT3,,-27.535,-28.008,below,,JT3,
J934-J946,JT3,,-27.535,-28.008,below,,JT3,
J935-J949,JT3,,-27.852,-28.324,below,,JT3,
J936-J950,JT3,,-27.852,-28.324,below,,JT3,
J937-J951,JT3,,-24.409,-24.875,below,,JT3,
J938-J952,JT3,,-24.409,-24.875,below,,JT3,
J939-J953,JT3,,-28.09,-28.563,below,,JT3,
J940-J954,JT3,,-28.09,-28.563,below,,JT3,
J941-J955,JT3,,-23.36,-23.806,below,,JT3,
J942-J956,JT3,,-23.36,-23.806,below,,JT3,
J943-J957,JT3,,-28.441,-28.914,below,,JT3,
J944-J958,JT3,,-28.441,-28.914,below,,JT3,
J945-J959,JT3,,-28.008,-28.472,below,,JT3,
J946-J960,JT3,,-28.008,-28.472,below,,JT3,
J947-J963,JT3,,-29.488,-29.942,below,,JT3,
J948-J964,JT3,,-29.488,-29.942,below,,JT3,
J949-J961,JT3,,-28.324,-28.788,below,,JT3,
J950-J962,JT3,,-28.324,-28.788,below,,JT3,
J951-J965,JT3,,-24.875,-25.333,below,,JT3,
J952-J966,JT3,,-24.875,-25.333,below,,JT3,
J953-J967,JT3,,-28.563,-29.027,below,,JT3,
J954-J968,JT3,,-28.563,-29.027,below,,JT3,
J955-J969,JT3,,-23.806,-24.241,below,,JT3,
J956-J970,JT3,,-23.806,-24.241,below,,JT3,
J957-J971,JT3,,-28.914,-29.378,below,,JT3,
J958-J972,JT3,,-28.914,-29.378,below,,JT3,
J959-J973,JT3,,-28.472,-28.927,below,,JT3,
J960-J974,JT3,,-28.472,-28.927,below,,JT3,
J961-J975,JT3,,-28.788,-29.243,below,,JT3,
J962-J976,JT3,,-28.788,-29.243,below,,JT3,
J963-J981,JT3,,-29.942,-30.383,below,,JT3,
J964-J982,JT3,,-29.942,-30.383,below,,JT3,
J965-J977,JT3,,-25.333,-25.782,below,,JT3,
J966-J978,JT3,,-25.333,-25.782,below,,JT3,
J967-J979,JT3,,-29.027,-29.482,below,,JT3,
J968-J980,JT3,,-29.027,-29.482,below,,JT3,
J969-J983,JT3,,-24.241,-24.662,below,,JT3,
J970-J984,JT3,,-24.241,-24.662,below,,JT3,
J971-J985,JT3,,-29.378,-29.833,below,,JT3,
J972-J986,JT3,,-29.378,-29.833,below,,JT3,
J973-J987,JT3,,-28.927,-29.37,below,,JT3,
J974-J988,JT3,,-28.927,-29.37,below,,JT3,
J975-J989,JT3,,-29.243,-29.687,below,,JT3,
J976-J990,JT3,,-29.243,-29.687,below,,JT3,
J977-J991,JT3,,-25.782,-26.22,below,,JT3,
J978-J992,JT3,,-25.782,-26.22,below,,JT3,
J979-J993,JT3,,-29.482,-29.925,below,,JT3,
J980-J994,JT3,,-29.482,-29.925,below,,JT3,
J981-J995,JT3,,-30.383,-30.81,below,,JT3,
J982-J996,JT3,,-30.383,-30.81,below,,JT3,
J983-J997,JT3,,-24.662,-25.068,below,,JT3,
J984-J998,JT3,,-24.662,-25.068,below,,JT3,
J985-J999,JT3,,-29.833,-30.276,below,,JT3,
J986-K000,JT3,,-29.833,-30.276,below,,JT3,
J987-K001,JT3,,-29.37,-29.802,below,,JT3,
J988-K002,JT3,,-29.37,-29.802,below,,JT3,
J989-K003,JT3,,-29.687,-30.118,below,,JT3,
J990-K004,JT3,,-29.687,-30.118,below,,JT3,
J991-K005,JT3,,-26.22,-26.647,below,,JT3,
J992-K006,JT3,,-26.22,-26.647,below,,JT3,
J993-K007,JT3,,-29.925,-30.357,below,,JT3,
J994-K008,JT3,,-29.925,-30.357,below,,JT3,
J995-K011,JT3,,-30.81,-31.22,below,,JT3,
J996-K012,JT3,,-30.81,-31.22,below,,JT3,
J997-K009,JT3,,-25.068,-25.457,below,,JT3,
J998-K010,JT3,,-25.068,-25.457,below,,JT3,
J999-K013,JT3,,-30.276,-30.708,below,,JT3,
K000-K014,JT3,,-30.276,-30.708,below,,JT3,
K001-K015,JT3,,-29.802,-30.221,below,,JT3,
K002-K016,JT3,,-29.802,-30.221,below,,JT3,
K003-K017,JT3,,-30.118,-30.537,below,,JT3,
K004-K018,JT3,,-30.118,-30.537,below,,JT3,
K005-K019,JT3,,-26.647,-27.062,below,,JT3,
K006-K020,JT3,,-26.647,-27.062,below,,JT3,
K007-K021,JT3,,-30.357,-30.776,below,,JT3,
K008-K022,JT3,,-30.357,-30.776,below,,JT3,
K009-K023,JT3,,-25.457,-25.828,below,,JT3,
K010-K024,JT3,,-25.457,-25.828,below,,JT3,
K011-K027,JT3,,-31.22,-31.614,below,,JT3,
K012-K028,JT3,,-31.22,-31.614,below,,JT3,
K013-K025,JT3,,-30.708,-31.127,below,,JT3,
K014-K026,JT3,,-30.708,-31.127,below,,JT3,
K015-K029,JT3,,-30.221,-30.626,below,,JT3,
K016-K030,JT3,,-30.221,-30.626,below,,JT3,
K017-K031,JT3,,-30.537,-30.942,below,,JT3,
K018-K032,JT3,,-30.537,-30.942,below,,JT3,
K019-K033,JT3,,-27.062,-27.463,below,,JT3,
K020-K034,JT3,,-27.062,-27.463,below,,JT3,
K021-K035,JT3,,-30.776,-31.181,below,,JT3,
K022-K036,JT3,,-30.776,-31.181,below,,JT3,
K023-K037,JT3,,-25.828,-26.18,below,,JT3,
K024-K038,JT3,,-25.828,-26.18,below,,JT3,
K025-K039,JT3,,-31.127,-31.532,below,,JT3,
K026-K040,JT3,,-31.127,-31.532,below,,JT3,
K027-K043,JT3,,-31.614,-31.988,below,,JT3,
K028-K044,JT3,,-31.614,-31.988,below,,JT3,
K029-K041,JT3,,-30.626,-31.016,below,,JT3,
K030-K042,JT3,,-30.626,-31.016,below,,JT3,
K031-K045,JT3,,-30.942,-31.332,below,,JT3,
K032-K046,JT3,,-30.942,-31.332,below,,JT3,
K033-K047,JT3,,-27.463,-27.85,below,,JT3,
K034-K048,JT3,,-27.463,-27.85,below,,JT3,
K035-K049,JT3,,-31.181,-31.571,below,,JT3,
K036-K050,JT3,,-31.181,-31.571,below,,JT3,
K037-K385,JT3,,-26.18,-27.447,below,,JT3,
K038-K383,JT3,,-26.18,-27.447,below,,JT3,
K039-K051,JT3,,-31.532,-31.922,below,,JT3,
K040-K052,JT3,,-31.532,-31.922,below,,JT3,
K041-K053,JT3,,-31.016,-31.39,below,,JT3,
K042-K054,JT3,,-31.016,-31.39,below,,JT3,
K043-K055,JT3,,-31.988,-32.342,below,,JT3,
K044-K056,JT3,,-31.988,-32.342,below,,JT3,
K045-K057,JT3,,-31.332,-31.706,below,,JT3,
K046-K058,JT3,,-31.332,-31.706,below,,JT3,
K047-K059,JT3,,-27.85,-28.222,below,,JT3,
K048-K060,JT3,,-27.85,-28.222,below,,JT3,
K049-K061,JT3,,-31.571,-31.945,below,,JT3,
K050-K062,JT3,,-31.571,-31.945,below,,JT3,
K051-K065,JT3,,-31.922,-32.296,below,,JT3,
K052-K066,JT3,,-31.922,-32.296,below,,JT3,
K053-K063,JT3,,-31.39,-31.747,below,,JT3,
K054-K064,JT3,,-31.39,-31.747,below,,JT3,
K055-K067,JT3,,-32.342,-32.673,below,,JT3,
K056-K068,JT3,,-32.342,-32.673,below,,JT3,
K057-K069,JT3,,-31.706,-32.063,below,,JT3,
K058-K070,JT3,,-31.706,-32.063,below,,JT3,
K059-K071,JT3,,-28.222,-28.577,below,,JT3,
K060-K072,JT3,,-28.222,-28.577,below,,JT3,
K061-K073,JT3,,-31.945,-32.301,below,,JT3,
K062-K074,JT3,,-31.945,-32.301,below,,JT3,
K063-K075,JT3,,-31.747,-32.086,below,,JT3,
K064-K076,JT3,,-31.747,-32.086,below,,JT3,
K065-K077,JT3,,-32.296,-32.653,below,,JT3,
K066-K078,JT3,,-32.296,-32.653,below,,JT3,
K067-K081,JT3,,-32.673,-32.982,below,,JT3,
K068-K082,JT3,,-32.673,-32.982,below,,JT3,
K069-K079,JT3,,-32.063,-32.402,below,,JT3,
K070-K080,JT3,,-32.063,-32.402,below,,JT3,
K071-K705,JT3,,-28.577,-34.49,below,,JT3,
K072-K357,JT3,,-28.577,-34.539,below,,JT3,
K073-K083,JT3,,-32.301,-32.641,below,,JT3,
K074-K084,JT3,,-32.301,-32.641,below,,JT3,
K075-K085,JT3,,-32.086,-32.406,below,,JT3,
K076-K086,JT3,,-32.086,-32.406,below,,JT3,
K077-K087,JT3,,-32.653,-32.992,below,,JT3,
K078-K088,JT3,,-32.653,-32.992,below,,JT3,
K079-K089,JT3,,-32.402,-32.722,below,,JT3,
K080-K090,JT3,,-32.402,-32.722,below,,JT3,
K081-K091,JT3,,-32.982,-33.267,below,,JT3,
K082-K092,JT3,,-32.982,-33.267,below,,JT3,
K083-K093,JT3,,-32.641,-32.961,below,,JT3,
K084-K094,JT3,,-32.641,-32.961,below,,JT3,
K085-K095,JT3,,-32.406,-32.707,below,,JT3,
K086-K096,JT3,,-32.406,-32.707,below,,JT3,
K087-K097,JT3,,-32.992,-33.312,below,,JT3,
K088-K098,JT3,,-32.992,-33.312,below,,JT3,
K089-K099,JT3,,-32.722,-33.023,below,,JT3,
K090-K100,JT3,,-32.722,-33.023,below,,JT3,
K091-K103,JT3,,-33.267,-33.526,below,,JT3,
K092-K104,JT3,,-33.267,-33.526,below,,JT3,
K093-K101,JT3,,-32.961,-33.262,below,,JT3,
K094-K102,JT3,,-32.961,-33.262,below,,JT3,
K095-K105,JT3,,-32.707,-32.988,below,,JT3,
K096-K106,JT3,,-32.707,-32.988,below,,JT3,
K097-K107,JT3,,-33.312,-33.613,below,,JT3,
K098-K108,JT3,,-33.312,-33.613,below,,JT3,
K099-K109,JT3,,-33.023,-33.304,below,,JT3,
K100-K110,JT3,,-33.023,-33.304,below,,JT3,
K101-K111,JT3,,-33.262,-33.543,below,,JT3,
K102-K112,JT3,,-33.262,-33.543,below,,JT3,
K103-K360,JT3,,-33.526,-35.399,below,,JT3,
K104-K351,JT3,,-33.526,-35.409,below,,JT3,
K105-K113,JT3,,-32.988,-33.248,below,,JT3,
K106-K114,JT3,,-32.988,-33.248,below,,JT3,
K107-K115,JT3,,-33.613,-33.894,below,,JT3,
K108-K116,JT3,,-33.613,-33.894,below,,JT3,
K109-K117,JT3,,-33.304,-33.564,below,,JT3,
K110-K118,JT3,,-33.304,-33.564,below,,JT3,
K111-K119,JT3,,-33.543,-33.803,below,,JT3,
K112-K120,JT3,,-33.543,-33.803,below,,JT3,
K113-K372,JT3,,-33.248,-35.14,below,,JT3,
K114-K337,JT3,,-33.248,-35.277,below,,JT3,
K115-K121,JT3,,-33.894,-34.154,below,,JT3,
K116-K122,JT3,,-33.894,-34.154,below,,JT3,
K117-K371,JT3,,-33.564,-35.211,below,,JT3,
K118-K339,JT3,,-33.564,-35.306,below,,JT3,
K119-K362,JT3,,-33.803,-35.253,below,,JT3,
K120-K343,JT3,,-33.803,-35.338,below,,JT3,
K121-K359,JT3,,-34.154,-35.416,below,,JT3,
K122-K352,JT3,,-34.154,-35.417,below,,JT3,
K137-K155,JT2,,-17.695,-18.195,below,,JT2,
K139-K156,JT2,,-18.695,-19.195,below,,JT2,
K147-K149,JT2,,-26.109,-26.609,below,,JT2,
K148-K152,JT2,,-25.193,-25.693,below,,JT2,
K149-J096,JT2,,-26.609,-28.018,below,,JT2,
K150-K147,JT2,,-25.609,-26.109,below,,JT2,
K151-K148,JT2,,-24.693,-25.193,below,,JT2,
K152-J100,JT2,,-25.693,-28.733,below,,JT2,
K153-K137,JT2,,-17.195,-17.695,below,,JT2,
K154-K139,JT2,,-18.195,-18.695,below,,JT2,
K155-J095,JT2,,-18.195,-23.5,below,,JT2,
K156-J098,JT2,,-19.195,-23.5,below,,JT2,
K183-K173,JT1,,8.669,8.169,in,member straddles splash zone boundary,JT1,
K184-K187,JT9,,9.382,8.882,above,,JT9,
K185-K191,JT3,,-6.0,-6.5,below,,JT3,
K186-K184,JT9,,9.882,9.382,above,,JT9,
K187-K725,JT1,,8.882,8.2,in,member straddles splash zone boundary,JT1,
K188-K185,JT3,,-5.5,-6.0,below,,JT3,
K192-K194,JT3,,-6.0,-6.5,below,,JT3,
K193-K192,JT3,,-5.5,-6.0,below,,JT3,
K195-K199,JT3,,-6.0,-6.5,below,,JT3,
K196-K200,JT3,,-6.0,-6.5,below,,JT3,
K197-K195,JT3,,-5.5,-6.0,below,,JT3,
K198-K196,JT3,,-5.5,-6.0,below,,JT3,
K201-K209,JT3,,-6.0,-6.5,below,,JT3,
K202-K210,JT3,,-6.0,-6.5,below,,JT3,
K203-K211,JT3,,-6.0,-6.5,below,,JT3,
K204-K212,JT3,,-6.0,-6.5,below,,JT3,
K205-K201,JT3,,-5.5,-6.0,below,,JT3,
K206-K202,JT3,,-5.5,-6.0,below,,JT3,
K207-K203,JT3,,-5.5,-6.0,below,,JT3,
K208-K204,JT3,,-5.5,-6.0,below,,JT3,
K213-K215,JT9,,9.382,8.882,above,,JT9,
K214-K213,JT9,,9.882,9.382,above,,JT9,
K215-K726,JT1,,8.882,8.2,in,member straddles splash zone boundary,JT1,
K217-K216,JT1,,8.669,8.169,in,member straddles splash zone boundary,JT1,
K227-K230,JT3,,-15.978,-16.478,below,,JT3,
K229-K227,JT3,,-15.478,-15.978,below,,JT3,
K230-K373,JT3,,-16.478,-18.5,below,,JT3,
K232-K235,JT3,,-14.847,-15.347,below,,JT3,
K233-K232,JT3,,-14.347,-14.847,below,,JT3,
K235-J825,JT3,,-15.347,-17.381,below,,JT3,
K237-K239,JT3,,-13.861,-14.361,below,,JT3,
K238-K237,JT3,,-13.361,-13.861,below,,JT3,
K239-J827,JT3,,-14.361,-17.539,below,,JT3,
K240-K248,JT3,,-12.814,-13.314,below,,JT3,
K241-K249,JT3,,-11.578,-12.078,below,,JT3,
K242-K250,JT3,,-10.561,-11.061,below,,JT3,
K244-K240,JT3,,-12.314,-12.814,below,,JT3,
K245-K241,JT3,,-11.078,-11.578,below,,JT3,
K246-K242,JT3,,-10.061,-10.561,below,,JT3,
K247-K243,JT3,,-9.012,-9.512,below,,JT3,
K248-J832,JT3,,-13.314,-17.658,below,,JT3,
K249-J834,JT3,,-12.078,-15.024,below,,JT3,
K250-J838,JT3,,-11.061,-17.809,below,,JT3,
K251-J839,JT3,,-10.012,-17.834,below,,JT3,
K253-K267,JT3,,-10.561,-11.061,below,,JT3,
K254-K268,JT3,,-11.578,-12.078,below,,JT3,
K255-K269,JT3,,-12.814,-13.314,below,,JT3,
K256-K270,JT3,,-13.861,-14.361,below,,JT3,
K257-K271,JT3,,-14.847,-15.347,below,,JT3,
K258-K272,JT3,,-15.978,-16.478,below,,JT3,
K259-K252,JT3,,-9.012,-9.512,below,,JT3,
K260-K253,JT3,,-10.061,-10.561,below,,JT3,
K261-K254,JT3,,-11.078,-11.578,below,,JT3,
K262-K255,JT3,,-12.314,-12.814,below,,JT3,
K263-K256,JT3,,-13.361,-13.861,below,,JT3,
K264-K257,JT3,,-14.347,-14.847,below,,JT3,
K265-K258,JT3,,-15.478,-15.978,below,,JT3,
K266-J843,JT3,,-10.012,-17.834,below,,JT3,
K267-J847,JT3,,-11.061,-17.809,below,,JT3,
K268-J848,JT3,,-12.078,-15.024,below,,JT3,
K269-J852,JT3,,-13.314,-17.658,below,,JT3,
K270-J856,JT3,,-14.361,-17.539,below,,JT3,
K271-J857,JT3,,-15.347,-17.381,below,,JT3,
K272-K376,JT3,,-16.478,-18.5,below,,JT3,
K273-K283,JT4,,-22.0,-22.5,below,,JT4,
K274-K284,JT4,,-22.0,-22.5,below,,JT4,
K275-K285,JT4,,-22.0,-22.5,below,,JT4,
K276-K286,JT4,,-22.0,-22.5,below,,JT4,
K277-K287,JT4,,-22.0,-22.5,below,,JT4,
K278-K273,JT4,,-21.5,-22.0,below,,JT4,
K279-K274,JT4,,-21.5,-22.0,below,,JT4,
K280-K275,JT4,,-21.5,-22.0,below,,JT4,
K281-K276,JT4,,-21.5,-22.0,below,,JT4,
K282-K277,JT4,,-21.5,-22.0,below,,JT4,
K283-J600,JT4,,-22.5,-23.786,below,,JT4,
K284-J531,JT4,,-22.5,-26.778,below,,JT4,
K285-J461,JT4,,-22.5,-26.86,below,,JT4,
K286-J400,JT4,,-22.5,-26.881,below,,JT4,
K287-K688,JT4,,-22.5,-25.63,below,,JT4,
K288-K298,JT4,,-11.724,-12.224,below,,JT4,
K289-K299,JT4,,-13.223,-13.723,below,,JT4,
K290-K300,JT4,,-14.718,-15.218,below,,JT4,
K291-K301,JT4,,-16.423,-16.923,below,,JT4,
K292-K302,JT4,,-17.916,-18.416,below,,JT4,
K293-K288,JT4,,-11.224,-11.724,below,,JT4,
K294-K289,JT4,,-12.723,-13.223,below,,JT4,
K295-K290,JT4,,-14.218,-14.718,below,,JT4,
K296-K291,JT4,,-15.923,-16.423,below,,JT4,
K297-K292,JT4,,-17.416,-17.916,below,,JT4,
K298-J602,JT4,,-12.224,-16.164,below,,JT4,
K299-J532,JT4,,-13.723,-18.476,below,,JT4,
K300-J463,JT4,,-15.218,-18.517,below,,JT4,
K301-J398,JT4,,-16.923,-18.527,below,,JT4,
K302-J343,JT4,,-18.416,-19.958,below,,JT4,
K303-K308,JT3,,-22.0,-22.5,below,,JT3,
K304-K309,JT3,,-22.0,-22.5,below,,JT3,
K305-K310,JT3,,-22.0,-22.5,below,,JT3,
K306-K311,JT3,,-22.0,-22.5,below,,JT3,
K307-J824,JT3,,-22.5,-24.588,below,,JT3,
K308-J828,JT3,,-22.5,-24.904,below,,JT3,
K309-J831,JT3,,-22.5,-25.143,below,,JT3,
K310-J836,JT3,,-22.5,-26.598,below,,JT3,
K311-J841,JT3,,-22.5,-25.494,below,,JT3,
K312-J845,JT3,,-21.5,-22.0,below,,JT3,
K313-K303,JT3,,-21.5,-22.0,below,,JT3,
K314-K304,JT3,,-21.5,-22.0,below,,JT3,
K315-K305,JT3,,-21.5,-22.0,below,,JT3,
K316-K306,JT3,,-21.5,-22.0,below,,JT3,
K317-K322,JT3,,-22.0,-22.5,below,,JT3,
K318-K323,JT3,,-22.0,-22.5,below,,JT3,
K319-K324,JT3,,-22.0,-22.5,below,,JT3,
K320-K325,JT3,,-22.0,-22.5,below,,JT3,
K321-K326,JT3,,-22.0,-22.5,below,,JT3,
K322-J844,JT3,,-22.5,-25.494,below,,JT3,
K323-J846,JT3,,-22.5,-26.598,below,,JT3,
K324-J853,JT3,,-22.5,-25.143,below,,JT3,
K325-J854,JT3,,-22.5,-24.904,below,,JT3,
K326-J859,JT3,,-22.5,-24.588,below,,JT3,
K327-K317,JT3,,-21.5,-22.0,below,,JT3,
K328-K318,JT3,,-21.5,-22.0,below,,JT3,
K329-K319,JT3,,-21.5,-22.0,below,,JT3,
K330-K320,JT3,,-21.5,-22.0,below,,JT3,
K331-K321,JT3,,-21.5,-22.0,below,,JT3,
K332-K334,JT3,,-34.637,-34.99,below,,JT3,
K333-K338,JT3,,-35.527,-35.777,below,,JT3,
K334-K136,JT3,,-34.99,-37.81,below,,JT3,
K335-K332,JT3,,-34.283,-34.637,below,,JT3,
K336-K340,JT3,,-35.556,-35.806,below,,JT3,
K337-K333,JT3,,-35.277,-35.527,below,,JT3,
K338-K135,JT3,,-35.777,-38.11,below,,JT3,
K339-K336,JT3,,-35.306,-35.556,below,,JT3,
K340-K134,JT3,,-35.806,-38.11,below,,JT3,
K341-K342,JT3,,-35.588,-35.838,below,,JT3,
K342-K133,JT3,,-35.838,-38.11,below,,JT3,
K343-K341,JT3,,-35.338,-35.588,below,,JT3,
K344-K345,JT3,,-34.892,-35.246,below,,JT3,
K345-K132,JT3,,-35.246,-37.81,below,,JT3,
K346-K377,JT3,,-19.0,-20.006,below,,JT3,
K347-K349,JT3,,-35.659,-35.909,below,,JT3,
K348-K350,JT3,,-35.667,-35.917,below,,JT3,
K349-K131,JT3,,-35.909,-38.11,below,,JT3,
K350-K130,JT3,,-35.917,-38.11,below,,JT3,
K351-K347,JT3,,-35.409,-35.659,below,,JT3,
K352-K348,JT3,,-35.417,-35.667,below,,JT3,
K353-K355,JT3,,-35.666,-35.916,below,,JT3,
K354-K356,JT3,,-35.649,-35.899,below,,JT3,
K355-K129,JT3,,-35.916,-38.11,below,,JT3,
K356-K128,JT3,,-35.899,-38.11,below,,JT3,
K357-K344,JT3,,-34.539,-34.892,below,,JT3,
K358-K126,JT3,,-35.753,-38.11,below,,JT3,
K359-K353,JT3,,-35.416,-35.666,below,,JT3,
K360-K354,JT3,,-35.399,-35.649,below,,JT3,
K361-J849,JT3,,-21.006,-21.506,below,,JT3,
K362-K364,JT3,,-35.253,-35.503,below,,JT3,
K363-K588,JT3,,-19.5,-20.006,below,,JT3,
K364-K358,JT3,,-35.503,-35.753,below,,JT3,
K365-K368,JT3,,-35.461,-35.711,below,,JT3,
K366-K369,JT3,,-35.39,-35.64,below,,JT3,
K367-K123,JT3,,-34.99,-37.81,below,,JT3,
K368-K125,JT3,,-35.711,-38.11,below,,JT3,
K369-K124,JT3,,-35.64,-38.11,below,,JT3,
K370-K374,JT3,,-34.283,-34.637,below,,JT3,
K371-K365,JT3,,-35.211,-35.461,below,,JT3,
K372-K366,JT3,,-35.14,-35.39,below,,JT3,
K373-J821,JT3,,-18.5,-20.523,below,,JT3,
K374-K367,JT3,,-34.637,-34.99,below,,JT3,
K375-K361,JT3,,-20.506,-21.006,below,,JT3,
K376-J860,JT3,,-18.5,-20.523,below,,JT3,
K377-K375,JT3,,-20.006,-20.506,below,,JT3,
K378-J833,JT3,,-21.006,-21.506,below,,JT3,
K379-K378,JT3,,-20.506,-21.006,below,,JT3,
K380-K384,JT3,,-27.801,-28.154,below,,JT3,
K381-K382,JT3,,-27.801,-28.154,below,,JT3,
K382-K335,JT3,,-28.154,-34.283,below,,JT3,
K383-K381,JT3,,-27.447,-27.801,below,,JT3,
K384-K370,JT3,,-28.154,-34.283,below,,JT3,
K385-K380,JT3,,-27.447,-27.801,below,,JT3,
K390-K416,JT4,,-5.065,-5.5,below,,JT4,
K393-K390,JT4,,-4.623,-5.065,below,,JT4,
K395-K393,JT8,,-4.3,-4.623,in,member straddles splash zone boundary,JT8,
K396-K398,JT4,,-22.0,-22.5,below,,JT4,
K397-K396,JT4,,-21.5,-22.0,below,,JT4,
K398-J627,JT4,,-22.5,-26.778,below,,JT4,
K399-K414,JT4,,-13.223,-13.723,below,,JT4,
K400-K496,JT4,,-35.12,-35.474,below,,JT4,
K401-K399,JT4,,-12.723,-13.223,below,,JT4,
K402-K411,JT5,,-6.0,-6.5,below,,JT5,
K403-K412,JT5,,-6.0,-6.5,below,,JT5,
K404-K413,JT5,,-6.0,-6.5,below,,JT5,
K405-K408,JT5,,-14.974,-15.474,below,,JT5,
K406-K409,JT5,,-13.607,-14.107,below,,JT5,
K407-K410,JT5,,-12.24,-12.74,below,,JT5,
K408-K452,JT5,,-15.474,-21.5,below,,JT5,
K409-J289,JT5,,-14.107,-18.53,below,,JT5,
K410-J282,JT5,,-12.74,-17.937,below,,JT5,
K414-J633,JT4,,-13.723,-18.476,below,,JT4,
K415-K417,JT4,,-6.0,-6.5,below,,JT4,
K416-K415,JT4,,-5.5,-6.0,below,,JT4,
K418-K419,JT4,,-28.5,-28.927,below,,JT4,
K419-K420,JT4,,-28.927,-29.342,below,,JT4,
K420-K424,JT4,,-29.342,-29.743,below,,JT4,
K421-K422,JT4,,-27.155,-27.613,below,,JT4,
K422-K423,JT4,,-27.613,-28.062,below,,JT4,
K423-K418,JT4,,-28.062,-28.5,below,,JT4,
K424-K425,JT4,,-29.743,-30.13,below,,JT4,
K425-K426,JT4,,-30.13,-30.502,below,,JT4,
K426-K628,JT4,,-30.502,-30.857,below,,JT4,
K427-K625,JT4,,-23.786,-24.277,below,,JT4,
K428-K497,JT4,,-36.023,-36.273,below,,JT4,
K429-K623,JT4,,-25.737,-26.216,below,,JT4,
K430-K435,JT2,,-6.0,-6.5,below,,JT2,
K431-K436,JT2,,-6.0,-6.5,below,,JT2,
K432-K498,JT4,,-36.051,-36.301,below,,JT4,
K433-K430,JT2,,-5.5,-6.0,below,,JT2,
K434-K431,JT2,,-5.5,-6.0,below,,JT2,
K437-K445,JT2,,-6.0,-6.5,below,,JT2,
K438-K446,JT2,,-6.0,-6.5,below,,JT2,
K439-K447,JT2,,-6.0,-6.5,below,,JT2,
K440-K437,JT2,,-5.5,-6.0,below,,JT2,
K443-K438,JT2,,-5.5,-6.0,below,,JT2,
K444-K439,JT2,,-5.5,-6.0,below,,JT2,
K448-J091,JT2,,-17.683,-23.5,below,,JT2,
K449-J082,JT2,,-18.669,-23.5,below,,JT2,
K450-K451,JT5,,-22.0,-22.5,below,,JT5,
K451-J291,JT5,,-22.5,-24.302,below,,JT5,
K452-K450,JT5,,-21.5,-22.0,below,,JT5,
K453-J269,JT5,,-22.5,-24.302,below,,JT5,
K454-J076,JT2,,-19.669,-23.5,below,,JT2,
K455-J087,JT2,,-27.077,-28.709,below,,JT2,
K456-J084,JT2,,-26.175,-28.018,below,,JT2,
K457-J080,JT2,,-25.259,-28.733,below,,JT2,
K458-K461,JT2,,-16.683,-17.183,below,,JT2,
K459-K463,JT2,,-17.669,-18.169,below,,JT2,
K460-K464,JT2,,-18.669,-19.169,below,,JT2,
K461-K448,JT2,,-17.183,-17.683,below,,JT2,
K462-K695,JT4,,-35.12,-35.474,below,,JT4,
K463-K449,JT2,,-18.169,-18.669,below,,JT2,
K464-K454,JT2,,-19.169,-19.669,below,,JT2,
K465-K466,JT5,,-21.5,-22.0,below,,JT5,
K466-K453,JT5,,-22.0,-22.5,below,,JT5,
K467-K455,JT2,,-26.577,-27.077,below,,JT2,
K468-K456,JT2,,-25.675,-26.175,below,,JT2,
K469-K590,JT5,,-27.58,-27.83,below,,JT5,
K470-J170,JT5,,-27.164,-27.518,below,,JT5,
K471-K696,JT4,,-36.029,-36.279,below,,JT4,
K472-K457,JT2,,-24.759,-25.259,below,,JT2,
K473-K467,JT2,,-26.077,-26.577,below,,JT2,
K474-K468,JT2,,-25.175,-25.675,below,,JT2,
K475-K472,JT2,,-24.259,-24.759,below,,JT2,
K479-J002,JT2,,-37.0,-38.11,below,,JT2,
K480-J005,JT2,,-37.0,-38.11,below,,JT2,
K485-K499,JT4,,-36.057,-36.307,below,,JT4,
K486-K529,JT4,,-36.047,-36.297,below,,JT4,
K487-K402,JT5,,-5.5,-6.0,below,,JT5,
K488-K530,JT5,,-34.586,-34.836,below,,JT5,
K489-K535,JT5,,-34.599,-34.849,below,,JT5,
K490-K403,JT5,,-5.5,-6.0,below,,JT5,
K491-K404,JT5,,-5.5,-6.0,below,,JT5,
K492-K405,JT5,,-14.474,-14.974,below,,JT5,
K493-K406,JT5,,-13.107,-13.607,below,,JT5,
K494-K532,JT5,,-34.607,-34.857,below,,JT5,
K496-J736,JT4,,-35.474,-37.81,below,,JT4,
K497-J618,JT4,,-36.273,-38.11,below,,JT4,
K498-J506,JT4,,-36.301,-38.11,below,,JT4,
K499-J422,JT4,,-36.307,-38.11,below,,JT4,
K502-K407,JT5,,-11.74,-12.24,below,,JT5,
K506-K521,JT5,,-12.303,-12.803,below,,JT5,
K507-K522,JT5,,-13.66,-14.16,below,,JT5,
K508-K523,JT5,,-15.017,-15.517,below,,JT5,
K509-K515,JT5,,-6.0,-6.5,below,,JT5,
K510-K516,JT5,,-6.0,-6.5,below,,JT5,
K511-K517,JT5,,-6.0,-6.5,below,,JT5,
K512-K506,JT5,,-11.803,-12.303,below,,JT5,
K513-K507,JT5,,-13.16,-13.66,below,,JT5,
K514-K508,JT5,,-14.517,-15.017,below,,JT5,
K518-K509,JT5,,-5.5,-6.0,below,,JT5,
K519-K510,JT5,,-5.5,-6.0,below,,JT5,
K520-K511,JT5,,-5.5,-6.0,below,,JT5,
K521-J276,JT5,,-12.803,-20.535,below,,JT5,
K522-J273,JT5,,-14.16,-20.394,below,,JT5,
K523-K639,JT5,,-15.517,-19.23,below,,JT5,
K529-J295,JT4,,-36.297,-38.11,below,,JT4,
K530-J144,JT5,,-34.836,-38.11,below,,JT5,
K532-J120,JT5,,-34.857,-38.11,below,,JT5,
K535-J122,JT5,,-34.849,-38.11,below,,JT5,
K538-K400,JT4,,-34.766,-35.12,below,,JT4,
K544-K470,JT5,,-26.811,-27.164,below,,JT5,
K545-K544,JT5,,-26.457,-26.811,below,,JT5,
K546-K691,JT5,,-27.022,-27.375,below,,JT5,
K547-K546,JT5,,-26.668,-27.022,below,,JT5,
K550-K570,JT4,,-6.0,-6.5,below,,JT4,
K551-K571,JT4,,-6.0,-6.5,below,,JT4,
K552-K572,JT4,,-6.0,-6.5,below,,JT4,
K553-K573,JT4,,-6.0,-6.5,below,,JT4,
K554-K575,JT4,,-6.0,-6.5,below,,JT4,
K556-J363,JT1,,8.522,8.2,in,member straddles splash zone boundary,JT1,
K557-K428,JT4,,-35.773,-36.023,below,,JT4,
K558-K547,JT5,,-26.315,-26.668,below,,JT5,
K559-J146,JT5,,-27.83,-28.447,below,,JT5,
K560-K561,JT5,,-27.33,-27.58,below,,JT5,
K561-K559,JT5,,-27.58,-27.83,below,,JT5,
K565-K550,JT4,,-5.5,-6.0,below,,JT4,
K566-K551,JT4,,-5.5,-6.0,below,,JT4,
K567-K552,JT4,,-5.5,-6.0,below,,JT4,
K568-K553,JT4,,-5.5,-6.0,below,,JT4,
K569-K554,JT4,,-5.5,-6.0,below,,JT4,
K574-K697,JT4,,-36.052,-36.302,below,,JT4,
K579-K432,JT4,,-35.801,-36.051,below,,JT4,
K580-K485,JT4,,-35.807,-36.057,below,,JT4,
K581-K486,JT4,,-35.797,-36.047,below,,JT4,
K582-K488,JT5,,-34.336,-34.586,below,,JT5,
K585-K489,JT5,,-34.349,-34.599,below,,JT5,
K587-K494,JT5,,-34.357,-34.607,below,,JT5,
K588-K379,JT3,,-20.006,-20.506,below,,JT3,
K589-K469,JT5,,-27.33,-27.58,below,,JT5,
K590-J145,JT5,,-27.83,-28.447,below,,JT5,
K593-K698,JT4,,-36.057,-36.307,below,,JT4,
K602-K604,JT9,,9.79,9.29,above,,JT9,
K603-K602,JT9,,10.29,9.79,above,,JT9,
K604-J074,JT1,,9.29,8.2,in,member straddles splash zone boundary,JT1,
K605-K606,JT9,,9.72,9.22,above,,JT9,
K606-J068,JT1,,9.22,8.2,in,member straddles splash zone boundary,JT1,
K607-K605,JT9,,10.22,9.72,above,,JT9,
K608-K618,JT2,,-34.442,-34.692,below,,JT2,
K609-K610,JT2,,-35.804,-36.054,below,,JT2,
K610-K611,JT2,,-36.054,-36.304,below,,JT2,
K611-J003,JT2,,-36.304,-38.11,below,,JT2,
K612-K613,JT2,,-34.373,-34.623,below,,JT2,
K613-K614,JT2,,-34.623,-34.873,below,,JT2,
K614-J001,JT2,,-34.873,-38.11,below,,JT2,
K615-K616,JT2,,-35.756,-36.006,below,,JT2,
K616-K617,JT2,,-36.006,-36.256,below,,JT2,
K617-J004,JT2,,-36.256,-38.11,below,,JT2,
K618-K619,JT2,,-34.692,-34.942,below,,JT2,
K619-K479,JT2,,-34.942,-37.0,below,,JT2,
K620-K621,JT2,,-35.804,-36.054,below,,JT2,
K621-K622,JT2,,-36.054,-36.304,below,,JT2,
K622-K480,JT2,,-36.304,-37.0,below,,JT2,
K623-K624,JT4,,-26.216,-26.689,below,,JT4,
K624-K421,JT4,,-26.689,-27.155,below,,JT4,
K625-K626,JT4,,-24.277,-24.766,below,,JT4,
K626-K627,JT4,,-24.766,-25.253,below,,JT4,
K627-K429,JT4,,-25.253,-25.737,below,,JT4,
K628-K711,JT4,,-30.857,-34.766,below,,JT4,
K630-K649,JT4,,-16.164,-21.5,below,,JT4,
K635-K699,JT4,,-36.049,-36.299,below,,JT4,
K637-K700,JT5,,-34.582,-34.832,below,,JT5,
K639-K465,JT5,,-19.23,-21.5,below,,JT5,
K640-K443,JT6,,-4.3,-5.5,in,member straddles splash zone boundary,JT6,
K642-K661,JT4,,-5.082,-5.5,below,,JT4,
K644-K642,JT4,,-4.628,-5.082,below,,JT4,
K647-K644,JT8,,-4.3,-4.628,in,member straddles splash zone boundary,JT8,
K648-K650,JT4,,-22.0,-22.5,below,,JT4,
K649-K648,JT4,,-21.5,-22.0,below,,JT4,
K650-K427,JT4,,-22.5,-23.786,below,,JT4,
K651-K653,JT4,,-11.724,-12.224,below,,JT4,
K652-K651,JT4,,-11.224,-11.724,below,,JT4,
K653-K630,JT4,,-12.224,-16.164,below,,JT4,
K660-K662,JT4,,-6.0,-6.5,below,,JT4,
K661-K660,JT4,,-5.5,-6.0,below,,JT4,
K675-K677,JT4,,-26.046,-26.546,below,,JT4,
K676-K675,JT4,,-25.546,-26.046,below,,JT4,
K677-J318,JT4,,-26.546,-26.85,below,,JT4,
K687-K689,JT4,,-26.13,-26.63,below,,JT4,
K688-K687,JT4,,-25.63,-26.13,below,,JT4,
K689-J345,JT4,,-26.63,-26.85,below,,JT4,
K690-K692,JT5,,-27.729,-28.082,below,,JT5,
K691-K690,JT5,,-27.375,-27.729,below,,JT5,
K692-J162,JT5,,-28.082,-28.407,below,,JT5,
K693-K701,JT5,,-34.599,-34.849,below,,JT5,
K694-K702,JT5,,-34.607,-34.857,below,,JT5,
K695-K629,JT4,,-35.474,-37.81,below,,JT4,
K696-J631,JT4,,-36.279,-38.11,below,,JT4,
K697-J534,JT4,,-36.302,-38.11,below,,JT4,
K698-J436,JT4,,-36.307,-38.11,below,,JT4,
K699-J337,JT4,,-36.299,-38.11,below,,JT4,
K700-J143,JT5,,-34.832,-38.11,below,,JT5,
K701-J121,JT5,,-34.849,-38.11,below,,JT5,
K702-J119,JT5,,-34.857,-38.11,below,,JT5,
K703-K704,JT3,,-34.844,-35.197,below,,JT3,
K704-K127,JT3,,-35.197,-37.81,below,,JT3,
K705-K703,JT3,,-34.49,-34.844,below,,JT3,
K711-K462,JT4,,-34.766,-35.12,below,,JT4,
K712-K471,JT4,,-35.779,-36.029,below,,JT4,
K713-K574,JT4,,-35.802,-36.052,below,,JT4,
K714-K593,JT4,,-35.807,-36.057,below,,JT4,
K715-K635,JT4,,-35.799,-36.049,below,,JT4,
K716-K637,JT5,,-34.332,-34.582,below,,JT5,
K717-K693,JT5,,-34.349,-34.599,below,,JT5,
K718-K694,JT5,,-34.357,-34.607,below,,JT5,
K727-K188,JT7,,-4.3,-5.5,in,member straddles splash zone boundary,JT7,
K728-K193,JT7,,-4.3,-5.5,in,member straddles splash zone boundary,JT7,
K729-K197,JT7,,-4.3,-5.5,in,member straddles splash zone boundary,JT7,
K730-K198,JT7,,-4.3,-5.5,in,member straddles splash zone boundary,JT7,
K735-J763,JT7,,-4.3,-5.114,in,member straddles splash zone boundary,JT7,
K736-J764,JT7,,-4.3,-5.111,in,member straddles splash zone boundary,JT7,
K737-K205,JT7,,-4.3,-5.5,in,member straddles splash zone boundary,JT7,
K738-K206,JT7,,-4.3,-5.5,in,member straddles splash zone boundary,JT7,
K739-K207,JT7,,-4.3,-5.5,in,member straddles splash zone boundary,JT7,
K740-K208,JT7,,-4.3,-5.5,in,member straddles splash zone boundary,JT7,
K752-J721,JT1,,8.2,9.046,in,member straddles splash zone boundary,JT1,
J074-J081,JTA,,8.2,8.0,in,,JTA,
J081-J078,JTA,,8.0,7.99,in,,JTA,
J085-K640,JTA,,-4.184,-4.3,in,,JTA,
J086-K58A,JTA,,-1.15,-1.608,in,,JTA,
J088-K596,JTA,,-0.305,-0.805,in,,JTA,
J094-J092,JTA,,-3.914,-4.3,in,,JTA,
J103-J085,JTA,,-3.762,-4.184,in,,JTA,
J104-J094,JTA,,-3.458,-3.914,in,,JTA,
J105-J104,JTA,,-3.004,-3.458,in,,JTA,
J106-J103,JTA,,-3.341,-3.762,in,,JTA,
J107-J106,JTA,,-3.3,-3.341,in,,JTA,
J108-J105,JTA,,-2.551,-3.004,in,,JTA,
J109-J107,JTA,,-2.921,-3.3,in,,JTA,
J110-J108,JTA,,-2.101,-2.551,in,,JTA,
J112-J111,JTA,,8.2,4.625,in,,JTA,
J271-K539,JTD,,8.2,5.279,in,,JTD,
J274-K537,JTD,,8.2,3.645,in,,JTD,
J286-K500,JTD,,8.2,3.588,in,,JTD,
J293-K495,JTD,,8.2,5.233,in,,JTD,
J341-K670,JTL,,-0.033,-0.612,in,,JTL,
J346-J347,JTL,,4.995,4.556,in,,JTL,
J347-J350,JTL,,4.556,4.117,in,,JTL,
J348-J349,JTL,,-4.182,-4.3,in,,JTL,
J350-J339,JTL,,4.117,3.68,in,,JTL,
J351-J348,JTL,,-3.745,-4.182,in,,JTL,
J352-K682,JTL,,-0.033,-0.614,in,,JTL,
J356-J354,JTL,,4.117,3.68,in,,JTL,
J357-J358,JTL,,-3.745,-4.182,in,,JTL,
J358-J365,JTL,,-4.182,-4.3,in,,JTL,
J360-J375,JTL,,8.2,8.022,in,,JTL,
J362-J364,JTL,,4.995,4.556,in,,JTL,
J363-K555,JTL,,8.2,8.022,in,,JTL,
J364-J356,JTL,,4.556,4.117,in,,JTL,
J375-J377,JTL,,8.022,7.522,in,,JTL,
J377-J346,JTL,,7.522,4.995,in,,JTL,
J394-J395,JTL,,-3.75,-4.184,in,,JTL,
J395-J396,JTL,,-4.184,-4.3,in,,JTL,
J423-J394,JTL,,-0.033,-3.75,in,,JTL,
J431-K564,JTL,,8.2,6.859,in,,JTL,
J432-J433,JTL,,4.991,4.554,in,,JTL,
J433-J434,JTL,,4.554,4.119,in,,JTL,
J434-J435,JTL,,4.119,3.685,in,,JTL,
J439-J456,JTL,,-0.033,-3.75,in,,JTL,
J440-J442,JTL,,8.2,4.992,in,,JTL,
J442-K584,JTL,,4.992,4.915,in,,JTL,
J443-K578,JTL,,4.555,4.416,in,,JTL,
J444-J446,JTL,,4.991,4.554,in,,JTL,
J445-K586,JTL,,4.118,3.979,in,,JTL,
J446-J449,JTL,,4.554,4.119,in,,JTL,
J448-J450,JTL,,-0.033,-3.749,in,,JTL,
J449-J438,JTL,,4.119,3.685,in,,JTL,
J450-J453,JTL,,-3.749,-4.183,in,,JTL,
J453-J454,JTL,,-4.183,-4.3,in,,JTL,
J456-J457,JTL,,-3.75,-4.184,in,,JTL,
J457-J459,JTL,,-4.184,-4.3,in,,JTL,
J458-J485,JTL,,8.2,6.859,in,,JTL,
J483-J487,JTL,,6.359,5.859,in,,JTL,
J485-J483,JTL,,6.859,6.359,in,,JTL,
J487-J444,JTL,,5.859,4.991,in,,JTL,
J511-J512,JTL,,8.2,5.0,in,,JTL,
J512-J514,JTL,,5.0,4.558,in,,JTL,
J514-J516,JTL,,4.558,4.116,in,,JTL,
J516-J518,JTL,,4.116,3.675,in,,JTL,
J518-K685,JTL,,3.675,3.208,in,,JTL,
J519-J521,JTL,,-0.033,-3.74,in,,JTL,
J521-J524,JTL,,-3.74,-4.181,in,,JTL,
J524-J525,JTL,,-4.181,-4.3,in,,JTL,
J538-K664,JTL,,3.684,3.103,in,,JTL,
J540-J554,JTL,,-0.033,-3.749,in,,JTL,
J542-J584,JTL,,4.118,3.979,in,,JTL,
J544-J582,JTL,,4.992,4.915,in,,JTL,
J546-J578,JTL,,4.555,4.416,in,,JTL,
J554-J556,JTL,,-3.749,-4.183,in,,JTL,
J556-J560,JTL,,-4.183,-4.3,in,,JTL,
J558-J544,JTL,,8.2,4.992,in,,JTL,
J578-J542,JTL,,4.416,4.118,in,,JTL,
J579-K548,JTL,,8.2,6.415,in,,JTL,
J580-J583,JTL,,5.017,4.563,in,,JTL,
J582-J546,JTL,,4.915,4.555,in,,JTL,
J583-J585,JTL,,4.563,4.11,in,,JTL,
J584-J538,JTL,,3.979,3.684,in,,JTL,
J585-J587,JTL,,4.11,3.66,in,,JTL,
J588-J590,JTL,,-0.033,-3.725,in,,JTL,
J590-J592,JTL,,-3.725,-4.175,in,,JTL,
J592-J594,JTL,,-4.175,-4.3,in,,JTL,
J635-K667,JTL,,3.675,3.208,in,,JTL,
J653-J684,JTE,,5.131,4.734,in,,JTE,
J654-J653,JTE,,5.7,5.131,in,,JTE,
J655-J685,JTE,,5.126,4.731,in,,JTE,
J657-J655,JTE,,5.7,5.126,in,,JTE,
J659-J686,JTE,,5.126,4.731,in,,JTE,
J660-J659,JTE,,5.7,5.126,in,,JTE,
J662-J663,JTE,,5.7,5.131,in,,JTE,
J663-J687,JTE,,5.131,4.734,in,,JTE,
J684-J694,JTE,,4.734,4.338,in,,JTE,
J685-J695,JTE,,4.731,4.337,in,,JTE,
J686-J696,JTE,,4.731,4.337,in,,JTE,
J687-J697,JTE,,4.734,4.338,in,,JTE,
J694-J708,JTE,,4.338,3.942,in,,JTE,
J695-J709,JTE,,4.337,3.945,in,,JTE,
J696-J710,JTE,,4.337,3.945,in,,JTE,
J697-J711,JTE,,4.338,3.942,in,,JTE,
J708-J722,JTE,,3.942,3.549,in,,JTE,
J709-J723,JTE,,3.945,3.554,in,,JTE,
J710-J724,JTE,,3.945,3.554,in,,JTE,
J711-J725,JTE,,3.942,3.549,in,,JTE,
J728-K167,JTE,,7.978,6.107,in,,JTE,
J731-K146,JTE,,7.957,4.819,in,,JTE,
J732-J747,JTE,,7.961,4.819,in,,JTE,
J733-K160,JTE,,7.895,5.676,in,,JTE,
J734-J740,JTE,,7.895,5.825,in,,JTE,
J735-K391,JTL,,-0.033,-3.74,in,,JTL,
J737-J739,JTE,,4.322,4.819,in,,JTE,
J738-J741,JTE,,5.328,4.831,in,,JTE,
J739-J729,JTE,,4.819,7.961,in,,JTE,
J740-J738,JTE,,5.825,5.328,in,,JTE,
J742-J737,JTE,,3.825,4.322,in,,JTE,
J744-J748,JTE,,4.322,3.825,in,,JTE,
J746-J749,JTE,,4.327,4.825,in,,JTE,
J747-J744,JTE,,4.819,4.322,in,,JTE,
J749-J730,JTE,,4.825,7.957,in,,JTE,
J750-J746,JTE,,3.83,4.327,in,,JTE,
J751-J765,JTE,,-1.46,-1.931,in,,JTE,
J752-J766,JTE,,-1.46,-1.931,in,,JTE,
J753-J767,JTE,,-1.526,-1.964,in,,JTE,
J754-J768,JTE,,-1.522,-1.961,in,,JTE,
J755-J769,JTE,,-1.522,-1.961,in,,JTE,
J756-J772,JTE,,-1.526,-1.964,in,,JTE,
J757-J770,JTE,,-1.543,-1.972,in,,JTE,
J757-K170,JTE,,-1.543,1.084,in,,JTE,
J758-J771,JTE,,-1.543,-1.972,in,,JTE,
J765-J779,JTE,,-1.931,-2.3,in,,JTE,
J766-J780,JTE,,-1.931,-2.3,in,,JTE,
J767-J781,JTE,,-1.964,-2.3,in,,JTE,
J768-J782,JTE,,-1.961,-2.3,in,,JTE,
J769-J785,JTE,,-1.961,-2.3,in,,JTE,
J770-J783,JTE,,-1.972,-2.3,in,,JTE,
J771-J784,JTE,,-1.972,-2.3,in,,JTE,
J772-J786,JTE,,-1.964,-2.3,in,,JTE,
J779-J793,JTE,,-2.3,-2.404,in,,JTE,
J780-J794,JTE,,-2.3,-2.404,in,,JTE,
J781-J795,JTE,,-2.3,-2.403,in,,JTE,
J782-J796,JTE,,-2.3,-2.404,in,,JTE,
J783-J797,JTE,,-2.3,-2.403,in,,JTE,
J784-J798,JTE,,-2.3,-2.403,in,,JTE,
J785-J799,JTE,,-2.3,-2.404,in,,JTE,
J786-J800,JTE,,-2.3,-2.403,in,,JTE,
J793-J807,JTE,,-2.404,-2.88,in,,JTE,
J794-J820,JTE,,-2.404,-2.88,in,,JTE,
J795-J808,JTE,,-2.403,-2.845,in,,JTE,
J796-J809,JTE,,-2.404,-2.848,in,,JTE,
J797-J810,JTE,,-2.403,-2.836,in,,JTE,
J798-J817,JTE,,-2.403,-2.836,in,,JTE,
J799-J818,JTE,,-2.404,-2.848,in,,JTE,
J800-J819,JTE,,-2.403,-2.845,in,,JTE,
J807-J822,JTE,,-2.88,-3.357,in,,JTE,
J808-J826,JTE,,-2.845,-3.288,in,,JTE,
J809-J829,JTE,,-2.848,-3.292,in,,JTE,
J810-J830,JTE,,-2.836,-3.27,in,,JTE,
J817-J851,JTE,,-2.836,-3.27,in,,JTE,
J818-J855,JTE,,-2.848,-3.292,in,,JTE,
J819-J858,JTE,,-2.845,-3.288,in,,JTE,
J820-J861,JTE,,-2.88,-3.357,in,,JTE,
J822-K727,JTE,,-3.357,-4.3,in,,JTE,
J826-K728,JTE,,-3.288,-4.3,in,,JTE,
J829-K729,JTE,,-3.292,-4.3,in,,JTE,
J830-K730,JTE,,-3.27,-4.3,in,,JTE,
J851-K737,JTE,,-3.27,-4.3,in,,JTE,
J855-K738,JTE,,-3.292,-4.3,in,,JTE,
J858-K739,JTE,,-3.288,-4.3,in,,JTE,
J861-K740,JTE,,-3.357,-4.3,in,,JTE,
K142-J751,JTE,,2.748,-1.46,in,,JTE,
K143-K162,JTE,,4.322,3.825,in,,JTE,
K144-K163,JTE,,5.611,6.107,in,,JTE,
K145-K161,JTE,,5.179,4.682,in,,JTE,
K146-K143,JTE,,4.819,4.322,in,,JTE,
K157-K159,JTA,,-2.208,-2.708,in,,JTA,
K158-K157,JTA,,-1.709,-2.208,in,,JTA,
K159-J102,JTA,,-2.708,-4.3,in,,JTA,
K160-K145,JTE,,5.676,5.179,in,,JTE,
K163-J727,JTE,,6.107,7.978,in,,JTE,
K164-K144,JTE,,5.113,5.611,in,,JTE,
K165-K168,JTE,,5.61,5.113,in,,JTE,
K166-K169,JTE,,1.581,2.079,in,,JTE,
K167-K165,JTE,,6.107,5.61,in,,JTE,
K170-K166,JTE,,1.084,1.581,in,,JTE,
K171-K176,JTE,,0.22,0.719,in,,JTE,
K172-K175,JTE,,-0.98,-0.483,in,,JTE,
K173-K182,JTE,,8.169,7.669,in,,JTE,
K174-K179,JTE,,6.925,7.424,in,,JTE,
K177-K171,JTE,,-0.279,0.22,in,,JTE,
K178-K174,JTE,,6.426,6.925,in,,JTE,
K179-K752,JTE,,7.424,8.2,in,,JTE,
K180-K172,JTE,,-1.477,-0.98,in,,JTE,
K181-K189,JTE,,-2.18,-1.683,in,,JTE,
K182-J654,JTE,,7.669,5.7,in,,JTE,
K190-K181,JTE,,-2.677,-2.18,in,,JTE,
K216-K218,JTE,,8.169,7.669,in,,JTE,
K218-J662,JTE,,7.669,5.7,in,,JTE,
K219-K236,JTE,,7.423,6.924,in,,JTE,
K222-K234,JTE,,-2.615,-2.118,in,,JTE,
K223-K228,JTE,,0.847,0.348,in,,JTE,
K224-K231,JTE,,-0.387,-0.884,in,,JTE,
K225-K735,JTE,,-1.381,-4.3,in,,JTE,
K226-K736,JTE,,-0.151,-4.3,in,,JTE,
K228-K226,JTE,,0.348,-0.151,in,,JTE,
K231-K225,JTE,,-0.884,-1.381,in,,JTE,
K234-K221,JTE,,-2.118,-1.621,in,,JTE,
K236-K220,JTE,,6.924,6.425,in,,JTE,
K386-J635,JTL,,4.116,3.675,in,,JTL,
K387-K388,JTL,,5.0,4.558,in,,JTL,
K388-K386,JTL,,4.558,4.116,in,,JTL,
K391-K392,JTL,,-3.74,-4.181,in,,JTL,
K392-K395,JTL,,-4.181,-4.3,in,,JTL,
K394-K387,JTL,,8.2,5.0,in,,JTL,
K476-K478,JTA,,7.366,6.866,in,,JTA,
K477-J075,JTA,,7.866,8.2,in,,JTA,
K477-K476,JTA,,7.866,7.366,in,,JTA,
K481-K503,JTD,,4.733,4.233,in,,JTD,
K484-K505,JTD,,1.444,0.944,in,,JTD,
K495-K481,JTD,,5.233,4.733,in,,JTD,
K500-K483,JTD,,3.588,3.088,in,,JTD,
K501-K484,JTD,,1.944,1.444,in,,JTD,
K504-J288,JTD,,2.588,-4.3,in,,JTD,
K505-J280,JTD,,0.944,-4.3,in,,JTD,
K524-K527,JTD,,1.511,1.011,in,,JTD,
K526-K531,JTD,,4.779,4.279,in,,JTD,
K527-J277,JTD,,1.011,-4.3,in,,JTD,
K528-J272,JTD,,2.645,-4.3,in,,JTD,
K533-K524,JTD,,2.011,1.511,in,,JTD,
K537-K525,JTD,,3.645,3.145,in,,JTD,
K539-K526,JTD,,5.279,4.779,in,,JTD,
K540-K549,JTL,,5.915,5.415,in,,JTL,
K541-K543,JTL,,0.948,0.453,in,,JTL,
K542-K541,JTL,,1.444,0.948,in,,JTL,
K543-J588,JTL,,0.453,-0.033,in,,JTL,
K548-K540,JTL,,6.415,5.915,in,,JTL,
K549-J580,JTL,,5.415,5.017,in,,JTL,
K555-K562,JTL,,8.022,7.522,in,,JTL,
K562-J362,JTL,,7.522,4.995,in,,JTL,
K563-K577,JTL,,6.359,5.859,in,,JTL,
K564-K563,JTL,,6.859,6.359,in,,JTL,
K577-J432,JTL,,5.859,4.991,in,,JTL,
K578-J445,JTL,,4.416,4.118,in,,JTL,
K583-J086,JTA,,-0.657,-1.15,in,,JTA,
K584-J443,JTL,,4.915,4.555,in,,JTL,
K586-J447,JTL,,3.979,3.684,in,,JTL,
K58A-J110,JTA,,-1.608,-2.101,in,,JTA,
K591-K597,JTA,,-1.65,-2.145,in,,JTA,
K594-K598,JTA,,-2.7,-3.2,in,,JTA,
K596-J089,JTA,,-0.805,-4.3,in,,JTA,
K597-J109,JTA,,-2.145,-2.921,in,,JTA,
K598-J079,JTA,,-3.2,-4.3,in,,JTA,
K599-J088,JTA,,0.195,-0.305,in,,JTA,
K600-K591,JTA,,-1.155,-1.65,in,,JTA,
K601-K594,JTA,,-2.2,-2.7,in,,JTA,
K631-K645,JTL,,-0.033,-3.725,in,,JTL,
K634-K632,JTL,,4.11,3.66,in,,JTL,
K636-K638,JTL,,5.017,4.563,in,,JTL,
K638-K634,JTL,,4.563,4.11,in,,JTL,
K643-K647,JTL,,-4.175,-4.3,in,,JTL,
K645-K643,JTL,,-3.725,-4.175,in,,JTL,
K646-K658,JTL,,8.2,6.43,in,,JTL,
K654-K659,JTL,,5.93,5.43,in,,JTL,
K655-K657,JTL,,0.948,0.453,in,,JTL,
K656-K655,JTL,,1.443,0.948,in,,JTL,
K657-K631,JTL,,0.453,-0.033,in,,JTL,
K658-K654,JTL,,6.43,5.93,in,,JTL,
K659-K636,JTL,,5.43,5.017,in,,JTL,
K663-K665,JTL,,2.607,2.111,in,,JTL,
K665-J540,JTL,,2.111,-0.033,in,,JTL,
K666-K668,JTL,,2.712,2.217,in,,JTL,
K668-J735,JTL,,2.217,-0.033,in,,JTL,
K669-K672,JTL,,-1.107,-1.603,in,,JTL,
K670-K669,JTL,,-0.612,-1.107,in,,JTL,
K671-K674,JTL,,0.642,0.146,in,,JTL,
K672-J357,JTL,,-1.603,-3.745,in,,JTL,
K673-K671,JTL,,1.138,0.642,in,,JTL,
K674-J439,JTL,,0.146,-0.033,in,,JTL,
K678-K680,JTL,,0.638,0.142,in,,JTL,
K679-K678,JTL,,1.134,0.638,in,,JTL,
K680-J423,JTL,,0.142,-0.033,in,,JTL,
K681-K683,JTL,,-1.11,-1.606,in,,JTL,
K682-K681,JTL,,-0.614,-1.11,in,,JTL,
K683-J351,JTL,,-1.606,-3.745,in,,JTL,
K684-K686,JTL,,2.712,2.217,in,,JTL,
K686-J519,JTL,,2.217,-0.033,in,,JTL,
K725-J657,JTE,,8.2,5.7,in,,JTE,
K726-J660,JTE,,8.2,5.7,in,,JTE,
K731-K177,JTE,,-4.3,-0.279,in,,JTE,
K732-K180,JTE,,-4.3,-1.477,in,,JTE,
K733-K190,JTE,,-4.3,-2.677,in,,JTE,
K734-K222,JTE,,-4.3,-2.615,in,,JTE,
K741-K219,JTE,,8.2,7.423,in,,JTE,
K742-J728,JTE,,8.2,7.978,in,,JTE,
K743-J731,JTE,,8.2,7.957,in,,JTE,
K744-J732,JTE,,8.2,7.961,in,,JTE,
K745-J734,JTE,,8.2,7.895,in,,JTE,
K748-J733,JTE,,8.2,7.895,in,,JTE,
K749-J729,JTE,,8.2,7.961,in,,JTE,
K750-J730,JTE,,8.2,7.957,in,,JTE,
K751-J727,JTE,,8.2,7.978,in,,JTE,
Q743-Q900,JW7,,13.0,13.0,above,,JW7,
Q748-Q871,JW8,,13.0,13.0,above,,JW8,
Q871-Q902,JW8,,13.0,13.0,above,,JW8,
Q900-Q930,JW7,,13.0,13.0,above,,JW7,
Q902-Q933,JW8,,13.0,13.0,above,,JW8,
Q930-Q942,JW7,,13.0,13.0,above,,JW7,
Q933-Q943,JW8,,13.0,13.0,above,,JW8,
3534-GJ89,CS3,,-0.11645,-0.18120000000000003,in,,CS3,
X002-3800,CS5,,1.42445,1.43184,in,,CS5,
2201-2209,L01,LGCONEA,-18.85,-15.85,below,,L01,LGCONEA
2231-2208,L01,LGCONEA,-18.85,-15.85,below,,L01,LGCONEA
2534-2533,LA2,LACONE2,-8.8,-10.8,below,,LA2,LACONE2
1042-1043,LNB,,-33.8,-25.65,below,,LNB,
1113-1111,LNB,,-25.88,-23.8,below,,LNB,
1116-1113,LNB,,-33.92,-25.88,below,,LNB,
1269-1267,LNB,,-33.62,-23.1,below,,LNB,
1365-1366,LNB,,-34.0,-25.584,below,,LNB,
1530-1537,LAA,,-33.61,-25.75,below,,LAA,
1535-1539,LAA,,-33.44,-25.75,below,,LAA,
1536-1538,LNB,,-33.62,-25.708,below,,LNB,
1538-1574,LNB,,-25.708,-24.1,below,,LNB,
2022-2023,LNB,,-15.0,-10.0,below,,LNB,
2025-2022,LNB,,-20.0,-15.0,below,,LNB,
2080-2083,LNB,,-15.0,-10.0,below,,LNB,
2081-2080,LNB,,-20.0,-15.0,below,,LNB,
2083-2275,LNB,,-10.0,-8.0,below,,LNB,
2158-2159,LNB,,-20.9,-18.5,below,,LNB,
2159-2146,LNB,,-18.5,-10.5,below,,LNB,
2212-2215,LNB,,-18.85,-16.85,below,,LNB,
2215-2213,LNB,,-16.85,-10.84,below,,LNB,
2519-2520,LNB,,-20.0,-18.5,below,,LNB,
2520-2521,LNB,,-18.5,-16.5,below,,LNB,
2521-2533,LNB,,-16.5,-10.8,below,,LNB,
2522-2537,LAA,,-18.77,-10.0,below,,LAA,
2523-2540,LAA,,-18.77,-14.385,below,,LAA,
2537-2538,LAA,,-10.0,-9.0,below,,LAA,
2538-2539,LAA,,-9.0,-7.7,below,,LAA,
2540-2541,LAA,,-14.385,-10.0,below,,LAA,
2541-2542,LAA,,-10.0,-8.0,below,,LAA,
3640-3549,LNY,,8.2,11.0,in,member straddles splash zone boundary,LNY,
3643-3093,LNI,,8.2,11.0,in,member straddles splash zone boundary,LNI,
3646-3070,LNI,,8.2,11.0,in,member straddles splash zone boundary,LNI,
1117-1527,LAF,,-38.4,-37.0,below,,LAF,
1120-1509,LFB,,-38.4,-37.0,below,,LFB,
1509-1530,LFB,,-37.0,-33.61,below,,LFB,
1527-1535,LAF,,-37.0,-33.44,below,,LAF,
2023-2274,LNZ,,-10.0,-8.0,below,,LNZ,
3641-3710,LNW,,8.2,11.0,in,member straddles splash zone boundary,LNW,
3642-3168,LNW,,8.2,11.0,in,member straddles splash zone boundary,LNW,
4696-3093,LND,,13.0,11.0,above,,LND,
4696-4697,LND,,13.0,14.3,above,,LND,
1043-2021,LBG,,-25.65,-22.0,below,,LBG,
1044-1045,LNA,,-38.4,-37.0,below,,LNA,
1045-1042,LNA,,-37.0,-33.8,below,,LNA,
1112-1116,LNA,,-35.42,-33.92,below,,LNA,
1114-1115,LNA,,-38.4,-37.0,below,,LNA,
1115-1112,LNA,,-37.0,-35.42,below,,LNA,
1268-1558,LNA,,-37.0,-35.42,below,,LNA,
1271-1268,LNA,,-38.4,-37.0,below,,LNA,
1558-1269,LNA,,-35.42,-33.62,below,,LNA,
2021-2025,LBG,,-22.0,-20.0,below,,LBG,
4146-3710,LN0,,13.0,11.0,above,,LN0,
4146-4145,LN0,,13.0,14.3,above,,LN0,
1118-1515,LA9,,-38.4,-37.0,below,,LA9,
1515-1536,LA9,,-37.0,-33.62,below,,LA9,
1111-2078,LA3,,-23.8,-22.0,below,,LA3,
1362-1364,LNR,,-37.0,-36.3,below,,LNR,
1363-1362,LNR,,-38.4,-37.0,below,,LNR,
1364-1365,LNR,,-36.3,-34.0,below,,LNR,
1366-2216,LNR,,-25.584,-22.0,below,,LNR,
2078-2081,LA3,,-22.0,-20.0,below,,LA3,
2146-2280,LNR,,-10.5,-9.0,below,,LNR,
2216-2212,LNR,,-22.0,-18.85,below,,LNR,
3092-2280,LB0,,-6.0,-9.0,below,,LB0,
3092-3236,LZ1,,-6.0,-4.3,in,member straddles splash zone boundary,LZ1,
3552-3557,LA7,,9.29,12.1,above,,LA7,
3556-3558,LA8,,9.29,12.0,above,,LA8,
3557-4500,LA7,,12.1,13.0,above,,LA7,
3558-4521,LA1,,12.0,13.0,above,,LA1,
3644-3552,LAP,,8.2,9.29,in,member straddles splash zone boundary,LAP,
3645-3556,LAY,,8.2,9.29,in,member straddles splash zone boundary,LAY,
4500-4524,LA7,,13.0,14.3,above,,LA7,
4521-4522,LA1,,13.0,14.3,above,,LA1,
4891-3168,LA0,,13.0,11.0,above,,LA0,
4891-4890,LA0,,13.0,14.3,above,,LA0,
1574-2509,LAT,,-24.1,-22.0,below,,LAT,
2509-2519,LAT,,-22.0,-20.0,below,,LAT,
3549-3576,LA4,,11.0,13.0,above,,LA4,
3576-4523,LA4,,13.0,14.3,above,,LA4,
4277-3070,LA4,,13.0,11.0,above,,LA4,
4277-4278,LA4,,13.0,14.3,above,,LA4,
1267-2155,LAT,,-23.1,-22.0,below,,LAT,
1537-1540,LA5,,-25.75,-22.75,below,,LA5,
1539-1541,LA5,,-25.75,-22.8,below,,LA5,
1540-2501,LA5,,-22.75,-22.0,below,,LA5,
1541-2516,LA5,,-22.8,-22.0,below,,LA5,
2155-2158,LAT,,-22.0,-20.9,below,,LAT,
2501-2518,LA5,,-22.0,-21.3,below,,LA5,
2516-2517,LA5,,-22.0,-21.3,below,,LA5,
2517-2523,LA5,,-21.3,-18.77,below,,LA5,
2518-2522,LA5,,-21.3,-18.77,below,,LA5,
3019-2274,LAT,,-6.0,-8.0,below,,LAT,
3019-3232,LAX,,-6.0,-4.3,in,member straddles splash zone boundary,LAX,
3067-2275,LAT,,-6.0,-8.0,below,,LAT,
3067-3238,LBZ,,-6.0,-4.3,in,member straddles splash zone boundary,LBZ,
2213-2281,LAT,,-10.84,-9.0,below,,LAT,
2539-3500,LAN,,-7.7,-6.0,below,,LAN,
2542-3520,LAN,,-8.0,-6.0,below,,LAN,
3170-2281,LAE,,-6.0,-9.0,below,,LAE,
3237-3170,LAG,,-4.3,-6.0,in,member straddles splash zone boundary,LAG,
3500-3524,LAX,,-6.0,-4.3,in,member straddles splash zone boundary,LAX,
3520-3521,LAX,,-6.0,-4.3,in,member straddles splash zone boundary,LAX,
1029-1031,LP1,,-37.0,-33.285,below,,LP1,
1054-1052,LAB,,-33.285,-37.0,below,,LAB,
PK02-1029,LP1,,-38.565,-37.0,below,,LP1,
PK03-1052,LAD,,-38.565,-37.0,below,,LAD,
1031-1717,LP2,,-33.285,-30.57,below,,LP2,
1054-1059,LP2,,-33.285,-31.43,below,,LP2,
1098-1718,LP2,,-35.42,-30.57,below,,LP2,
1127-1720,LP2,,-35.42,-30.57,below,,LP2,
1717-1033,LP2,,-30.57,-30.05,below,,LP2,
1718-1097,LP2,,-30.57,-30.05,below,,LP2,
1720-1123,LP2,,-30.57,-30.05,below,,LP2,
1059-1719,LP3,,-31.43,-30.57,below,,LP3,
1719-1055,LP3,,-30.57,-30.05,below,,LP3,
1098-1102,LP4,,-35.42,-37.0,below,,LP4,
1125-1127,LP5,,-37.0,-35.42,below,,LP5,
PK01-1102,LP4,,-38.565,-37.0,below,,LP4,
PK04-1125,LP5,,-38.565,-37.0,below,,LP5,
2007-2005,LBB,,-18.695,-10.745,below,,LBB,
2040-2041,LBB,,-18.695,-10.745,below,,LBB,
2065-2067,LBB,,-18.555,-10.745,below,,LBB,
2067-2271,LBB,,-10.745,-9.3,below,,LBB,
2095-2097,LBB,,-18.565,-10.745,below,,LBB,
2097-2277,LBB,,-10.745,-9.3,below,,LBB,
4134-LGA1,LB8,,15.0,18.545,above,,LB8,
4153-LGA3,LB8,,15.0,18.545,above,,LB8,
2142-2139,LBC,,-18.77,-10.0,below,,LBC,
2174-2172,LBC,,-18.77,-10.0,below,,LBC,
2208-2144,LBC,,-15.85,-10.0,below,,LBC,
2209-2145,LBC,,-15.85,-10.0,below,,LBC,
3648-3083,LBI,,8.2,9.29,in,member straddles splash zone boundary,LBI,
3649-3103,LBI,,8.2,10.5,in,member straddles splash zone boundary,LBI,
3650-3003,LAZ,,8.2,10.0,in,member straddles splash zone boundary,LAZ,
3651-3035,LAZ,,8.2,10.0,in,member straddles splash zone boundary,LAZ,
1035-2008,LAO,,-25.75,-22.0,below,,LAO,
1058-2042,LAO,,-25.7,-22.0,below,,LAO,
1097-1101,LB2,,-30.05,-25.75,below,,LB2,
1123-1124,LB2,,-30.05,-25.75,below,,LB2,
2005-2270,LB2,,-10.745,-9.3,below,,LB2,
2008-2007,LAO,,-22.0,-18.695,below,,LAO,
2041-2276,LB2,,-10.745,-9.3,below,,LB2,
2042-2040,LAO,,-22.0,-18.695,below,,LAO,
2270-2222,LB2,,-9.3,-8.3,below,,LB2,
2276-2223,LB2,,-9.3,-8.3,below,,LB2,
1099-PK01,LB4,,-40.81,-38.565,below,,LB4,
1128-PK04,LB4,,-40.81,-38.565,below,,LB4,
3003-4135,LB7,,10.0,13.0,above,,LB7,
3035-4157,LB7,,10.0,13.0,above,,LB7,
3563-BO01,LB7,,8.5,9.25,above,,LB7,
3637-3563,LB6,,8.2,8.5,in,member straddles splash zone boundary,LB6,
3638-3059,LBH,,8.2,9.445,in,member straddles splash zone boundary,LBH,
3639-3078,LBH,,8.2,9.445,in,member straddles splash zone boundary,LBH,
3647-3190,LBH,,8.2,10.5,in,member straddles splash zone boundary,LBH,
4135-4134,LB7,,13.0,15.0,above,,LB7,
4157-4153,LB7,,13.0,15.0,above,,LB7,
4689-3083,LB7,,13.0,9.29,above,,LB7,
4689-LGC1,LB7,,13.0,18.545,above,,LB7,
4704-3103,LB7,,13.0,10.5,above,,LB7,
4704-LGC3,LB7,,13.0,18.545,above,,LB7,
BO01-3146,LB7,,9.25,9.74,above,,LB7,
1033-1035,LB3,,-30.05,-25.75,below,,LB3,
1055-1058,LB3,,-30.05,-25.7,below,,LB3,
2066-1101,LB1,,-22.0,-25.75,below,,LB1,
2066-2065,LB1,,-22.0,-18.555,below,,LB1,
2098-1124,LB3,,-22.0,-25.75,below,,LB3,
2098-2095,LB3,,-22.0,-18.565,below,,LB3,
3146-4875,LB5,,9.74,13.0,above,,LB5,
3190-4905,LB5,,10.5,13.0,above,,LB5,
4875-LGD1,LB5,,13.0,18.545,above,,LB5,
4905-LGD3,LB5,,13.0,18.545,above,,LB5,
1030-PK02,LB1,,-40.81,-38.565,below,,LB1,
1053-PK03,LB1,,-40.81,-38.565,below,,LB1,
1257-1254,LB1,,-30.05,-25.75,below,,LB1,
1282-2175,LAC,,-25.75,-22.0,below,,LAC,
1284-1282,LB1,,-30.05,-25.75,below,,LB1,
2138-1254,LB1,,-22.0,-25.75,below,,LB1,
2138-2142,LB1,,-22.0,-18.77,below,,LB1,
2139-2278,LB1,,-10.0,-9.0,below,,LB1,
2172-2282,LB1,,-10.0,-9.0,below,,LB1,
2175-2174,LAC,,-22.0,-18.77,below,,LAC,
3085-2278,LB1,,-6.0,-9.0,below,,LB1,
3104-2282,LB1,,-6.0,-9.0,below,,LB1,
3104-3246,LBN,,-6.0,-4.3,in,member straddles splash zone boundary,LBN,
3506-3085,LBN,,-4.3,-6.0,in,member straddles splash zone boundary,LBN,
1259-PK08,LAC,,-40.81,-38.565,below,,LAC,
1280-PK05,LAC,,-40.81,-38.565,below,,LAC,
2144-2283,LAC,,-10.0,-9.0,below,,LAC,
2145-2279,LAC,,-10.0,-9.0,below,,LAC,
2222-3001,LAC,,-8.3,-6.0,below,,LAC,
2229-3193,LAC,,-7.0,-6.0,below,,LAC,
2283-2229,LAC,,-9.0,-7.0,below,,LAC,
2534-2535,LNN,,-8.8,-8.0,below,,LNN,
2535-2536,LNN,,-8.0,-6.8,below,,LNN,
2536-3575,LNN,,-6.8,-6.0,below,,LNN,
3001-3509,LBP,,-6.0,-4.3,in,member straddles splash zone boundary,LBP,
3037-2223,LAC,,-6.0,-8.3,below,,LAC,
3037-3249,LBP,,-6.0,-4.3,in,member straddles splash zone boundary,LBP,
3057-2271,LAC,,-6.0,-9.3,below,,LAC,
3057-3507,LBP,,-6.0,-4.3,in,member straddles splash zone boundary,LBP,
3059-4270,LA6,,9.445,13.0,above,,LA6,
3078-4283,LA6,,9.445,13.0,above,,LA6,
3081-2277,LAC,,-6.0,-9.3,below,,LAC,
3081-3244,LBP,,-6.0,-4.3,in,member straddles splash zone boundary,LBP,
3151-2279,LAC,,-6.0,-9.0,below,,LAC,
3193-3252,LBP,,-6.0,-4.3,in,member straddles splash zone boundary,LBP,
3522-3523,LN1,,-5.2,-4.3,in,member straddles splash zone boundary,LN1,
3575-3522,LNN,,-6.0,-5.2,below,,LNN,
4270-LGB1,LA6,,13.0,18.545,above,,LA6,
4283-LGB3,LA6,,13.0,18.545,above,,LA6,
1256-1258,LP6,,-33.61,-37.0,below,,LP6,
1286-1279,LP6,,-37.0,-33.61,below,,LP6,
PK05-1286,LP6,,-38.565,-37.0,below,,LP6,
PK08-1258,LP6,,-38.565,-37.0,below,,LP6,
1256-1721,LP7,,-33.61,-30.57,below,,LP7,
1279-1723,LP7,,-33.61,-30.57,below,,LP7,
1721-1257,LP8,,-30.57,-30.05,below,,LP8,
1723-1284,LP8,,-30.57,-30.05,below,,LP8,
1349-1354,LCK,,-30.05,-25.75,below,,LCK,
1380-1378,LCK,,-30.05,-25.75,below,,LCK,
1354-2202,LCO,,-25.75,-22.0,below,,LCO,
1375-PK06,LCO,,-40.81,-38.365,below,,LCO,
1378-2228,LCO,,-25.75,-22.0,below,,LCO,
2202-2201,LCO,,-22.0,-18.85,below,,LCO,
2228-2231,LCO,,-22.0,-18.85,below,,LCO,
1352-PK07,LCO,,-40.81,-38.365,below,,LCO,
3543-3544,LD1,CORCON1,-2.0,0.5,in,,LD1,CORCON1
1348-1353,LPB,,-37.0,-33.285,below,,LPB,
1377-1374,LPB,,-37.0,-33.44,below,,LPB,
PK06-1377,LPB,,-38.365,-37.0,below,,LPB,
PK07-1348,LPB,,-38.365,-37.0,below,,LPB,
1353-1722,LP9,,-33.285,-30.57,below,,LP9,
1374-1724,LP9,,-33.44,-30.57,below,,LP9,
1722-1349,LPA,,-30.57,-30.05,below,,LPA,
1724-1380,LP0,,-30.57,-30.05,below,,LP0,
3002-3106,LBF,,-2.405,5.1,in,,LBF,
3036-3107,LBF,,-2.405,5.1,in,,LBF,
3082-3648,LBF,,5.615,8.2,in,,LBF,
3084-3082,LBF,,-3.005,5.615,in,,LBF,
3102-3105,LBF,,-1.8,3.2,in,,LBF,
3105-3649,LBF,,3.2,8.2,in,,LBF,
3084-3506,LBN,,-3.005,-4.3,in,,LBN,
3244-3079,LBN,,-4.3,-2.8,in,,LBN,
3246-3102,LBN,,-4.3,-1.8,in,,LBN,
3249-3036,LBN,,-4.3,-2.405,in,,LBN,
3507-3056,LBN,,-4.3,-2.8,in,,LBN,
3509-3002,LBN,,-4.3,-2.405,in,,LBN,
3008-3650,LZ3,,6.5,8.2,in,,LZ3,
3030-3651,LZ3,,6.5,8.2,in,,LZ3,
3106-3008,LZ3,,5.1,6.5,in,,LZ3,
3107-3030,LZ3,,5.1,6.5,in,,LZ3,
3145-BM19,LZ3,,-2.53,-0.75,in,,LZ3,
3186-3192,LZ3,,-1.8,0.7,in,,LZ3,
BM19-BM20,LZ3,,-0.75,2.5,in,,LZ3,
BM20-3149,LZ3,,2.5,4.5,in,,LZ3,
3133-3554,LAJ,,-3.0,6.0,in,,LAJ,
3236-3091,LZ1,,-4.3,-3.047,in,,LZ1,
3525-3550,LAJ,,-3.0,6.0,in,,LAJ,
3550-3644,LAJ,,6.0,8.2,in,,LAJ,
3554-3645,LAJ,,6.0,8.2,in,,LAJ,
3167-3172,LAX,,3.6,4.5,in,,LAX,
3172-3712,LAX,,4.5,5.4,in,,LAX,
3237-3171,LAX,,-4.3,-2.75,in,,LAX,
3521-3133,LAX,,-4.3,-3.0,in,,LAX,
3524-3525,LAX,,-4.3,-3.0,in,,LAX,
3056-3638,LBJ,,-2.8,8.2,in,,LBJ,
3079-3639,LBJ,,-2.8,8.2,in,,LBJ,
3149-BM22,LBJ,,4.5,5.5,in,,LBJ,
3150-3637,LBJ,,6.0,8.2,in,,LBJ,
3191-3647,LBJ,,6.0,8.2,in,,LBJ,
3192-3191,LBJ,,0.7,6.0,in,,LBJ,
BM22-3150,LBJ,,5.5,6.0,in,,LBJ,
3066-3571,LNK,,-2.3,2.95,in,,LNK,
3091-3643,LNK,,-3.047,8.2,in,,LNK,
3544-3545,LNK,,0.5,3.305,in,,LNK,
3547-3640,LNK,,6.305,8.2,in,,LNK,
3571-3646,LNK,,2.95,8.2,in,,LNK,
3020-3567,LNC,,-2.3,2.95,in,,LNC,
3171-3167,LNC,,-2.75,3.6,in,,LNC,
3567-3641,LNC,,2.95,8.2,in,,LNC,
3712-3642,LNC,,5.4,8.2,in,,LNC,
3232-3020,LNE,,-4.3,-2.3,in,,LNE,
3238-3066,LBZ,,-4.3,-2.3,in,,LBZ,
3252-3186,LBP,,-4.3,-1.8,in,,LBP,
3523-3543,LBP,,-4.3,-2.0,in,,LBP,
3545-3546,LNG,,3.305,4.805,in,,LNG,
3546-3547,LNG,,4.805,6.305,in,,LNG,
1003-2001,PL1,,-27.58,-21.93,below,,PL1,
1014-2002,PL1,,-27.58,-21.93,below,,PL1,
1063-2043,PL1,,-27.58,-21.93,below,,PL1,
1073-2044,PL1,,-27.58,-21.93,below,,PL1,
1084-2062,PL1,,-27.58,-21.93,below,,PL1,
1095-2063,PL1,,-27.58,-21.929,below,,PL1,
1146-2103,PL1,,-27.58,-21.93,below,,PL1,
1155-2104,PL1,,-27.58,-21.932,below,,PL1,
1223-2132,PL1,,-27.58,-21.93,below,,PL1,
1232-2133,PL1,,-27.58,-21.93,below,,PL1,
1243-2134,PL1,,-27.58,-21.03,below,,PL1,
1249-2135,PL1,,-27.58,-21.03,below,,PL1,
1287-2176,PL1,,-27.58,-21.93,below,,PL1,
1298-2177,PL1,,-27.58,-21.93,below,,PL1,
1336-2196,PL1,,-27.58,-21.93,below,,PL1,
1345-2197,PL1,,-27.58,-21.93,below,,PL1,
1383-2232,PL1,,-27.58,-21.03,below,,PL1,
1388-2233,PL1,,-27.58,-21.03,below,,PL1,
1397-2234,PL1,,-27.58,-21.93,below,,PL1,
1403-2235,PL1,,-27.58,-21.93,below,,PL1,
PA1A-1512,PL1,,-42.31,-40.5,below,,PL1,
PA1C-1504,PL1,,-42.31,-40.5,below,,PL1,
PA3A-1500,PL1,,-42.31,-40.5,below,,PL1,
PA3C-1503,PL1,,-42.31,-40.5,below,,PL1,
PB1A-1518,PL1,,-42.31,-40.5,below,,PL1,
PB1C-1511,PL1,,-42.31,-40.5,below,,PL1,
PB3A-1508,PL1,,-42.31,-40.502,below,,PL1,
PB3C-1516,PL1,,-42.31,-40.499,below,,PL1,
PC1A-1517,PL1,,-42.31,-40.5,below,,PL1,
PC1B-1502,PL1,,-42.31,-40.5,below,,PL1,
PC1C-1521,PL1,,-42.31,-40.5,below,,PL1,
PC3A-1520,PL1,,-42.31,-40.5,below,,PL1,
PC3B-1507,PL1,,-42.31,-40.5,below,,PL1,
PC3C-1514,PL1,,-42.31,-40.5,below,,PL1,
PD1A-1506,PL1,,-42.31,-40.5,below,,PL1,
PD1B-1519,PL1,,-42.31,-40.5,below,,PL1,
PD1C-1523,PL1,,-42.31,-40.5,below,,PL1,
PD3A-1505,PL1,,-42.31,-40.5,below,,PL1,
PD3B-1522,PL1,,-42.31,-40.5,below,,PL1,
PD3C-1501,PL1,,-42.31,-40.5,below,,PL1,
1005-1033,PL3,,-30.05,-30.05,below,,PL3,
1007-PK02,PL3,,-38.565,-38.565,below,,PL3,
1010-1055,PL3,,-30.05,-30.05,below,,PL3,
1012-PK03,PL3,,-38.565,-38.565,below,,PL3,
1016-1005,PL3,,-30.05,-30.05,below,,PL3,
1018-1007,PL3,,-38.565,-38.565,below,,PL3,
1022-1010,PL3,,-30.05,-30.05,below,,PL3,
1022-1070,PL3,,-30.05,-30.05,below,,PL3,
1024-1012,PL3,,-38.565,-38.565,below,,PL3,
1024-1067,PL3,,-38.565,-38.565,below,,PL3,
1055-1070,PL3,,-30.05,-30.05,below,,PL3,
1061-1018,PL3,,-38.565,-38.565,below,,PL3,
1061-PK02,PL3,,-38.565,-38.565,below,,PL3,
1062-1016,PL3,,-30.05,-30.05,below,,PL3,
1062-1033,PL3,,-30.05,-30.05,below,,PL3,
1085-1097,PL3,,-30.05,-30.05,below,,PL3,
1086-PK01,PL3,,-38.565,-38.565,below,,PL3,
1094-1145,PL3,,-38.565509999999996,-38.565,below,,PL3,
1094-PK04,PL3,,-38.56521,-38.564809999999994,below,,PL3,
1096-1123,PL3,,-30.04921,-30.04981,below,,PL3,
1096-1144,PL3,,-30.0495,-30.05,below,,PL3,
1135-1086,PL3,,-38.565,-38.565,below,,PL3,
1135-1147,PL3,,-38.565,-38.565,below,,PL3,
1136-1085,PL3,,-30.05,-30.05,below,,PL3,
1136-1148,PL3,,-30.05,-30.05,below,,PL3,
1144-1156,PL3,,-30.05,-30.051009999999998,below,,PL3,
1145-1158,PL3,,-38.565,-38.56399,below,,PL3,
1147-PK01,PL3,,-38.565,-38.565,below,,PL3,
1148-1097,PL3,,-30.05,-30.05,below,,PL3,
1156-1123,PL3,,-30.05158,-30.05038,below,,PL3,
1158-PK04,PL3,,-38.564569999999996,-38.56538,below,,PL3,
1226-PK08,PL3,,-38.565,-38.565,below,,PL3,
1227-1257,PL3,,-30.05,-30.05,below,,PL3,
1230-1244,PL3,,-30.05,-30.05,below,,PL3,
1230-1284,PL3,,-30.05,-30.05,below,,PL3,
1236-1248,PL3,,-38.565,-38.565,below,,PL3,
1236-PK05,PL3,,-38.565,-38.565,below,,PL3,
1238-1226,PL3,,-38.565,-38.565,below,,PL3,
1238-1290,PL3,,-38.565,-38.565,below,,PL3,
1238-PK08,PL3,,-38.565,-38.565,below,,PL3,
1239-1227,PL3,,-30.05,-30.05,below,,PL3,
1239-1257,PL3,,-30.05,-30.05,below,,PL3,
1239-1291,PL3,,-30.05,-30.05,below,,PL3,
1244-1284,PL3,,-30.05,-30.05,below,,PL3,
1244-1296,PL3,,-30.05,-30.05,below,,PL3,
1248-1294,PL3,,-38.565,-38.565,below,,PL3,
1248-PK05,PL3,,-38.565,-38.565,below,,PL3,
1290-PK08,PL3,,-38.565,-38.565,below,,PL3,
1291-1257,PL3,,-30.05,-30.05,below,,PL3,
1294-PK05,PL3,,-38.565,-38.565,below,,PL3,
1296-1284,PL3,,-30.05,-30.05,below,,PL3,
1334-1386,PL3,,-38.365,-38.365,below,,PL3,
1334-PK07,PL3,,-38.365,-38.365,below,,PL3,
1340-1349,PL3,,-30.05,-30.05,below,,PL3,
1340-1385,PL3,,-30.05,-30.05,below,,PL3,
1343-1392,PL3,,-38.365,-38.365,below,,PL3,
1343-PK06,PL3,,-38.365,-38.365,below,,PL3,
1344-1380,PL3,,-30.05,-30.05,below,,PL3,
1344-1393,PL3,,-30.05,-30.05,below,,PL3,
1385-1349,PL3,,-30.05,-30.05,below,,PL3,
1386-PK07,PL3,,-38.365,-38.365,below,,PL3,
1392-1404,PL3,,-38.365,-38.365,below,,PL3,
1392-PK06,PL3,,-38.365,-38.365,below,,PL3,
1393-1380,PL3,,-30.05,-30.05,below,,PL3,
1393-1407,PL3,,-30.05,-30.05,below,,PL3,
1400-1386,PL3,,-38.365,-38.365,below,,PL3,
1400-PK07,PL3,,-38.365,-38.365,below,,PL3,
1401-1349,PL3,,-30.05,-30.05,below,,PL3,
1401-1385,PL3,,-30.05,-30.05,below,,PL3,
1404-PK06,PL3,,-38.365,-38.365,below,,PL3,
1407-1380,PL3,,-30.05,-30.05,below,,PL3,
PK03-1067,PL3,,-38.565,-38.565,below,,PL3,
BL23-RP02,R03,RHS200,9.85,9.85,above,,R03,RHS200
BM06-RP14,R01,RHS200,9.85,9.85,above,,R01,RHS200
RP01-BL23,R03,RHS200,9.85,9.85,above,,R03,RHS200
RP01-RP03,R01,RHS200,9.85,9.85,above,,R01,RHS200
RP03-RP04,R02,RHS200,9.85,9.85,above,,R02,RHS200
RP03-RP07,R01,RHS200,9.85,9.85,above,,R01,RHS200
RP04-RP05,R02,RHS200,9.85,9.85,above,,R02,RHS200
RP04-RP09,R01,RHS200,9.85,9.85,above,,R01,RHS200
RP05-RP06,R02,RHS200,9.85,9.85,above,,R02,RHS200
RP05-RP10,R01,RHS200,9.85,9.85,above,,R01,RHS200
RP07-RP08,R02,RHS200,9.85,9.85,above,,R02,RHS200
RP07-RP12,R01,RHS200,9.85,9.85,above,,R01,RHS200
RP08-RP09,R02,RHS200,9.85,9.85,above,,R02,RHS200
RP09-RP10,R02,RHS200,9.85,9.85,above,,R02,RHS200
RP10-BM06,R01,RHS200,9.85,9.85,above,,R01,RHS200
RP10-RP13,R02,RHS200,9.85,9.85,above,,R02,RHS200
RP11-RP12,R01,RHS200,9.85,9.85,above,,R01,RHS200
RP12-RP13,R02,RHS200,9.85,9.85,above,,R02,RHS200
RP13-RP14,R02,RHS200,9.85,9.85,above,,R02,RHS200
RP14-RP15,R01,RHS200,9.85,9.85,above,,R01,RHS200
RP02-RP06,R04,RHS203,9.85,9.85,above,,R04,RHS203
BO09-BO48,R06,RHS204,9.611949999999998,9.85,above,,R06,RHS204
1007-1006,SL1,PSLEEV1,-38.565,-37.58,below,,SL1,PSLEEV1
1012-1009,SL1,PSLEEV1,-38.565,-37.58,below,,SL1,PSLEEV1
1061-1060,SL1,PSLEEV1,-38.565,-37.58,below,,SL1,PSLEEV1
1067-1071,SL1,PSLEEV1,-38.565,-37.58,below,,SL1,PSLEEV1
1086-1087,SL1,PSLEEV1,-38.565,-37.58,below,,SL1,PSLEEV1
1094-1091,SL1,PSLEEV1,-38.565,-37.579,below,,SL1,PSLEEV1
1147-1152,SL1,PSLEEV1,-38.565,-37.58,below,,SL1,PSLEEV1
1158-1159,SL1,PSLEEV1,-38.565,-37.582,below,,SL1,PSLEEV1
1500-1067,SL1,PSLEEV1,-40.5,-38.565,below,,SL1,PSLEEV1
1503-1012,SL1,PSLEEV1,-40.5,-38.565,below,,SL1,PSLEEV1
1504-1007,SL1,PSLEEV1,-40.5,-38.565,below,,SL1,PSLEEV1
1508-1158,SL1,PSLEEV1,-40.502,-38.565,below,,SL1,PSLEEV1
1511-1086,SL1,PSLEEV1,-40.5,-38.565,below,,SL1,PSLEEV1
1512-1061,SL1,PSLEEV1,-40.5,-38.565,below,,SL1,PSLEEV1
1516-1094,SL1,PSLEEV1,-40.499,-38.565,below,,SL1,PSLEEV1
1518-1147,SL1,PSLEEV1,-40.5,-38.565,below,,SL1,PSLEEV1
1005-1003,SL2,PSLEEV2,-30.05,-27.58,below,,SL2,PSLEEV2
1006-1005,SL2,PSLEEV2,-37.58,-30.05,below,,SL2,PSLEEV2
1009-1010,SL2,PSLEEV2,-37.58,-30.05,below,,SL2,PSLEEV2
1010-1014,SL2,PSLEEV2,-30.05,-27.58,below,,SL2,PSLEEV2
1060-1062,SL2,PSLEEV2,-37.58,-30.05,below,,SL2,PSLEEV2
1062-1063,SL2,PSLEEV2,-30.05,-27.58,below,,SL2,PSLEEV2
1070-1073,SL2,PSLEEV2,-30.05,-27.58,below,,SL2,PSLEEV2
1071-1070,SL2,PSLEEV2,-37.58,-30.05,below,,SL2,PSLEEV2
1085-1084,SL2,PSLEEV2,-30.05,-27.58,below,,SL2,PSLEEV2
1087-1085,SL2,PSLEEV2,-37.58,-30.05,below,,SL2,PSLEEV2
1091-1096,SL2,PSLEEV2,-37.579,-30.049,below,,SL2,PSLEEV2
1096-1095,SL2,PSLEEV2,-30.049,-27.58,below,,SL2,PSLEEV2
1148-1146,SL2,PSLEEV2,-30.05,-27.58,below,,SL2,PSLEEV2
1152-1148,SL2,PSLEEV2,-37.58,-30.05,below,,SL2,PSLEEV2
1156-1155,SL2,PSLEEV2,-30.052,-27.58,below,,SL2,PSLEEV2
1159-1156,SL2,PSLEEV2,-37.582,-30.052,below,,SL2,PSLEEV2
1004-1003,SL3,SLCONE1,-26.93,-27.58,below,,SL3,SLCONE1
1008-1014,SL3,SLCONE1,-26.93,-27.58,below,,SL3,SLCONE1
1065-1063,SL3,SLCONE1,-26.93,-27.58,below,,SL3,SLCONE1
1069-1073,SL3,SLCONE1,-26.93,-27.58,below,,SL3,SLCONE1
1089-1084,SL3,SLCONE1,-26.93,-27.58,below,,SL3,SLCONE1
1090-1095,SL3,SLCONE1,-26.93,-27.58,below,,SL3,SLCONE1
1151-1146,SL3,SLCONE1,-26.93,-27.58,below,,SL3,SLCONE1
1154-1155,SL3,SLCONE1,-26.93,-27.58,below,,SL3,SLCONE1
1224-1223,SL3,SLCONE1,-26.93,-27.58,below,,SL3,SLCONE1
1235-1232,SL3,SLCONE1,-26.93,-27.58,below,,SL3,SLCONE1
1241-1243,SL3,SLCONE1,-26.93,-27.58,below,,SL3,SLCONE1
1247-1249,SL3,SLCONE1,-26.93,-27.58,below,,SL3,SLCONE1
1289-1287,SL3,SLCONE1,-26.93,-27.58,below,,SL3,SLCONE1
1297-1298,SL3,SLCONE1,-26.93,-27.58,below,,SL3,SLCONE1
1339-1336,SL3,SLCONE1,-26.93,-27.58,below,,SL3,SLCONE1
1346-1345,SL3,SLCONE1,-26.93,-27.58,below,,SL3,SLCONE1
1384-1383,SL3,SLCONE1,-26.93,-27.58,below,,SL3,SLCONE1
1394-1388,SL3,SLCONE1,-26.93,-27.58,below,,SL3,SLCONE1
1399-1397,SL3,SLCONE1,-26.93,-27.58,below,,SL3,SLCONE1
1402-1403,SL3,SLCONE1,-26.93,-27.58,below,,SL3,SLCONE1
1004-1001,SL4,,-26.93,-25.88,below,,SL4,
1008-1011,SL4,,-26.93,-25.88,below,,SL4,
1065-1064,SL4,,-26.93,-25.88,below,,SL4,
1069-1072,SL4,,-26.93,-25.88,below,,SL4,
1089-1088,SL4,,-26.93,-25.88,below,,SL4,
1090-1093,SL4,,-26.93,-25.88,below,,SL4,
1151-1150,SL4,,-26.93,-25.88,below,,SL4,
1154-1157,SL4,,-26.93,-25.88,below,,SL4,
1224-1228,SL4,,-26.93,-25.88,below,,SL4,
1235-1233,SL4,,-26.93,-25.88,below,,SL4,
1241-1240,SL4,,-26.93,-25.88,below,,SL4,
1247-1245,SL4,,-26.93,-25.88,below,,SL4,
1289-1292,SL4,,-26.93,-25.88,below,,SL4,
1297-1295,SL4,,-26.93,-25.88,below,,SL4,
1339-1335,SL4,,-26.93,-25.88,below,,SL4,
1346-1347,SL4,,-26.93,-25.88,below,,SL4,
1384-1387,SL4,,-26.93,-25.88,below,,SL4,
1394-1389,SL4,,-26.93,-25.88,below,,SL4,
1399-1398,SL4,,-26.93,-25.88,below,,SL4,
1402-1405,SL4,,-26.93,-25.88,below,,SL4,
1002-1504,SL5,,-40.81,-40.5,below,,SL5,
1013-1503,SL5,,-40.81,-40.5,below,,SL5,
1066-1512,SL5,,-40.81,-40.5,below,,SL5,
1068-1500,SL5,,-40.81,-40.5,below,,SL5,
1083-1511,SL5,,-40.81,-40.5,below,,SL5,
1092-1516,SL5,,-40.809,-40.499,below,,SL5,
1149-1518,SL5,,-40.81,-40.5,below,,SL5,
1153-1508,SL5,,-40.812,-40.502,below,,SL5,
1225-1521,SL5,,-40.81,-40.5,below,,SL5,
1234-1514,SL5,,-40.81,-40.5,below,,SL5,
1242-1502,SL5,,-40.81,-40.5,below,,SL5,
1246-1507,SL5,,-40.81,-40.5,below,,SL5,
1293-1517,SL5,,-40.81,-40.5,below,,SL5,
1300-1520,SL5,,-40.81,-40.5,below,,SL5,
1338-1523,SL5,,-40.81,-40.5,below,,SL5,
1342-1501,SL5,,-40.81,-40.5,below,,SL5,
1382-1519,SL5,,-40.81,-40.5,below,,SL5,
1391-1522,SL5,,-40.81,-40.5,below,,SL5,
1395-1506,SL5,,-40.81,-40.5,below,,SL5,
1406-1505,SL5,,-40.81,-40.5,below,,SL5,
1226-1229,SL7,PSLEEV1,-38.565,-37.58,below,,SL7,PSLEEV1
1236-1231,SL7,PSLEEV1,-38.565,-37.58,below,,SL7,PSLEEV1
1238-1237,SL7,PSLEEV1,-38.565,-37.58,below,,SL7,PSLEEV1
1248-1250,SL7,PSLEEV1,-38.565,-37.58,below,,SL7,PSLEEV1
1290-1288,SL7,PSLEEV1,-38.565,-37.58,below,,SL7,PSLEEV1
1294-1299,SL7,PSLEEV1,-38.565,-37.58,below,,SL7,PSLEEV1
1334-1337,SLA,PSLEEV1,-38.365,-37.58,below,,SLA,PSLEEV1
1343-1341,SLA,PSLEEV1,-38.365,-37.58,below,,SLA,PSLEEV1
1386-1381,SLA,PSLEEV1,-38.365,-37.58,below,,SLA,PSLEEV1
1392-1390,SLA,PSLEEV1,-38.365,-37.58,below,,SLA,PSLEEV1
1400-1396,SLA,PSLEEV1,-38.365,-37.58,below,,SLA,PSLEEV1
1404-1408,SLA,PSLEEV1,-38.365,-37.58,below,,SLA,PSLEEV1
1501-1343,SLA,PSLEEV1,-40.5,-38.365,below,,SLA,PSLEEV1
1502-1238,SL7,PSLEEV1,-40.5,-38.565,below,,SL7,PSLEEV1
1505-1404,SLA,PSLEEV1,-40.5,-38.365,below,,SLA,PSLEEV1
1506-1400,SLA,PSLEEV1,-40.5,-38.365,below,,SLA,PSLEEV1
1507-1248,SL7,PSLEEV1,-40.5,-38.565,below,,SL7,PSLEEV1
1514-1236,SL7,PSLEEV1,-40.5,-38.565,below,,SL7,PSLEEV1
1517-1290,SL7,PSLEEV1,-40.5,-38.565,below,,SL7,PSLEEV1
1519-1386,SLA,PSLEEV1,-40.5,-38.365,below,,SLA,PSLEEV1
1520-1294,SL7,PSLEEV1,-40.5,-38.565,below,,SL7,PSLEEV1
1521-1226,SL7,PSLEEV1,-40.5,-38.565,below,,SL7,PSLEEV1
1522-1392,SLA,PSLEEV1,-40.5,-38.365,below,,SLA,PSLEEV1
1523-1334,SLA,PSLEEV1,-40.5,-38.365,below,,SLA,PSLEEV1
1227-1223,SL8,PSLEEV2,-30.05,-27.58,below,,SL8,PSLEEV2
1229-1227,SL8,PSLEEV2,-37.58,-30.05,below,,SL8,PSLEEV2
1230-1232,SL8,PSLEEV2,-30.05,-27.58,below,,SL8,PSLEEV2
1231-1230,SL8,PSLEEV2,-37.58,-30.05,below,,SL8,PSLEEV2
1237-1239,SL8,PSLEEV2,-37.58,-30.05,below,,SL8,PSLEEV2
1239-1243,SL8,PSLEEV2,-30.05,-27.58,below,,SL8,PSLEEV2
1244-1249,SL8,PSLEEV2,-30.05,-27.58,below,,SL8,PSLEEV2
1250-1244,SL8,PSLEEV2,-37.58,-30.05,below,,SL8,PSLEEV2
1288-1291,SL8,PSLEEV2,-37.58,-30.05,below,,SL8,PSLEEV2
1291-1287,SL8,PSLEEV2,-30.05,-27.58,below,,SL8,PSLEEV2
1296-1298,SL8,PSLEEV2,-30.05,-27.58,below,,SL8,PSLEEV2
1299-1296,SL8,PSLEEV2,-37.58,-30.05,below,,SL8,PSLEEV2
1337-1340,SLB,PSLEEV2,-37.58,-30.05,below,,SLB,PSLEEV2
1340-1336,SLB,PSLEEV2,-30.05,-27.58,below,,SLB,PSLEEV2
1341-1344,SLB,PSLEEV2,-37.58,-30.05,below,,SLB,PSLEEV2
1344-1345,SLB,PSLEEV2,-30.05,-27.58,below,,SLB,PSLEEV2
1381-1385,SLB,PSLEEV2,-37.58,-30.05,below,,SLB,PSLEEV2
1385-1383,SLB,PSLEEV2,-30.05,-27.58,below,,SLB,PSLEEV2
1390-1393,SLB,PSLEEV2,-37.58,-30.05,below,,SLB,PSLEEV2
1393-1388,SLB,PSLEEV2,-30.05,-27.58,below,,SLB,PSLEEV2
1396-1401,SLB,PSLEEV2,-37.58,-30.05,below,,SLB,PSLEEV2
1401-1397,SLB,PSLEEV2,-30.05,-27.58,below,,SLB,PSLEEV2
1407-1403,SLB,PSLEEV2,-30.05,-27.58,below,,SLB,PSLEEV2
1408-1407,SLB,PSLEEV2,-37.58,-30.05,below,,SLB,PSLEEV2
1524-1728,V01,HECONEA,-34.402,-32.605,below,,V01,HECONEA
1525-1730,V01,HECONEA,-34.402,-32.605,below,,V01,HECONEA
1499-1729,V03,HECONEC,-34.32,-32.767,below,,V03,HECONEC
1526-1731,V03,HECONEC,-34.32,-32.767,below,,V03,HECONEC
1584-1588,V05,VGCONEA,-32.47,-31.634,below,,V05,VGCONEA
1362-1567,HAX,,-35.2552,-34.385,below,,HAX,
1567-1569,HAX,,-34.385,-29.471,below,,HAX,
1568-2509,HAX,,-24.557,-23.705,below,,HAX,
1569-1568,HAX,,-29.471,-24.557,below,,HAX,
1045-1056,VA2,,-35.4652,-34.866,below,,VA2,
1045-1080,VA2,,-35.4652,-34.866,below,,VA2,
1056-1103,VA2,,-34.866,-29.495,below,,VA2,
1080-1104,VA2,,-34.866,-29.495,below,,VA2,
1081-2008,VA2,,-24.124,-23.535,below,,VA2,
1082-2042,VA2,,-24.124,-23.535,below,,VA2,
1103-1221,VA2,,-29.495,-27.104,below,,VA2,
1104-1106,VA2,,-29.495,-26.704,below,,VA2,
1106-1206,VA2,,-26.704,-26.109,below,,VA2,
1108-1082,VA2,,-24.598,-24.124,below,,VA2,
1115-1126,VA2,,-35.4653,-34.865,below,,VA2,
1115-1131,VA2,,-35.4652,-34.865,below,,VA2,
1121-1122,VA2,,-26.577,-25.675,below,,VA2,
1122-1198,VA2,,-25.675,-24.759,below,,VA2,
1126-1130,VA2,,-34.865,-29.495,below,,VA2,
1129-2066,VA2,,-24.124,-23.535,below,,VA2,
1130-1129,VA2,,-29.495,-24.124,below,,VA2,
1131-1134,VA2,,-34.865,-29.495,below,,VA2,
1132-2098,VA2,,-24.124,-23.535,below,,VA2,
1134-1132,VA2,,-29.495,-24.124,below,,VA2,
1198-1081,VA2,,-24.759,-24.124,below,,VA2,
1199-1108,VA2,,-25.193,-24.598,below,,VA2,
1206-1199,VA2,,-26.109,-25.193,below,,VA2,
1221-1121,VA2,,-27.104,-26.577,below,,VA2,
1268-1270,VA2,,-35.3618,-34.764,below,,VA2,
1268-1273,VA2,,-35.3619,-34.764,below,,VA2,
1270-1276,VA2,,-34.764,-29.44,below,,VA2,
1272-2138,VA2,,-24.115,-23.528,below,,VA2,
1273-1277,VA2,,-34.764,-29.44,below,,VA2,
1274-2175,VA2,,-24.115,-23.528,below,,VA2,
1276-1272,VA2,,-29.44,-24.115,below,,VA2,
1277-1274,VA2,,-29.44,-24.115,below,,VA2,
1200-1204,VBR,,-34.99,-29.468,below,,VBR,
1201-2501,VBR,,-23.945,-23.415,below,,VBR,
1202-1205,VBR,,-34.99,-29.468,below,,VBR,
1203-2516,VBR,,-23.945,-23.415,below,,VBR,
1204-2199,VBR,,-29.468,-28.504,below,,VBR,
1205-2206,VAE,,-29.468,-28.504,below,,VAE,
1209-2205,VBR,,-27.733,-27.505,below,,VBR,
1217-1201,VBR,,-26.977,-23.945,below,,VBR,
1220-1203,VBR,,-26.977,-23.945,below,,VBR,
1252-2569,VBR,,-15.577,-15.016,below,,VBR,
1253-2561,VBR,,-15.563,-15.002,below,,VBR,
1255-2563,VBR,,-9.773,-9.202,below,,VBR,
1515-1200,VBR,,-35.5345,-34.99,below,,VBR,
1515-1202,VBR,,-35.5345,-34.99,below,,VBR,
2014-2020,VBX,,-20.048,-14.0,below,,VBX,
2015-3001,VBX,,-7.952,-7.415,below,,VBX,
2020-2015,VBX,,-14.0,-7.952,below,,VBX,
2027-3037,VBY,,-7.952,-7.415,below,,VBY,
2028-2029,VBY,,-20.048,-14.0,below,,VBY,
2029-2027,VBY,,-14.0,-7.952,below,,VBY,
2066-2014,VBX,,-20.5843,-20.048,below,,VBX,
2098-2028,VBY,,-20.5843,-20.048,below,,VBY,
2199-2200,VBR,,-28.504,-27.505,below,,VBR,
2200-1217,VBR,,-27.505,-26.977,below,,VBR,
2205-1220,VBR,,-27.505,-26.977,below,,VBR,
2206-1209,VAE,,-28.504,-27.733,below,,VAE,
2501-2544,VBR,,-20.5688,-20.001,below,,VBR,
2509-2564,VAC,,-20.4463,-19.78,below,,VAC,
2516-2560,VBR,,-20.5687,-20.001,below,,VBR,
2527-2552,VBR,,-11.711,-11.14,below,,VBR,
2532-1255,VBR,,-10.334,-9.773,below,,VBR,
2544-2556,VBR,,-20.001,-17.508,below,,VBR,
2545-3575,VBR,,-8.101,-7.531,below,,VBR,
2552-2559,VBR,,-11.14,-9.62,below,,VBR,
2556-1252,VBR,,-17.508,-15.577,below,,VBR,
2559-2545,VBR,,-9.62,-8.101,below,,VBR,
2560-2567,VBR,,-20.001,-17.407,below,,VBR,
2561-2528,VBR,,-15.002,-14.24,below,,VBR,
2562-3575,VBR,,-8.071,-7.531,below,,VBR,
2563-2562,VBR,,-9.202,-8.071,below,,VBR,
2564-2566,VAC,,-19.78,-14.036,below,,VAC,
2565-3170,VAC,,-8.292,-7.693,below,,VAC,
2566-2565,VAC,,-14.036,-8.292,below,,VAC,
2567-1253,VBR,,-17.407,-15.563,below,,VBR,
2569-2524,VBR,,-15.016,-14.339,below,,VBR,
3559-3555,VBZ,,10.829,8.233,above,,VBZ,
3616-3548,HZ2,,10.783,8.184,in,member straddles splash zone boundary,HZ2,
4500-3616,HZ3,,11.42,10.783,above,,HZ3,
4521-3559,VBZ,,11.479,10.829,above,,VBZ,
2008-2058,VAA,,-20.4197,-19.88,below,,VAA,
2017-2079,VBD,,-16.588,-13.972,below,,VBD,
2038-2140,VBD,,-17.126,-13.992,below,,VBD,
2042-2147,VAB,,-20.4778,-19.919,below,,VAB,
2066-2096,VBD,,-20.5073,-19.929,below,,VBD,
2079-2082,VBD,,-13.972,-8.063,below,,VBD,
2082-3019,VBD,,-8.063,-7.51,below,,VBD,
2085-3019,VBD,,-8.066,-7.511,below,,VBD,
2096-2102,VBD,,-19.929,-13.979,below,,VBD,
2098-2101,VBD,,-20.5073,-19.928,below,,VBD,
2100-3067,VBD,,-8.013,-7.436999999999999,below,,VBD,
2101-2105,VBD,,-19.928,-13.971,below,,VBD,
2102-2099,VBD,,-13.979,-8.029,below,,VBD,
2105-2100,VBD,,-13.971,-8.013,below,,VBD,
2138-2284,VBD,,-20.513,-19.936,below,,VBD,
2140-2085,VBD,,-13.992,-8.066,below,,VBD,
2141-2149,VBD,,-18.681,-17.685,below,,VBD,
2149-2038,VBD,,-17.685,-17.126,below,,VBD,
2171-2017,VBD,,-17.145,-16.588,below,,VBD,
2175-2286,VBD,,-20.513,-19.938,below,,VBD,
2178-2171,VBD,,-18.124,-17.145,below,,VBD,
2180-2178,VBD,,-19.118,-18.124,below,,VBD,
2284-2288,VBD,,-19.936,-14.014,below,,VBD,
2285-3092,VBD,,-8.092,-7.536,below,,VBD,
2286-2289,VBD,,-19.938,-14.032,below,,VBD,
2287-3092,VBD,,-8.125,-7.585,below,,VBD,
2288-2285,VBD,,-14.014,-8.092,below,,VBD,
2289-2287,VBD,,-14.032,-8.125,below,,VBD,
3067-2099,VBD,,-7.462,-8.029,below,,VBD,
1210-1213,VBF,,-29.35,-28.523,below,,VBF,
1211-1214,VBF,,-29.35,-28.523,below,,VBF,
1213-1215,VBF,,-28.523,-24.631,below,,VBF,
1214-1216,VBF,,-28.523,-24.631,below,,VBF,
1215-2228,VBF,,-24.631,-23.804,below,,VBF,
1216-2202,VBF,,-24.631,-23.804,below,,VBF,
1435-1210,VBF,,-30.766,-29.35,below,,VBF,
1436-1435,VBF,,-31.925,-30.766,below,,VBF,
1457-1458,VBF,,-31.925,-30.765,below,,VBF,
1458-1211,VBF,,-30.765,-29.35,below,,VBF,
1460-1678,VBF,,-31.975,-29.063,below,,VBF,
1469-1680,VBF,,-31.974,-29.066,below,,VBF,
1678-1679,VBF,,-29.063,-27.899,below,,VBF,
1679-1682,VBF,,-27.899,-27.079,below,,VBF,
1680-1681,VBF,,-29.066,-27.898,below,,VBF,
1681-1683,VBF,,-27.898,-27.08144,below,,VBF,
1682-2216,VBF,,-27.079,-23.769,below,,VBF,
1683-2216,VBF,,-27.078,-23.769,below,,VBF,
1728-1460,VBF,,-32.605,-31.975,below,,VBF,
1729-1457,VBF,,-32.767,-31.925,below,,VBF,
1730-1469,VBF,,-32.605,-31.974,below,,VBF,
1731-1436,VBF,,-32.767,-31.925,below,,VBF,
2524-2568,VBG,,-14.339,-13.66,below,,VBG,
2528-2529,VBG,,-14.24,-13.643,below,,VBG,
2529-2530,VBG,,-13.643,-12.285,below,,VBG,
2530-2531,VBG,,-12.285,-10.929,below,,VBG,
2531-2532,VBG,,-10.929,-10.334,below,,VBG,
2551-2527,VBG,,-12.305,-11.711,below,,VBG,
2568-2551,VBG,,-13.66,-12.305,below,,VBG,
3117-3621,VCZ,,8.221,10.516,above,,VCZ,
3210-3618,VCZ,,10.692,8.246,above,,VCZ,
3213-3617,VCZ,,10.693,8.252,above,,VCZ,
3654-3605,VCZ,,8.218,10.516,above,,VCZ,
4270-3621,VCZ,,11.242,10.516,above,,VCZ,
4283-3605,VCZ,,11.242,10.516,above,,VCZ,
4689-3210,VCZ,,11.415,10.692,above,,VCZ,
4704-3213,VCZ,,11.415,10.693,above,,VCZ,
2202-2214,VCG,,-20.4327,-19.797,below,,VCG,
2214-3254,VCG,,-19.797,-16.533,below,,VCG,
2217-3170,VCG,,-8.447,-7.816,below,,VCG,
2220-3250,VCG,,-19.797,-16.533,below,,VCG,
2221-3170,VCG,,-8.447,-7.816,below,,VCG,
2224-2242,VCG,,-12.818,-11.582,below,,VCG,
2228-2220,VCG,,-20.4327,-19.797,below,,VCG,
2230-2238,VCG,,-15.98,-14.85,below,,VCG,
2238-2239,VCG,,-14.85,-13.864,below,,VCG,
2239-2224,VCG,,-13.864,-12.818,below,,VCG,
2242-2249,VCG,,-11.582,-10.566,below,,VCG,
2249-2260,VCG,,-10.566,-9.518,below,,VCG,
2260-2217,VCG,,-9.518,-8.447,below,,VCG,
2261-2221,VCG,,-9.518,-8.447,below,,VCG,
2262-2261,VCG,,-10.566,-9.518,below,,VCG,
2263-2262,VCG,,-11.582,-10.566,below,,VCG,
2264-2263,VCG,,-12.818,-11.582,below,,VCG,
2265-2264,VCG,,-13.864,-12.818,below,,VCG,
2266-2265,VCG,,-14.85,-13.864,below,,VCG,
2267-2266,VCG,,-15.98,-14.85,below,,VCG,
3250-2267,VCG,,-16.533,-15.98,below,,VCG,
3254-2230,VCG,,-16.533,-15.98,below,,VCG,
1019-1025,HDC,,-34.425,-28.968,below,,HDC,
1020-1026,HDC,,-34.425,-28.968,below,,HDC,
1021-2548,H02,,-23.509,-22.67,below,,H02,
1023-2548,H02,,-23.509,-22.67,below,,H02,
1025-1021,HDC,,-28.968,-23.509,below,,HDC,
1026-1023,HDC,,-28.968,-23.509,below,,HDC,
1040-2546,H02,,-23.509,-22.67,below,,H02,
1041-1077,HDC,,-34.425,-28.968,below,,HDC,
1046-1078,HDC,,-34.425,-28.968,below,,HDC,
1047-2546,H02,,-23.509,-22.67,below,,H02,
1077-1040,HDC,,-28.968,-23.509,below,,HDC,
1078-1047,HDC,,-28.968,-23.509,below,,HDC,
1102-1019,H02,,-35.2846,-34.425,below,,H02,
1112-1278,H02,,-34.54043,-33.732,below,,H02,
1125-1041,H02,,-35.2846,-34.425,below,,H02,
1258-1020,H02,,-35.2846,-34.425,below,,H02,
1278-1302,HDC,,-33.732,-28.601,below,,HDC,
1281-1306,HDC,,-33.728,-28.599,below,,HDC,
1283-2547,H02,,-23.47,-22.665,below,,H02,
1285-2547,H02,,-23.469,-22.665,below,,H02,
1286-1046,H02,,-35.2846,-34.425,below,,H02,
1302-1283,HDC,,-28.601,-23.47,below,,HDC,
1306-1285,HDC,,-28.599,-23.469,below,,HDC,
1326-2032,HDC,,-10.708,-8.526,below,,HDC,
1558-1281,H02,,-34.536030000000004,-33.728,below,,H02,
2006-3151,H02,,-8.526,-7.705,below,,H02,
2011-2035,HDC,,-19.535,-19.222,below,,HDC,
2013-2182,H02,,-14.03,-13.221,below,,H02,
2032-3193,H02,,-8.526,-7.705,below,,H02,
2033-2170,H02,,-19.535,-17.91,below,,H02,
2035-2173,H02,,-19.222,-17.909,below,,H02,
2166-1326,H02,,-11.723,-10.708,below,,H02,
2167-2166,H02,,-13.221,-11.723,below,,H02,
2168-2167,H02,,-14.715,-13.221,below,,H02,
2169-2168,H02,,-16.418,-14.715,below,,H02,
2170-2169,H02,,-17.91,-16.418,below,,H02,
2173-2179,H02,,-17.909,-16.418,below,,H02,
2179-2181,H02,,-16.418,-14.715,below,,H02,
2181-2013,H02,,-14.715,-14.03,below,,H02,
2182-2183,H02,,-13.221,-11.723,below,,H02,
2183-2006,H02,,-11.723,-8.526,below,,H02,
2501-2011,H02,,-20.349,-19.535,below,,H02,
2516-2033,H02,,-20.3491,-19.535,below,,H02,
3201-3576,HD1,,10.294,11.216,above,,HD1,
3580-3653,HDE,,8.2,9.126,in,member straddles splash zone boundary,HDE,
3653-3201,HD1,,9.126,10.294,above,,HD1,
2003-2012,HEC,,-19.598,-13.977,below,,HEC,
2004-3085,HEC,,-8.354,-7.614,below,,HEC,
2012-2004,HEC,,-13.977,-8.354,below,,HEC,
2030-2034,HEC,,-19.599,-13.977,below,,HEC,
2031-3104,HEC,,-8.354,-7.614,below,,HEC,
2034-2031,HEC,,-13.977,-8.354,below,,HEC,
2501-2003,HEC,,-20.3407,-19.598,below,,HEC,
2516-2030,HEC,,-20.3409,-19.599,below,,HEC,
3029-4283,HE0,,10.514,11.314,above,,HE0,
3632-3029,HE0,,8.201,10.514,above,,HE0,
2018-4270,HE2,,10.503,11.308,above,,HE2,
2024-4500,HE2,,10.405,11.268,above,,HE2,
3032-4521,HE2,,10.405,11.269,above,,HE2,
3630-2018,HE2,,8.201,10.503,above,,HE2,
3631-2024,HE2,,8.202,10.405,above,,HE2,
3634-3032,HE1,,8.2,10.405,in,member straddles splash zone boundary,HE1,
1359-1499,VFH,,-35.955,-34.32,below,,VFH,
1359-1524,VFH,,-35.955,-34.402,below,,VFH,
1369-1525,VFH,,-35.955,-34.402,below,,VFH,
1369-1526,VFH,,-35.955,-34.32,below,,VFH,
1000-1017,VGH,,-34.387,-29.419,below,,VGH,
1015-2066,VGH,,-24.452,-23.707,below,,VGH,
1017-1015,VGH,,-29.419,-24.452,below,,VGH,
1034-1079,VGH,,-34.387,-29.418,below,,VGH,
1036-2098,VGH,,-24.45,-23.707,below,,VGH,
1079-1036,VGH,,-29.418,-24.45,below,,VGH,
1029-1000,VGJ,,-35.1523,-34.387,below,,VGJ,
1052-1034,VGJ,,-35.1522,-34.387,below,,VGJ,
1037-1207,VHJ,,-24.96,-26.053,below,,VHJ,
1207-1039,VHJ,,-26.053,-28.297,below,,VHJ,
1588-1039,VHJ,,-31.634,-28.297,below,,VHJ,
2501-1037,VHJ,,-23.902,-24.96,below,,VHJ,
1074-1208,VIG,,-25.094,-26.135,below,,VIG,
1076-1057,VIG,,-29.462,-33.83,below,,VIG,
1208-1076,VIG,,-26.135,-29.462,below,,VIG,
1027-1032,VII,,-34.147,-29.479,below,,VII,
1028-2501,VII,,-24.811,-23.898,below,,VII,
1032-1028,VII,,-29.479,-24.811,below,,VII,
1049-1075,VII,,-24.811,-29.479,below,,VII,
1049-2516,VII,,-24.811,-23.898,below,,VII,
1075-1048,VII,,-29.479,-34.148,below,,VII,
1074-2516,VIJ,,-25.094,-23.97,below,,VIJ,
1377-1057,VIJ,,-34.9748,-33.83,below,,VIJ,
1258-1027,VIK,,-35.0813,-34.147,below,,VIK,
1286-1048,VIK,,-35.0814,-34.148,below,,VIK,
1038-1348,VKJ,,-33.584,-34.849199999999996,below,,VKJ,
1584-1038,VKJ,,-32.47,-33.584,below,,VKJ,
E003-E012,W01,SHS300,15.3,15.3,above,,W01,SHS300
E004-E020,W01,SHS300,15.3,15.3,above,,W01,SHS300
E005-E041,W01,SHS300,15.3,15.3,above,,W01,SHS300
E006-E021,W01,SHS300,15.3,15.3,above,,W01,SHS300
E007-E029,W01,SHS300,15.3,15.3,above,,W01,SHS300
E009-E132,W01,SHS300,15.350000000000001,15.350000000000001,above,,W01,SHS300
E012-E052,W01,SHS300,15.3,15.3,above,,W01,SHS300
E020-E034,W01,SHS300,15.3,15.3,above,,W01,SHS300
E021-E048,W01,SHS300,15.3,15.3,above,,W01,SHS300
E029-E065,W01,SHS300,15.3,15.3,above,,W01,SHS300
E032-E145,W01,SHS300,15.350000000000001,15.350000000000001,above,,W01,SHS300
E034-E035,W01,SHS300,15.350000000000001,15.350000000000001,above,,W01,SHS300
E034-E056,W01,SHS300,15.3,15.3,above,,W01,SHS300
E035-E036,W01,SHS300,15.350000000000001,15.350000000000001,above,,W01,SHS300
E036-E037,W01,SHS300,15.350000000000001,15.350000000000001,above,,W01,SHS300
E037-E038,W01,SHS300,15.350000000000001,15.350000000000001,above,,W01,SHS300
E038-E039,W01,SHS300,15.350000000000001,15.350000000000001,above,,W01,SHS300
E039-E040,W01,SHS300,15.350000000000001,15.350000000000001,above,,W01,SHS300
E040-E041,W01,SHS300,15.350000000000001,15.350000000000001,above,,W01,SHS300
E041-E091,W01,SHS300,15.3,15.3,above,,W01,SHS300
E042-E043,W01,SHS300,15.350000000000001,15.350000000000001,above,,W01,SHS300
E042-E092,W01,SHS300,15.350000000000001,15.350000000000001,above,,W01,SHS300
E043-E044,W01,SHS300,15.350000000000001,15.350000000000001,above,,W01,SHS300
E044-E045,W01,SHS300,15.350000000000001,15.350000000000001,above,,W01,SHS300
E045-E046,W01,SHS300,15.350000000000001,15.350000000000001,above,,W01,SHS300
E046-E047,W01,SHS300,15.350000000000001,15.350000000000001,above,,W01,SHS300
E047-E048,W01,SHS300,15.350000000000001,15.350000000000001,above,,W01,SHS300
E048-E060,W01,SHS300,15.3,15.3,above,,W01,SHS300
E052-E069,W01,SHS300,15.3,15.3,above,,W01,SHS300
E056-E070,W01,SHS300,15.3,15.3,above,,W01,SHS300
E060-E071,W01,SHS300,15.3,15.3,above,,W01,SHS300
E065-E072,W01,SHS300,15.3,15.3,above,,W01,SHS300
E069-E075,W01,SHS300,15.3,15.3,above,,W01,SHS300
E070-E083,W01,SHS300,15.3,15.3,above,,W01,SHS300
E071-E099,W01,SHS300,15.3,15.3,above,,W01,SHS300
E072-E107,W01,SHS300,15.3,15.3,above,,W01,SHS300
E083-E084,W01,SHS300,15.350000000000001,15.350000000000001,above,,W01,SHS300
E084-E085,W01,SHS300,15.350000000000001,15.350000000000001,above,,W01,SHS300
E085-E086,W01,SHS300,15.350000000000001,15.350000000000001,above,,W01,SHS300
E086-E087,W01,SHS300,15.350000000000001,15.350000000000001,above,,W01,SHS300
E087-E088,W01,SHS300,15.350000000000001,15.350000000000001,above,,W01,SHS300
E088-E089,W01,SHS300,15.350000000000001,15.350000000000001,above,,W01,SHS300
E089-E090,W01,SHS300,15.350000000000001,15.350000000000001,above,,W01,SHS300
E090-E091,W01,SHS300,15.350000000000001,15.350000000000001,above,,W01,SHS300
E092-E093,W01,SHS300,15.350000000000001,15.350000000000001,above,,W01,SHS300
E093-E094,W01,SHS300,15.350000000000001,15.350000000000001,above,,W01,SHS300
E094-E095,W01,SHS300,15.350000000000001,15.350000000000001,above,,W01,SHS300
E095-E096,W01,SHS300,15.350000000000001,15.350000000000001,above,,W01,SHS300
E096-E097,W01,SHS300,15.350000000000001,15.350000000000001,above,,W01,SHS300
E097-E098,W01,SHS300,15.350000000000001,15.350000000000001,above,,W01,SHS300
E098-E099,W01,SHS300,15.350000000000001,15.350000000000001,above,,W01,SHS300
E129-E130,W01,SHS300,15.3,15.3,above,,W01,SHS300
E130-E131,W01,SHS300,15.3,15.3,above,,W01,SHS300
E131-E132,W01,SHS300,15.3,15.3,above,,W01,SHS300
E132-E133,W01,SHS300,15.3,15.3,above,,W01,SHS300
E132-E217,W01,SHS300,15.350000000000001,15.350000000000001,above,,W01,SHS300
E133-E135,W01,SHS300,15.3,15.3,above,,W01,SHS300
E135-E136,W01,SHS300,15.3,15.3,above,,W01,SHS300
E136-E137,W01,SHS300,15.3,15.3,above,,W01,SHS300
E137-E138,W01,SHS300,15.3,15.3,above,,W01,SHS300
E139-E140,W01,SHS300,15.3,15.3,above,,W01,SHS300
E140-E141,W01,SHS300,15.3,15.3,above,,W01,SHS300
E141-E143,W01,SHS300,15.3,15.3,above,,W01,SHS300
E143-E144,W01,SHS300,15.3,15.3,above,,W01,SHS300
E144-E145,W01,SHS300,15.3,15.3,above,,W01,SHS300
E145-E146,W01,SHS300,15.3,15.3,above,,W01,SHS300
E145-E228,W01,SHS300,15.350000000000001,15.350000000000001,above,,W01,SHS300
E146-E147,W01,SHS300,15.3,15.3,above,,W01,SHS300
E147-E148,W01,SHS300,15.3,15.3,above,,W01,SHS300
E200-E201,W01,SHS300,15.3,15.3,above,,W01,SHS300
E201-E205,W01,SHS300,15.3,15.3,above,,W01,SHS300
E205-E208,W01,SHS300,15.3,15.3,above,,W01,SHS300
E208-E209,W01,SHS300,15.3,15.3,above,,W01,SHS300
E209-E211,W01,SHS300,15.3,15.3,above,,W01,SHS300
E211-E217,W01,SHS300,15.3,15.3,above,,W01,SHS300
E217-E218,W01,SHS300,15.3,15.3,above,,W01,SHS300
E218-E219,W01,SHS300,15.3,15.3,above,,W01,SHS300
E219-E220,W01,SHS300,15.3,15.3,above,,W01,SHS300
E220-E221,W01,SHS300,15.3,15.3,above,,W01,SHS300
E223-E225,W01,SHS300,15.3,15.3,above,,W01,SHS300
E225-E226,W01,SHS300,15.3,15.3,above,,W01,SHS300
E226-E227,W01,SHS300,15.3,15.3,above,,W01,SHS300
E227-E228,W01,SHS300,15.3,15.3,above,,W01,SHS300
E228-E232,W01,SHS300,15.3,15.3,above,,W01,SHS300
E232-E236,W01,SHS300,15.3,15.3,above,,W01,SHS300
E236-E237,W01,SHS300,15.3,15.3,above,,W01,SHS300
E237-E243,W01,SHS300,15.3,15.3,above,,W01,SHS300
E243-E244,W01,SHS300,15.3,15.3,above,,W01,SHS300
E244-E245,W01,SHS300,15.3,15.3,above,,W01,SHS300
E282-E284,W01,SHS300,16.35,16.35,above,,W01,SHS300
E284-E286,W01,SHS300,16.35,16.35,above,,W01,SHS300
E286-E289,W01,SHS300,16.35,16.35,above,,W01,SHS300
E289-E290,W01,SHS300,16.35,16.35,above,,W01,SHS300
E291-E292,W01,SHS300,16.35,16.35,above,,W01,SHS300
E292-E294,W01,SHS300,16.35,16.35,above,,W01,SHS300
E294-E297,W01,SHS300,16.35,16.35,above,,W01,SHS300
E297-E299,W01,SHS300,16.35,16.35,above,,W01,SHS300
E332-E333,W01,SHS300,15.3,15.3,above,,W01,SHS300
E333-E335,W01,SHS300,15.3,15.3,above,,W01,SHS300
E335-E336,W01,SHS300,15.3,15.3,above,,W01,SHS300
E336-E337,W01,SHS300,15.3,15.3,above,,W01,SHS300
E337-E338,W01,SHS300,15.3,15.3,above,,W01,SHS300
E338-E339,W01,SHS300,15.3,15.3,above,,W01,SHS300
E339-E340,W01,SHS300,15.3,15.3,above,,W01,SHS300
E340-E341,W01,SHS300,15.3,15.3,above,,W01,SHS300
E341-E342,W01,SHS300,15.3,15.3,above,,W01,SHS300
E342-E343,W01,SHS300,15.3,15.3,above,,W01,SHS300
E344-E345,W01,SHS300,15.3,15.3,above,,W01,SHS300
E345-E346,W01,SHS300,15.3,15.3,above,,W01,SHS300
E346-E347,W01,SHS300,15.3,15.3,above,,W01,SHS300
E347-E348,W01,SHS300,15.3,15.3,above,,W01,SHS300
E348-E349,W01,SHS300,15.3,15.3,above,,W01,SHS300
E349-E350,W01,SHS300,15.3,15.3,above,,W01,SHS300
E350-E351,W01,SHS300,15.3,15.3,above,,W01,SHS300
E351-E352,W01,SHS300,15.3,15.3,above,,W01,SHS300
E352-E354,W01,SHS300,15.3,15.3,above,,W01,SHS300
E354-E355,W01,SHS300,15.3,15.3,above,,W01,SHS300
E404-E405,W01,SHS300,15.3,15.3,above,,W01,SHS300
E405-E406,W01,SHS300,15.3,15.3,above,,W01,SHS300
E406-E408,W01,SHS300,15.3,15.3,above,,W01,SHS300
E408-E409,W01,SHS300,15.3,15.3,above,,W01,SHS300
E409-E410,W01,SHS300,15.3,15.3,above,,W01,SHS300
E409-E441,W01,SHS300,15.350000000000001,15.350000000000001,above,,W01,SHS300
E410-E411,W01,SHS300,15.3,15.3,above,,W01,SHS300
E411-E412,W01,SHS300,15.3,15.3,above,,W01,SHS300
E412-E413,W01,SHS300,15.3,15.3,above,,W01,SHS300
E413-E414,W01,SHS300,15.3,15.3,above,,W01,SHS300
E415-E416,W01,SHS300,15.3,15.3,above,,W01,SHS300
E416-E417,W01,SHS300,15.3,15.3,above,,W01,SHS300
E417-E418,W01,SHS300,15.3,15.3,above,,W01,SHS300
E418-E419,W01,SHS300,15.3,15.3,above,,W01,SHS300
E419-E420,W01,SHS300,15.3,15.3,above,,W01,SHS300
E420-E421,W01,SHS300,15.3,15.3,above,,W01,SHS300
E420-E458,W01,SHS300,15.350000000000001,15.350000000000001,above,,W01,SHS300
E421-E422,W01,SHS300,15.3,15.3,above,,W01,SHS300
E422-E424,W01,SHS300,15.3,15.3,above,,W01,SHS300
E424-E425,W01,SHS300,15.3,15.3,above,,W01,SHS300
Q038-Q059,W01,SHS300,15.3,15.3,above,,W01,SHS300
Q039-Q060,W01,SHS300,15.3,15.3,above,,W01,SHS300
Q059-Q063,W01,SHS300,15.3,15.3,above,,W01,SHS300
Q060-Q066,W01,SHS300,15.3,15.3,above,,W01,SHS300
Q063-Q151,W01,SHS300,15.3,15.3,above,,W01,SHS300
Q066-Q094,W01,SHS300,15.3,15.3,above,,W01,SHS300
Q089-Q090,W01,SHS300,15.3,15.3,above,,W01,SHS300
Q092-Q157,W01,SHS300,15.3,15.3,above,,W01,SHS300
Q094-Q095,W01,SHS300,15.3,15.3,above,,W01,SHS300
Q095-Q096,W01,SHS300,15.3,15.3,above,,W01,SHS300
Q096-Q097,W01,SHS300,15.3,15.3,above,,W01,SHS300
Q097-Q099,W01,SHS300,15.3,15.3,above,,W01,SHS300
Q099-Q100,W01,SHS300,15.3,15.3,above,,W01,SHS300
Q100-Q102,W01,SHS300,15.3,15.3,above,,W01,SHS300
Q102-Q103,W01,SHS300,15.3,15.3,above,,W01,SHS300
Q102-Q159,W01,SHS300,15.3,15.3,above,,W01,SHS300
Q103-Q104,W01,SHS300,15.3,15.3,above,,W01,SHS300
Q105-Q164,W01,SHS300,15.3,15.3,above,,W01,SHS300
Q110-Q165,W01,SHS300,15.3,15.3,above,,W01,SHS300
Q140-Q166,W01,SHS300,15.3,15.3,above,,W01,SHS300
Q141-Q142,W01,SHS300,15.3,15.3,above,,W01,SHS300
Q142-Q143,W01,SHS300,15.3,15.3,above,,W01,SHS300
Q143-Q144,W01,SHS300,15.3,15.3,above,,W01,SHS300
Q143-Q161,W01,SHS300,15.3,15.3,above,,W01,SHS300
Q144-Q146,W01,SHS300,15.3,15.3,above,,W01,SHS300
Q146-Q148,W01,SHS300,15.3,15.3,above,,W01,SHS300
Q148-Q149,W01,SHS300,15.3,15.3,above,,W01,SHS300
Q149-Q150,W01,SHS300,15.3,15.3,above,,W01,SHS300
Q150-Q151,W01,SHS300,15.3,15.3,above,,W01,SHS300
Q152-Q158,W01,SHS300,15.3,15.3,above,,W01,SHS300
Q157-Q196,W01,SHS300,15.3,15.3,above,,W01,SHS300
Q158-Q210,W01,SHS300,15.3,15.3,above,,W01,SHS300
Q159-Q203,W01,SHS300,15.3,15.3,above,,W01,SHS300
Q161-Q204,W01,SHS300,15.3,15.3,above,,W01,SHS300
Q164-Q231,W01,SHS300,15.3,15.3,above,,W01,SHS300
Q165-Q183,W01,SHS300,15.3,15.3,above,,W01,SHS300
Q166-Q271,W01,SHS300,15.3,15.3,above,,W01,SHS300
Q183-Q241,W01,SHS300,15.3,15.3,above,,W01,SHS300
Q196-Q282,W01,SHS300,15.3,15.3,above,,W01,SHS300
Q203-Q228,W01,SHS300,15.3,15.3,above,,W01,SHS300
Q204-Q274,W01,SHS300,15.3,15.3,above,,W01,SHS300
Q210-Q295,W01,SHS300,15.3,15.3,above,,W01,SHS300
Q231-Q233,W01,SHS300,15.3,15.3,above,,W01,SHS300
Q233-Q234,W01,SHS300,15.3,15.3,above,,W01,SHS300
Q234-Q235,W01,SHS300,15.3,15.3,above,,W01,SHS300
Q235-Q236,W01,SHS300,15.3,15.3,above,,W01,SHS300
Q236-Q237,W01,SHS300,15.3,15.3,above,,W01,SHS300
Q237-Q238,W01,SHS300,15.3,15.3,above,,W01,SHS300
Q238-Q239,W01,SHS300,15.3,15.3,above,,W01,SHS300
Q239-Q240,W01,SHS300,15.3,15.3,above,,W01,SHS300
Q240-Q241,W01,SHS300,15.3,15.3,above,,W01,SHS300
Q241-Q243,W01,SHS300,15.3,15.3,above,,W01,SHS300
Q241-Q337,W01,SHS300,15.3,15.3,above,,W01,SHS300
Q243-Q244,W01,SHS300,15.3,15.3,above,,W01,SHS300
Q244-Q245,W01,SHS300,15.3,15.3,above,,W01,SHS300
Q245-Q246,W01,SHS300,15.3,15.3,above,,W01,SHS300
Q246-Q247,W01,SHS300,15.3,15.3,above,,W01,SHS300
Q247-Q248,W01,SHS300,15.3,15.3,above,,W01,SHS300
Q248-Q249,W01,SHS300,15.3,15.3,above,,W01,SHS300
Q249-Q250,W01,SHS300,15.3,15.3,above,,W01,SHS300
Q250-Q251,W01,SHS300,15.3,15.3,above,,W01,SHS300
Q251-Q252,W01,SHS300,15.3,15.3,above,,W01,SHS300
Q254-Q255,W01,SHS300,15.3,15.3,above,,W01,SHS300
Q255-Q256,W01,SHS300,15.3,15.3,above,,W01,SHS300
Q256-Q257,W01,SHS300,15.3,15.3,above,,W01,SHS300
Q257-Q258,W01,SHS300,15.3,15.3,above,,W01,SHS300
Q258-Q260,W01,SHS300,15.3,15.3,above,,W01,SHS300
Q260-Q261,W01,SHS300,15.3,15.3,above,,W01,SHS300
Q261-Q262,W01,SHS300,15.3,15.3,above,,W01,SHS300
Q262-Q263,W01,SHS300,15.3,15.3,above,,W01,SHS300
Q263-Q264,W01,SHS300,15.3,15.3,above,,W01,SHS300
Q264-Q265,W01,SHS300,15.3,15.3,above,,W01,SHS300
Q265-Q266,W01,SHS300,15.3,15.3,above,,W01,SHS300
Q266-Q267,W01,SHS300,15.3,15.3,above,,W01,SHS300
Q267-Q268,W01,SHS300,15.3,15.3,above,,W01,SHS300
Q268-Q269,W01,SHS300,15.3,15.3,above,,W01,SHS300
Q269-Q271,W01,SHS300,15.3,15.3,above,,W01,SHS300
Q282-Q320,W01,SHS300,15.3,15.3,above,,W01,SHS300
Q295-Q332,W01,SHS300,15.3,15.3,above,,W01,SHS300
Q320-Q390,W01,SHS300,15.3,15.3,above,,W01,SHS300
Q332-Q403,W01,SHS300,15.3,15.3,above,,W01,SHS300
Q337-Q359,W01,SHS300,15.3,15.3,above,,W01,SHS300
Q390-Q414,W01,SHS300,15.3,15.3,above,,W01,SHS300
Q403-Q426,W01,SHS300,15.3,15.3,above,,W01,SHS300
Q414-Q442,W01,SHS300,15.3,15.3,above,,W01,SHS300
Q426-Q455,W01,SHS300,15.3,15.3,above,,W01,SHS300
Q442-Q462,W01,SHS300,15.3,15.3,above,,W01,SHS300
Q455-Q466,W01,SHS300,15.3,15.3,above,,W01,SHS300
Q462-Q472,W01,SHS300,15.3,15.3,above,,W01,SHS300
Q463-Q487,W01,SHS300,15.3,15.3,above,,W01,SHS300
Q464-Q489,W01,SHS300,15.3,15.3,above,,W01,SHS300
Q466-Q545,W01,SHS300,15.3,15.3,above,,W01,SHS300
Q473-Q474,W01,SHS300,15.3,15.3,above,,W01,SHS300
Q474-Q475,W01,SHS300,15.3,15.3,above,,W01,SHS300
Q475-Q477,W01,SHS300,15.3,15.3,above,,W01,SHS300
Q476-Q479,W01,SHS300,15.3,15.3,above,,W01,SHS300
Q477-Q478,W01,SHS300,15.3,15.3,above,,W01,SHS300
Q478-Q476,W01,SHS300,15.3,15.3,above,,W01,SHS300
Q478-Q571,W01,SHS300,15.3,15.3,above,,W01,SHS300
Q479-Q681,W01,SHS300,15.3,15.3,above,,W01,SHS300
Q480-Q609,W01,SHS300,15.3,15.3,above,,W01,SHS300
Q487-Q559,W01,SHS300,15.3,15.3,above,,W01,SHS300
Q489-Q560,W01,SHS300,15.3,15.3,above,,W01,SHS300
Q491-Q561,W01,SHS300,15.3,15.3,above,,W01,SHS300
Q500-Q585,W01,SHS300,15.350000000000001,15.350000000000001,above,,W01,SHS300
Q510-Q590,W01,SHS300,15.3,15.3,above,,W01,SHS300
Q511-Q539,W01,SHS300,15.3,15.3,above,,W01,SHS300
Q519-Q595,W01,SHS300,15.350000000000001,15.350000000000001,above,,W01,SHS300
Q538-Q611,W01,SHS300,15.3,15.3,above,,W01,SHS300
Q539-Q542,W01,SHS300,15.3,15.3,above,,W01,SHS300
Q540-Q541,W01,SHS300,15.3,15.3,above,,W01,SHS300
Q540-Q572,W01,SHS300,15.3,15.3,above,,W01,SHS300
Q541-Q543,W01,SHS300,15.3,15.3,above,,W01,SHS300
Q542-Q540,W01,SHS300,15.3,15.3,above,,W01,SHS300
Q543-Q544,W01,SHS300,15.3,15.3,above,,W01,SHS300
Q547-Q548,W01,SHS300,15.3,15.3,above,,W01,SHS300
Q559-Q573,W01,SHS300,15.3,15.3,above,,W01,SHS300
Q560-Q575,W01,SHS300,15.3,15.3,above,,W01,SHS300
Q561-Q577,W01,SHS300,15.3,15.3,above,,W01,SHS300
Q571-Q630,W01,SHS300,15.3,15.3,above,,W01,SHS300
Q572-Q631,W01,SHS300,15.3,15.3,above,,W01,SHS300
Q573-Q612,W01,SHS300,15.3,15.3,above,,W01,SHS300
Q575-Q613,W01,SHS300,15.3,15.3,above,,W01,SHS300
Q577-Q614,W01,SHS300,15.3,15.3,above,,W01,SHS300
Q585-Q618,W01,SHS300,15.350000000000001,15.350000000000001,above,,W01,SHS300
Q590-Q628,W01,SHS300,15.3,15.3,above,,W01,SHS300
Q595-Q621,W01,SHS300,15.350000000000001,15.350000000000001,above,,W01,SHS300
Q609-Q682,W01,SHS300,15.3,15.3,above,,W01,SHS300
Q611-Q683,W01,SHS300,15.3,15.3,above,,W01,SHS300
Q612-Q633,W01,SHS300,15.3,15.3,above,,W01,SHS300
Q613-Q635,W01,SHS300,15.3,15.3,above,,W01,SHS300
Q614-Q637,W01,SHS300,15.3,15.3,above,,W01,SHS300
Q618-Q648,W01,SHS300,15.350000000000001,15.350000000000001,above,,W01,SHS300
Q621-Q660,W01,SHS300,15.350000000000001,15.350000000000001,above,,W01,SHS300
Q628-Q654,W01,SHS300,15.3,15.3,above,,W01,SHS300
Q630-Q678,W01,SHS300,15.3,15.3,above,,W01,SHS300
Q631-Q687,W01,SHS300,15.3,15.3,above,,W01,SHS300
Q633-Q744,W01,SHS300,15.3,15.3,above,,W01,SHS300
Q635-Q747,W01,SHS300,15.3,15.3,above,,W01,SHS300
Q637-Q705,W01,SHS300,15.3,15.3,above,,W01,SHS300
Q648-Q769,W01,SHS300,15.3,15.3,above,,W01,SHS300
Q654-Q690,W01,SHS300,15.3,15.3,above,,W01,SHS300
Q660-Q784,W01,SHS300,15.3,15.3,above,,W01,SHS300
Q678-Q679,W01,SHS300,15.3,15.3,above,,W01,SHS300
Q678-Q691,W01,SHS300,15.3,15.3,above,,W01,SHS300
Q679-Q680,W01,SHS300,15.3,15.3,above,,W01,SHS300
Q680-Q682,W01,SHS300,15.3,15.3,above,,W01,SHS300
Q682-Q714,W01,SHS300,15.3,15.3,above,,W01,SHS300
Q683-Q685,W01,SHS300,15.3,15.3,above,,W01,SHS300
Q685-Q686,W01,SHS300,15.3,15.3,above,,W01,SHS300
Q686-Q687,W01,SHS300,15.3,15.3,above,,W01,SHS300
Q687-Q694,W01,SHS300,15.3,15.3,above,,W01,SHS300
Q690-Q724,W01,SHS300,15.3,15.3,above,,W01,SHS300
Q705-Q753,W01,SHS300,15.3,15.3,above,,W01,SHS300
Q714-Q720,W01,SHS300,15.3,15.3,above,,W01,SHS300
Q718-Q683,W01,SHS300,15.3,15.3,above,,W01,SHS300
Q720-Q727,W01,SHS300,15.3,15.3,above,,W01,SHS300
Q721-Q718,W01,SHS300,15.3,15.3,above,,W01,SHS300
Q721-Q731,W01,SHS300,15.3,15.3,above,,W01,SHS300
Q724-Q776,W01,SHS300,15.3,15.3,above,,W01,SHS300
Q727-Q734,W01,SHS300,15.3,15.3,above,,W01,SHS300
Q731-Q816,W01,SHS300,15.3,15.3,above,,W01,SHS300
Q734-Q735,W01,SHS300,15.3,15.3,above,,W01,SHS300
Q734-Q820,W01,SHS300,15.3,15.3,above,,W01,SHS300
Q735-Q737,W01,SHS300,15.3,15.3,above,,W01,SHS300
Q737-Q738,W01,SHS300,15.3,15.3,above,,W01,SHS300
Q738-Q740,W01,SHS300,15.3,15.3,above,,W01,SHS300
Q738-Q829,W01,SHS300,15.3,15.3,above,,W01,SHS300
Q740-Q741,W01,SHS300,15.3,15.3,above,,W01,SHS300
Q741-Q742,W01,SHS300,15.3,15.3,above,,W01,SHS300
Q742-Q744,W01,SHS300,15.3,15.3,above,,W01,SHS300
Q744-Q745,W01,SHS300,15.3,15.3,above,,W01,SHS300
Q744-Q831,W01,SHS300,15.3,15.3,above,,W01,SHS300
Q745-Q746,W01,SHS300,15.3,15.3,above,,W01,SHS300
Q746-Q747,W01,SHS300,15.3,15.3,above,,W01,SHS300
Q747-Q749,W01,SHS300,15.3,15.3,above,,W01,SHS300
Q747-Q833,W01,SHS300,15.3,15.3,above,,W01,SHS300
Q749-Q750,W01,SHS300,15.3,15.3,above,,W01,SHS300
Q750-Q753,W01,SHS300,15.3,15.3,above,,W01,SHS300
Q753-Q754,W01,SHS300,15.3,15.3,above,,W01,SHS300
Q753-Q835,W01,SHS300,15.3,15.3,above,,W01,SHS300
Q754-Q755,W01,SHS300,15.3,15.3,above,,W01,SHS300
Q755-Q757,W01,SHS300,15.3,15.3,above,,W01,SHS300
Q757-Q758,W01,SHS300,15.3,15.3,above,,W01,SHS300
Q758-Q760,W01,SHS300,15.3,15.3,above,,W01,SHS300
Q760-Q761,W01,SHS300,15.3,15.3,above,,W01,SHS300
Q761-Q762,W01,SHS300,15.3,15.3,above,,W01,SHS300
Q762-Q763,W01,SHS300,15.3,15.3,above,,W01,SHS300
Q763-Q765,W01,SHS300,15.3,15.3,above,,W01,SHS300
Q765-Q766,W01,SHS300,15.3,15.3,above,,W01,SHS300
Q766-Q767,W01,SHS300,15.3,15.3,above,,W01,SHS300
Q767-Q769,W01,SHS300,15.3,15.3,above,,W01,SHS300
Q769-Q770,W01,SHS300,15.3,15.3,above,,W01,SHS300
Q770-Q771,W01,SHS300,15.3,15.3,above,,W01,SHS300
Q771-Q772,W01,SHS300,15.3,15.3,above,,W01,SHS300
Q772-Q774,W01,SHS300,15.3,15.3,above,,W01,SHS300
Q774-Q775,W01,SHS300,15.3,15.3,above,,W01,SHS300
Q775-Q776,W01,SHS300,15.3,15.3,above,,W01,SHS300
Q776-Q845,W01,SHS300,15.3,15.3,above,,W01,SHS300
Q777-Q779,W01,SHS300,15.3,15.3,above,,W01,SHS300
Q779-Q780,W01,SHS300,15.3,15.3,above,,W01,SHS300
Q780-Q781,W01,SHS300,15.3,15.3,above,,W01,SHS300
Q781-Q782,W01,SHS300,15.3,15.3,above,,W01,SHS300
Q782-Q783,W01,SHS300,15.3,15.3,above,,W01,SHS300
Q783-Q784,W01,SHS300,15.3,15.3,above,,W01,SHS300
Q784-Q786,W01,SHS300,15.3,15.3,above,,W01,SHS300
Q786-Q787,W01,SHS300,15.3,15.3,above,,W01,SHS300
Q787-Q789,W01,SHS300,15.3,15.3,above,,W01,SHS300
Q789-Q790,W01,SHS300,15.3,15.3,above,,W01,SHS300
Q790-Q791,W01,SHS300,15.3,15.3,above,,W01,SHS300
Q791-Q792,W01,SHS300,15.3,15.3,above,,W01,SHS300
Q792-Q794,W01,SHS300,15.3,15.3,above,,W01,SHS300
Q794-Q795,W01,SHS300,15.3,15.3,above,,W01,SHS300
Q795-Q796,W01,SHS300,15.3,15.3,above,,W01,SHS300
Q796-Q797,W01,SHS300,15.3,15.3,above,,W01,SHS300
Q797-Q798,W01,SHS300,15.3,15.3,above,,W01,SHS300
Q798-Q800,W01,SHS300,15.3,15.3,above,,W01,SHS300
Q800-Q801,W01,SHS300,15.3,15.3,above,,W01,SHS300
Q801-Q802,W01,SHS300,15.3,15.3,above,,W01,SHS300
Q802-Q804,W01,SHS300,15.3,15.3,above,,W01,SHS300
Q804-Q805,W01,SHS300,15.3,15.3,above,,W01,SHS300
Q805-Q806,W01,SHS300,15.3,15.3,above,,W01,SHS300
Q806-Q808,W01,SHS300,15.3,15.3,above,,W01,SHS300
Q808-Q809,W01,SHS300,15.3,15.3,above,,W01,SHS300
Q809-Q810,W01,SHS300,15.3,15.3,above,,W01,SHS300
Q810-Q812,W01,SHS300,15.3,15.3,above,,W01,SHS300
Q812-Q813,W01,SHS300,15.3,15.3,above,,W01,SHS300
Q813-Q815,W01,SHS300,15.3,15.3,above,,W01,SHS300
Q815-Q816,W01,SHS300,15.3,15.3,above,,W01,SHS300
Q816-Q821,W01,SHS300,15.3,15.3,above,,W01,SHS300
Q820-Q827,W01,SHS300,15.3,15.3,above,,W01,SHS300
Q821-Q862,W01,SHS300,15.3,15.3,above,,W01,SHS300
Q829-Q890,W01,SHS300,15.3,15.3,above,,W01,SHS300
Q831-Q898,W01,SHS300,15.3,15.3,above,,W01,SHS300
Q833-Q891,W01,SHS300,15.3,15.3,above,,W01,SHS300
Q845-Q868,W01,SHS300,15.3,15.3,above,,W01,SHS300
Q890-Q896,W01,SHS300,15.3,15.3,above,,W01,SHS300
Q891-Q903,W01,SHS300,15.3,15.3,above,,W01,SHS300
Q896-Q907,W01,SHS300,15.3,15.3,above,,W01,SHS300
Q898-Q909,W01,SHS300,15.3,15.3,above,,W01,SHS300
Q903-Q908,W01,SHS300,15.3,15.3,above,,W01,SHS300
Q907-Q928,W01,SHS300,15.3,15.3,above,,W01,SHS300
Q908-Q934,W01,SHS300,15.3,15.3,above,,W01,SHS300
Q909-Q931,W01,SHS300,15.3,15.3,above,,W01,SHS300
Q928-Q940,W01,SHS300,15.3,15.3,above,,W01,SHS300
Q931-Q951,W01,SHS300,15.3,15.3,above,,W01,SHS300
Q934-Q948,W01,SHS300,15.3,15.3,above,,W01,SHS300
Q940-Q947,W01,SHS300,15.3,15.3,above,,W01,SHS300
Q947-Q953,W01,SHS300,15.3,15.3,above,,W01,SHS300
Q948-Q952,W01,SHS300,15.3,15.3,above,,W01,SHS300
Q951-Q958,W01,SHS300,15.3,15.3,above,,W01,SHS300
Q957-Q958,W01,SHS300,15.3,15.3,above,,W01,SHS300
Q958-Q959,W01,SHS300,15.3,15.3,above,,W01,SHS300
E010-E136,W02,SHS200,15.350000000000001,15.350000000000001,above,,W02,SHS200
E011-E137,W02,SHS200,15.350000000000001,15.350000000000001,above,,W02,SHS200
E030-E140,W02,SHS200,15.350000000000001,15.350000000000001,above,,W02,SHS200
E031-E141,W02,SHS200,15.350000000000001,15.350000000000001,above,,W02,SHS200
E035-E084,W02,SHS200,15.350000000000001,15.350000000000001,above,,W02,SHS200
E036-E085,W02,SHS200,15.350000000000001,15.350000000000001,above,,W02,SHS200
E037-E087,W02,SHS200,15.350000000000001,15.350000000000001,above,,W02,SHS200
E038-E088,W02,SHS200,15.350000000000001,15.350000000000001,above,,W02,SHS200
E039-E089,W02,SHS200,15.350000000000001,15.350000000000001,above,,W02,SHS200
E040-E090,W02,SHS200,15.350000000000001,15.350000000000001,above,,W02,SHS200
E043-E093,W02,SHS200,15.350000000000001,15.350000000000001,above,,W02,SHS200
E044-E094,W02,SHS200,15.350000000000001,15.350000000000001,above,,W02,SHS200
E045-E096,W02,SHS200,15.350000000000001,15.350000000000001,above,,W02,SHS200
E046-E097,W02,SHS200,15.350000000000001,15.350000000000001,above,,W02,SHS200
E047-E098,W02,SHS200,15.350000000000001,15.350000000000001,above,,W02,SHS200
E073-E131,W02,SHS200,15.350000000000001,15.350000000000001,above,,W02,SHS200
E074-E146,W02,SHS200,15.350000000000001,15.350000000000001,above,,W02,SHS200
E128-E209,W02,SHS200,15.350000000000001,15.350000000000001,above,,W02,SHS200
E130-E211,W02,SHS200,15.350000000000001,15.350000000000001,above,,W02,SHS200
E136-E219,W02,SHS200,15.350000000000001,15.350000000000001,above,,W02,SHS200
E137-E220,W02,SHS200,15.350000000000001,15.350000000000001,above,,W02,SHS200
E140-E225,W02,SHS200,15.350000000000001,15.350000000000001,above,,W02,SHS200
E141-E226,W02,SHS200,15.350000000000001,15.350000000000001,above,,W02,SHS200
E147-E232,W02,SHS200,15.350000000000001,15.350000000000001,above,,W02,SHS200
E149-E236,W02,SHS200,15.350000000000001,15.350000000000001,above,,W02,SHS200
E199-E275,W02,SHS200,16.400000000000002,16.400000000000002,above,,W02,SHS200
E206-E281,W02,SHS200,16.400000000000002,16.400000000000002,above,,W02,SHS200
E209-E283,W02,SHS200,15.350000000000001,15.350000000000001,above,,W02,SHS200
E210-E284,W02,SHS200,16.400000000000002,16.400000000000002,above,,W02,SHS200
E211-E287,W02,SHS200,15.350000000000001,15.350000000000001,above,,W02,SHS200
E217-E339,W02,SHS200,15.350000000000001,15.350000000000001,above,,W02,SHS200
E219-E340,W02,SHS200,15.350000000000001,15.350000000000001,above,,W02,SHS200
E220-E342,W02,SHS200,15.350000000000001,15.350000000000001,above,,W02,SHS200
E225-E345,W02,SHS200,15.350000000000001,15.350000000000001,above,,W02,SHS200
E226-E347,W02,SHS200,15.350000000000001,15.350000000000001,above,,W02,SHS200
E228-E348,W02,SHS200,15.350000000000001,15.350000000000001,above,,W02,SHS200
E232-E293,W02,SHS200,15.350000000000001,15.350000000000001,above,,W02,SHS200
E235-E297,W02,SHS200,16.400000000000002,16.400000000000002,above,,W02,SHS200
E236-E298,W02,SHS200,15.350000000000001,15.350000000000001,above,,W02,SHS200
E239-E300,W02,SHS200,16.400000000000002,16.400000000000002,above,,W02,SHS200
E246-E306,W02,SHS200,16.400000000000002,16.400000000000002,above,,W02,SHS200
E276-E280,W02,SHS200,15.350000000000001,15.350000000000001,above,,W02,SHS200
E280-E283,W02,SHS200,15.350000000000001,15.350000000000001,above,,W02,SHS200
E283-E287,W02,SHS200,15.350000000000001,15.350000000000001,above,,W02,SHS200
E283-E336,W02,SHS200,15.350000000000001,15.350000000000001,above,,W02,SHS200
E287-E337,W02,SHS200,15.350000000000001,15.350000000000001,above,,W02,SHS200
E293-E298,W02,SHS200,15.350000000000001,15.350000000000001,above,,W02,SHS200
E293-E350,W02,SHS200,15.350000000000001,15.350000000000001,above,,W02,SHS200
E298-E303,W02,SHS200,15.350000000000001,15.350000000000001,above,,W02,SHS200
E298-E351,W02,SHS200,15.350000000000001,15.350000000000001,above,,W02,SHS200
E303-E305,W02,SHS200,15.350000000000001,15.350000000000001,above,,W02,SHS200
E336-E408,W02,SHS200,15.350000000000001,15.350000000000001,above,,W02,SHS200
E337-E409,W02,SHS200,15.350000000000001,15.350000000000001,above,,W02,SHS200
E339-E410,W02,SHS200,15.350000000000001,15.350000000000001,above,,W02,SHS200
E340-E412,W02,SHS200,15.350000000000001,15.350000000000001,above,,W02,SHS200
E342-E413,W02,SHS200,15.350000000000001,15.350000000000001,above,,W02,SHS200
E345-E416,W02,SHS200,15.350000000000001,15.350000000000001,above,,W02,SHS200
E347-E417,W02,SHS200,15.350000000000001,15.350000000000001,above,,W02,SHS200
E348-E419,W02,SHS200,15.350000000000001,15.350000000000001,above,,W02,SHS200
E350-E420,W02,SHS200,15.350000000000001,15.350000000000001,above,,W02,SHS200
E351-E421,W02,SHS200,15.350000000000001,15.350000000000001,above,,W02,SHS200
E408-E440,W02,SHS200,15.350000000000001,15.350000000000001,above,,W02,SHS200
E421-E459,W02,SHS200,15.350000000000001,15.350000000000001,above,,W02,SHS200
E498-Q154,W02,SHS200,15.350000000000001,15.350000000000001,above,,W02,SHS200
Q015-Q091,W02,SHS200,15.350000000000001,15.350000000000001,above,,W02,SHS200
Q095-Q199,W02,SHS200,15.350000000000001,15.350000000000001,above,,W02,SHS200
Q096-Q200,W02,SHS200,15.350000000000001,15.350000000000001,above,,W02,SHS200
Q097-Q201,W02,SHS200,15.350000000000001,15.350000000000001,above,,W02,SHS200
Q099-Q202,W02,SHS200,15.350000000000001,15.350000000000001,above,,W02,SHS200
Q103-Q229,W02,SHS200,15.350000000000001,15.350000000000001,above,,W02,SHS200
Q104-Q230,W02,SHS200,15.350000000000001,15.350000000000001,above,,W02,SHS200
Q106-Q175,W02,SHS200,15.350000000000001,15.350000000000001,above,,W02,SHS200
Q107-Q177,W02,SHS200,15.350000000000001,15.350000000000001,above,,W02,SHS200
Q108-Q179,W02,SHS200,15.350000000000001,15.350000000000001,above,,W02,SHS200
Q109-Q181,W02,SHS200,15.350000000000001,15.350000000000001,above,,W02,SHS200
Q112-Q243,W02,SHS200,15.350000000000001,15.350000000000001,above,,W02,SHS200
Q113-Q244,W02,SHS200,15.350000000000001,15.350000000000001,above,,W02,SHS200
Q116-Q245,W02,SHS200,15.350000000000001,15.350000000000001,above,,W02,SHS200
Q117-Q247,W02,SHS200,15.350000000000001,15.350000000000001,above,,W02,SHS200
Q119-Q248,W02,SHS200,15.350000000000001,15.350000000000001,above,,W02,SHS200
Q121-Q250,W02,SHS200,15.350000000000001,15.350000000000001,above,,W02,SHS200
Q122-Q251,W02,SHS200,15.350000000000001,15.350000000000001,above,,W02,SHS200
Q133-Q242,W02,SHS200,15.350000000000001,15.350000000000001,above,,W02,SHS200
Q134-Q232,W02,SHS200,15.350000000000001,15.350000000000001,above,,W02,SHS200
Q135-Q163,W02,SHS200,15.350000000000001,15.350000000000001,above,,W02,SHS200
Q136-Q186,W02,SHS200,15.350000000000001,15.350000000000001,above,,W02,SHS200
Q137-Q188,W02,SHS200,15.350000000000001,15.350000000000001,above,,W02,SHS200
Q138-Q190,W02,SHS200,15.350000000000001,15.350000000000001,above,,W02,SHS200
Q139-Q192,W02,SHS200,15.350000000000001,15.350000000000001,above,,W02,SHS200
Q141-Q272,W02,SHS200,15.350000000000001,15.350000000000001,above,,W02,SHS200
Q142-Q273,W02,SHS200,15.350000000000001,15.350000000000001,above,,W02,SHS200
Q146-Q205,W02,SHS200,15.350000000000001,15.350000000000001,above,,W02,SHS200
Q148-Q206,W02,SHS200,15.350000000000001,15.350000000000001,above,,W02,SHS200
Q149-Q207,W02,SHS200,15.350000000000001,15.350000000000001,above,,W02,SHS200
Q150-Q209,W02,SHS200,15.350000000000001,15.350000000000001,above,,W02,SHS200
Q163-Q184,W02,SHS200,15.350000000000001,15.350000000000001,above,,W02,SHS200
Q175-Q176,W02,SHS200,15.350000000000001,15.350000000000001,above,,W02,SHS200
Q175-Q233,W02,SHS200,15.350000000000001,15.350000000000001,above,,W02,SHS200
Q176-Q177,W02,SHS200,15.350000000000001,15.350000000000001,above,,W02,SHS200
Q177-Q178,W02,SHS200,15.350000000000001,15.350000000000001,above,,W02,SHS200
Q178-Q179,W02,SHS200,15.350000000000001,15.350000000000001,above,,W02,SHS200
Q179-Q180,W02,SHS200,15.350000000000001,15.350000000000001,above,,W02,SHS200
Q179-Q237,W02,SHS200,15.350000000000001,15.350000000000001,above,,W02,SHS200
Q180-Q181,W02,SHS200,15.350000000000001,15.350000000000001,above,,W02,SHS200
Q181-Q182,W02,SHS200,15.350000000000001,15.350000000000001,above,,W02,SHS200
Q182-Q183,W02,SHS200,15.350000000000001,15.350000000000001,above,,W02,SHS200
Q184-Q185,W02,SHS200,15.350000000000001,15.350000000000001,above,,W02,SHS200
Q184-Q260,W02,SHS200,15.350000000000001,15.350000000000001,above,,W02,SHS200
Q185-Q186,W02,SHS200,15.350000000000001,15.350000000000001,above,,W02,SHS200
Q186-Q187,W02,SHS200,15.350000000000001,15.350000000000001,above,,W02,SHS200
Q187-Q188,W02,SHS200,15.350000000000001,15.350000000000001,above,,W02,SHS200
Q188-Q189,W02,SHS200,15.350000000000001,15.350000000000001,above,,W02,SHS200
Q188-Q264,W02,SHS200,15.350000000000001,15.350000000000001,above,,W02,SHS200
Q189-Q190,W02,SHS200,15.350000000000001,15.350000000000001,above,,W02,SHS200
Q190-Q191,W02,SHS200,15.350000000000001,15.350000000000001,above,,W02,SHS200
Q191-Q192,W02,SHS200,15.350000000000001,15.350000000000001,above,,W02,SHS200
Q192-Q269,W02,SHS200,15.350000000000001,15.350000000000001,above,,W02,SHS200
Q193-Q194,W02,SHS200,15.350000000000001,15.350000000000001,above,,W02,SHS200
Q194-Q195,W02,SHS200,15.350000000000001,15.350000000000001,above,,W02,SHS200
Q195-Q196,W02,SHS200,15.350000000000001,15.350000000000001,above,,W02,SHS200
Q196-Q198,W02,SHS200,15.350000000000001,15.350000000000001,above,,W02,SHS200
Q198-Q199,W02,SHS200,15.350000000000001,15.350000000000001,above,,W02,SHS200
Q199-Q200,W02,SHS200,15.350000000000001,15.350000000000001,above,,W02,SHS200
Q199-Q225,W02,SHS200,15.350000000000001,15.350000000000001,above,,W02,SHS200
Q200-Q201,W02,SHS200,15.350000000000001,15.350000000000001,above,,W02,SHS200
Q201-Q202,W02,SHS200,15.350000000000001,15.350000000000001,above,,W02,SHS200
Q201-Q226,W02,SHS200,15.350000000000001,15.350000000000001,above,,W02,SHS200
Q202-Q203,W02,SHS200,15.350000000000001,15.350000000000001,above,,W02,SHS200
Q202-Q227,W02,SHS200,15.350000000000001,15.350000000000001,above,,W02,SHS200
Q204-Q205,W02,SHS200,15.350000000000001,15.350000000000001,above,,W02,SHS200
Q205-Q206,W02,SHS200,15.350000000000001,15.350000000000001,above,,W02,SHS200
Q205-Q275,W02,SHS200,15.350000000000001,15.350000000000001,above,,W02,SHS200
Q206-Q207,W02,SHS200,15.350000000000001,15.350000000000001,above,,W02,SHS200
Q206-Q276,W02,SHS200,15.350000000000001,15.350000000000001,above,,W02,SHS200
Q207-Q208,W02,SHS200,15.350000000000001,15.350000000000001,above,,W02,SHS200
Q208-Q209,W02,SHS200,15.350000000000001,15.350000000000001,above,,W02,SHS200
Q209-Q210,W02,SHS200,15.350000000000001,15.350000000000001,above,,W02,SHS200
Q209-Q277,W02,SHS200,15.350000000000001,15.350000000000001,above,,W02,SHS200
Q210-Q212,W02,SHS200,15.350000000000001,15.350000000000001,above,,W02,SHS200
Q212-Q213,W02,SHS200,15.350000000000001,15.350000000000001,above,,W02,SHS200
Q213-Q214,W02,SHS200,15.350000000000001,15.350000000000001,above,,W02,SHS200
Q225-Q283,W02,SHS200,15.350000000000001,15.350000000000001,above,,W02,SHS200
Q226-Q285,W02,SHS200,15.350000000000001,15.350000000000001,above,,W02,SHS200
Q227-Q287,W02,SHS200,15.350000000000001,15.350000000000001,above,,W02,SHS200
Q232-Q184,W02,SHS200,15.350000000000001,15.350000000000001,above,,W02,SHS200
Q239-Q306,W02,SHS200,15.350000000000001,15.350000000000001,above,,W02,SHS200
Q242-Q232,W02,SHS200,15.350000000000001,15.350000000000001,above,,W02,SHS200
Q242-Q256,W02,SHS200,15.350000000000001,15.350000000000001,above,,W02,SHS200
Q243-Q360,W02,SHS200,15.350000000000001,15.350000000000001,above,,W02,SHS200
Q244-Q362,W02,SHS200,15.350000000000001,15.350000000000001,above,,W02,SHS200
Q245-Q363,W02,SHS200,15.350000000000001,15.350000000000001,above,,W02,SHS200
Q246-Q312,W02,SHS200,15.350000000000001,15.350000000000001,above,,W02,SHS200
Q250-Q315,W02,SHS200,15.350000000000001,15.350000000000001,above,,W02,SHS200
Q251-Q368,W02,SHS200,15.350000000000001,15.350000000000001,above,,W02,SHS200
Q274-Q290,W02,SHS200,15.350000000000001,15.350000000000001,above,,W02,SHS200
Q275-Q290,W02,SHS200,15.350000000000001,15.350000000000001,above,,W02,SHS200
Q276-Q292,W02,SHS200,15.350000000000001,15.350000000000001,above,,W02,SHS200
Q277-Q294,W02,SHS200,15.350000000000001,15.350000000000001,above,,W02,SHS200
Q280-Q281,W02,SHS200,15.350000000000001,15.350000000000001,above,,W02,SHS200
Q281-Q282,W02,SHS200,15.350000000000001,15.350000000000001,above,,W02,SHS200
Q282-Q283,W02,SHS200,15.350000000000001,15.350000000000001,above,,W02,SHS200
Q283-Q285,W02,SHS200,15.350000000000001,15.350000000000001,above,,W02,SHS200
Q283-Q321,W02,SHS200,15.350000000000001,15.350000000000001,above,,W02,SHS200
Q284-Q287,W02,SHS200,15.350000000000001,15.350000000000001,above,,W02,SHS200
Q285-Q286,W02,SHS200,15.350000000000001,15.350000000000001,above,,W02,SHS200
Q285-Q308,W02,SHS200,15.350000000000001,15.350000000000001,above,,W02,SHS200
Q286-Q284,W02,SHS200,15.350000000000001,15.350000000000001,above,,W02,SHS200
Q287-Q228,W02,SHS200,15.350000000000001,15.350000000000001,above,,W02,SHS200
Q287-Q309,W02,SHS200,15.350000000000001,15.350000000000001,above,,W02,SHS200
Q290-Q293,W02,SHS200,15.350000000000001,15.350000000000001,above,,W02,SHS200
Q290-Q310,W02,SHS200,15.350000000000001,15.350000000000001,above,,W02,SHS200
Q291-Q292,W02,SHS200,15.350000000000001,15.350000000000001,above,,W02,SHS200
Q292-Q294,W02,SHS200,15.350000000000001,15.350000000000001,above,,W02,SHS200
Q292-Q311,W02,SHS200,15.350000000000001,15.350000000000001,above,,W02,SHS200
Q293-Q291,W02,SHS200,15.350000000000001,15.350000000000001,above,,W02,SHS200
Q294-Q295,W02,SHS200,15.350000000000001,15.350000000000001,above,,W02,SHS200
Q294-Q330,W02,SHS200,15.350000000000001,15.350000000000001,above,,W02,SHS200
Q295-Q296,W02,SHS200,15.350000000000001,15.350000000000001,above,,W02,SHS200
Q296-Q297,W02,SHS200,15.350000000000001,15.350000000000001,above,,W02,SHS200
Q306-Q356,W02,SHS200,15.350000000000001,15.350000000000001,above,,W02,SHS200
Q308-Q323,W02,SHS200,15.350000000000001,15.350000000000001,above,,W02,SHS200
Q309-Q324,W02,SHS200,15.350000000000001,15.350000000000001,above,,W02,SHS200
Q310-Q327,W02,SHS200,15.350000000000001,15.350000000000001,above,,W02,SHS200
Q311-Q328,W02,SHS200,15.350000000000001,15.350000000000001,above,,W02,SHS200
Q312-Q313,W02,SHS200,15.350000000000001,15.350000000000001,above,,W02,SHS200
Q312-Q364,W02,SHS200,15.350000000000001,15.350000000000001,above,,W02,SHS200
Q313-Q314,W02,SHS200,15.350000000000001,15.350000000000001,above,,W02,SHS200
Q313-Q365,W02,SHS200,15.350000000000001,15.350000000000001,above,,W02,SHS200
Q314-Q315,W02,SHS200,15.350000000000001,15.350000000000001,above,,W02,SHS200
Q315-Q367,W02,SHS200,15.350000000000001,15.350000000000001,above,,W02,SHS200
Q316-Q317,W02,SHS200,15.350000000000001,15.350000000000001,above,,W02,SHS200
Q317-Q318,W02,SHS200,15.350000000000001,15.350000000000001,above,,W02,SHS200
Q318-Q320,W02,SHS200,15.350000000000001,15.350000000000001,above,,W02,SHS200
Q320-Q321,W02,SHS200,15.350000000000001,15.350000000000001,above,,W02,SHS200
Q321-Q323,W02,SHS200,15.350000000000001,15.350000000000001,above,,W02,SHS200
Q321-Q391,W02,SHS200,15.350000000000001,15.350000000000001,above,,W02,SHS200
Q322-Q324,W02,SHS200,15.350000000000001,15.350000000000001,above,,W02,SHS200
Q323-Q322,W02,SHS200,15.350000000000001,15.350000000000001,above,,W02,SHS200
Q323-Q344,W02,SHS200,15.350000000000001,15.350000000000001,above,,W02,SHS200
Q324-Q325,W02,SHS200,15.350000000000001,15.350000000000001,above,,W02,SHS200
Q324-Q345,W02,SHS200,15.350000000000001,15.350000000000001,above,,W02,SHS200
Q326-Q327,W02,SHS200,15.350000000000001,15.350000000000001,above,,W02,SHS200
Q327-Q329,W02,SHS200,15.350000000000001,15.350000000000001,above,,W02,SHS200
Q327-Q346,W02,SHS200,15.350000000000001,15.350000000000001,above,,W02,SHS200
Q328-Q330,W02,SHS200,15.350000000000001,15.350000000000001,above,,W02,SHS200
Q328-Q347,W02,SHS200,15.350000000000001,15.350000000000001,above,,W02,SHS200
Q329-Q328,W02,SHS200,15.350000000000001,15.350000000000001,above,,W02,SHS200
Q330-Q332,W02,SHS200,15.350000000000001,15.350000000000001,above,,W02,SHS200
Q330-Q402,W02,SHS200,15.350000000000001,15.350000000000001,above,,W02,SHS200
Q332-Q333,W02,SHS200,15.350000000000001,15.350000000000001,above,,W02,SHS200
Q333-Q334,W02,SHS200,15.350000000000001,15.350000000000001,above,,W02,SHS200
Q334-Q335,W02,SHS200,15.350000000000001,15.350000000000001,above,,W02,SHS200
Q344-Q393,W02,SHS200,15.350000000000001,15.350000000000001,above,,W02,SHS200
Q345-Q395,W02,SHS200,15.350000000000001,15.350000000000001,above,,W02,SHS200
Q346-Q398,W02,SHS200,15.350000000000001,15.350000000000001,above,,W02,SHS200
Q347-Q400,W02,SHS200,15.350000000000001,15.350000000000001,above,,W02,SHS200
Q388-Q389,W02,SHS200,15.350000000000001,15.350000000000001,above,,W02,SHS200
Q389-Q390,W02,SHS200,15.350000000000001,15.350000000000001,above,,W02,SHS200
Q390-Q391,W02,SHS200,15.350000000000001,15.350000000000001,above,,W02,SHS200
Q391-Q393,W02,SHS200,15.350000000000001,15.350000000000001,above,,W02,SHS200
Q391-Q416,W02,SHS200,15.350000000000001,15.350000000000001,above,,W02,SHS200
Q392-Q395,W02,SHS200,15.350000000000001,15.350000000000001,above,,W02,SHS200
Q393-Q394,W02,SHS200,15.350000000000001,15.350000000000001,above,,W02,SHS200
Q393-Q407,W02,SHS200,15.350000000000001,15.350000000000001,above,,W02,SHS200
Q394-Q392,W02,SHS200,15.350000000000001,15.350000000000001,above,,W02,SHS200
Q395-Q396,W02,SHS200,15.350000000000001,15.350000000000001,above,,W02,SHS200
Q395-Q408,W02,SHS200,15.350000000000001,15.350000000000001,above,,W02,SHS200
Q397-Q398,W02,SHS200,15.350000000000001,15.350000000000001,above,,W02,SHS200
Q398-Q401,W02,SHS200,15.350000000000001,15.350000000000001,above,,W02,SHS200
Q398-Q409,W02,SHS200,15.350000000000001,15.350000000000001,above,,W02,SHS200
Q399-Q400,W02,SHS200,15.350000000000001,15.350000000000001,above,,W02,SHS200
Q400-Q401,W02,SHS200,15.350000000000001,15.350000000000001,above,,W02,SHS200
Q400-Q410,W02,SHS200,15.350000000000001,15.350000000000001,above,,W02,SHS200
Q401-Q399,W02,SHS200,15.350000000000001,15.350000000000001,above,,W02,SHS200
Q401-Q402,W02,SHS200,15.350000000000001,15.350000000000001,above,,W02,SHS200
Q402-Q403,W02,SHS200,15.350000000000001,15.350000000000001,above,,W02,SHS200
Q402-Q425,W02,SHS200,15.350000000000001,15.350000000000001,above,,W02,SHS200
Q403-Q404,W02,SHS200,15.350000000000001,15.350000000000001,above,,W02,SHS200
Q404-Q405,W02,SHS200,15.350000000000001,15.350000000000001,above,,W02,SHS200
Q407-Q418,W02,SHS200,15.350000000000001,15.350000000000001,above,,W02,SHS200
Q408-Q419,W02,SHS200,15.350000000000001,15.350000000000001,above,,W02,SHS200
Q409-Q422,W02,SHS200,15.350000000000001,15.350000000000001,above,,W02,SHS200
Q410-Q423,W02,SHS200,15.350000000000001,15.350000000000001,above,,W02,SHS200
Q411-Q412,W02,SHS200,15.350000000000001,15.350000000000001,above,,W02,SHS200
Q412-Q413,W02,SHS200,15.350000000000001,15.350000000000001,above,,W02,SHS200
Q413-Q414,W02,SHS200,15.350000000000001,15.350000000000001,above,,W02,SHS200
Q414-Q416,W02,SHS200,15.350000000000001,15.350000000000001,above,,W02,SHS200
Q416-Q418,W02,SHS200,15.350000000000001,15.350000000000001,above,,W02,SHS200
Q416-Q443,W02,SHS200,15.350000000000001,15.350000000000001,above,,W02,SHS200
Q417-Q419,W02,SHS200,15.350000000000001,15.350000000000001,above,,W02,SHS200
Q418-Q417,W02,SHS200,15.350000000000001,15.350000000000001,above,,W02,SHS200
Q418-Q435,W02,SHS200,15.350000000000001,15.350000000000001,above,,W02,SHS200
Q419-Q420,W02,SHS200,15.350000000000001,15.350000000000001,above,,W02,SHS200
Q419-Q436,W02,SHS200,15.350000000000001,15.350000000000001,above,,W02,SHS200
Q421-Q422,W02,SHS200,15.350000000000001,15.350000000000001,above,,W02,SHS200
Q422-Q424,W02,SHS200,15.350000000000001,15.350000000000001,above,,W02,SHS200
Q422-Q437,W02,SHS200,15.350000000000001,15.350000000000001,above,,W02,SHS200
Q423-Q424,W02,SHS200,15.350000000000001,15.350000000000001,above,,W02,SHS200
Q423-Q425,W02,SHS200,15.350000000000001,15.350000000000001,above,,W02,SHS200
Q423-Q438,W02,SHS200,15.350000000000001,15.350000000000001,above,,W02,SHS200
Q425-Q426,W02,SHS200,15.350000000000001,15.350000000000001,above,,W02,SHS200
Q425-Q454,W02,SHS200,15.350000000000001,15.350000000000001,above,,W02,SHS200
Q426-Q428,W02,SHS200,15.350000000000001,15.350000000000001,above,,W02,SHS200
Q428-Q429,W02,SHS200,15.350000000000001,15.350000000000001,above,,W02,SHS200
Q429-Q430,W02,SHS200,15.350000000000001,15.350000000000001,above,,W02,SHS200
Q435-Q445,W02,SHS200,15.350000000000001,15.350000000000001,above,,W02,SHS200
Q436-Q447,W02,SHS200,15.350000000000001,15.350000000000001,above,,W02,SHS200
Q437-Q450,W02,SHS200,15.350000000000001,15.350000000000001,above,,W02,SHS200
Q438-Q452,W02,SHS200,15.350000000000001,15.350000000000001,above,,W02,SHS200
Q440-Q441,W02,SHS200,15.350000000000001,15.350000000000001,above,,W02,SHS200
Q441-Q442,W02,SHS200,15.350000000000001,15.350000000000001,above,,W02,SHS200
Q442-Q443,W02,SHS200,15.350000000000001,15.350000000000001,above,,W02,SHS200
Q443-Q445,W02,SHS200,15.350000000000001,15.350000000000001,above,,W02,SHS200
Q443-Q475,W02,SHS200,15.350000000000001,15.350000000000001,above,,W02,SHS200
Q444-Q447,W02,SHS200,15.350000000000001,15.350000000000001,above,,W02,SHS200
Q445-Q446,W02,SHS200,15.350000000000001,15.350000000000001,above,,W02,SHS200
Q445-Q458,W02,SHS200,15.350000000000001,15.350000000000001,above,,W02,SHS200
Q446-Q444,W02,SHS200,15.350000000000001,15.350000000000001,above,,W02,SHS200
Q447-Q448,W02,SHS200,15.350000000000001,15.350000000000001,above,,W02,SHS200
Q447-Q459,W02,SHS200,15.350000000000001,15.350000000000001,above,,W02,SHS200
Q449-Q450,W02,SHS200,15.350000000000001,15.350000000000001,above,,W02,SHS200
Q450-Q453,W02,SHS200,15.350000000000001,15.350000000000001,above,,W02,SHS200
Q450-Q460,W02,SHS200,15.350000000000001,15.350000000000001,above,,W02,SHS200
Q451-Q452,W02,SHS200,15.350000000000001,15.350000000000001,above,,W02,SHS200
Q452-Q453,W02,SHS200,15.350000000000001,15.350000000000001,above,,W02,SHS200
Q452-Q461,W02,SHS200,15.350000000000001,15.350000000000001,above,,W02,SHS200
Q453-Q451,W02,SHS200,15.350000000000001,15.350000000000001,above,,W02,SHS200
Q453-Q454,W02,SHS200,15.350000000000001,15.350000000000001,above,,W02,SHS200
Q454-Q455,W02,SHS200,15.350000000000001,15.350000000000001,above,,W02,SHS200
Q454-Q543,W02,SHS200,15.350000000000001,15.350000000000001,above,,W02,SHS200
Q455-Q456,W02,SHS200,15.350000000000001,15.350000000000001,above,,W02,SHS200
Q456-Q457,W02,SHS200,15.350000000000001,15.350000000000001,above,,W02,SHS200
Q458-Q477,W02,SHS200,15.350000000000001,15.350000000000001,above,,W02,SHS200
Q459-Q479,W02,SHS200,15.350000000000001,15.350000000000001,above,,W02,SHS200
Q460-Q539,W02,SHS200,15.350000000000001,15.350000000000001,above,,W02,SHS200
Q461-Q541,W02,SHS200,15.350000000000001,15.350000000000001,above,,W02,SHS200
Q479-Q679,W02,SHS200,15.350000000000001,15.350000000000001,above,,W02,SHS200
Q481-Q676,W02,SHS200,15.350000000000001,15.350000000000001,above,,W02,SHS200
Q484-Q716,W02,SHS200,15.350000000000001,15.350000000000001,above,,W02,SHS200
Q485-Q717,W02,SHS200,15.350000000000001,15.350000000000001,above,,W02,SHS200
Q493-Q562,W02,SHS200,15.350000000000001,15.350000000000001,above,,W02,SHS200
Q496-Q581,W02,SHS200,15.350000000000001,15.350000000000001,above,,W02,SHS200
Q498-Q563,W02,SHS200,15.350000000000001,15.350000000000001,above,,W02,SHS200
Q504-Q564,W02,SHS200,15.350000000000001,15.350000000000001,above,,W02,SHS200
Q506-Q565,W02,SHS200,15.350000000000001,15.350000000000001,above,,W02,SHS200
Q507-Q589,W02,SHS200,15.350000000000001,15.350000000000001,above,,W02,SHS200
Q512-Q591,W02,SHS200,15.350000000000001,15.350000000000001,above,,W02,SHS200
Q513-Q566,W02,SHS200,15.350000000000001,15.350000000000001,above,,W02,SHS200
Q515-Q593,W02,SHS200,15.350000000000001,15.350000000000001,above,,W02,SHS200
Q521-Q567,W02,SHS200,15.350000000000001,15.350000000000001,above,,W02,SHS200
Q523-Q599,W02,SHS200,15.350000000000001,15.350000000000001,above,,W02,SHS200
Q526-Q601,W02,SHS200,15.350000000000001,15.350000000000001,above,,W02,SHS200
Q528-Q568,W02,SHS200,15.350000000000001,15.350000000000001,above,,W02,SHS200
Q530-Q569,W02,SHS200,15.3,15.3,above,,W02,SHS200
Q532-Q570,W02,SHS200,15.3,15.3,above,,W02,SHS200
Q533-Q810,W02,SHS200,15.350000000000001,15.350000000000001,above,,W02,SHS200
Q534-Q812,W02,SHS200,15.350000000000001,15.350000000000001,above,,W02,SHS200
Q537-Q677,W02,SHS200,15.350000000000001,15.350000000000001,above,,W02,SHS200
Q539-Q686,W02,SHS200,15.350000000000001,15.350000000000001,above,,W02,SHS200
Q549-Q553,W02,SHS200,15.350000000000001,15.350000000000001,above,,W02,SHS200
Q550-Q555,W02,SHS200,15.350000000000001,15.350000000000001,above,,W02,SHS200
Q551-Q556,W02,SHS200,15.350000000000001,15.350000000000001,above,,W02,SHS200
Q552-Q558,W02,SHS200,15.350000000000001,15.350000000000001,above,,W02,SHS200
Q553-Q554,W02,SHS200,15.350000000000001,15.350000000000001,above,,W02,SHS200
Q554-Q555,W02,SHS200,15.350000000000001,15.350000000000001,above,,W02,SHS200
Q554-Q696,W02,SHS200,15.350000000000001,15.350000000000001,above,,W02,SHS200
Q555-Q629,W02,SHS200,15.350000000000001,15.350000000000001,above,,W02,SHS200
Q556-Q557,W02,SHS200,15.350000000000001,15.350000000000001,above,,W02,SHS200
Q556-Q632,W02,SHS200,15.350000000000001,15.350000000000001,above,,W02,SHS200
Q557-Q558,W02,SHS200,15.350000000000001,15.350000000000001,above,,W02,SHS200
Q557-Q703,W02,SHS200,15.350000000000001,15.350000000000001,above,,W02,SHS200
Q562-Q579,W02,SHS200,15.350000000000001,15.350000000000001,above,,W02,SHS200
Q563-Q583,W02,SHS200,15.350000000000001,15.350000000000001,above,,W02,SHS200
Q564-Q587,W02,SHS200,15.350000000000001,15.350000000000001,above,,W02,SHS200
Q565-Q588,W02,SHS200,15.350000000000001,15.350000000000001,above,,W02,SHS200
Q566-Q592,W02,SHS200,15.350000000000001,15.350000000000001,above,,W02,SHS200
Q567-Q597,W02,SHS200,15.350000000000001,15.350000000000001,above,,W02,SHS200
Q568-Q603,W02,SHS200,15.350000000000001,15.350000000000001,above,,W02,SHS200
Q569-Q605,W02,SHS200,15.3,15.3,above,,W02,SHS200
Q570-Q607,W02,SHS200,15.3,15.3,above,,W02,SHS200
Q573-Q574,W02,SHS200,15.350000000000001,15.350000000000001,above,,W02,SHS200
Q574-Q575,W02,SHS200,15.350000000000001,15.350000000000001,above,,W02,SHS200
Q575-Q576,W02,SHS200,15.350000000000001,15.350000000000001,above,,W02,SHS200
Q576-Q577,W02,SHS200,15.350000000000001,15.350000000000001,above,,W02,SHS200
Q577-Q578,W02,SHS200,15.350000000000001,15.350000000000001,above,,W02,SHS200
Q578-Q579,W02,SHS200,15.350000000000001,15.350000000000001,above,,W02,SHS200
Q579-Q580,W02,SHS200,15.350000000000001,15.350000000000001,above,,W02,SHS200
Q579-Q615,W02,SHS200,15.350000000000001,15.350000000000001,above,,W02,SHS200
Q580-Q581,W02,SHS200,15.350000000000001,15.350000000000001,above,,W02,SHS200
Q581-Q582,W02,SHS200,15.350000000000001,15.350000000000001,above,,W02,SHS200
Q581-Q616,W02,SHS200,15.350000000000001,15.350000000000001,above,,W02,SHS200
Q582-Q583,W02,SHS200,15.350000000000001,15.350000000000001,above,,W02,SHS200
Q583-Q584,W02,SHS200,15.350000000000001,15.350000000000001,above,,W02,SHS200
Q583-Q617,W02,SHS200,15.350000000000001,15.350000000000001,above,,W02,SHS200
Q584-Q585,W02,SHS200,15.350000000000001,15.350000000000001,above,,W02,SHS200
Q585-Q586,W02,SHS200,15.350000000000001,15.350000000000001,above,,W02,SHS200
Q586-Q587,W02,SHS200,15.350000000000001,15.350000000000001,above,,W02,SHS200
Q587-Q619,W02,SHS200,15.350000000000001,15.350000000000001,above,,W02,SHS200
Q588-Q652,W02,SHS200,15.350000000000001,15.350000000000001,above,,W02,SHS200
Q589-Q653,W02,SHS200,15.350000000000001,15.350000000000001,above,,W02,SHS200
Q591-Q655,W02,SHS200,15.350000000000001,15.350000000000001,above,,W02,SHS200
Q592-Q656,W02,SHS200,15.350000000000001,15.350000000000001,above,,W02,SHS200
Q593-Q594,W02,SHS200,15.350000000000001,15.350000000000001,above,,W02,SHS200
Q593-Q620,W02,SHS200,15.350000000000001,15.350000000000001,above,,W02,SHS200
Q594-Q595,W02,SHS200,15.3,15.350000000000001,above,,W02,SHS200
Q595-Q596,W02,SHS200,15.350000000000001,15.350000000000001,above,,W02,SHS200
Q596-Q597,W02,SHS200,15.350000000000001,15.350000000000001,above,,W02,SHS200
Q597-Q598,W02,SHS200,15.350000000000001,15.350000000000001,above,,W02,SHS200
Q597-Q622,W02,SHS200,15.350000000000001,15.350000000000001,above,,W02,SHS200
Q598-Q599,W02,SHS200,15.350000000000001,15.350000000000001,above,,W02,SHS200
Q599-Q600,W02,SHS200,15.350000000000001,15.350000000000001,above,,W02,SHS200
Q599-Q623,W02,SHS200,15.350000000000001,15.350000000000001,above,,W02,SHS200
Q600-Q601,W02,SHS200,15.350000000000001,15.350000000000001,above,,W02,SHS200
Q601-Q602,W02,SHS200,15.350000000000001,15.350000000000001,above,,W02,SHS200
Q601-Q624,W02,SHS200,15.350000000000001,15.350000000000001,above,,W02,SHS200
Q602-Q603,W02,SHS200,15.350000000000001,15.350000000000001,above,,W02,SHS200
Q603-Q604,W02,SHS200,15.350000000000001,15.350000000000001,above,,W02,SHS200
Q603-Q625,W02,SHS200,15.350000000000001,15.350000000000001,above,,W02,SHS200
Q604-Q605,W02,SHS200,15.350000000000001,15.350000000000001,above,,W02,SHS200
Q605-Q606,W02,SHS200,15.350000000000001,15.350000000000001,above,,W02,SHS200
Q605-Q626,W02,SHS200,15.3,15.3,above,,W02,SHS200
Q606-Q607,W02,SHS200,15.350000000000001,15.350000000000001,above,,W02,SHS200
Q607-Q627,W02,SHS200,15.3,15.3,above,,W02,SHS200
Q615-Q639,W02,SHS200,15.350000000000001,15.350000000000001,above,,W02,SHS200
Q616-Q642,W02,SHS200,15.350000000000001,15.350000000000001,above,,W02,SHS200
Q617-Q645,W02,SHS200,15.350000000000001,15.350000000000001,above,,W02,SHS200
Q619-Q651,W02,SHS200,15.350000000000001,15.350000000000001,above,,W02,SHS200
Q620-Q657,W02,SHS200,15.350000000000001,15.350000000000001,above,,W02,SHS200
Q622-Q663,W02,SHS200,15.350000000000001,15.350000000000001,above,,W02,SHS200
Q623-Q666,W02,SHS200,15.350000000000001,15.350000000000001,above,,W02,SHS200
Q624-Q669,W02,SHS200,15.350000000000001,15.350000000000001,above,,W02,SHS200
Q625-Q671,W02,SHS200,15.350000000000001,15.350000000000001,above,,W02,SHS200
Q626-Q673,W02,SHS200,15.3,15.3,above,,W02,SHS200
Q627-Q675,W02,SHS200,15.3,15.3,above,,W02,SHS200
Q629-Q697,W02,SHS200,15.350000000000001,15.350000000000001,above,,W02,SHS200
Q632-Q702,W02,SHS200,15.350000000000001,15.350000000000001,above,,W02,SHS200
Q633-Q634,W02,SHS200,15.350000000000001,15.350000000000001,above,,W02,SHS200
Q634-Q635,W02,SHS200,15.350000000000001,15.350000000000001,above,,W02,SHS200
Q634-Q746,W02,SHS200,15.350000000000001,15.350000000000001,above,,W02,SHS200
Q635-Q636,W02,SHS200,15.350000000000001,15.350000000000001,above,,W02,SHS200
Q636-Q637,W02,SHS200,15.350000000000001,15.350000000000001,above,,W02,SHS200
Q636-Q749,W02,SHS200,15.350000000000001,15.350000000000001,above,,W02,SHS200
Q637-Q638,W02,SHS200,15.350000000000001,15.350000000000001,above,,W02,SHS200
Q638-Q639,W02,SHS200,15.350000000000001,15.350000000000001,above,,W02,SHS200
Q638-Q755,W02,SHS200,15.350000000000001,15.350000000000001,above,,W02,SHS200
Q639-Q640,W02,SHS200,15.350000000000001,15.350000000000001,above,,W02,SHS200
Q639-Q757,W02,SHS200,15.350000000000001,15.350000000000001,above,,W02,SHS200
Q640-Q641,W02,SHS200,15.350000000000001,15.350000000000001,above,,W02,SHS200
Q641-Q642,W02,SHS200,15.350000000000001,15.350000000000001,above,,W02,SHS200
Q641-Q706,W02,SHS200,15.350000000000001,15.350000000000001,above,,W02,SHS200
Q642-Q643,W02,SHS200,15.350000000000001,15.350000000000001,above,,W02,SHS200
Q643-Q644,W02,SHS200,15.350000000000001,15.350000000000001,above,,W02,SHS200
Q643-Q762,W02,SHS200,15.350000000000001,15.350000000000001,above,,W02,SHS200
Q644-Q645,W02,SHS200,15.350000000000001,15.350000000000001,above,,W02,SHS200
Q645-Q646,W02,SHS200,15.350000000000001,15.350000000000001,above,,W02,SHS200
Q645-Q765,W02,SHS200,15.350000000000001,15.350000000000001,above,,W02,SHS200
Q646-Q647,W02,SHS200,15.350000000000001,15.350000000000001,above,,W02,SHS200
Q647-Q648,W02,SHS200,15.350000000000001,15.350000000000001,above,,W02,SHS200
Q647-Q707,W02,SHS200,15.350000000000001,15.350000000000001,above,,W02,SHS200
Q648-Q649,W02,SHS200,15.350000000000001,15.350000000000001,above,,W02,SHS200
Q649-Q650,W02,SHS200,15.350000000000001,15.350000000000001,above,,W02,SHS200
Q649-Q708,W02,SHS200,15.350000000000001,15.350000000000001,above,,W02,SHS200
Q650-Q651,W02,SHS200,15.350000000000001,15.350000000000001,above,,W02,SHS200
Q651-Q771,W02,SHS200,15.350000000000001,15.350000000000001,above,,W02,SHS200
Q652-Q709,W02,SHS200,15.350000000000001,15.350000000000001,above,,W02,SHS200
Q653-Q775,W02,SHS200,15.350000000000001,15.350000000000001,above,,W02,SHS200
Q655-Q777,W02,SHS200,15.350000000000001,15.350000000000001,above,,W02,SHS200
Q656-Q710,W02,SHS200,15.350000000000001,15.350000000000001,above,,W02,SHS200
Q657-Q658,W02,SHS200,15.350000000000001,15.350000000000001,above,,W02,SHS200
Q657-Q781,W02,SHS200,15.350000000000001,15.350000000000001,above,,W02,SHS200
Q658-Q659,W02,SHS200,15.350000000000001,15.350000000000001,above,,W02,SHS200
Q659-Q660,W02,SHS200,15.350000000000001,15.350000000000001,above,,W02,SHS200
Q659-Q711,W02,SHS200,15.350000000000001,15.350000000000001,above,,W02,SHS200
Q660-Q661,W02,SHS200,15.350000000000001,15.350000000000001,above,,W02,SHS200
Q661-Q662,W02,SHS200,15.350000000000001,15.350000000000001,above,,W02,SHS200
Q661-Q712,W02,SHS200,15.3,15.3,above,,W02,SHS200
Q662-Q663,W02,SHS200,15.350000000000001,15.350000000000001,above,,W02,SHS200
Q663-Q664,W02,SHS200,15.350000000000001,15.350000000000001,above,,W02,SHS200
Q663-Q789,W02,SHS200,15.350000000000001,15.350000000000001,above,,W02,SHS200
Q664-Q665,W02,SHS200,15.350000000000001,15.350000000000001,above,,W02,SHS200
Q665-Q666,W02,SHS200,15.350000000000001,15.350000000000001,above,,W02,SHS200
Q665-Q791,W02,SHS200,15.350000000000001,15.350000000000001,above,,W02,SHS200
Q666-Q667,W02,SHS200,15.350000000000001,15.350000000000001,above,,W02,SHS200
Q667-Q668,W02,SHS200,15.350000000000001,15.350000000000001,above,,W02,SHS200
Q667-Q713,W02,SHS200,15.3,15.3,above,,W02,SHS200
Q668-Q669,W02,SHS200,15.350000000000001,15.350000000000001,above,,W02,SHS200
Q669-Q670,W02,SHS200,15.350000000000001,15.350000000000001,above,,W02,SHS200
Q669-Q796,W02,SHS200,15.350000000000001,15.350000000000001,above,,W02,SHS200
Q670-Q671,W02,SHS200,15.350000000000001,15.350000000000001,above,,W02,SHS200
Q670-Q797,W02,SHS200,15.350000000000001,15.350000000000001,above,,W02,SHS200
Q671-Q672,W02,SHS200,15.350000000000001,15.350000000000001,above,,W02,SHS200
Q671-Q800,W02,SHS200,15.350000000000001,15.350000000000001,above,,W02,SHS200
Q672-Q673,W02,SHS200,15.350000000000001,15.350000000000001,above,,W02,SHS200
Q672-Q802,W02,SHS200,15.350000000000001,15.350000000000001,above,,W02,SHS200
Q673-Q674,W02,SHS200,15.350000000000001,15.350000000000001,above,,W02,SHS200
Q673-Q804,W02,SHS200,15.350000000000001,15.350000000000001,above,,W02,SHS200
Q674-Q675,W02,SHS200,15.350000000000001,15.350000000000001,above,,W02,SHS200
Q674-Q805,W02,SHS200,15.350000000000001,15.350000000000001,above,,W02,SHS200
Q675-Q808,W02,SHS200,15.350000000000001,15.350000000000001,above,,W02,SHS200
Q676-Q715,W02,SHS200,15.350000000000001,15.350000000000001,above,,W02,SHS200
Q677-Q813,W02,SHS200,15.350000000000001,15.350000000000001,above,,W02,SHS200
Q692-Q699,W02,SHS200,15.350000000000001,15.350000000000001,above,,W02,SHS200
Q693-Q700,W02,SHS200,15.350000000000001,15.350000000000001,above,,W02,SHS200
Q695-Q696,W02,SHS200,15.350000000000001,15.350000000000001,above,,W02,SHS200
Q696-Q697,W02,SHS200,15.350000000000001,15.350000000000001,above,,W02,SHS200
Q697-Q698,W02,SHS200,15.350000000000001,15.350000000000001,above,,W02,SHS200
Q697-Q824,W02,SHS200,15.350000000000001,15.350000000000001,above,,W02,SHS200
Q698-Q699,W02,SHS200,15.350000000000001,15.350000000000001,above,,W02,SHS200
Q698-Q825,W02,SHS200,15.350000000000001,15.350000000000001,above,,W02,SHS200
Q699-Q719,W02,SHS200,15.350000000000001,15.350000000000001,above,,W02,SHS200
Q700-Q701,W02,SHS200,15.350000000000001,15.350000000000001,above,,W02,SHS200
Q700-Q722,W02,SHS200,15.350000000000001,15.350000000000001,above,,W02,SHS200
Q701-Q702,W02,SHS200,15.350000000000001,15.350000000000001,above,,W02,SHS200
Q701-Q864,W02,SHS200,15.350000000000001,15.350000000000001,above,,W02,SHS200
Q702-Q703,W02,SHS200,15.350000000000001,15.350000000000001,above,,W02,SHS200
Q702-Q865,W02,SHS200,15.350000000000001,15.350000000000001,above,,W02,SHS200
Q703-Q704,W02,SHS200,15.350000000000001,15.350000000000001,above,,W02,SHS200
Q706-Q760,W02,SHS200,15.350000000000001,15.350000000000001,above,,W02,SHS200
Q707-Q767,W02,SHS200,15.350000000000001,15.350000000000001,above,,W02,SHS200
Q708-Q770,W02,SHS200,15.350000000000001,15.350000000000001,above,,W02,SHS200
Q709-Q774,W02,SHS200,15.350000000000001,15.350000000000001,above,,W02,SHS200
Q710-Q779,W02,SHS200,15.350000000000001,15.350000000000001,above,,W02,SHS200
Q711-Q783,W02,SHS200,15.350000000000001,15.350000000000001,above,,W02,SHS200
Q712-Q786,W02,SHS200,15.3,15.3,above,,W02,SHS200
Q713-Q794,W02,SHS200,15.3,15.3,above,,W02,SHS200
Q715-Q716,W02,SHS200,15.350000000000001,15.350000000000001,above,,W02,SHS200
Q715-Q728,W02,SHS200,15.350000000000001,15.350000000000001,above,,W02,SHS200
Q716-Q717,W02,SHS200,15.350000000000001,15.350000000000001,above,,W02,SHS200
Q717-Q730,W02,SHS200,15.350000000000001,15.350000000000001,above,,W02,SHS200
Q719-Q819,W02,SHS200,15.350000000000001,15.350000000000001,above,,W02,SHS200
Q722-Q822,W02,SHS200,15.350000000000001,15.350000000000001,above,,W02,SHS200
Q728-Q729,W02,SHS200,15.350000000000001,15.350000000000001,above,,W02,SHS200
Q728-Q737,W02,SHS200,15.350000000000001,15.350000000000001,above,,W02,SHS200
Q729-Q730,W02,SHS200,15.350000000000001,15.350000000000001,above,,W02,SHS200
Q729-Q738,W02,SHS200,15.3,15.3,above,,W02,SHS200
Q730-Q741,W02,SHS200,15.350000000000001,15.350000000000001,above,,W02,SHS200
Q737-Q828,W02,SHS200,15.350000000000001,15.350000000000001,above,,W02,SHS200
Q741-Q830,W02,SHS200,15.350000000000001,15.350000000000001,above,,W02,SHS200
Q746-Q832,W02,SHS200,15.350000000000001,15.350000000000001,above,,W02,SHS200
Q749-Q834,W02,SHS200,15.350000000000001,15.350000000000001,above,,W02,SHS200
Q755-Q836,W02,SHS200,15.350000000000001,15.350000000000001,above,,W02,SHS200
Q757-Q837,W02,SHS200,15.350000000000001,15.350000000000001,above,,W02,SHS200
Q760-Q839,W02,SHS200,15.350000000000001,15.350000000000001,above,,W02,SHS200
Q762-Q875,W02,SHS200,15.350000000000001,15.350000000000001,above,,W02,SHS200
Q765-Q876,W02,SHS200,15.350000000000001,15.350000000000001,above,,W02,SHS200
Q769-Q840,W02,SHS200,15.350000000000001,15.350000000000001,above,,W02,SHS200
Q770-Q841,W02,SHS200,15.350000000000001,15.350000000000001,above,,W02,SHS200
Q771-Q842,W02,SHS200,15.350000000000001,15.350000000000001,above,,W02,SHS200
Q774-Q843,W02,SHS200,15.350000000000001,15.350000000000001,above,,W02,SHS200
Q775-Q844,W02,SHS200,15.350000000000001,15.350000000000001,above,,W02,SHS200
Q777-Q846,W02,SHS200,15.350000000000001,15.350000000000001,above,,W02,SHS200
Q779-Q847,W02,SHS200,15.350000000000001,15.350000000000001,above,,W02,SHS200
Q781-Q848,W02,SHS200,15.350000000000001,15.350000000000001,above,,W02,SHS200
Q783-Q849,W02,SHS200,15.350000000000001,15.350000000000001,above,,W02,SHS200
Q784-Q850,W02,SHS200,15.3,15.3,above,,W02,SHS200
Q789-Q879,W02,SHS200,15.350000000000001,15.350000000000001,above,,W02,SHS200
Q791-Q880,W02,SHS200,15.350000000000001,15.350000000000001,above,,W02,SHS200
Q794-Q851,W02,SHS200,15.3,15.3,above,,W02,SHS200
Q796-Q852,W02,SHS200,15.350000000000001,15.350000000000001,above,,W02,SHS200
Q797-Q853,W02,SHS200,15.350000000000001,15.350000000000001,above,,W02,SHS200
Q800-Q854,W02,SHS200,15.350000000000001,15.350000000000001,above,,W02,SHS200
Q802-Q855,W02,SHS200,15.350000000000001,15.350000000000001,above,,W02,SHS200
Q804-Q856,W02,SHS200,15.350000000000001,15.350000000000001,above,,W02,SHS200
Q805-Q857,W02,SHS200,15.350000000000001,15.350000000000001,above,,W02,SHS200
Q808-Q858,W02,SHS200,15.350000000000001,15.350000000000001,above,,W02,SHS200
Q810-Q859,W02,SHS200,15.350000000000001,15.350000000000001,above,,W02,SHS200
Q812-Q860,W02,SHS200,15.350000000000001,15.350000000000001,above,,W02,SHS200
Q813-Q861,W02,SHS200,15.350000000000001,15.350000000000001,above,,W02,SHS200
Q819-Q826,W02,SHS200,15.350000000000001,15.350000000000001,above,,W02,SHS200
Q822-Q863,W02,SHS200,15.350000000000001,15.350000000000001,above,,W02,SHS200
Q826-Q867,W02,SHS200,15.350000000000001,15.350000000000001,above,,W02,SHS200
Q827-Q828,W02,SHS200,15.350000000000001,15.350000000000001,above,,W02,SHS200
Q828-Q829,W02,SHS200,15.350000000000001,15.350000000000001,above,,W02,SHS200
Q828-Q893,W02,SHS200,15.350000000000001,15.350000000000001,above,,W02,SHS200
Q829-Q830,W02,SHS200,15.350000000000001,15.350000000000001,above,,W02,SHS200
Q830-Q831,W02,SHS200,15.350000000000001,15.350000000000001,above,,W02,SHS200
Q830-Q897,W02,SHS200,15.350000000000001,15.350000000000001,above,,W02,SHS200
Q831-Q832,W02,SHS200,15.350000000000001,15.350000000000001,above,,W02,SHS200
Q832-Q833,W02,SHS200,15.350000000000001,15.350000000000001,above,,W02,SHS200
Q832-Q901,W02,SHS200,15.350000000000001,15.336920000000001,above,,W02,SHS200
Q833-Q834,W02,SHS200,15.350000000000001,15.350000000000001,above,,W02,SHS200
Q834-Q835,W02,SHS200,15.350000000000001,15.350000000000001,above,,W02,SHS200
Q834-Q905,W02,SHS200,15.350000000000001,15.33313,above,,W02,SHS200
Q838-Q839,W02,SHS200,15.350000000000001,15.350000000000001,above,,W02,SHS200
Q854-Q855,W02,SHS200,15.350000000000001,15.350000000000001,above,,W02,SHS200
Q855-Q856,W02,SHS200,15.350000000000001,15.350000000000001,above,,W02,SHS200
Q856-Q857,W02,SHS200,15.350000000000001,15.350000000000001,above,,W02,SHS200
Q856-Q872,W02,SHS200,15.3,15.3,above,,W02,SHS200
Q857-Q858,W02,SHS200,15.350000000000001,15.350000000000001,above,,W02,SHS200
Q858-Q859,W02,SHS200,15.350000000000001,15.350000000000001,above,,W02,SHS200
Q859-Q860,W02,SHS200,15.350000000000001,15.350000000000001,above,,W02,SHS200
Q860-Q861,W02,SHS200,15.350000000000001,15.350000000000001,above,,W02,SHS200
Q861-Q862,W02,SHS200,15.350000000000001,15.350000000000001,above,,W02,SHS200
Q863-Q869,W02,SHS200,15.350000000000001,15.350000000000001,above,,W02,SHS200
Q875-Q883,W02,SHS200,15.350000000000001,15.350000000000001,above,,W02,SHS200
Q876-Q884,W02,SHS200,15.350000000000001,15.350000000000001,above,,W02,SHS200
Q879-Q887,W02,SHS200,15.350000000000001,15.350000000000001,above,,W02,SHS200
Q880-Q888,W02,SHS200,15.350000000000001,15.350000000000001,above,,W02,SHS200
Q883-Q911,W02,SHS200,15.350000000000001,15.350000000000001,above,,W02,SHS200
Q884-Q912,W02,SHS200,15.350000000000001,15.350000000000001,above,,W02,SHS200
Q887-Q915,W02,SHS200,15.350000000000001,15.350000000000001,above,,W02,SHS200
Q888-Q916,W02,SHS200,15.350000000000001,15.350000000000001,above,,W02,SHS200
Q893-Q938,W02,SHS200,15.350000000000001,15.350000000000001,above,,W02,SHS200
Q897-Q929,W02,SHS200,15.350000000000001,15.350000000000001,above,,W02,SHS200
Q901-Q932,W02,SHS200,15.336920000000001,15.322970000000002,above,,W02,SHS200
Q905-Q936,W02,SHS200,15.33313,15.315140000000001,above,,W02,SHS200
Q929-Q954,W02,SHS200,15.350000000000001,15.350000000000001,above,,W02,SHS200
Q932-Q956,W02,SHS200,15.322970000000002,15.301540000000001,above,,W02,SHS200
Q936-Q950,W02,SHS200,15.315140000000001,15.30199,above,,W02,SHS200
Q954-Q951,W02,SHS200,15.3,15.3,above,,W02,SHS200
Q955-Q954,W02,SHS200,15.3,15.3,above,,W02,SHS200
E012-E013,W04,SHS300,15.3,15.3,above,,W04,SHS300
E013-E014,W04,SHS300,15.3,15.3,above,,W04,SHS300
E014-E015,W04,SHS300,15.3,15.3,above,,W04,SHS300
E015-E016,W04,SHS300,15.3,15.3,above,,W04,SHS300
E016-E017,W04,SHS300,15.3,15.3,above,,W04,SHS300
E017-E018,W04,SHS300,15.3,15.3,above,,W04,SHS300
E018-E019,W04,SHS300,15.3,15.3,above,,W04,SHS300
E019-E020,W04,SHS300,15.3,15.3,above,,W04,SHS300
E021-E022,W04,SHS300,15.350000000000001,15.350000000000001,above,,W04,SHS300
E022-E023,W04,SHS300,15.350000000000001,15.350000000000001,above,,W04,SHS300
E023-E024,W04,SHS300,15.350000000000001,15.350000000000001,above,,W04,SHS300
E024-E025,W04,SHS300,15.350000000000001,15.350000000000001,above,,W04,SHS300
E025-E026,W04,SHS300,15.350000000000001,15.350000000000001,above,,W04,SHS300
E026-E027,W04,SHS300,15.350000000000001,15.350000000000001,above,,W04,SHS300
E027-E028,W04,SHS300,15.350000000000001,15.350000000000001,above,,W04,SHS300
E028-E029,W04,SHS300,15.350000000000001,15.350000000000001,above,,W04,SHS300
E075-E076,W04,SHS300,15.3,15.3,above,,W04,SHS300
E075-E138,W04,SHS300,15.3,15.3,above,,W04,SHS300
E076-E077,W04,SHS300,15.3,15.3,above,,W04,SHS300
E077-E078,W04,SHS300,15.3,15.3,above,,W04,SHS300
E078-E079,W04,SHS300,15.3,15.3,above,,W04,SHS300
E079-E080,W04,SHS300,15.3,15.3,above,,W04,SHS300
E080-E081,W04,SHS300,15.3,15.3,above,,W04,SHS300
E081-E082,W04,SHS300,15.3,15.3,above,,W04,SHS300
E082-E083,W04,SHS300,15.3,15.3,above,,W04,SHS300
E099-E100,W04,SHS300,15.350000000000001,15.350000000000001,above,,W04,SHS300
E100-E101,W04,SHS300,15.350000000000001,15.350000000000001,above,,W04,SHS300
E101-E102,W04,SHS300,15.350000000000001,15.350000000000001,above,,W04,SHS300
E102-E103,W04,SHS300,15.350000000000001,15.350000000000001,above,,W04,SHS300
E103-E104,W04,SHS300,15.350000000000001,15.350000000000001,above,,W04,SHS300
E104-E105,W04,SHS300,15.350000000000001,15.350000000000001,above,,W04,SHS300
E105-E106,W04,SHS300,15.350000000000001,15.350000000000001,above,,W04,SHS300
E106-E107,W04,SHS300,15.350000000000001,15.350000000000001,above,,W04,SHS300
E107-E139,W04,SHS300,15.3,15.3,above,,W04,SHS300
E123-E124,W04,SHS300,15.3,15.3,above,,W04,SHS300
E124-E125,W04,SHS300,15.3,15.3,above,,W04,SHS300
E125-E128,W04,SHS300,15.3,15.3,above,,W04,SHS300
E128-E129,W04,SHS300,15.3,15.3,above,,W04,SHS300
E138-E155,W04,SHS300,15.3,15.3,above,,W04,SHS300
E139-E156,W04,SHS300,15.3,15.3,above,,W04,SHS300
E148-E149,W04,SHS300,15.3,15.3,above,,W04,SHS300
E149-E152,W04,SHS300,15.3,15.3,above,,W04,SHS300
E152-E153,W04,SHS300,15.3,15.3,above,,W04,SHS300
E153-E154,W04,SHS300,15.3,15.3,above,,W04,SHS300
E155-E221,W04,SHS300,15.3,15.3,above,,W04,SHS300
E156-E223,W04,SHS300,15.3,15.3,above,,W04,SHS300
E198-E199,W04,SHS300,16.35,16.35,above,,W04,SHS300
E199-E202,W04,SHS300,16.35,16.35,above,,W04,SHS300
E202-E206,W04,SHS300,16.35,16.35,above,,W04,SHS300
E206-E210,W04,SHS300,16.35,16.35,above,,W04,SHS300
E210-E213,W04,SHS300,16.35,16.35,above,,W04,SHS300
E213-E215,W04,SHS300,16.35,16.35,above,,W04,SHS300
E215-E216,W04,SHS300,16.35,16.35,above,,W04,SHS300
E221-E343,W04,SHS300,15.3,15.3,above,,W04,SHS300
E223-E344,W04,SHS300,15.3,15.3,above,,W04,SHS300
E229-E230,W04,SHS300,16.35,16.35,above,,W04,SHS300
E230-E233,W04,SHS300,16.35,16.35,above,,W04,SHS300
E233-E235,W04,SHS300,16.35,16.35,above,,W04,SHS300
E235-E239,W04,SHS300,16.35,16.35,above,,W04,SHS300
E239-E241,W04,SHS300,16.35,16.35,above,,W04,SHS300
E241-E246,W04,SHS300,16.35,16.35,above,,W04,SHS300
E246-E247,W04,SHS300,16.35,16.35,above,,W04,SHS300
E274-E275,W04,SHS300,16.35,16.35,above,,W04,SHS300
E275-E277,W04,SHS300,16.35,16.35,above,,W04,SHS300
E277-E281,W04,SHS300,16.35,16.35,above,,W04,SHS300
E281-E282,W04,SHS300,16.35,16.35,above,,W04,SHS300
E299-E300,W04,SHS300,16.35,16.35,above,,W04,SHS300
E300-E301,W04,SHS300,16.35,16.35,above,,W04,SHS300
E301-E306,W04,SHS300,16.35,16.35,above,,W04,SHS300
E306-E307,W04,SHS300,16.35,16.35,above,,W04,SHS300
E343-E414,W04,SHS300,15.3,15.3,above,,W04,SHS300
E344-E415,W04,SHS300,15.3,15.3,above,,W04,SHS300
E432-E441,W04,SHS300,15.3,15.3,above,,W04,SHS300
E432-E472,W04,SHS300,15.3,15.3,above,,W04,SHS300
E435-E436,W04,SHS300,15.3,15.3,above,,W04,SHS300
E436-E437,W04,SHS300,15.3,15.3,above,,W04,SHS300
E436-E454,W04,SHS300,15.3,15.3,above,,W04,SHS300
E437-E440,W04,SHS300,15.3,15.3,above,,W04,SHS300
E440-E441,W04,SHS300,15.3,15.3,above,,W04,SHS300
E454-E466,W04,SHS300,15.3,15.3,above,,W04,SHS300
E458-E459,W04,SHS300,15.3,15.3,above,,W04,SHS300
E459-E461,W04,SHS300,15.3,15.3,above,,W04,SHS300
E461-E463,W04,SHS300,15.3,15.3,above,,W04,SHS300
E463-E464,W04,SHS300,15.3,15.3,above,,W04,SHS300
E463-E470,W04,SHS300,15.3,15.3,above,,W04,SHS300
E466-E475,W04,SHS300,15.3,15.3,above,,W04,SHS300
E469-E458,W04,SHS300,15.3,15.3,above,,W04,SHS300
E469-E494,W04,SHS300,15.3,15.3,above,,W04,SHS300
E470-E485,W04,SHS300,15.3,15.3,above,,W04,SHS300
E472-E480,W04,SHS300,15.3,15.3,above,,W04,SHS300
E475-E476,W04,SHS300,15.3,15.3,above,,W04,SHS300
E476-E482,W04,SHS300,15.3,15.3,above,,W04,SHS300
E480-E481,W04,SHS300,15.3,15.3,above,,W04,SHS300
E480-E486,W04,SHS300,15.3,15.3,above,,W04,SHS300
E481-E482,W04,SHS300,15.3,15.3,above,,W04,SHS300
E482-E487,W04,SHS300,15.3,15.3,above,,W04,SHS300
E485-E496,W04,SHS300,15.3,15.3,above,,W04,SHS300
E494-E509,W04,SHS300,15.3,15.3,above,,W04,SHS300
E496-E501,W04,SHS300,15.3,15.3,above,,W04,SHS300
E497-Q015,W04,SHS300,15.3,15.3,above,,W04,SHS300
E497-Q065,W04,SHS300,15.3,15.3,above,,W04,SHS300
E498-Q038,W04,SHS300,15.3,15.3,above,,W04,SHS300
E499-E498,W04,SHS300,15.3,15.3,above,,W04,SHS300
E499-Q064,W04,SHS300,15.3,15.3,above,,W04,SHS300
E501-E511,W04,SHS300,15.3,15.3,above,,W04,SHS300
E509-E510,W04,SHS300,15.3,15.3,above,,W04,SHS300
E509-E521,W04,SHS300,15.3,15.3,above,,W04,SHS300
E510-E511,W04,SHS300,15.3,15.3,above,,W04,SHS300
E511-E522,W04,SHS300,15.3,15.3,above,,W04,SHS300
Q015-Q039,W04,SHS300,15.3,15.3,above,,W04,SHS300
Q064-Q155,W04,SHS300,15.3,15.3,above,,W04,SHS300
Q065-Q090,W04,SHS300,15.3,15.3,above,,W04,SHS300
Q081-Q105,W04,SHS300,15.3,15.3,above,,W04,SHS300
Q082-Q123,W04,SHS300,15.3,15.3,above,,W04,SHS300
Q083-Q131,W04,SHS300,15.3,15.3,above,,W04,SHS300
Q084-Q140,W04,SHS300,15.3,15.3,above,,W04,SHS300
Q090-Q091,W04,SHS300,15.3,15.3,above,,W04,SHS300
Q091-Q092,W04,SHS300,15.3,15.3,above,,W04,SHS300
Q092-Q094,W04,SHS300,15.3,15.3,above,,W04,SHS300
Q104-Q105,W04,SHS300,15.3,15.3,above,,W04,SHS300
Q105-Q106,W04,SHS300,15.3,15.3,above,,W04,SHS300
Q106-Q107,W04,SHS300,15.3,15.3,above,,W04,SHS300
Q107-Q108,W04,SHS300,15.3,15.3,above,,W04,SHS300
Q108-Q109,W04,SHS300,15.3,15.3,above,,W04,SHS300
Q109-Q110,W04,SHS300,15.3,15.3,above,,W04,SHS300
Q110-Q111,W04,SHS300,15.3,15.3,above,,W04,SHS300
Q111-Q112,W04,SHS300,15.3,15.3,above,,W04,SHS300
Q112-Q113,W04,SHS300,15.3,15.3,above,,W04,SHS300
Q113-Q114,W04,SHS300,15.3,15.3,above,,W04,SHS300
Q114-Q116,W04,SHS300,15.3,15.3,above,,W04,SHS300
Q116-Q117,W04,SHS300,15.3,15.3,above,,W04,SHS300
Q117-Q118,W04,SHS300,15.3,15.3,above,,W04,SHS300
Q118-Q119,W04,SHS300,15.3,15.3,above,,W04,SHS300
Q119-Q120,W04,SHS300,15.3,15.3,above,,W04,SHS300
Q120-Q121,W04,SHS300,15.3,15.3,above,,W04,SHS300
Q121-Q122,W04,SHS300,15.3,15.3,above,,W04,SHS300
Q122-Q123,W04,SHS300,15.3,15.3,above,,W04,SHS300
Q123-Q167,W04,SHS300,15.3,15.3,above,,W04,SHS300
Q125-Q126,W04,SHS300,15.3,15.3,above,,W04,SHS300
Q126-Q127,W04,SHS300,15.3,15.3,above,,W04,SHS300
Q127-Q128,W04,SHS300,15.3,15.3,above,,W04,SHS300
Q128-Q129,W04,SHS300,15.3,15.3,above,,W04,SHS300
Q129-Q131,W04,SHS300,15.3,15.3,above,,W04,SHS300
Q131-Q133,W04,SHS300,15.3,15.3,above,,W04,SHS300
Q131-Q174,W04,SHS300,15.3,15.3,above,,W04,SHS300
Q133-Q134,W04,SHS300,15.3,15.3,above,,W04,SHS300
Q134-Q135,W04,SHS300,15.3,15.3,above,,W04,SHS300
Q135-Q136,W04,SHS300,15.3,15.3,above,,W04,SHS300
Q136-Q137,W04,SHS300,15.3,15.3,above,,W04,SHS300
Q137-Q138,W04,SHS300,15.3,15.3,above,,W04,SHS300
Q138-Q139,W04,SHS300,15.3,15.3,above,,W04,SHS300
Q139-Q140,W04,SHS300,15.3,15.3,above,,W04,SHS300
Q140-Q141,W04,SHS300,15.3,15.3,above,,W04,SHS300
Q151-Q152,W04,SHS300,15.3,15.3,above,,W04,SHS300
Q152-Q154,W04,SHS300,15.3,15.3,above,,W04,SHS300
Q154-Q155,W04,SHS300,15.3,15.3,above,,W04,SHS300
Q155-Q156,W04,SHS300,15.3,15.3,above,,W04,SHS300
Q167-Q215,W04,SHS300,15.3,15.3,above,,W04,SHS300
Q174-Q216,W04,SHS300,15.3,15.3,above,,W04,SHS300
Q215-Q252,W04,SHS300,15.3,15.3,above,,W04,SHS300
Q216-Q254,W04,SHS300,15.3,15.3,above,,W04,SHS300
Q228-Q229,W04,SHS300,15.3,15.3,above,,W04,SHS300
Q228-Q288,W04,SHS300,15.3,15.3,above,,W04,SHS300
Q229-Q230,W04,SHS300,15.3,15.3,above,,W04,SHS300
Q230-Q231,W04,SHS300,15.3,15.3,above,,W04,SHS300
Q252-Q307,W04,SHS300,15.3,15.3,above,,W04,SHS300
Q271-Q272,W04,SHS300,15.3,15.3,above,,W04,SHS300
Q272-Q273,W04,SHS300,15.3,15.3,above,,W04,SHS300
Q273-Q274,W04,SHS300,15.3,15.3,above,,W04,SHS300
Q274-Q289,W04,SHS300,15.3,15.3,above,,W04,SHS300
Q288-Q325,W04,SHS300,15.3,15.3,above,,W04,SHS300
Q289-Q326,W04,SHS300,15.3,15.3,above,,W04,SHS300
Q307-Q370,W04,SHS300,15.3,15.3,above,,W04,SHS300
Q325-Q396,W04,SHS300,15.3,15.3,above,,W04,SHS300
Q326-Q397,W04,SHS300,15.3,15.3,above,,W04,SHS300
Q356-Q357,W04,SHS300,15.3,15.3,above,,W04,SHS300
Q357-Q359,W04,SHS300,15.3,15.3,above,,W04,SHS300
Q359-Q360,W04,SHS300,15.3,15.3,above,,W04,SHS300
Q360-Q361,W04,SHS300,15.3,15.3,above,,W04,SHS300
Q361-Q362,W04,SHS300,15.3,15.3,above,,W04,SHS300
Q362-Q363,W04,SHS300,15.3,15.3,above,,W04,SHS300
Q363-Q364,W04,SHS300,15.3,15.3,above,,W04,SHS300
Q364-Q365,W04,SHS300,15.3,15.3,above,,W04,SHS300
Q365-Q366,W04,SHS300,15.3,15.3,above,,W04,SHS300
Q366-Q367,W04,SHS300,15.3,15.3,above,,W04,SHS300
Q367-Q368,W04,SHS300,15.3,15.3,above,,W04,SHS300
Q368-Q370,W04,SHS300,15.3,15.3,above,,W04,SHS300
Q396-Q420,W04,SHS300,15.3,15.3,above,,W04,SHS300
Q397-Q421,W04,SHS300,15.3,15.3,above,,W04,SHS300
Q420-Q431,W04,SHS300,15.3,15.3,above,,W04,SHS300
Q421-Q432,W04,SHS300,15.3,15.3,above,,W04,SHS300
Q431-Q448,W04,SHS300,15.3,15.3,above,,W04,SHS300
Q432-Q449,W04,SHS300,15.3,15.3,above,,W04,SHS300
Q448-Q681,W04,SHS300,15.3,15.3,above,,W04,SHS300
Q449-Q511,W04,SHS300,15.3,15.3,above,,W04,SHS300
Q469-Q470,W04,SHS300,15.3,15.3,above,,W04,SHS300
Q470-Q471,W04,SHS300,15.3,15.3,above,,W04,SHS300
Q471-Q472,W04,SHS300,15.3,15.3,above,,W04,SHS300
Q472-Q473,W04,SHS300,15.3,15.3,above,,W04,SHS300
Q480-Q481,W04,SHS300,15.3,15.3,above,,W04,SHS300
Q481-Q482,W04,SHS300,15.3,15.3,above,,W04,SHS300
Q482-Q484,W04,SHS300,15.3,15.3,above,,W04,SHS300
Q484-Q485,W04,SHS300,15.3,15.3,above,,W04,SHS300
Q485-Q486,W04,SHS300,15.3,15.3,above,,W04,SHS300
Q486-Q487,W04,SHS300,15.3,15.3,above,,W04,SHS300
Q487-Q488,W04,SHS300,15.3,15.3,above,,W04,SHS300
Q488-Q489,W04,SHS300,15.3,15.3,above,,W04,SHS300
Q489-Q490,W04,SHS300,15.3,15.3,above,,W04,SHS300
Q490-Q491,W04,SHS300,15.3,15.3,above,,W04,SHS300
Q491-Q492,W04,SHS300,15.3,15.3,above,,W04,SHS300
Q492-Q493,W04,SHS300,15.3,15.3,above,,W04,SHS300
Q493-Q494,W04,SHS300,15.3,15.3,above,,W04,SHS300
Q494-Q495,W04,SHS300,15.3,15.3,above,,W04,SHS300
Q495-Q496,W04,SHS300,15.3,15.3,above,,W04,SHS300
Q496-Q497,W04,SHS300,15.3,15.3,above,,W04,SHS300
Q497-Q498,W04,SHS300,15.3,15.3,above,,W04,SHS300
Q498-Q499,W04,SHS300,15.3,15.3,above,,W04,SHS300
Q499-Q500,W04,SHS300,15.3,15.3,above,,W04,SHS300
Q500-Q502,W04,SHS300,15.3,15.3,above,,W04,SHS300
Q502-Q503,W04,SHS300,15.3,15.3,above,,W04,SHS300
Q503-Q504,W04,SHS300,15.3,15.3,above,,W04,SHS300
Q504-Q505,W04,SHS300,15.3,15.3,above,,W04,SHS300
Q505-Q506,W04,SHS300,15.3,15.3,above,,W04,SHS300
Q506-Q507,W04,SHS300,15.3,15.3,above,,W04,SHS300
Q507-Q508,W04,SHS300,15.3,15.3,above,,W04,SHS300
Q508-Q510,W04,SHS300,15.3,15.3,above,,W04,SHS300
Q511-Q538,W04,SHS300,15.3,15.3,above,,W04,SHS300
Q512-Q513,W04,SHS300,15.3,15.3,above,,W04,SHS300
Q513-Q514,W04,SHS300,15.3,15.3,above,,W04,SHS300
Q514-Q515,W04,SHS300,15.3,15.3,above,,W04,SHS300
Q515-Q516,W04,SHS300,15.3,15.3,above,,W04,SHS300
Q516-Q518,W04,SHS300,15.3,15.3,above,,W04,SHS300
Q518-Q519,W04,SHS300,15.3,15.3,above,,W04,SHS300
Q519-Q520,W04,SHS300,15.3,15.3,above,,W04,SHS300
Q520-Q521,W04,SHS300,15.3,15.3,above,,W04,SHS300
Q521-Q522,W04,SHS300,15.3,15.3,above,,W04,SHS300
Q522-Q523,W04,SHS300,15.3,15.3,above,,W04,SHS300
Q523-Q524,W04,SHS300,15.3,15.3,above,,W04,SHS300
Q524-Q525,W04,SHS300,15.3,15.3,above,,W04,SHS300
Q525-Q526,W04,SHS300,15.3,15.3,above,,W04,SHS300
Q526-Q527,W04,SHS300,15.3,15.3,above,,W04,SHS300
Q527-Q528,W04,SHS300,15.3,15.3,above,,W04,SHS300
Q528-Q529,W04,SHS300,15.3,15.3,above,,W04,SHS300
Q529-Q530,W04,SHS300,15.3,15.3,above,,W04,SHS300
Q530-Q531,W04,SHS300,15.3,15.3,above,,W04,SHS300
Q531-Q532,W04,SHS300,15.3,15.3,above,,W04,SHS300
Q532-Q533,W04,SHS300,15.3,15.3,above,,W04,SHS300
Q533-Q534,W04,SHS300,15.3,15.3,above,,W04,SHS300
Q534-Q536,W04,SHS300,15.3,15.3,above,,W04,SHS300
Q536-Q537,W04,SHS300,15.3,15.3,above,,W04,SHS300
Q537-Q538,W04,SHS300,15.3,15.3,above,,W04,SHS300
Q544-Q545,W04,SHS300,15.3,15.3,above,,W04,SHS300
Q545-Q546,W04,SHS300,15.3,15.3,above,,W04,SHS300
Q546-Q547,W04,SHS300,15.3,15.3,above,,W04,SHS300
Q681-Q480,W04,SHS300,15.3,15.3,above,,W04,SHS300
Q827-Q892,W04,SHS300,15.3,15.3,above,,W04,SHS300
Q835-Q906,W04,SHS300,15.3,15.3,above,,W04,SHS300
Q892-Q918,W04,SHS300,15.3,15.3,above,,W04,SHS300
Q906-Q919,W04,SHS300,15.3,15.3,above,,W04,SHS300
Q918-Q925,W04,SHS300,15.3,15.3,above,,W04,SHS300
Q919-Q937,W04,SHS300,15.3,15.3,above,,W04,SHS300
Q925-Q938,W04,SHS300,15.3,15.3,above,,W04,SHS300
Q937-Q945,W04,SHS300,15.3,15.3,above,,W04,SHS300
Q938-Q944,W04,SHS300,15.3,15.3,above,,W04,SHS300
Q944-Q940,W04,SHS300,15.3,15.3,above,,W04,SHS300
Q949-Q944,W04,SHS300,15.3,15.3,above,,W04,SHS300
Q949-Q953,W04,SHS300,15.3,15.3,above,,W04,SHS300
Q950-Q945,W04,SHS300,15.3,15.3,above,,W04,SHS300
Q952-Q950,W04,SHS300,15.3,15.3,above,,W04,SHS300
Q953-Q955,W04,SHS300,15.3,15.3,above,,W04,SHS300
Q955-Q957,W04,SHS300,15.3,15.3,above,,W04,SHS300
Q956-Q952,W04,SHS300,15.3,15.3,above,,W04,SHS300
Q957-Q960,W04,SHS300,15.3,15.3,above,,W04,SHS300
Q959-Q956,W04,SHS300,15.3,15.3,above,,W04,SHS300
Q960-Q959,W04,SHS300,15.3,15.3,above,,W04,SHS300
E014-E077,W06,SHS140,15.38,15.38,above,,W06,SHS140
E016-E079,W06,SHS140,15.38,15.38,above,,W06,SHS140
E018-E081,W06,SHS140,15.38,15.38,above,,W06,SHS140
E023-E101,W06,SHS140,15.38,15.38,above,,W06,SHS140
E025-E103,W06,SHS140,15.38,15.38,above,,W06,SHS140
E027-E105,W06,SHS140,15.38,15.38,above,,W06,SHS140
E073-E129,W06,SHS140,15.38,15.38,above,,W06,SHS140
E074-E148,W06,SHS140,15.38,15.38,above,,W06,SHS140
Q125-Q168,W06,SHS140,15.38,15.38,above,,W06,SHS140
Q126-Q169,W06,SHS140,15.38,15.38,above,,W06,SHS140
Q127-Q170,W06,SHS140,15.38,15.38,above,,W06,SHS140
Q128-Q171,W06,SHS140,15.38,15.38,above,,W06,SHS140
Q129-Q172,W06,SHS140,15.38,15.38,above,,W06,SHS140
Q185-Q221,W06,SHS140,15.38,15.38,above,,W06,SHS140
Q187-Q222,W06,SHS140,15.38,15.38,above,,W06,SHS140
Q189-Q223,W06,SHS140,15.38,15.38,above,,W06,SHS140
Q191-Q224,W06,SHS140,15.38,15.38,above,,W06,SHS140
Q217-Q218,W06,SHS140,15.38,15.38,above,,W06,SHS140
Q219-Q220,W06,SHS140,15.38,15.38,above,,W06,SHS140
Q221-Q222,W06,SHS140,15.38,15.38,above,,W06,SHS140
Q221-Q261,W06,SHS140,15.38,15.38,above,,W06,SHS140
Q222-Q263,W06,SHS140,15.38,15.38,above,,W06,SHS140
Q223-Q224,W06,SHS140,15.38,15.38,above,,W06,SHS140
Q223-Q265,W06,SHS140,15.38,15.38,above,,W06,SHS140
Q224-Q268,W06,SHS140,15.38,15.38,above,,W06,SHS140
Q284-Q309,W06,SHS140,15.38,15.38,above,,W06,SHS140
Q293-Q311,W06,SHS140,15.38,15.38,above,,W06,SHS140
Q308-Q284,W06,SHS140,15.38,15.38,above,,W06,SHS140
Q308-Q322,W06,SHS140,15.38,15.38,above,,W06,SHS140
Q310-Q293,W06,SHS140,15.38,15.38,above,,W06,SHS140
Q310-Q329,W06,SHS140,15.38,15.38,above,,W06,SHS140
Q322-Q309,W06,SHS140,15.38,15.38,above,,W06,SHS140
Q322-Q345,W06,SHS140,15.38,15.38,above,,W06,SHS140
Q329-Q311,W06,SHS140,15.38,15.38,above,,W06,SHS140
Q329-Q347,W06,SHS140,15.38,15.38,above,,W06,SHS140
Q344-Q322,W06,SHS140,15.38,15.38,above,,W06,SHS140
Q344-Q392,W06,SHS140,15.38,15.38,above,,W06,SHS140
Q346-Q329,W06,SHS140,15.38,15.38,above,,W06,SHS140
Q346-Q401,W06,SHS140,15.38,15.38,above,,W06,SHS140
Q392-Q345,W06,SHS140,15.38,15.38,above,,W06,SHS140
Q392-Q408,W06,SHS140,15.38,15.38,above,,W06,SHS140
Q401-Q347,W06,SHS140,15.38,15.38,above,,W06,SHS140
Q401-Q410,W06,SHS140,15.38,15.38,above,,W06,SHS140
Q407-Q392,W06,SHS140,15.38,15.38,above,,W06,SHS140
Q407-Q417,W06,SHS140,15.38,15.38,above,,W06,SHS140
Q409-Q401,W06,SHS140,15.38,15.38,above,,W06,SHS140
Q409-Q424,W06,SHS140,15.38,15.38,above,,W06,SHS140
Q417-Q408,W06,SHS140,15.38,15.38,above,,W06,SHS140
Q417-Q436,W06,SHS140,15.38,15.38,above,,W06,SHS140
Q424-Q410,W06,SHS140,15.38,15.38,above,,W06,SHS140
Q424-Q438,W06,SHS140,15.38,15.38,above,,W06,SHS140
Q435-Q417,W06,SHS140,15.38,15.38,above,,W06,SHS140
Q435-Q444,W06,SHS140,15.38,15.38,above,,W06,SHS140
Q437-Q424,W06,SHS140,15.38,15.38,above,,W06,SHS140
Q437-Q453,W06,SHS140,15.38,15.38,above,,W06,SHS140
Q444-Q436,W06,SHS140,15.38,15.38,above,,W06,SHS140
Q444-Q459,W06,SHS140,15.38,15.38,above,,W06,SHS140
Q453-Q438,W06,SHS140,15.38,15.38,above,,W06,SHS140
Q453-Q461,W06,SHS140,15.38,15.38,above,,W06,SHS140
Q458-Q444,W06,SHS140,15.38,15.38,above,,W06,SHS140
Q458-Q476,W06,SHS140,15.38,15.38,above,,W06,SHS140
Q460-Q453,W06,SHS140,15.38,15.38,above,,W06,SHS140
Q460-Q542,W06,SHS140,15.38,15.38,above,,W06,SHS140
Q476-Q459,W06,SHS140,15.38,15.38,above,,W06,SHS140
Q542-Q461,W06,SHS140,15.38,15.38,above,,W06,SHS140
Q574-Q613,W06,SHS140,15.38,15.38,above,,W06,SHS140
Q576-Q614,W06,SHS140,15.38,15.38,above,,W06,SHS140
Q578-Q615,W06,SHS140,15.38,15.38,above,,W06,SHS140
Q580-Q616,W06,SHS140,15.38,15.38,above,,W06,SHS140
Q582-Q617,W06,SHS140,15.38,15.38,above,,W06,SHS140
Q584-Q618,W06,SHS140,15.38,15.38,above,,W06,SHS140
Q586-Q619,W06,SHS140,15.38,15.38,above,,W06,SHS140
Q594-Q621,W06,SHS140,15.38,15.38,above,,W06,SHS140
Q596-Q622,W06,SHS140,15.38,15.38,above,,W06,SHS140
Q598-Q623,W06,SHS140,15.38,15.38,above,,W06,SHS140
Q600-Q624,W06,SHS140,15.38,15.38,above,,W06,SHS140
Q602-Q625,W06,SHS140,15.38,15.38,above,,W06,SHS140
Q604-Q626,W06,SHS140,15.38,15.38,above,,W06,SHS140
Q606-Q627,W06,SHS140,15.38,15.38,above,,W06,SHS140
Q612-Q574,W06,SHS140,15.38,15.38,above,,W06,SHS140
Q612-Q634,W06,SHS140,15.38,15.38,above,,W06,SHS140
Q613-Q576,W06,SHS140,15.38,15.38,above,,W06,SHS140
Q613-Q636,W06,SHS140,15.38,15.38,above,,W06,SHS140
Q614-Q578,W06,SHS140,15.38,15.38,above,,W06,SHS140
Q614-Q638,W06,SHS140,15.38,15.38,above,,W06,SHS140
Q615-Q580,W06,SHS140,15.38,15.38,above,,W06,SHS140
Q615-Q640,W06,SHS140,15.38,15.38,above,,W06,SHS140
Q616-Q582,W06,SHS140,15.38,15.38,above,,W06,SHS140
Q616-Q644,W06,SHS140,15.38,15.38,above,,W06,SHS140
Q617-Q584,W06,SHS140,15.38,15.38,above,,W06,SHS140
Q617-Q646,W06,SHS140,15.38,15.38,above,,W06,SHS140
Q618-Q586,W06,SHS140,15.38,15.38,above,,W06,SHS140
Q618-Q650,W06,SHS140,15.38,15.38,above,,W06,SHS140
Q620-Q594,W06,SHS140,15.38,15.38,above,,W06,SHS140
Q620-Q658,W06,SHS140,15.38,15.38,above,,W06,SHS140
Q621-Q596,W06,SHS140,15.38,15.38,above,,W06,SHS140
Q621-Q662,W06,SHS140,15.38,15.38,above,,W06,SHS140
Q622-Q598,W06,SHS140,15.38,15.38,above,,W06,SHS140
Q622-Q664,W06,SHS140,15.38,15.38,above,,W06,SHS140
Q623-Q600,W06,SHS140,15.38,15.38,above,,W06,SHS140
Q623-Q668,W06,SHS140,15.38,15.38,above,,W06,SHS140
Q624-Q602,W06,SHS140,15.38,15.38,above,,W06,SHS140
Q624-Q670,W06,SHS140,15.38,15.38,above,,W06,SHS140
Q625-Q604,W06,SHS140,15.38,15.38,above,,W06,SHS140
Q625-Q672,W06,SHS140,15.38,15.38,above,,W06,SHS140
Q626-Q606,W06,SHS140,15.38,15.38,above,,W06,SHS140
Q626-Q674,W06,SHS140,15.38,15.38,above,,W06,SHS140
Q634-Q613,W06,SHS140,15.38,15.38,above,,W06,SHS140
Q636-Q614,W06,SHS140,15.38,15.38,above,,W06,SHS140
Q638-Q615,W06,SHS140,15.38,15.38,above,,W06,SHS140
Q640-Q616,W06,SHS140,15.38,15.38,above,,W06,SHS140
Q644-Q617,W06,SHS140,15.38,15.38,above,,W06,SHS140
Q646-Q618,W06,SHS140,15.38,15.38,above,,W06,SHS140
Q650-Q619,W06,SHS140,15.38,15.38,above,,W06,SHS140
Q658-Q621,W06,SHS140,15.38,15.38,above,,W06,SHS140
Q662-Q622,W06,SHS140,15.38,15.38,above,,W06,SHS140
Q664-Q623,W06,SHS140,15.38,15.38,above,,W06,SHS140
Q668-Q624,W06,SHS140,15.38,15.38,above,,W06,SHS140
Q670-Q625,W06,SHS140,15.38,15.38,above,,W06,SHS140
Q672-Q626,W06,SHS140,15.38,15.38,above,,W06,SHS140
Q674-Q627,W06,SHS140,15.38,15.38,above,,W06,SHS140
E001-E008,W07,SHS200,15.350000000000001,15.350000000000001,above,,W07,SHS200
E002-E033,W07,SHS200,15.350000000000001,15.350000000000001,above,,W07,SHS200
E008-E009,W07,SHS200,15.350000000000001,15.350000000000001,above,,W07,SHS200
E008-E049,W07,SHS200,15.350000000000001,15.350000000000001,above,,W07,SHS200
E009-E010,W07,SHS200,15.350000000000001,15.350000000000001,above,,W07,SHS200
E010-E011,W07,SHS200,15.350000000000001,15.350000000000001,above,,W07,SHS200
E011-E012,W07,SHS200,15.350000000000001,15.350000000000001,above,,W07,SHS200
E029-E030,W07,SHS200,15.350000000000001,15.350000000000001,above,,W07,SHS200
E030-E031,W07,SHS200,15.350000000000001,15.350000000000001,above,,W07,SHS200
E031-E032,W07,SHS200,15.350000000000001,15.350000000000001,above,,W07,SHS200
E032-E033,W07,SHS200,15.350000000000001,15.350000000000001,above,,W07,SHS200
E033-E067,W07,SHS200,15.350000000000001,15.350000000000001,above,,W07,SHS200
E049-E073,W07,SHS200,15.350000000000001,15.350000000000001,above,,W07,SHS200
E067-E074,W07,SHS200,15.350000000000001,15.350000000000001,above,,W07,SHS200
E124-E201,W07,SHS200,15.350000000000001,15.350000000000001,above,,W07,SHS200
E153-E244,W07,SHS200,15.350000000000001,15.350000000000001,above,,W07,SHS200
E201-E276,W07,SHS200,15.350000000000001,15.350000000000001,above,,W07,SHS200
E215-E289,W07,SHS200,16.400000000000002,16.400000000000002,above,,W07,SHS200
E230-E292,W07,SHS200,16.400000000000002,16.400000000000002,above,,W07,SHS200
E244-E305,W07,SHS200,15.350000000000001,15.350000000000001,above,,W07,SHS200
E276-E333,W07,SHS200,15.350000000000001,15.350000000000001,above,,W07,SHS200
E305-E354,W07,SHS200,15.350000000000001,15.350000000000001,above,,W07,SHS200
E333-E405,W07,SHS200,15.350000000000001,15.350000000000001,above,,W07,SHS200
E354-E424,W07,SHS200,15.350000000000001,15.350000000000001,above,,W07,SHS200
E405-E436,W07,SHS200,15.350000000000001,15.350000000000001,above,,W07,SHS200
E424-E463,W07,SHS200,15.350000000000001,15.350000000000001,above,,W07,SHS200
Q090-Q194,W07,SHS200,15.350000000000001,15.350000000000001,above,,W07,SHS200
Q155-Q213,W07,SHS200,15.350000000000001,15.350000000000001,above,,W07,SHS200
Q168-Q169,W07,SHS200,15.350000000000001,15.350000000000001,above,,W07,SHS200
Q169-Q170,W07,SHS200,15.350000000000001,15.350000000000001,above,,W07,SHS200
Q170-Q171,W07,SHS200,15.350000000000001,15.350000000000001,above,,W07,SHS200
Q171-Q172,W07,SHS200,15.350000000000001,15.350000000000001,above,,W07,SHS200
Q172-Q174,W07,SHS200,15.350000000000001,15.350000000000001,above,,W07,SHS200
Q194-Q280,W07,SHS200,15.350000000000001,15.350000000000001,above,,W07,SHS200
Q213-Q297,W07,SHS200,15.350000000000001,15.350000000000001,above,,W07,SHS200
Q280-Q317,W07,SHS200,15.350000000000001,15.350000000000001,above,,W07,SHS200
Q297-Q334,W07,SHS200,15.350000000000001,15.350000000000001,above,,W07,SHS200
Q317-Q388,W07,SHS200,15.350000000000001,15.350000000000001,above,,W07,SHS200
Q334-Q405,W07,SHS200,15.350000000000001,15.350000000000001,above,,W07,SHS200
Q388-Q412,W07,SHS200,15.350000000000001,15.350000000000001,above,,W07,SHS200
Q405-Q429,W07,SHS200,15.350000000000001,15.350000000000001,above,,W07,SHS200
Q412-Q440,W07,SHS200,15.350000000000001,15.350000000000001,above,,W07,SHS200
Q429-Q457,W07,SHS200,15.350000000000001,15.350000000000001,above,,W07,SHS200
Q440-Q470,W07,SHS200,15.350000000000001,15.350000000000001,above,,W07,SHS200
Q457-Q547,W07,SHS200,15.350000000000001,15.350000000000001,above,,W07,SHS200
Q553-Q688,W07,SHS200,15.350000000000001,15.350000000000001,above,,W07,SHS200
Q558-Q689,W07,SHS200,15.350000000000001,15.350000000000001,above,,W07,SHS200
Q688-Q695,W07,SHS200,15.350000000000001,15.350000000000001,above,,W07,SHS200
Q689-Q704,W07,SHS200,15.350000000000001,15.350000000000001,above,,W07,SHS200
Q695-Q725,W07,SHS200,15.350000000000001,15.350000000000001,above,,W07,SHS200
Q704-Q726,W07,SHS200,15.350000000000001,15.350000000000001,above,,W07,SHS200
Q725-Q823,W07,SHS200,15.350000000000001,15.350000000000001,above,,W07,SHS200
Q726-Q866,W07,SHS200,15.350000000000001,15.350000000000001,above,,W07,SHS200
Q823-Q824,W07,SHS200,15.350000000000001,15.350000000000001,above,,W07,SHS200
Q824-Q825,W07,SHS200,15.350000000000001,15.350000000000001,above,,W07,SHS200
Q825-Q826,W07,SHS200,15.350000000000001,15.350000000000001,above,,W07,SHS200
Q835-Q836,W07,SHS200,15.350000000000001,15.350000000000001,above,,W07,SHS200
Q836-Q837,W07,SHS200,15.350000000000001,15.350000000000001,above,,W07,SHS200
Q837-Q838,W07,SHS200,15.350000000000001,15.350000000000001,above,,W07,SHS200
Q839-Q874,W07,SHS200,15.350000000000001,15.350000000000001,above,,W07,SHS200
Q840-Q841,W07,SHS200,15.350000000000001,15.350000000000001,above,,W07,SHS200
Q840-Q877,W07,SHS200,15.350000000000001,15.350000000000001,above,,W07,SHS200
Q841-Q842,W07,SHS200,15.350000000000001,15.350000000000001,above,,W07,SHS200
Q842-Q843,W07,SHS200,15.350000000000001,15.350000000000001,above,,W07,SHS200
Q843-Q844,W07,SHS200,15.350000000000001,15.350000000000001,above,,W07,SHS200
Q844-Q845,W07,SHS200,15.350000000000001,15.350000000000001,above,,W07,SHS200
Q846-Q847,W07,SHS200,15.350000000000001,15.350000000000001,above,,W07,SHS200
Q847-Q848,W07,SHS200,15.350000000000001,15.350000000000001,above,,W07,SHS200
Q848-Q849,W07,SHS200,15.350000000000001,15.350000000000001,above,,W07,SHS200
Q849-Q850,W07,SHS200,15.350000000000001,15.350000000000001,above,,W07,SHS200
Q850-Q878,W07,SHS200,15.3,15.3,above,,W07,SHS200
Q851-Q852,W07,SHS200,15.350000000000001,15.350000000000001,above,,W07,SHS200
Q851-Q881,W07,SHS200,15.3,15.3,above,,W07,SHS200
Q852-Q853,W07,SHS200,15.350000000000001,15.350000000000001,above,,W07,SHS200
Q853-Q854,W07,SHS200,15.350000000000001,15.350000000000001,above,,W07,SHS200
Q863-Q864,W07,SHS200,15.350000000000001,15.350000000000001,above,,W07,SHS200
Q864-Q865,W07,SHS200,15.350000000000001,15.350000000000001,above,,W07,SHS200
Q865-Q866,W07,SHS200,15.350000000000001,15.350000000000001,above,,W07,SHS200
Q874-Q882,W07,SHS200,15.350000000000001,15.350000000000001,above,,W07,SHS200
Q877-Q885,W07,SHS200,15.350000000000001,15.350000000000001,above,,W07,SHS200
Q878-Q886,W07,SHS200,15.3,15.3,above,,W07,SHS200
Q881-Q889,W07,SHS200,15.3,15.3,above,,W07,SHS200
Q882-Q910,W07,SHS200,15.350000000000001,15.350000000000001,above,,W07,SHS200
Q885-Q913,W07,SHS200,15.350000000000001,15.350000000000001,above,,W07,SHS200
Q886-Q914,W07,SHS200,15.3,15.3,above,,W07,SHS200
Q889-Q917,W07,SHS200,15.3,15.3,above,,W07,SHS200
Q910-Q911,W07,SHS200,15.350000000000001,15.350000000000001,above,,W07,SHS200
Q911-Q912,W07,SHS200,15.350000000000001,15.350000000000001,above,,W07,SHS200
Q912-Q913,W07,SHS200,15.350000000000001,15.350000000000001,above,,W07,SHS200
Q914-Q915,W07,SHS200,15.350000000000001,15.350000000000001,above,,W07,SHS200
Q915-Q916,W07,SHS200,15.350000000000001,15.350000000000001,above,,W07,SHS200
Q916-Q917,W07,SHS200,15.350000000000001,15.350000000000001,above,,W07,SHS200
E203-E204,W08,SHS200,15.2,16.1,above,,W08,SHS200
E204-E202,W08,SHS200,16.1,16.200000000000003,above,,W08,SHS200
E205-E203,W08,SHS200,15.450000000000001,15.2,above,,W08,SHS200
E211-E212,W08,SHS200,15.450000000000001,15.2,above,,W08,SHS200
E212-E214,W08,SHS200,15.2,16.1,above,,W08,SHS200
E214-E213,W08,SHS200,16.1,16.200000000000003,above,,W08,SHS200
E231-E233,W08,SHS200,16.1,16.200000000000003,above,,W08,SHS200
E232-E234,W08,SHS200,15.450000000000001,15.2,above,,W08,SHS200
E234-E231,W08,SHS200,15.2,16.1,above,,W08,SHS200
E240-E241,W08,SHS200,16.1,16.200000000000003,above,,W08,SHS200
E242-E240,W08,SHS200,15.2,16.1,above,,W08,SHS200
E243-E242,W08,SHS200,15.450000000000001,15.2,above,,W08,SHS200
E278-E279,W08,SHS200,15.2,16.1,above,,W08,SHS200
E279-E277,W08,SHS200,16.1,16.200000000000003,above,,W08,SHS200
E280-E278,W08,SHS200,15.450000000000001,15.2,above,,W08,SHS200
E285-E286,W08,SHS200,16.1,16.200000000000003,above,,W08,SHS200
E287-E288,W08,SHS200,15.450000000000001,15.2,above,,W08,SHS200
E288-E285,W08,SHS200,15.2,16.1,above,,W08,SHS200
E293-E296,W08,SHS200,15.450000000000001,15.2,above,,W08,SHS200
E295-E294,W08,SHS200,16.1,16.200000000000003,above,,W08,SHS200
E296-E295,W08,SHS200,15.2,16.1,above,,W08,SHS200
E302-E301,W08,SHS200,16.1,16.200000000000003,above,,W08,SHS200
E303-E304,W08,SHS200,15.450000000000001,15.2,above,,W08,SHS200
E304-E302,W08,SHS200,15.2,16.1,above,,W08,SHS200
Q448-Q481,W08,SHS200,15.3,15.3,above,,W08,SHS200
Q449-Q537,W08,SHS200,15.3,15.3,above,,W08,SHS200
Q587-Q588,W08,SHS200,15.350000000000001,15.350000000000001,above,,W08,SHS200
Q588-Q589,W08,SHS200,15.350000000000001,15.350000000000001,above,,W08,SHS200
Q589-Q590,W08,SHS200,15.350000000000001,15.350000000000001,above,,W08,SHS200
Q591-Q592,W08,SHS200,15.350000000000001,15.350000000000001,above,,W08,SHS200
Q592-Q593,W08,SHS200,15.350000000000001,15.350000000000001,above,,W08,SHS200
Q651-Q652,W08,SHS200,15.350000000000001,15.350000000000001,above,,W08,SHS200
Q652-Q653,W08,SHS200,15.350000000000001,15.350000000000001,above,,W08,SHS200
Q653-Q654,W08,SHS200,15.350000000000001,15.350000000000001,above,,W08,SHS200
Q655-Q656,W08,SHS200,15.350000000000001,15.350000000000001,above,,W08,SHS200
Q656-Q657,W08,SHS200,15.350000000000001,15.350000000000001,above,,W08,SHS200
Q892-Q893,W08,SHS200,15.350000000000001,15.350000000000001,above,,W08,SHS200
Q893-Q896,W08,SHS200,15.350000000000001,15.350000000000001,above,,W08,SHS200
Q896-Q897,W08,SHS200,15.350000000000001,15.350000000000001,above,,W08,SHS200
Q897-Q898,W08,SHS200,15.350000000000001,15.350000000000001,above,,W08,SHS200
Q898-Q901,W08,SHS200,15.350000000000001,15.350000000000001,above,,W08,SHS200
Q901-Q903,W08,SHS200,15.350000000000001,15.350000000000001,above,,W08,SHS200
Q903-Q905,W08,SHS200,15.350000000000001,15.350000000000001,above,,W08,SHS200
Q905-Q906,W08,SHS200,15.350000000000001,15.350000000000001,above,,W08,SHS200
Q910-Q920,W08,SHS200,15.350000000000001,15.350000000000001,above,,W08,SHS200
Q913-Q921,W08,SHS200,15.350000000000001,15.350000000000001,above,,W08,SHS200
Q914-Q922,W08,SHS200,15.3,15.3,above,,W08,SHS200
Q917-Q923,W08,SHS200,15.3,15.3,above,,W08,SHS200
Q928-Q929,W08,SHS200,15.350000000000001,15.350000000000001,above,,W08,SHS200
Q929-Q931,W08,SHS200,15.350000000000001,15.350000000000001,above,,W08,SHS200
Q931-Q932,W08,SHS200,15.350000000000001,15.350000000000001,above,,W08,SHS200
Q932-Q934,W08,SHS200,15.350000000000001,15.350000000000001,above,,W08,SHS200
Q934-Q936,W08,SHS200,15.350000000000001,15.350000000000001,above,,W08,SHS200
Q936-Q937,W08,SHS200,15.350000000000001,15.350000000000001,above,,W08,SHS200
E282-E310,W09,RHS100,16.400000000000002,16.400000000000002,above,,W09,RHS100
E289-E311,W09,RHS100,16.400000000000002,16.400000000000002,above,,W09,RHS100
E292-E312,W09,RHS100,16.400000000000002,16.400000000000002,above,,W09,RHS100
E299-E313,W09,RHS100,16.400000000000002,16.400000000000002,above,,W09,RHS100
E310-E336,W09,RHS100,16.400000000000002,15.3,above,,W09,RHS100
E311-E338,W09,RHS100,16.400000000000002,15.3,above,,W09,RHS100
E312-E349,W09,RHS100,16.400000000000002,15.3,above,,W09,RHS100
E313-E351,W09,RHS100,16.400000000000002,15.3,above,,W09,RHS100
Q553-Q473,W09,RHS100,15.3,15.3,above,,W09,RHS100
Q558-Q544,W09,RHS100,15.3,15.3,above,,W09,RHS100
Q629-Q630,W09,RHS100,15.3,15.3,above,,W09,RHS100
Q631-Q632,W09,RHS100,15.3,15.3,above,,W09,RHS100
Q719-Q720,W09,RHS100,15.3,15.3,above,,W09,RHS100
Q721-Q722,W09,RHS100,15.3,15.3,above,,W09,RHS100
Q819-Q820,W09,RHS100,15.3,15.3,above,,W09,RHS100
Q821-Q822,W09,RHS100,15.3,15.3,above,,W09,RHS100
Q091-Q195,W11,SHS140,15.38,15.38,above,,W11,SHS140
Q154-Q212,W11,SHS140,15.38,15.38,above,,W11,SHS140
Q176-Q217,W11,SHS140,15.38,15.38,above,,W11,SHS140
Q178-Q218,W11,SHS140,15.38,15.38,above,,W11,SHS140
Q180-Q219,W11,SHS140,15.38,15.38,above,,W11,SHS140
Q182-Q220,W11,SHS140,15.38,15.38,above,,W11,SHS140
Q195-Q281,W11,SHS140,15.38,15.38,above,,W11,SHS140
Q212-Q296,W11,SHS140,15.38,15.38,above,,W11,SHS140
Q217-Q234,W11,SHS140,15.38,15.38,above,,W11,SHS140
Q218-Q236,W11,SHS140,15.38,15.38,above,,W11,SHS140
Q219-Q238,W11,SHS140,15.38,15.38,above,,W11,SHS140
Q220-Q240,W11,SHS140,15.38,15.38,above,,W11,SHS140
Q249-Q314,W11,SHS140,15.38,15.38,above,,W11,SHS140
Q281-Q318,W11,SHS140,15.38,15.38,above,,W11,SHS140
Q296-Q333,W11,SHS140,15.38,15.38,above,,W11,SHS140
Q318-Q389,W11,SHS140,15.38,15.38,above,,W11,SHS140
Q333-Q404,W11,SHS140,15.38,15.38,above,,W11,SHS140
Q389-Q413,W11,SHS140,15.38,15.38,above,,W11,SHS140
Q404-Q428,W11,SHS140,15.38,15.38,above,,W11,SHS140
Q413-Q441,W11,SHS140,15.38,15.38,above,,W11,SHS140
Q428-Q456,W11,SHS140,15.38,15.38,above,,W11,SHS140
Q441-Q471,W11,SHS140,15.38,15.38,above,,W11,SHS140
Q456-Q546,W11,SHS140,15.38,15.38,above,,W11,SHS140
Q488-Q574,W11,SHS140,15.38,15.38,above,,W11,SHS140
Q490-Q576,W11,SHS140,15.38,15.38,above,,W11,SHS140
Q492-Q578,W11,SHS140,15.38,15.38,above,,W11,SHS140
Q494-Q580,W11,SHS140,15.38,15.38,above,,W11,SHS140
Q497-Q582,W11,SHS140,15.38,15.38,above,,W11,SHS140
Q499-Q584,W11,SHS140,15.38,15.38,above,,W11,SHS140
Q503-Q586,W11,SHS140,15.38,15.38,above,,W11,SHS140
Q516-Q594,W11,SHS140,15.38,15.38,above,,W11,SHS140
Q520-Q596,W11,SHS140,15.38,15.38,above,,W11,SHS140
Q522-Q598,W11,SHS140,15.38,15.38,above,,W11,SHS140
Q525-Q600,W11,SHS140,15.38,15.38,above,,W11,SHS140
Q527-Q602,W11,SHS140,15.38,15.38,above,,W11,SHS140
Q529-Q604,W11,SHS140,15.38,15.38,above,,W11,SHS140
Q531-Q606,W11,SHS140,15.38,15.38,above,,W11,SHS140
Q874-Q875,W14,RHS200,15.350000000000001,15.350000000000001,above,,W14,RHS200
Q875-Q876,W14,RHS200,15.350000000000001,15.350000000000001,above,,W14,RHS200
Q876-Q877,W14,RHS200,15.350000000000001,15.350000000000001,above,,W14,RHS200
Q878-Q879,W14,RHS200,15.350000000000001,15.350000000000001,above,,W14,RHS200
Q879-Q880,W14,RHS200,15.350000000000001,15.350000000000001,above,,W14,RHS200
Q880-Q881,W14,RHS200,15.350000000000001,15.350000000000001,above,,W14,RHS200
Q882-Q883,W14,RHS200,15.350000000000001,15.350000000000001,above,,W14,RHS200
Q883-Q884,W14,RHS200,15.350000000000001,15.350000000000001,above,,W14,RHS200
Q884-Q885,W14,RHS200,15.350000000000001,15.350000000000001,above,,W14,RHS200
Q886-Q887,W14,RHS200,15.350000000000001,15.350000000000001,above,,W14,RHS200
Q887-Q888,W14,RHS200,15.350000000000001,15.350000000000001,above,,W14,RHS200
Q888-Q889,W14,RHS200,15.350000000000001,15.350000000000001,above,,W14,RHS200
Q370-Q406,W16,SHS300,15.3,15.3,above,,W16,SHS300
Q406-Q465,W16,SHS300,15.3,15.3,above,,W16,SHS300
Q465-Q510,W16,SHS300,15.3,15.3,above,,W16,SHS300
Q862-Q873,W16,SHS300,15.3,15.3,above,,W16,SHS300
Q924-Q925,W16,SHS300,15.3,15.3,above,,W16,SHS300
Q945-Q939,W16,SHS300,15.3,15.3,above,,W16,SHS300
Q946-Q949,W16,SHS300,15.3,15.3,above,,W16,SHS300
Q960-Q961,W16,SHS300,15.3,15.3,above,,W16,SHS300
BO32-BO33,W21,RHS201,9.85,9.85,above,,W21,RHS201
BO34-BO32,W20,RHS201,9.85,9.85,above,,W20,RHS201
BO35-BO33,W20,RHS201,9.85,9.85,above,,W20,RHS201
BO36-BO34,W20,RHS201,9.85,9.85,above,,W20,RHS201
BO36-BO37,W21,RHS201,9.85,9.85,above,,W21,RHS201
BO36-BO40,W20,RHS201,9.85,9.85,above,,W20,RHS201
BO37-BO35,W20,RHS201,9.85,9.85,above,,W20,RHS201
BO38-BO37,W20,RHS201,9.85,9.85,above,,W20,RHS201
BO39-BO38,W20,RHS201,9.85,9.85,above,,W20,RHS201
BO40-BO42,W20,RHS201,9.85,9.85,above,,W20,RHS201
BO41-BO39,W21,RHS201,9.85,9.85,above,,W21,RHS201
BO43-BO41,W21,RHS201,9.85,9.85,above,,W21,RHS201
BO44-BO39,W20,RHS201,9.85,9.85,above,,W20,RHS201
BO45-BO42,W20,RHS201,9.85,9.85,above,,W20,RHS201
BO45-BO43,W21,RHS201,9.85,9.85,above,,W21,RHS201
BO46-BO45,W20,RHS201,9.85,9.85,above,,W20,RHS201
BO46-BO47,W21,RHS201,9.85,9.85,above,,W21,RHS201
BO47-BO44,W20,RHS201,9.85,9.85,above,,W20,RHS201
BO48-BO46,W20,RHS201,9.85,9.85,above,,W20,RHS201
BO49-BO47,W20,RHS201,9.85,9.85,above,,W20,RHS201
BO50-BO48,W20,RHS201,9.85,9.85,above,,W20,RHS201
BO50-BO51,W21,RHS201,9.85,9.85,above,,W21,RHS201
BO51-BO49,W20,RHS201,9.85,9.85,above,,W20,RHS201
BO52-BO53,W20,RHS201,9.85,9.85,above,,W20,RHS201
BO52-BO59,W20,RHS201,9.85,9.85,above,,W20,RHS201
BO53-BO54,W20,RHS201,9.85,9.85,above,,W20,RHS201
BO54-BP10,W20,RHS201,9.85,9.85,above,,W20,RHS201
BO55-BP12,W20,RHS201,9.85,9.85,above,,W20,RHS201
BO56-BP14,W20,RHS201,9.85,9.85,above,,W20,RHS201
BO57-BO50,W20,RHS201,9.85,9.85,above,,W20,RHS201
BO57-BP16,W21,RHS201,9.85,9.85,above,,W21,RHS201
BO58-BO51,W20,RHS201,9.85,9.85,above,,W20,RHS201
BO59-BO60,W21,RHS201,9.85,9.85,above,,W21,RHS201
BO59-BO70,W20,RHS201,9.85,9.85,above,,W20,RHS201
BO60-BO61,W21,RHS201,9.85,9.85,above,,W21,RHS201
BO61-BO54,W21,RHS201,9.85,9.85,above,,W21,RHS201
BO61-BO62,W21,RHS201,9.85,9.85,above,,W21,RHS201
BO62-BO55,W21,RHS201,9.85,9.85,above,,W21,RHS201
BO62-BO63,W21,RHS201,9.85,9.85,above,,W21,RHS201
BO63-BO64,W21,RHS201,9.85,9.85,above,,W21,RHS201
BO64-BO57,W21,RHS201,9.85,9.85,above,,W21,RHS201
BO64-BP18,W21,RHS201,9.85,9.85,above,,W21,RHS201
BO65-BO58,W20,RHS201,9.85,9.85,above,,W20,RHS201
BO66-BO61,W21,RHS201,9.85,9.85,above,,W21,RHS201
BO67-BO62,W21,RHS201,9.85,9.85,above,,W21,RHS201
BO68-BO64,W21,RHS201,9.85,9.85,above,,W21,RHS201
BO69-BO65,W20,RHS201,9.85,9.85,above,,W20,RHS201
BO70-BO71,W20,RHS201,9.85,9.85,above,,W20,RHS201
BO71-BO72,W20,RHS201,9.85,9.85,above,,W20,RHS201
BO72-BO66,W21,RHS201,9.85,9.85,above,,W21,RHS201
BO72-BO73,W20,RHS201,9.85,9.85,above,,W20,RHS201
BO73-BO67,W21,RHS201,9.85,9.85,above,,W21,RHS201
BO73-BO74,W20,RHS201,9.85,9.85,above,,W20,RHS201
BO74-BO75,W20,RHS201,9.85,9.85,above,,W20,RHS201
BO75-BO68,W21,RHS201,9.85,9.85,above,,W21,RHS201
BO75-BO76,W20,RHS201,9.85,9.85,above,,W20,RHS201
BO76-BO69,W20,RHS201,9.85,9.85,above,,W20,RHS201
BP03-BO32,W20,RHS201,9.85,9.85,above,,W20,RHS201
BP10-BO55,W20,RHS201,9.85,9.85,above,,W20,RHS201
BP12-BO56,W20,RHS201,9.85,9.85,above,,W20,RHS201
BP14-BO57,W20,RHS201,9.85,9.85,above,,W20,RHS201
BP16-BO58,W21,RHS201,9.85,9.85,above,,W21,RHS201
BP18-BO65,W21,RHS201,9.85,9.85,above,,W21,RHS201
BO02-BO34,W23,RHS202,9.25,9.85,above,,W23,RHS202
BO03-BO35,W23,RHS202,9.25,9.85,above,,W23,RHS202
BO05-BO40,W23,RHS202,9.25,9.85,above,,W23,RHS202
BO06-BO41,W23,RHS202,9.25,9.85,above,,W23,RHS202
BO10-BO49,W23,RHS202,9.611949999999998,9.85,above,,W23,RHS202
BO15-BO60,W23,RHS202,9.611949999999998,9.85,above,,W23,RHS202
BO17-BO71,W23,RHS202,9.611949999999998,9.85,above,,W23,RHS202
BO21-BO63,W23,RHS202,9.611949999999998,9.85,above,,W23,RHS202
BO23-BO74,W23,RHS202,9.611949999999998,9.85,above,,W23,RHS202
BO26-BO66,W23,RHS202,9.611949999999998,9.85,above,,W23,RHS202
BO27-BO67,W23,RHS202,9.611949999999998,9.85,above,,W23,RHS202
BO28-BO68,W23,RHS202,9.611949999999998,9.85,above,,W23,RHS202
BO29-BO69,W23,RHS202,9.611949999999998,9.85,above,,W23,RHS202
BP08-BO53,W23,RHS202,9.611949999999998,9.85,above,,W23,RHS202
BP09-BP10,W23,RHS202,9.611949999999998,9.85,above,,W23,RHS202
BP11-BP12,W23,RHS202,9.611949999999998,9.85,above,,W23,RHS202
BP13-BP14,W23,RHS202,9.611949999999998,9.85,above,,W23,RHS202
BP15-BP16,W23,RHS202,9.611949999999998,9.85,above,,W23,RHS202
BP17-BP18,W23,RHS202,9.611949999999998,9.85,above,,W23,RHS202
BO40-BO41,W24,RHS140,9.879999999999999,9.879999999999999,above,,W24,RHS140
BO43-BO44,W24,RHS140,9.879999999999999,9.879999999999999,above,,W24,RHS140
BO56-BO63,W24,RHS140,9.879999999999999,9.879999999999999,above,,W24,RHS140
BO63-BO74,W24,RHS140,9.879999999999999,9.879999999999999,above,,W24,RHS140
BL29-BL31,WB0,,-4.25,-4.15,in,,WB0,
BL30-BL32,WB0,,-4.25,-4.15,in,,WB0,
BL49-BL51,WB0,,-0.75,-0.65,in,,WB0,
BL50-BL52,WB0,,-0.75,-0.65,in,,WB0,
G032-K143,WB0,,4.322,4.47358,in,,WB0,
G041-K166,WB0,,1.581,1.73262,in,,WB0,
G062-K185,WBX,,-6.0,-5.8476,below,,WBX,
G065-K192,WBX,,-6.0,-5.8476,below,,WBX,
G068-K195,WBX,,-6.0,-5.8476,below,,WBX,
G071-K196,WBX,,-6.0,-5.8476,below,,WBX,
G074-K201,WBX,,-6.0,-5.8476,below,,WBX,
G077-K202,WBX,,-6.0,-5.8476,below,,WBX,
G080-K203,WBX,,-6.0,-5.8476,below,,WBX,
G083-K204,WBX,,-6.0,-5.8476,below,,WBX,
G086-K213,WB1,,9.382,9.5344,above,,WB1,
G089-K216,WB0,,8.169,8.3214,in,member straddles splash zone boundary,WB0,
G092-K236,WB0,,6.924,7.076090000000001,in,,WB0,
G095-K234,WB0,,-2.118,-1.9664199999999998,in,,WB0,
G098-K231,WB0,,-0.884,-0.73243,in,,WB0,
G101-K228,WB0,,0.348,0.5000899999999999,in,,WB0,
G104-K227,WBX,,-15.978,-15.8256,below,,WBX,
G107-K232,WBX,,-14.847,-14.6946,below,,WBX,
G110-K237,WBX,,-13.861,-13.7086,below,,WBX,
G113-K240,WBX,,-12.814,-12.6616,below,,WBX,
G116-K241,WBX,,-11.578,-11.4256,below,,WBX,
G119-K242,WBX,,-10.561,-10.4086,below,,WBX,
G122-K243,WBX,,-9.512,-9.3596,below,,WBX,
G125-K252,WBX,,-9.512,-9.3596,below,,WBX,
G128-K253,WBX,,-10.561,-10.4086,below,,WBX,
G131-K254,WBX,,-11.578,-11.4256,below,,WBX,
G134-K255,WBX,,-12.814,-12.6616,below,,WBX,
G137-K256,WBX,,-13.861,-13.7086,below,,WBX,
G140-K257,WBX,,-14.847,-14.6946,below,,WBX,
G143-K258,WBX,,-15.978,-15.8256,below,,WBX,
G155-K273,WBX,,-22.0,-21.8476,below,,WBX,
G156-K274,WBX,,-22.0,-21.8476,below,,WBX,
G157-K275,WBX,,-22.0,-21.8476,below,,WBX,
G158-K276,WBX,,-22.0,-21.8476,below,,WBX,
G159-K277,WBX,,-22.0,-21.8476,below,,WBX,
G170-K288,WBX,,-11.724,-11.5716,below,,WBX,
G171-K289,WBX,,-13.223,-13.0706,below,,WBX,
G172-K290,WBX,,-14.718,-14.5656,below,,WBX,
G173-K291,WBX,,-16.423,-16.270599999999998,below,,WBX,
G174-K292,WBX,,-17.916,-17.7636,below,,WBX,
G259-J375,WB0,,8.022,8.1744,in,,WB0,
G262-K663,WB0,,2.607,2.75809,in,,WB0,
G266-J483,WB0,,6.359,6.5114,in,,WB0,
G269-K654,WB0,,5.93,6.0824,in,,WB0,
G273-K666,WB0,,2.712,2.8630600000000004,in,,WB0,
G274-K655,WB0,,0.948,1.09899,in,,WB0,
G278-K669,WB0,,-1.107,-0.95596,in,,WB0,
G281-K671,WB0,,0.642,0.7931,in,,WB0,
G284-J372,WBX,,-6.0,-5.8476,below,,WBX,
G287-J477,WBX,,-6.0,-5.8476,below,,WBX,
G291-K430,WBX,,-6.0,-5.8476,below,,WBX,
G292-K431,WBX,,-6.0,-5.8476,below,,WBX,
G296-K437,WBX,,-6.0,-5.8476,below,,WBX,
G299-K438,WBX,,-6.0,-5.8476,below,,WBX,
G302-K439,WBX,,-6.0,-5.8476,below,,WBX,
G305-K467,WBX,,-26.577,-26.4246,below,,WBX,
G308-K468,WBX,,-25.675,-25.5226,below,,WBX,
G311-K472,WBX,,-24.759,-24.6066,below,,WBX,
G314-K461,WBX,,-17.183,-17.0306,below,,WBX,
G317-K463,WBX,,-18.169,-18.0166,below,,WBX,
G320-K464,WBX,,-19.169,-19.0166,below,,WBX,
G323-K476,WB0,,7.366,7.5184,in,,WB0,
G326-K481,WB0,,4.733,4.8854,in,,WB0,
G329-K483,WB0,,3.088,3.2404,in,,WB0,
G332-K484,WB0,,1.444,1.5964,in,,WB0,
G335-K405,WBX,,-14.974,-14.8216,below,,WBX,
G338-K406,WBX,,-13.607,-13.4546,below,,WBX,
G341-K407,WBX,,-12.24,-12.0876,below,,WBX,
G344-K402,WBX,,-6.0,-5.8476,below,,WBX,
G347-K403,WBX,,-6.0,-5.8476,below,,WBX,
G350-K404,WBX,,-6.0,-5.8476,below,,WBX,
G353-K506,WBX,,-12.303,-12.1506,below,,WBX,
G355-K507,WBX,,-13.66,-13.5076,below,,WBX,
G358-K508,WBX,,-15.017,-14.8646,below,,WBX,
G362-K509,WBX,,-6.0,-5.8476,below,,WBX,
G365-K510,WBX,,-6.0,-5.8476,below,,WBX,
G368-K511,WBX,,-6.0,-5.8476,below,,WBX,
G371-K524,WB0,,1.511,1.6634,in,,WB0,
G373-K525,WB0,,3.145,3.2974,in,,WB0,
G376-K526,WB0,,4.779,4.9314,in,,WB0,
G380-K541,WB0,,0.948,1.09899,in,,WB0,
G383-K540,WB0,,5.915,6.0674,in,,WB0,
G386-K550,WBX,,-6.0,-5.8476,below,,WBX,
G389-K551,WBX,,-6.0,-5.8476,below,,WBX,
G392-K552,WBX,,-6.0,-5.8476,below,,WBX,
G395-K553,WBX,,-6.0,-5.8476,below,,WBX,
G398-K554,WBX,,-6.0,-5.8476,below,,WBX,
G402-K555,WB0,,8.022,8.1744,in,,WB0,
G405-K563,WB0,,6.359,6.5114,in,,WB0,
G407-K578,WB0,,4.416,4.56831,in,,WB0,
G431-K613,WBX,,-34.623,-34.5468,below,,WBX,
G443-J574,WBX,,-6.0,-5.8476,below,,WBX,
G446-K415,WBX,,-6.0,-5.8476,below,,WBX,
G449-K660,WBX,,-6.0,-5.8476,below,,WBX,
G452-J369,WBX,,-17.916,-17.7636,below,,WBX,
G455-J471,WBX,,-16.423,-16.270599999999998,below,,WBX,
G458-J568,WBX,,-14.718,-14.5656,below,,WBX,
G461-K399,WBX,,-13.223,-13.0706,below,,WBX,
G464-K651,WBX,,-11.724,-11.5716,below,,WBX,
G467-J366,WBX,,-22.0,-21.8476,below,,WBX,
G470-J465,WBX,,-22.0,-21.8476,below,,WBX,
G473-J562,WBX,,-22.0,-21.8476,below,,WBX,
G476-K396,WBX,,-22.0,-21.8476,below,,WBX,
G479-K648,WBX,,-22.0,-21.8476,below,,WBX,
G482-K675,WBX,,-26.046,-25.8936,below,,WBX,
G485-K678,WB0,,0.638,0.7891,in,,WB0,
G488-K681,WB0,,-1.11,-0.9589200000000001,in,,WB0,
G491-K684,WB0,,2.712,2.8630600000000004,in,,WB0,
G494-K687,WBX,,-26.13,-25.9776,below,,WBX,
G521-K400,WBX,,-35.12,-35.012139999999995,below,,WBX,
G550-K544,WBX,,-26.811,-26.70305,below,,WBX,
G556-K469,WBX,,-27.58,-27.50377,below,,WBX,
J086-G410,WB0,,-1.15,-0.9997699999999999,in,,WB0,
J088-G414,WB0,,-0.305,-0.15259999999999999,in,,WB0,
J737-G003,WB0,,4.322,4.47359,in,,WB0,
J738-G022,WB0,,5.328,5.47947,in,,WB0,
J744-G028,WB0,,4.322,4.47359,in,,WB0,
J746-G008,WB0,,4.327,4.47858,in,,WB0,
J845-G176,WBX,,-22.0,-21.8476,below,,WBX,
K137-G014,WBX,,-17.695,-17.5426,below,,WBX,
K139-G017,WBX,,-18.695,-18.5426,below,,WBX,
K144-G035,WB0,,5.611,5.76262,in,,WB0,
K145-G004,WB0,,5.179,5.33047,in,,WB0,
K147-G001,WBX,,-26.109,-25.9566,below,,WBX,
K148-G002,WBX,,-25.193,-25.0406,below,,WBX,
K157-G020,WB0,,-2.208,-2.05575,in,,WB0,
K165-G038,WB0,,5.61,5.761620000000001,in,,WB0,
K171-G047,WB0,,0.22,0.37209000000000003,in,,WB0,
K172-G053,WB0,,-0.98,-0.82843,in,,WB0,
K173-G050,WB0,,8.169,8.3214,in,member straddles splash zone boundary,WB0,
K174-G044,WB0,,6.925,7.07709,in,,WB0,
K181-G059,WB0,,-2.18,-2.02842,in,,WB0,
K184-G056,WB1,,9.382,9.5344,above,,WB1,
K303-G179,WBX,,-22.0,-21.8476,below,,WBX,
K304-G182,WBX,,-22.0,-21.8476,below,,WBX,
K305-G185,WBX,,-22.0,-21.8476,below,,WBX,
K306-G188,WBX,,-22.0,-21.8476,below,,WBX,
K317-G191,WBX,,-22.0,-21.8476,below,,WBX,
K318-G194,WBX,,-22.0,-22.1524,below,,WBX,
K319-G197,WBX,,-22.0,-22.1524,below,,WBX,
K320-G200,WBX,,-22.0,-22.1524,below,,WBX,
K321-G203,WBX,,-22.0,-22.1524,below,,WBX,
K332-G206,WBX,,-34.637,-34.52924,below,,WBX,
K333-G208,WBX,,-35.527,-35.4508,below,,WBX,
K336-G211,WBX,,-35.556,-35.479789999999994,below,,WBX,
K341-G214,WBX,,-35.588,-35.5118,below,,WBX,
K344-G220,WBX,,-34.892,-34.78423,below,,WBX,
K347-G217,WBX,,-35.659,-35.5828,below,,WBX,
K348-G218,WBX,,-35.667,-35.5908,below,,WBX,
K353-G227,WBX,,-35.666,-35.5898,below,,WBX,
K354-G230,WBX,,-35.649,-35.5728,below,,WBX,
K364-G236,WBX,,-35.503,-35.4268,below,,WBX,
K365-G238,WBX,,-35.461,-35.384789999999995,below,,WBX,
K366-G241,WBX,,-35.39,-35.3138,below,,WBX,
K374-G245,WBX,,-34.637,-34.52924,below,,WBX,
K375-G254,WBX,,-20.506,-20.3536,below,,WBX,
K379-G257,WBX,,-20.506,-20.3536,below,,WBX,
K380-G251,WBX,,-27.801,-27.69324,below,,WBX,
K381-G248,WBX,,-27.801,-27.69324,below,,WBX,
K428-G524,WBX,,-36.023,-35.946810000000006,below,,WBX,
K432-G527,WBX,,-36.051,-35.9748,below,,WBX,
K450-G544,WBX,,-22.0,-21.8476,below,,WBX,
K462-G497,WBX,,-35.12,-35.01224,below,,WBX,
K466-GD07,WBX,,-22.0,-21.8476,below,,WBX,
K471-G500,WBX,,-36.029,-35.95281000000001,below,,WBX,
K485-G530,WBX,,-36.057,-35.9808,below,,WBX,
K486-G533,WBX,,-36.047,-35.9708,below,,WBX,
K488-G536,WBX,,-34.586,-34.5098,below,,WBX,
K489-G539,WBX,,-34.599,-34.5228,below,,WBX,
K494-G542,WBX,,-34.607,-34.5308,below,,WBX,
K546-G552,WBX,,-27.022,-26.91426,below,,WBX,
K561-G559,WBX,,-27.58,-27.50377,below,,WBX,
K574-G503,WBX,,-36.052,-35.9758,below,,WBX,
K591-G418,WB0,,-1.65,-1.49905,in,,WB0,
K593-G506,WBX,,-36.057,-35.9808,below,,WBX,
K594-G421,WB0,,-2.7,-2.5476,in,,WB0,
K602-G412,WB1,,9.79,9.942369999999999,above,,WB1,
K605-G424,WB1,,9.72,9.872250000000001,above,,WB1,
K610-G428,WBX,,-36.054,-35.9778,below,,WBX,
K616-G434,WBX,,-36.006,-35.9298,below,,WBX,
K618-G436,WBX,,-34.692,-34.6158,below,,WBX,
K621-G440,WBX,,-36.054,-35.9778,below,,WBX,
K635-G509,WBX,,-36.049,-35.9728,below,,WBX,
K637-G512,WBX,,-34.582,-34.5058,below,,WBX,
K693-G515,WBX,,-34.599,-34.5228,below,,WBX,
K694-G518,WBX,,-34.607,-34.5308,below,,WBX,
K703-G232,WBX,,-34.844,-34.73623,below,,WBX,
GJ58-CA20,WBX,,-9.3,-9.15,below,,WBX,
GJ72-3628,WBX,,-6.0,-5.85,below,,WBX,
GJ89-4961,WB0,,-0.201,-0.048600000000000004,in,,WB0,
X001-CA18,WBX,,-6.0,-5.85,below,,WBX,
X002-CA17,WB0,,1.448,1.5979999999999999,in,,WB0,
X003-CA19,WBX,,-6.0,-5.85,below,,WBX,
X005-CA21,WB0,,4.826,4.976,in,,WB0,
3086-4146,XCK,,10.663,11.379999999999999,above,,XCK,
3113-4135,VA1,,10.665,11.399000000000001,above,,VA1,
3158-4157,VA1,,10.665,11.399000000000001,above,,VA1,
3178-4875,VA1,,10.667,11.395,above,,VA1,
3203-3614,VA0,,8.2,10.686,in,member straddles splash zone boundary,VA0,
3206-3604,VZ1,,9.399,10.693,above,,VZ1,
3214-4146,VA1,,10.676,11.405,above,,VA1,
3231-3113,VA1,,9.793,10.665,above,,VA1,
3233-3158,VA1,,9.722,10.665,above,,VA1,
3604-4891,VZ1,,10.693,11.39,above,,VZ1,
3611-3214,VA0,,8.2,10.676,in,member straddles splash zone boundary,VA0,
3622-4891,VA1,,10.7,11.408,above,,VA1,
3627-3622,VA1,,9.403,10.7,above,,VA1,
4905-3614,VA1,,11.403,10.686,above,,VA1,
BO08-3178,VA1,,9.455,10.667,above,,VA1,
3019-S054,XAA,,-4.3792,-4.277,in,member straddles splash zone boundary,XAA,
3019-S055,XAA,,-4.3792,-4.277,in,member straddles splash zone boundary,XAA,
3063-3179,XBG,,4.322,4.05431,in,,XBG,
3075-3108,XCJ,,2.424,3.1513999999999998,in,,XCJ,
3080-3612,XCJ,,4.6,8.192,in,,XCJ,
3087-3197,XAA,,-3.556,-0.386,in,,XAA,
3108-3080,XCJ,,3.9097799999999996,4.6,in,,XCJ,
3109-3144,XAA,,3.90311,4.591,in,,XAA,
3114-3615,XAA,,6.526,7.371,in,,XAA,
3119-3114,XAA,,5.81,6.526,in,,XAA,
3120-3119,XAA,,5.043,5.81,in,,XAA,
3121-3120,XAA,,4.276,5.043,in,,XAA,
3122-3154,XAA,,4.267,4.983,in,,XAA,
3134-3135,XAA,,-3.556,-0.381,in,,XAA,
3135-3123,XAA,,-0.381,2.792,in,,XAA,
3142-3109,XAA,,2.416,3.1459,in,,XAA,
3144-3148,XAA,,4.591,6.4,in,,XAA,
3148-3611,XAA,,6.4,8.2,in,,XAA,
3151-3161,X01,,-3.858,-3.264,in,,X01,
3152-3115,XAA,,5.756,6.528,in,,XAA,
3154-3152,XAA,,4.983,5.756,in,,XAA,
3155-3187,XBD,,5.666,6.218,in,,XBD,
3169-3619,XCA,,2.436,3.1519999999999997,in,,XCA,
3174-3212,XAT,,-0.411,0.328,in,,XAT,
3176-3623,XY4,,2.187,2.888,in,,XY4,
3177-3176,XY4,,-0.538,2.187,in,,XY4,
3181-3207,XY4,,6.31,6.973,in,,XY4,
3187-3205,XAA,,6.218,6.967,in,,XAA,
3193-3196,X03,,-3.927,-3.306,in,,X03,
3194-3179,XZ3,,2.584,3.3049,in,,XZ3,
3195-3217,XAK,,-0.305,0.481,in,,XAK,
3197-3127,XAA,,-0.386,2.784,in,,XAA,
3199-3626,XAA,,2.259,2.964,in,,XAA,
3200-3199,XAA,,-0.523,2.259,in,,XAA,
3204-3181,XY4,,5.675,6.31,in,,XY4,
3205-3198,XAA,,6.967,8.201,in,member straddles splash zone boundary,XAA,
3208-3174,XAT,,-0.819,-0.411,in,,XAT,
3209-3169,XAT,,1.629,2.436,in,,XAT,
3215-3195,XAK,,-0.704,-0.305,in,,XAK,
3216-3208,XAT,,-1.965,-0.819,in,,XAT,
3227-3143,XA8,,-1.098,-0.544,in,,XA8,
3255-3619,XA1,,4.322,3.943,in,,XA1,
3624-3204,XY4,,5.608,5.675,in,,XY4,
J745-3063,XBG,,5.328,4.322,in,,XBG,
J745-K141,XBG,,5.328,5.958,in,,XBG,
K140-3253,XA1,,5.818,5.179,in,,XA1,
K141-3203,XAA,,5.958,8.2,in,,XAA,
S054-3134,XAA,,-4.277,-3.556,in,,XAA,
S055-3087,XAA,,-4.277,-3.556,in,,XAA,
3011-3624,XY4,,4.407,5.608,in,,XY4,
3179-3055,XBB,,3.679,4.39,in,,XBB,
3619-3011,XY3,,3.602,4.407,in,,XY3,
3623-3619,XY3,,2.888,3.602,in,,XY3,
3626-3179,XBB,,2.964,3.679,in,,XBB,
3108-3121,XBB,,3.534,4.276,in,,XBB,
3109-3122,XBB,,3.525,4.267,in,,XBB,
3123-3108,XBB,,2.792,3.534,in,,XBB,
3127-3109,XBB,,2.784,3.525,in,,XBB,
3018-4500,HA1,,10.115,11.126999999999999,above,,HA1,
3021-4875,HA1,,10.113,11.129,above,,HA1,
3043-4521,HZ0,,10.104,11.099,above,,HZ0,
3047-4905,HA1,,10.111,11.126999999999999,above,,HA1,
3629-3018,HA0,,8.2,10.115,in,member straddles splash zone boundary,HA0,
3633-3043,HZ1,,8.192,10.104,in,member straddles splash zone boundary,HZ1,
3635-3047,HA0,,8.2,10.111,in,member straddles splash zone boundary,HA0,
3636-3021,HA0,,8.2,10.113,in,member straddles splash zone boundary,HA0,
3012-3228,XAV,,-3.11,-1.113,in,,XAV,
3014-3529,XAZ,,1.992,2.606,in,,XAZ,
3016-3226,XAE,,2.5,2.712,in,,XAE,
3017-3027,XE1,,-3.125,-0.312,in,,XE1,
3022-3574,XE1,,4.505,6.006,in,,XE1,
3024-3221,XE1,,5.009,5.93,in,,XE1,
3025-3219,XE1,,7.107,8.022,in,,XE1,
3026-3229,XAV,,-0.559,0.639,in,,XAV,
3027-3218,XAE,,-0.312,0.948,in,,XAE,
3040-3062,XBT,,-3.113,-0.306,in,,XBT,
3041-3586,XE1,,1.987,2.9962,in,,XE1,
3049-3222,XE1,,5.003,5.915,in,,XE1,
3050-3652,XY1,,7.101,8.014,in,,XY1,
3054-3635,XE1,,7.105,8.2,in,,XE1,
3061-3234,XAL,,-0.559,0.637,in,,XAL,
3062-3224,XBY,,-0.306,0.953,in,,XBY,
3151-3017,XE1,,-4.1222,-3.125,in,,XE1,
3182-3025,XE1,,6.359,7.107,in,,XE1,
3193-3040,XBT,,-4.0921,-3.113,in,,XBT,
3218-3016,XAE,,0.948,2.5,in,,XAE,
3219-3629,XE1,,8.022,8.2,in,,XE1,
3220-3561,XAE,,3.05,3.503,in,,XAE,
3221-3260,XE1,,5.93,6.672,in,,XE1,
3222-3054,XE1,,5.915,7.105,in,,XE1,
3226-3220,XAE,,2.712,3.05,in,,XAE,
3228-3026,XAV,,-1.113,-0.559,in,,XAV,
3229-3014,XAV,,0.639,1.992,in,,XAV,
3234-3041,XAL,,0.637,1.987,in,,XAL,
3235-3061,XAL,,-1.112,-0.559,in,,XAL,
3239-3586,XAJ,,2.714,3.502,in,,XAJ,
3260-3636,XE1,,6.672,8.2,in,,XE1,
3500-3012,XY2,,-4.135,-3.11,in,,XY2,
3520-3038,XE2,,-4.1204,-3.105,in,,XE2,
3529-3561,XAZ,,2.606,3.0021,in,,XAZ,
3561-3022,XAE,,3.503,4.505,in,,XAE,
3561-3024,XE1,,4.01407,5.009,in,,XE1,
3574-3182,XE1,,6.006,6.359,in,,XE1,
3585-3587,XY1,,6.003,6.354,in,,XY1,
3586-3049,XE1,,4.0069,5.003,in,,XE1,
3586-3225,XAJ,,3.502,4.414,in,,XAJ,
3587-3050,XY1,,6.354,7.101,in,,XY1,
3652-3633,XY1,,8.014,8.192,in,,XY1,
3569-E469,YW1,,13.52351,15.3,above,,YW1,
3569-E470,YW1,,13.62982,15.3,above,,YW1,
E050-E049,YW1,,13.67,15.25,above,,YW1,
E051-E052,YW1,,13.665,15.15,above,,YW1,
E051-E155,YW1,,13.46212,15.15,above,,YW1,
E054-E016,YW1,,13.62974,15.22756,above,,YW1,
E054-E079,YW1,,13.62974,15.22756,above,,YW1,
E057-E056,YW1,,13.665,15.15,above,,YW1,
E061-E060,YW1,,13.665,15.15,above,,YW1,
E063-E025,YW1,,13.62974,15.22756,above,,YW1,
E063-E103,YW1,,13.62974,15.22756,above,,YW1,
E066-E065,YW1,,13.665,15.15,above,,YW1,
E066-E156,YW1,,13.46212,15.15,above,,YW1,
E068-E067,YW1,,13.67,15.25,above,,YW1,
E126-E125,YW1,,14.567,15.15,above,,YW1,
E127-E126,YW1,,13.685,14.567,above,,YW1,
E127-E133,YW1,,13.36108,15.15,above,,YW1,
E150-E144,YW1,,13.36108,15.15,above,,YW1,
E150-E151,YW1,,13.685,14.567,above,,YW1,
E151-E152,YW1,,14.567,15.15,above,,YW1,
E207-E208,YW1,,13.685,15.15,above,,YW1,
E207-E218,YW1,,13.3746,15.15,above,,YW1,
E238-E227,YW1,,13.37459,15.15,above,,YW1,
E238-E237,YW1,,13.685,15.15,above,,YW1,
E334-E335,YW1,,13.665,15.15,above,,YW1,
E334-E341,YW1,,13.27973,15.15,above,,YW1,
E353-E346,YW1,,13.27973,15.15,above,,YW1,
E353-E352,YW1,,13.665,15.15,above,,YW1,
E407-E406,YW1,,13.665,15.15,above,,YW1,
E407-E411,YW1,,13.36366,15.15,above,,YW1,
E423-E418,YW1,,13.36366,15.15,above,,YW1,
E423-E422,YW1,,13.665,15.15,above,,YW1,
E438-E437,YW1,,14.567,15.15,above,,YW1,
E439-E438,YW1,,13.665,14.567,above,,YW1,
E439-E441,YW1,,13.54943,15.15,above,,YW1,
E460-E458,YW1,,13.54942,15.15,above,,YW1,
E460-E462,YW1,,13.665,14.567,above,,YW1,
E462-E461,YW1,,14.567,15.15,above,,YW1,
E471-E472,YW1,,13.50555,15.15,above,,YW1,
E471-E475,YW1,,13.62374,15.15,above,,YW1,
E493-E494,YW1,,13.50555,15.15,above,,YW1,
E493-E496,YW1,,13.62374,15.15,above,,YW1,
E495-E432,YW1,,13.52351,15.3,above,,YW1,
E495-E454,YW1,,13.62982,15.3,above,,YW1,
4238-E461,YW2,,13.665,15.280000000000001,above,,YW2,
4239-E437,YW2,,13.665,15.280000000000001,above,,YW2,
E017-E054,YW2,,15.3,13.62821,above,,YW2,
E024-E063,YW2,,15.3,13.62821,above,,YW2,
E026-E063,YW2,,15.3,13.62821,above,,YW2,
E053-E014,YW2,,13.63057,15.25,above,,YW2,
E053-E077,YW2,,13.62974,15.22756,above,,YW2,
E054-E015,YW2,,13.62821,15.3,above,,YW2,
E055-E018,YW2,,13.62974,15.22756,above,,YW2,
E055-E081,YW2,,13.62974,15.22756,above,,YW2,
E058-E038,YW2,,13.63346,15.3,above,,YW2,
E059-E043,YW2,,13.63346,15.3,above,,YW2,
E059-E093,YW2,,13.62821,15.3,above,,YW2,
E062-E023,YW2,,13.62974,15.22756,above,,YW2,
E062-E101,YW2,,13.62974,15.22756,above,,YW2,
E064-E027,YW2,,13.63057,15.25,above,,YW2,
E064-E105,YW2,,13.62974,15.22756,above,,YW2,
E203-E214,YW2,,15.25333,16.046670000000002,above,,YW2,
E212-E285,YW2,,15.248479999999999,16.05152,above,,YW2,
E234-E240,YW2,,15.25333,16.046670000000002,above,,YW2,
E242-E302,YW2,,15.248479999999999,16.05152,above,,YW2,
E278-E204,YW2,,15.248479999999999,16.05152,above,,YW2,
E288-E279,YW2,,15.25333,16.046670000000002,above,,YW2,
E296-E231,YW2,,15.248479999999999,16.05152,above,,YW2,
E304-E295,YW2,,15.25333,16.046670000000002,above,,YW2,
3582-Q681,YW3,,13.4034,15.15,above,,YW3,
4501-Q098,YW3,,13.66052,15.3,above,,YW3,
4507-Q159,YW3,,13.65364,15.15,above,,YW3,
4508-Q104,YW3,,13.66052,15.3,above,,YW3,
4520-Q141,YW3,,13.66052,15.3,above,,YW3,
4933-Q320,YW3,,13.67,15.15,above,,YW3,
BO88-Q738,YW3,,13.67,15.15,above,,YW3,
E502-Q111,YW3,,13.65968,15.15,above,,YW3,
E502-Q114,YW3,,13.65968,15.15,above,,YW3,
E502-Q118,YW3,,13.65968,15.15,above,,YW3,
Q026-Q063,YW3,,13.61079,15.3,above,,YW3,
Q026-Q064,YW3,,13.54266,15.3,above,,YW3,
Q031-Q065,YW3,,13.54266,15.3,above,,YW3,
Q031-Q066,YW3,,13.63244,15.3,above,,YW3,
Q132-Q131,YW3,,13.65968,15.15,above,,YW3,
Q132-Q135,YW3,,13.66052,15.3,above,,YW3,
Q132-Q216,YW3,,13.4303,15.15,above,,YW3,
Q162-Q161,YW3,,13.65364,15.15,above,,YW3,
Q162-Q326,YW3,,13.25211,15.15,above,,YW3,
Q197-Q196,YW3,,13.665,15.15,above,,YW3,
Q211-Q210,YW3,,13.665,15.15,above,,YW3,
Q253-Q215,YW3,,13.67,15.15,above,,YW3,
Q270-Q166,YW3,,13.62668,15.3,above,,YW3,
Q270-Q271,YW3,,13.32555,15.15,above,,YW3,
Q331-Q332,YW3,,13.67,15.15,above,,YW3,
Q358-Q356,YW3,,13.58422,15.15,above,,YW3,
Q358-Q362,YW3,,13.34922,15.15,above,,YW3,
Q369-Q307,YW3,,13.66,15.15,above,,YW3,
Q369-Q365,YW3,,13.3208,15.15,above,,YW3,
Q369-Q370,YW3,,13.66,15.15,above,,YW3,
Q415-Q414,YW3,,13.67,15.15,above,,YW3,
Q426-Q427,YW3,,15.3,13.67,above,,YW3,
Q467-Q472,YW3,,13.665,15.15,above,,YW3,
Q467-Q478,YW3,,13.38349,15.15,above,,YW3,
Q468-Q539,YW3,,13.29295,15.15,above,,YW3,
Q468-Q545,YW3,,13.665,15.15,above,,YW3,
Q510-Q509,YW3,,15.15,13.66,above,,YW3,
Q733-Q734,YW3,,13.67,15.15,above,,YW3,
Q733-Q918,YW3,,13.3491,15.15,above,,YW3,
Q743-Q559,YW3,,13.28286,15.15,above,,YW3,
Q743-Q744,YW3,,13.67,15.15,above,,YW3,
Q748-Q560,YW3,,13.28286,15.15,above,,YW3,
Q748-Q747,YW3,,13.67,15.15,above,,YW3,
Q793-Q889,YW3,,13.41168,15.200000000000001,above,,YW3,
Q817-Q816,YW3,,13.67,15.15,above,,YW3,
Q894-Q895,YW3,,13.2032,14.6,above,,YW3,
Q895-Q896,YW3,,14.6,15.15,above,,YW3,
Q899-Q898,YW3,,13.3,15.15,above,,YW3,
Q900-Q899,YW3,,13.2285,13.3,above,,YW3,
Q902-Q904,YW3,,13.2795,14.6,above,,YW3,
Q904-Q903,YW3,,14.6,15.15,above,,YW3,
Q907-Q927,YW3,,15.15,13.2032,above,,YW3,
Q908-Q933,YW3,,15.15,13.2795,above,,YW3,
Q926-Q928,YW3,,13.3,15.15,above,,YW3,
Q927-Q926,YW3,,13.2032,13.3,above,,YW3,
Q927-Q947,YW3,,13.2032,15.15,above,,YW3,
Q930-Q931,YW3,,13.2285,15.15,above,,YW3,
Q930-Q958,YW3,,13.2285,15.15,above,,YW3,
Q933-Q935,YW3,,13.2795,13.3,above,,YW3,
Q933-Q948,YW3,,13.2795,15.15,above,,YW3,
Q935-Q934,YW3,,13.3,15.15,above,,YW3,
4933-Q323,YW2,,13.46864,15.15,above,,YW2,
Q197-Q201,YW2,,13.40635,15.15,above,,YW2,
Q211-Q206,YW2,,13.40635,15.15,above,,YW2,
Q331-Q328,YW2,,13.4094,15.15,above,,YW2,
Q415-Q418,YW2,,13.4094,15.15,above,,YW2,
Q427-Q423,YW2,,13.4094,15.15,above,,YW2,
Q759-Q706,YW2,,13.45194,15.200000000000001,above,,YW2,
Q759-Q882,YW2,,13.41168,15.200000000000001,above,,YW2,
Q764-Q563,YW2,,13.28286,15.3,above,,YW2,
Q768-Q885,YW2,,13.4116,15.1958,above,,YW2,
Q773-Q565,YW2,,13.27629,15.200000000000001,above,,YW2,
Q773-Q774,YW2,,13.67,15.25,above,,YW2,
Q778-Q566,YW2,,13.27629,15.200000000000001,above,,YW2,
Q779-Q778,YW2,,15.25,13.67,above,,YW2,
Q785-Q886,YW2,,13.41168,15.200000000000001,above,,YW2,
Q788-Q567,YW2,,13.28369,15.200000000000001,above,,YW2,
Q793-Q713,YW2,,13.45194,15.200000000000001,above,,YW2,
Q799-Q568,YW2,,13.27629,15.200000000000001,above,,YW2,
Q800-Q799,YW2,,15.25,13.67,above,,YW2,
Q803-Q569,YW2,,13.28286,15.15,above,,YW2,
Q807-Q570,YW2,,13.28286,15.15,above,,YW2,
3582-Q609,YW3,,13.56661,15.15,above,,YW3,
BO88-Q890,YW3,,13.41293,15.3,above,,YW3,
Q253-Q248,YW3,,13.32848,15.15,above,,YW3,
Q483-Q481,YW3,,13.53447,15.3,above,,YW3,
Q483-Q488,YW3,,13.51313,15.3,above,,YW3,
Q506-Q509,YW3,,15.3,13.46346,above,,YW3,
Q513-Q509,YW3,,15.3,13.46346,above,,YW3,
Q535-Q531,YW3,,13.50544,15.3,above,,YW3,
Q535-Q537,YW3,,13.53007,15.3,above,,YW3,
Q535-Q539,YW3,,13.3372,15.3,above,,YW3,
Q610-Q683,YW3,,13.60175,15.3,above,,YW3,
Q660-Q785,YW3,,15.3,13.3946,above,,YW3,
Q748-Q891,YW3,,13.41293,15.3,above,,YW3,
Q751-Q561,YW3,,13.28286,15.3,above,,YW3,
Q751-Q919,YW3,,13.34769,15.3,above,,YW3,
Q752-Q751,YW3,,14.6,13.67,above,,YW3,
Q753-Q752,YW3,,15.3,14.6,above,,YW3,
Q759-Q763,YW3,,13.67,15.3,above,,YW3,
Q760-Q759,YW3,,15.25,13.67,above,,YW3,
Q763-Q768,YW3,,15.3,13.67,above,,YW3,
Q768-Q648,YW3,,13.3946,15.3,above,,YW3,
Q768-Q769,YW3,,13.67,15.3,above,,YW3,
Q785-Q784,YW3,,13.67,15.3,above,,YW3,
Q785-Q790,YW3,,13.67,15.3,above,,YW3,
Q790-Q793,YW3,,15.3,13.67,above,,YW3,
Q794-Q793,YW3,,15.25,13.67,above,,YW3,
4935-Q462,YW2,,13.67,15.15,above,,YW2,
4941-Q466,YW2,,13.67,15.15,above,,YW2,
BO88-Q742,YW2,,13.67,15.3,above,,YW2,
Q279-Q163,YW2,,13.63202,15.3,above,,YW2,
Q358-Q306,YW2,,13.48456,15.3,above,,YW2,
Q433-Q406,YW2,,13.66,15.15,above,,YW2,
Q433-Q465,YW2,,13.66,15.15,above,,YW2,
Q483-Q676,YW2,,13.55351,15.3,above,,YW2,
Q535-Q677,YW2,,13.54899,15.3,above,,YW2,
Q723-Q590,YW2,,13.66,15.15,above,,YW2,
Q735-BO88,YW2,,15.3,13.67,above,,YW2,
Q736-Q676,YW2,,13.40254,15.3,above,,YW2,
Q745-Q748,YW2,,15.3,13.67,above,,YW2,
Q748-Q750,YW2,,13.67,15.3,above,,YW2,
Q754-Q759,YW2,,15.3,13.67,above,,YW2,
Q756-Q562,YW2,,13.28286,15.3,above,,YW2,
Q793-Q798,YW2,,13.67,15.3,above,,YW2,
Q803-Q804,YW2,,13.67,15.15,above,,YW2,
Q807-Q808,YW2,,13.67,15.15,above,,YW2,
Q809-Q811,YW2,,15.3,13.67,above,,YW2,
Q811-Q815,YW2,,13.67,15.3,above,,YW2,
Q814-Q677,YW2,,13.40254,15.3,above,,YW2,
BO77-BO79,YW7,,10.15,11.25,above,,YW7,
BO78-BO80,YW7,,10.15,11.25,above,,YW7,
BO79-BO81,YW6,,11.25,11.25,above,,YW6,
BO79-BO91,YW7,,11.25,13.0,above,,YW7,
BO80-BO82,YW6,,11.25,11.25,above,,YW6,
BO80-BO92,YW7,,11.25,13.0,above,,YW7,
BO91-BO93,YW6,,13.0,13.0,above,,YW6,
BO91-BP01,YW7,,13.0,14.85,above,,YW7,
BO92-BO94,YW6,,13.0,13.0,above,,YW6,
BO92-BP02,YW7,,13.0,14.85,above,,YW7,
BO13-3582,YW3,,9.45,12.395,above,,YW3,
BO18-BP19,YW3,,9.45,9.667,above,,YW3,
BO24-BP21,YW3,,9.45,11.01,above,,YW3,
BO30-BO89,YW3,,9.45,12.7968,above,,YW3,
BO83-BP04,YW3,,11.25,12.66,above,,YW3,
BO86-BP20,YW3,,11.25,11.496,above,,YW3,
BP04-BO96,YW3,,12.66,12.7968,above,,YW3,
BP19-BO83,YW3,,9.667,11.25,above,,YW3,
BP20-BO99,YW3,,11.496,12.33,above,,YW3,
BP21-BO86,YW3,,11.01,11.25,above,,YW3,
BO83-BO84,YW9,,11.25,11.25,above,,YW9,
BO84-BO85,YW9,,11.25,11.25,above,,YW9,
BO85-BO86,YW9,,11.25,11.25,above,,YW9,
BP19-BP21,YW9,,9.73366,10.94334,above,,YW9,
BP20-BP04,YW9,,11.55314,12.59001,above,,YW9,
Q894-Q900,YW2,,13.0,13.0,above,,YW2,
Q899-Q895,YW2,,13.389100000000001,14.53258,above,,YW2,
Q899-Q904,YW2,,13.3864,14.5346,above,,YW2,
Q900-Q871,YW2,,13.0,13.0,above,,YW2,
Q900-Q902,YW2,,13.0,13.0,above,,YW2,
Q900-Q933,YW2,,13.0,13.0,above,,YW2,
Q926-Q931,YW2,,13.40112,15.15,above,,YW2,
Q927-Q900,YW2,,13.0,13.0,above,,YW2,
Q927-Q930,YW2,,13.0,13.0,above,,YW2,
Q930-Q933,YW2,,13.0,13.0,above,,YW2,
Q931-Q935,YW2,,15.15,13.398100000000001,above,,YW2,
BO81-BO84,YW6,,11.25,11.25,above,,YW6,
BO82-BO85,YW6,,11.25,11.25,above,,YW6,
BO93-BO97,YW6,,13.0,13.0,above,,YW6,
BO94-BO98,YW6,,13.0,13.0,above,,YW6,
BO12-BO13,YWC,,9.45,9.45,above,,YWC,
BO13-BO14,YWC,,9.45,9.45,above,,YWC,
BO14-BO15,YWC,,9.45,9.45,above,,YWC,
BO15-BO16,YWC,,9.45,9.45,above,,YWC,
BO16-BO17,YWC,,9.45,9.45,above,,YWC,
BO17-BO18,YWC,,9.45,9.45,above,,YWC,
BO18-BO19,YWC,,9.45,9.45,above,,YWC,
BO01-BO02,YWD,,9.25,9.25,above,,YWD,
BO01-BO05,YWD,,9.25,9.25,above,,YWD,
BO02-BO03,YWD,,9.25,9.25,above,,YWD,
BO03-BO04,YWD,,9.25,9.25,above,,YWD,
BO05-BO06,YWD,,9.25,9.25,above,,YWD,
BO06-BO07,YWD,,9.25,9.25,above,,YWD,
BO08-BO09,YWD,,9.455,9.45,above,,YWD,
BO08-BO20,YWD,,9.455,9.45,above,,YWD,
BO09-BP06,YWD,,9.45,9.45,above,,YWD,
BO10-BO11,YWD,,9.45,9.45,above,,YWD,
BO14-BP08,YWD,,9.45,9.45,above,,YWD,
BO16-BO26,YWD,,9.45,9.45,above,,YWD,
BO20-BO21,YWD,,9.45,9.45,above,,YWD,
BO20-BP13,YWD,,9.45,9.45,above,,YWD,
BO21-BO22,YWD,,9.45,9.45,above,,YWD,
BO22-BO23,YWD,,9.45,9.45,above,,YWD,
BO22-BO28,YWD,,9.45,9.45,above,,YWD,
BO23-BO24,YWD,,9.45,9.45,above,,YWD,
BO24-BO25,YWD,,9.45,9.45,above,,YWD,
BO26-BO27,YWD,,9.45,9.45,above,,YWD,
BO27-BO22,YWD,,9.45,9.45,above,,YWD,
BO28-BP05,YWD,,9.45,9.45,above,,YWD,
BO29-BO30,YWD,,9.45,9.45,above,,YWD,
BO30-BO31,YWD,,9.45,9.45,above,,YWD,
BP05-BO29,YWD,,9.45,9.45,above,,YWD,
BP06-BO10,YWD,,9.45,9.45,above,,YWD,
BP06-BP07,YWD,,9.45,9.45,above,,YWD,
BP07-BP17,YWD,,9.45,9.45,above,,YWD,
BP08-BP09,YWD,,9.45,9.45,above,,YWD,
BP09-BP11,YWD,,9.45,9.45,above,,YWD,
BP11-BO20,YWD,,9.45,9.45,above,,YWD,
BP13-BP15,YWD,,9.45,9.45,above,,YWD,
BP15-BP07,YWD,,9.45,9.45,above,,YWD,
BP17-BP05,YWD,,9.45,9.45,above,,YWD,
3535-3536,ZAF,CORCONC,-3.368,-2.452,in,,ZAF,CORCONC
3526-3527,ZAH,CORCOND,-3.378,-2.435,in,,ZAH,CORCOND
3527-3528,VBC,,-2.435,-0.763,in,,VBC,
3533-3553,VBC,,5.458,6.1,in,,VBC,
3541-3542,VAF,,5.437,6.078,in,,VAF,
3542-3548,VAF,,6.078,8.184,in,,VAF,
3553-3555,VBC,,6.1,8.233,in,member straddles splash zone boundary,VBC,
3528-3534,ZAC,,-0.763,-0.09,in,,ZAC,
3530-3532,ZBG,,3.168,4.798,in,,ZBG,
3531-3530,ZBG,,1.54,3.168,in,,ZBG,
3532-3533,ZBG,,4.798,5.458,in,,ZBG,
3534-3531,ZAC,,-0.09,1.54,in,,ZAC,
3538-3537,ZAI,,1.531,0.856,in,,ZAI,
3539-3538,ZAI,,3.156,1.531,in,,ZAI,
3541-3540,ZAI,,5.437,4.78,in,,ZAI,
3129-3800,XBS,,0.677,1.398,in,,XBS,
3800-3128,XBS,,1.398,2.121,in,,XBS,
3096-3129,VCC,,-0.026,0.677,in,,VCC,
3097-3096,VCC,,-1.756,-0.026,in,,VCC,
3112-3117,VCC,,2.824,8.221,in,member straddles splash zone boundary,VCC,
3128-3112,VCC,,2.121,2.824,in,,VCC,
3147-3654,VCC,,2.021,8.218,in,member straddles splash zone boundary,VCC,
3162-3618,VCC,,2.391,8.246,in,member straddles splash zone boundary,VCC,
3163-3617,VCC,,2.407,8.252,in,member straddles splash zone boundary,VCC,
3170-S056,VDE,,-4.2651,-4.277,in,,VDE,
3577-3584,VDE,,4.816,5.735,in,,VDE,
3584-3580,VDE,,5.735,8.2,in,,VDE,
3589-3590,VDE,,-3.358,3.896,in,,VDE,
3590-3577,VDE,,3.896,4.816,in,,VDE,
S056-3589,VDE,,-4.277,-3.358,in,,VDE,
3031-3632,VEC,,2.319,8.201,in,member straddles splash zone boundary,VEC,
3037-3248,VEC,,-4.3641,-3.584,in,member straddles splash zone boundary,VEC,
3248-3031,VEC,,-3.584,2.319,in,,VEC,
3575-3526,V02,,-4.1041,-3.378,in,,V02,
3575-3535,HAZ,,-4.1632,-3.368,in,,HAZ,
2019-3630,VED,,2.325,8.201,in,member straddles splash zone boundary,VED,
2026-3028,VED,,-3.47,2.372,in,,VED,
3001-3251,VED,,-4.3581,-3.573,in,member straddles splash zone boundary,VED,
3028-3631,VED,,2.372,8.202,in,member straddles splash zone boundary,VED,
3034-3058,VED,,-3.471,2.371,in,,VED,
3058-3634,VED,,2.371,8.2,in,,VED,
3085-2026,VED,,-4.3172,-3.47,in,member straddles splash zone boundary,VED,
3104-3034,VED,,-4.3197,-3.471,in,member straddles splash zone boundary,VED,
3251-2019,VED,,-3.573,2.325,in,,VED,
X005-3357,CS6,,4.821949999999999,4.808269999999999,in,,CS6,
BL31-BL25,BLI,,-4.25,-4.7,in,member straddles splash zone boundary,BLI,
BL29-BL27,BLM,,-4.25,-4.65,in,member straddles splash zone boundary,BLM,
BL30-BL28,BLM,,-4.25,-4.65,in,member straddles splash zone boundary,BLM,
BL32-BL26,BLI,,-4.25,-4.7,in,member straddles splash zone boundary,BLI,
3562-3145,LBP,,-4.25,-2.53,in,,LBP,
3233-3261,VA1,,9.722,9.255,above,,VA1,
3231-3263,VA1,,9.793,9.255,above,,VA1,
3125-2000,XBA,,-0.264,0.362,in,,XBA,
3125-2207,XBA,,-0.264,-0.929,in,,XBA,
2207-3230,XA8,,-0.929,-1.594,in,,XA8,
2147-2210,HB5,HGCONED,-19.919,-19.3,below,,HB5,HGCONED
2210-2141,VBD,,-19.3,-18.681,below,,VBD,
3057-2290,H11,,-6.0,-6.0,below,,H11,
2290-3060,HA2,,-6.0,-6.0,below,,HA2,
3077-2291,HDC,,-6.0,-6.0,below,,HDC,
2291-3081,H02,,-6.0,-6.0,below,,H02,
3503-3116,HAP,,-6.0,-6.0,below,,HAP,
3116-3505,HAH,,-6.0,-6.0,below,,HAH,
3500-3259,H19,,-6.0,-6.0,below,,H19,
3575-2293,H13,,-6.0,-6.0,below,,H13,
3575-2227,H13,,-6.0,-6.0,below,,H13,
K138-J115,JT9,,12.099,11.751,above,,JT9,
J115-J114,JT9,,11.751,11.404,above,,JT9,
J114-J113,JT1,,11.404,8.2,in,member straddles splash zone boundary,JT1,
J117-K707,JT9,,11.752,11.256,above,,JT9,
K707-J112,JT1,,11.256,8.2,in,member straddles splash zone boundary,JT1,
K709-J117,JT9,,12.253,11.752,above,,JT9,
K189-I001,JTE,,-1.683,3.0,in,,JTE,
I001-J723,JTE,,3.0,3.554,in,,JTE,
K175-I002,JTE,,-0.483,3.0,in,,JTE,
I002-J722,JTE,,3.0,3.549,in,,JTE,
K176-I003,JTE,,0.719,3.0,in,,JTE,
I003-K178,JTE,,3.0,6.426,in,,JTE,
K169-I004,JTE,,2.079,3.0,in,,JTE,
I004-K164,JTE,,3.0,5.113,in,,JTE,
J754-I005,JTE,,-1.522,3.0,in,,JTE,
I005-J750,JTE,,3.0,3.83,in,,JTE,
J753-I006,JTE,,-1.526,3.0,in,,JTE,
I006-J742,JTE,,3.0,3.825,in,,JTE,
K161-I007,JTE,,4.682,3.0,in,,JTE,
I007-K142,JTE,,3.0,2.748,in,,JTE,
K221-I008,JTE,,-1.621,3.0,in,,JTE,
I008-J724,JTE,,3.0,3.554,in,,JTE,
J725-I009,JTE,,3.549,3.0,in,,JTE,
I009-K224,JTE,,3.0,-0.387,in,,JTE,
K220-I010,JTE,,6.425,3.0,in,,JTE,
I010-K223,JTE,,3.0,0.847,in,,JTE,
K168-I011,JTE,,5.113,3.0,in,,JTE,
I011-J758,JTE,,3.0,-1.543,in,,JTE,
K162-I012,JTE,,3.825,3.0,in,,JTE,
I012-J755,JTE,,3.0,-1.522,in,,JTE,
J748-I013,JTE,,3.825,3.0,in,,JTE,
I013-J756,JTE,,3.0,-1.526,in,,JTE,
J741-I014,JTE,,4.831,3.0,in,,JTE,
I014-J752,JTE,,3.0,-1.46,in,,JTE,
K191-I015,JT3,,-6.5,-10.0,below,,JT3,
I015-J823,JT3,,-10.0,-14.118,below,,JT3,
K194-I016,JT3,,-6.5,-10.0,below,,JT3,
I016-K233,JT3,,-10.0,-14.347,below,,JT3,
K199-I017,JT3,,-6.5,-10.0,below,,JT3,
I017-K238,JT3,,-10.0,-13.361,below,,JT3,
K200-I018,JT3,,-6.5,-10.0,below,,JT3,
I018-K244,JT3,,-10.0,-12.314,below,,JT3,
J835-I019,JT3,,-6.699,-10.0,below,,JT3,
I019-K245,JT3,,-10.0,-11.078,below,,JT3,
J837-I020,JT3,,-6.696,-10.0,below,,JT3,
I020-K246,JT3,,-10.0,-10.061,below,,JT3,
K243-I021,JT3,,-9.512,-10.0,below,,JT3,
I021-K251,JT3,,-10.0,-10.012,below,,JT3,
K212-I022,JT3,,-6.5,-10.0,below,,JT3,
I022-J862,JT3,,-10.0,-14.118,below,,JT3,
K211-I023,JT3,,-6.5,-10.0,below,,JT3,
I023-K264,JT3,,-10.0,-14.347,below,,JT3,
K210-I024,JT3,,-6.5,-10.0,below,,JT3,
I024-K263,JT3,,-10.0,-13.361,below,,JT3,
K209-I025,JT3,,-6.5,-10.0,below,,JT3,
I025-K262,JT3,,-10.0,-12.314,below,,JT3,
J850-I026,JT3,,-6.699,-10.0,below,,JT3,
I026-K261,JT3,,-10.0,-11.078,below,,JT3,
J815-I027,JT3,,-6.299,-10.0,below,,JT3,
I027-K260,JT3,,-10.0,-10.061,below,,JT3,
K252-I028,JT3,,-9.512,-10.0,below,,JT3,
I028-K266,JT3,,-10.0,-10.012,below,,JT3,
J481-I029,JT4,,-6.5,-10.0,below,,JT4,
I029-J473,JT4,,-10.0,-15.923,below,,JT4,
J374-I030,JT4,,-6.5,-10.0,below,,JT4,
I030-J370,JT4,,-10.0,-17.416,below,,JT4,
J577-I031,JT4,,-6.5,-10.0,below,,JT4,
I031-J570,JT4,,-10.0,-14.218,below,,JT4,
K517-I032,JT5,,-6.5,-10.0,below,,JT5,
I032-K514,JT5,,-10.0,-14.517,below,,JT5,
K570-I033,JT4,,-6.5,-10.0,below,,JT4,
I033-K293,JT4,,-10.0,-11.224,below,,JT4,
K417-I034,JT4,,-6.5,-10.0,below,,JT4,
I034-K401,JT4,,-10.0,-12.723,below,,JT4,
K411-I035,JT5,,-6.5,-10.0,below,,JT5,
I035-K492,JT5,,-10.0,-14.474,below,,JT5,
K412-I036,JT5,,-6.5,-10.0,below,,JT5,
I036-K493,JT5,,-10.0,-13.107,below,,JT5,
K413-I037,JT5,,-6.5,-10.0,below,,JT5,
I037-K502,JT5,,-10.0,-11.74,below,,JT5,
K515-I038,JT5,,-6.5,-10.0,below,,JT5,
I038-K512,JT5,,-10.0,-11.803,below,,JT5,
K571-I039,JT4,,-6.5,-10.0,below,,JT4,
I039-K294,JT4,,-10.0,-12.723,below,,JT4,
K516-I040,JT5,,-6.5,-10.0,below,,JT5,
I040-K513,JT5,,-10.0,-13.16,below,,JT5,
K572-I041,JT4,,-6.5,-10.0,below,,JT4,
I041-K295,JT4,,-10.0,-14.218,below,,JT4,
K573-I042,JT4,,-6.5,-10.0,below,,JT4,
I042-K296,JT4,,-10.0,-15.923,below,,JT4,
K575-I043,JT4,,-6.5,-10.0,below,,JT4,
I043-K297,JT4,,-10.0,-17.416,below,,JT4,
K662-I044,JT4,,-6.5,-10.0,below,,JT4,
I044-K652,JT4,,-10.0,-11.224,below,,JT4,
J339-I045,JTL,,3.68,3.0,in,,JTL,
I045-J341,JTL,,3.0,-0.033,in,,JTL,
J354-I046,JTL,,3.68,3.0,in,,JTL,
I046-J352,JTL,,3.0,-0.033,in,,JTL,
J435-I047,JTL,,3.685,3.0,in,,JTL,
I047-K679,JTL,,3.0,1.134,in,,JTL,
J438-I048,JTL,,3.685,3.0,in,,JTL,
I048-K673,JTL,,3.0,1.138,in,,JTL,
J447-I049,JTL,,3.684,3.0,in,,JTL,
I049-J448,JTL,,3.0,-0.033,in,,JTL,
K632-I050,JTL,,3.66,3.0,in,,JTL,
I050-K656,JTL,,3.0,1.443,in,,JTL,
J587-I051,JTL,,3.66,3.0,in,,JTL,
I051-K542,JTL,,3.0,1.444,in,,JTL,
K483-I052,JTD,,3.088,3.0,in,,JTD,
I052-K504,JTD,,3.0,2.588,in,,JTD,
K525-I053,JTD,,3.145,3.0,in,,JTD,
I053-K528,JTD,,3.0,2.645,in,,JTD,
K664-I054,JTL,,3.103,3.0,in,,JTL,
I054-K663,JTL,,3.0,2.607,in,,JTL,
K667-I055,JTL,,3.208,3.0,in,,JTL,
I055-K666,JTL,,3.0,2.712,in,,JTL,
K685-I056,JTL,,3.208,3.0,in,,JTL,
I056-K684,JTL,,3.0,2.712,in,,JTL,
K503-I057,JTD,,4.233,3.0,in,,JTD,
I057-J292,JTD,,3.0,-4.3,in,,JTD,
K531-I058,JTD,,4.279,3.0,in,,JTD,
I058-J268,JTD,,3.0,-4.3,in,,JTD,
J284-I059,JTD,,8.2,3.0,in,,JTD,
I059-K501,JTD,,3.0,1.944,in,,JTD,
J278-I060,JTD,,8.2,3.0,in,,JTD,
I060-K533,JTD,,3.0,2.011,in,,JTD,
J078-I061,JTA,,7.99,3.0,in,,JTA,
I061-K601,JTA,,3.0,-2.2,in,,JTA,
J113-I062,JTA,,8.2,3.0,in,,JTA,
I062-K600,JTA,,3.0,-1.155,in,,JTA,
K478-I063,JTA,,6.866,3.0,in,,JTA,
I063-K599,JTA,,3.0,0.195,in,,JTA,
J111-I064,JTA,,4.625,3.0,in,,JTA,
I064-K583,JTA,,3.0,-0.657,in,,JTA,
J068-I065,JTA,,8.2,3.0,in,,JTA,
I065-K158,JTA,,3.0,-1.709,in,,JTA,
K447-I066,JT2,,-6.5,-10.0,below,,JT2,
I066-K460,JT2,,-10.0,-18.669,below,,JT2,
K446-I067,JT2,,-6.5,-10.0,below,,JT2,
I067-K459,JT2,,-10.0,-17.669,below,,JT2,
K445-I068,JT2,,-6.5,-10.0,below,,JT2,
I068-K458,JT2,,-10.0,-16.683,below,,JT2,
K436-I069,JT2,,-6.5,-10.0,below,,JT2,
I069-K153,JT2,,-10.0,-17.195,below,,JT2,
K435-I070,JT2,,-6.5,-10.0,below,,JT2,
I070-K154,JT2,,-10.0,-18.195,below,,JT2,
694Z-701I,BLK,BLK,21.555,21.555,above,,BLK,BLK
694Z-694F,BLK,BLK,21.555,21.555,above,,BLK,BLK
701I-701T,BLK,BLK,21.555,21.555,above,,BLK,BLK
701T-702F,BLK,BLK,21.555,21.555,above,,BLK,BLK
701T-727K,BLK,BLK,21.555,21.555,above,,BLK,BLK
702F-703H,BLK,BLK,21.555,21.555,above,,BLK,BLK
702F-727M,BLK,BLK,21.555,21.555,above,,BLK,BLK
703H-703M,BLK,BLK,21.555,21.555,above,,BLK,BLK
703H-728A,BLK,BLK,21.555,21.555,above,,BLK,BLK
703M-703Z,BLK,BLK,21.555,21.555,above,,BLK,BLK
703Z-711C,BLK,BLK,21.555,21.555,above,,BLK,BLK
71AD-721E,BLK,BLK,21.555,21.555,above,,BLK,BLK
721E-721L,BLK,BLK,21.555,21.555,above,,BLK,BLK
721L-722H,BLK,BLK,21.555,21.555,above,,BLK,BLK
721L-729B,BLK,BLK,21.555,21.555,above,,BLK,BLK
722H-723F,BLK,BLK,21.555,21.555,above,,BLK,BLK
722H-729D,BLK,BLK,21.555,21.555,above,,BLK,BLK
723F-723K,BLK,BLK,21.555,21.555,above,,BLK,BLK
723F-7300,BLK,BLK,21.555,21.555,above,,BLK,BLK
723K-725B,BLK,BLK,21.555,21.555,above,,BLK,BLK
694Y-701L,BLK,BLK,24.555,24.555,above,,BLK,BLK
694Y-694G,BLK,BLK,24.555,24.555,above,,BLK,BLK
701L-701P,BLK,BLK,24.555,24.555,above,,BLK,BLK
701P-702C,BLK,BLK,24.555,24.555,above,,BLK,BLK
701P-691U,BLK,BLK,24.555,24.555,above,,BLK,BLK
701P-727L,BLK,BLK,24.555,24.555,above,,BLK,BLK
702C-703G,BLK,BLK,24.555,24.555,above,,BLK,BLK
702C-7280,BLK,BLK,24.555,24.555,above,,BLK,BLK
703G-703U,BLK,BLK,24.555,24.555,above,,BLK,BLK
703G-7290,BLK,BLK,24.555,24.555,above,,BLK,BLK
703U-703Y,BLK,BLK,24.555,24.555,above,,BLK,BLK
703Y-711F,BLK,BLK,24.555,24.555,above,,BLK,BLK
720A-721A,BLK,BLK,24.555,24.555,above,,BLK,BLK
721A-721M,BLK,BLK,24.555,24.555,above,,BLK,BLK
721M-722G,BLK,BLK,24.555,24.555,above,,BLK,BLK
721M-729A,BLK,BLK,24.555,24.555,above,,BLK,BLK
722G-723J,BLK,BLK,24.555,24.555,above,,BLK,BLK
722G-729C,BLK,BLK,24.555,24.555,above,,BLK,BLK
723J-724D,BLK,BLK,24.555,24.555,above,,BLK,BLK
723J-730A,BLK,BLK,24.555,24.555,above,,BLK,BLK
724D-725A,BLK,BLK,24.555,24.555,above,,BLK,BLK
831K-87AN,BLK,BLK,46.55,46.55,above,,BLK,BLK
830L-830N,BLK,BLK,21.555,24.555,above,,BLK,BLK
830L-830K,BLK,BLK,21.555,21.555,above,,BLK,BLK
830L-87AO,BLK,BLK,21.555,21.555,above,,BLK,BLK
830N-799A,BLK,BLK,24.555,24.555,above,,BLK,BLK
830N-830F,BLK,BLK,24.555,24.555,above,,BLK,BLK
830N-87AG,BLK,BLK,24.555,24.555,above,,BLK,BLK
831T-800A,BLK,BLK,34.555,34.555,above,,BLK,BLK
831T-833H,BLK,BLK,34.555,34.555,above,,BLK,BLK
831T-831O,BLK,BLK,34.555,37.155,above,,BLK,BLK
831G-87AI,BLK,BLK,34.555,34.555,above,,BLK,BLK
55AB-55BA,BLK,BLK,66.502,66.502,above,,BLK,BLK
55AB-55AD,BLK,BLK,66.502,66.502,above,,BLK,BLK
55AA-55AB,BLK,BLK,62.778,66.502,above,,BLK,BLK
55AA-55AF,BLK,BLK,62.778,62.778,above,,BLK,BLK
840D-840P,BLK,BLK,21.555,21.555,above,,BLK,BLK
840D-840K,BLK,BLK,21.555,21.555,above,,BLK,BLK
840P-850A,BLK,BLK,21.555,21.555,above,,BLK,BLK
861L-870C,BLK,BLK,21.555,21.555,above,,BLK,BLK
861L-86AA,BLK,BLK,21.555,21.555,above,,BLK,BLK
870C-870H,BLK,BLK,21.555,21.555,above,,BLK,BLK
840B-840R,BLK,BLK,24.555,24.555,above,,BLK,BLK
840B-840N,BLK,BLK,24.555,24.555,above,,BLK,BLK
840R-8510,BLK,BLK,24.555,24.555,above,,BLK,BLK
861J-870B,BLK,BLK,24.555,24.555,above,,BLK,BLK
861J-861M,BLK,BLK,24.555,24.555,above,,BLK,BLK
870B-871E,BLK,BLK,24.555,24.555,above,,BLK,BLK
831H-87AP,BLK,BLK,66.502,66.502,above,,BLK,BLK
902O-931Q,BLK,BLK,24.555,24.555,above,,BLK,BLK
902O-902C,BLK,BLK,24.555,24.555,above,,BLK,BLK
905U-920L,BLK,BLK,46.55,46.55,above,,BLK,BLK
902M-880N,BLK,BLK,34.555,34.555,above,,BLK,BLK
902F-93AD,BLK,BLK,66.502,66.502,above,,BLK,BLK
931X-90AC,BLK,BLK,46.55,46.55,above,,BLK,BLK
931O-931Q,BLK,BLK,21.555,24.555,above,,BLK,BLK
931O-902J,BLK,BLK,21.555,21.555,above,,BLK,BLK
931O-931M,BLK,BLK,21.555,21.555,above,,BLK,BLK
931O-001R,BLK,BLK,21.555,21.555,above,,BLK,BLK
931Q-931I,BLK,BLK,24.555,24.555,above,,BLK,BLK
931Q-001T,BLK,BLK,24.555,24.555,above,,BLK,BLK
790I-810O,BLK,BLK,34.555,34.555,above,,BLK,BLK
93AC-902M,BLK,BLK,34.555,34.555,above,,BLK,BLK
93AC-001S,BLK,BLK,34.555,34.555,above,,BLK,BLK
93AD-001W,BLK,BLK,66.502,66.502,above,,BLK,BLK
726R-726O,BLK,BLK,27.055,29.055,above,,BLK,BLK
726K-726Q,BLK,BLK,33.755,34.555,above,,BLK,BLK
53CR-55BS,BLK,BLK,46.55,46.55,above,,BLK,BLK
53CR-53CS,BLK,BLK,46.55,49.676,above,,BLK,BLK
53CM-53CY,BLK,BLK,66.502,66.502,above,,BLK,BLK
900C-905U,BLK,BLK,46.55,46.55,above,,BLK,BLK
900C-9000,BLK,BLK,46.55,49.676,above,,BLK,BLK
694H-73AB,BLK,BLK,66.502,66.502,above,,BLK,BLK
730M-74GE,BLK,BLK,46.55,46.55,above,,BLK,BLK
730N-730O,BLK,BLK,21.555,24.555,above,,BLK,BLK
730N-74GF,BLK,BLK,21.555,21.555,above,,BLK,BLK
730O-74FT,BLK,BLK,24.555,24.555,above,,BLK,BLK
87CW-900C,BLK,BLK,46.55,46.55,above,,BLK,BLK
730T-694D,BLK,BLK,34.555,34.555,above,,BLK,BLK
73AB-74FX,BLK,BLK,66.502,66.502,above,,BLK,BLK
74GE-780A,BLK,BLK,46.55,46.55,above,,BLK,BLK
74GF-74FT,BLK,BLK,21.555,24.555,above,,BLK,BLK
74GF-780B,BLK,BLK,21.555,21.555,above,,BLK,BLK
74FT-780D,BLK,BLK,24.555,24.555,above,,BLK,BLK
94AN-982F,BLK,BLK,46.55,46.55,above,,BLK,BLK
74FU-730T,BLK,BLK,34.555,34.555,above,,BLK,BLK
74FX-77BC,BLK,BLK,66.502,66.502,above,,BLK,BLK
780A-801D,BLK,BLK,46.55,46.55,above,,BLK,BLK
780B-780D,BLK,BLK,21.555,24.555,above,,BLK,BLK
780B-801J,BLK,BLK,21.555,21.555,above,,BLK,BLK
780K-74FU,BLK,BLK,34.555,34.555,above,,BLK,BLK
77BC-801B,BLK,BLK,66.502,66.502,above,,BLK,BLK
801D-832A,BLK,BLK,46.55,46.55,above,,BLK,BLK
801J-8000,BLK,BLK,21.555,24.555,above,,BLK,BLK
801J-831W,BLK,BLK,21.555,21.555,above,,BLK,BLK
8000-780D,BLK,BLK,24.555,24.555,above,,BLK,BLK
800A-780K,BLK,BLK,34.555,34.555,above,,BLK,BLK
801B-831P,BLK,BLK,66.502,66.502,above,,BLK,BLK
890C-905K,BLK,BLK,46.55,46.55,above,,BLK,BLK
890D-891A,BLK,BLK,21.555,24.555,above,,BLK,BLK
891A-912D,BLK,BLK,24.555,24.555,above,,BLK,BLK
891A-832B,BLK,BLK,24.555,24.555,above,,BLK,BLK
891B-87CA,BLK,BLK,34.555,34.555,above,,BLK,BLK
891D-910Q,BLK,BLK,66.502,66.502,above,,BLK,BLK
911D-941F,BLK,BLK,46.55,46.55,above,,BLK,BLK
912A-890D,BLK,BLK,21.555,21.555,above,,BLK,BLK
912A-912D,BLK,BLK,21.555,24.555,above,,BLK,BLK
912A-950D,BLK,BLK,21.555,21.555,above,,BLK,BLK
912D-950E,BLK,BLK,24.555,24.555,above,,BLK,BLK
910O-891B,BLK,BLK,34.555,34.555,above,,BLK,BLK
910Q-950F,BLK,BLK,66.502,66.502,above,,BLK,BLK
694K-694Q,BLK,BLK,27.055,29.055,above,,BLK,BLK
694U-694D,BLK,BLK,33.755,34.555,above,,BLK,BLK
516A-516C,BLK,BLK,21.555,21.555,above,,BLK,BLK
516A-516B,BLK,BLK,21.555,24.555,above,,BLK,BLK
516A-53AH,BLK,BLK,21.555,21.555,above,,BLK,BLK
516C-516F,BLK,BLK,21.555,21.555,above,,BLK,BLK
516C-516D,BLK,BLK,21.555,24.555,above,,BLK,BLK
516C-53AP,BLK,BLK,21.555,21.555,above,,BLK,BLK
516F-516E,BLK,BLK,21.555,24.555,above,,BLK,BLK
516F-53AX,BLK,BLK,21.555,21.555,above,,BLK,BLK
516B-516D,BLK,BLK,24.555,24.555,above,,BLK,BLK
516B-53AI,BLK,BLK,24.555,24.555,above,,BLK,BLK
516D-516E,BLK,BLK,24.555,24.555,above,,BLK,BLK
516D-53AQ,BLK,BLK,24.555,24.555,above,,BLK,BLK
516E-53AW,BLK,BLK,24.555,24.555,above,,BLK,BLK
574F-574D,BLK,BLK,21.555,21.555,above,,BLK,BLK
574F-574E,BLK,BLK,21.555,24.555,above,,BLK,BLK
574F-593A,BLK,BLK,21.555,21.555,above,,BLK,BLK
574D-592Y,BLK,BLK,21.555,21.555,above,,BLK,BLK
574G-574F,BLK,BLK,21.555,21.555,above,,BLK,BLK
574G-594E,BLK,BLK,21.555,21.555,above,,BLK,BLK
574C-574D,BLK,BLK,24.555,21.555,above,,BLK,BLK
574C-592X,BLK,BLK,24.555,24.555,above,,BLK,BLK
574H-574G,BLK,BLK,24.555,21.555,above,,BLK,BLK
574H-574E,BLK,BLK,24.555,24.555,above,,BLK,BLK
574H-594G,BLK,BLK,24.555,24.555,above,,BLK,BLK
574E-574C,BLK,BLK,24.555,24.555,above,,BLK,BLK
574E-5940,BLK,BLK,24.555,24.555,above,,BLK,BLK
600R-600O,BLK,BLK,21.555,21.555,above,,BLK,BLK
600R-600Q,BLK,BLK,21.555,24.555,above,,BLK,BLK
600R-622V,BLK,BLK,21.555,21.555,above,,BLK,BLK
600O-622R,BLK,BLK,21.555,21.555,above,,BLK,BLK
600S-600R,BLK,BLK,21.555,21.555,above,,BLK,BLK
600S-622Z,BLK,BLK,21.555,21.555,above,,BLK,BLK
600P-600O,BLK,BLK,24.555,21.555,above,,BLK,BLK
600P-622S,BLK,BLK,24.555,24.555,above,,BLK,BLK
600U-600S,BLK,BLK,24.555,21.555,above,,BLK,BLK
600U-600Q,BLK,BLK,24.555,24.555,above,,BLK,BLK
600U-622X,BLK,BLK,24.555,24.555,above,,BLK,BLK
600Q-600P,BLK,BLK,24.555,24.555,above,,BLK,BLK
600Q-622U,BLK,BLK,24.555,24.555,above,,BLK,BLK
6000-59AO,BLK,BLK,21.555,21.555,above,,BLK,BLK
6000-59AR,BLK,BLK,21.555,24.555,above,,BLK,BLK
6000-61AC,BLK,BLK,21.555,21.555,above,,BLK,BLK
59AO-59AQ,BLK,BLK,21.555,24.555,above,,BLK,BLK
59AO-610Z,BLK,BLK,21.555,21.555,above,,BLK,BLK
600A-6000,BLK,BLK,21.555,21.555,above,,BLK,BLK
600A-600C,BLK,BLK,21.555,24.555,above,,BLK,BLK
600A-61AG,BLK,BLK,21.555,21.555,above,,BLK,BLK
59AQ-580T,BLK,BLK,24.555,24.555,above,,BLK,BLK
600C-59AR,BLK,BLK,24.555,24.555,above,,BLK,BLK
600C-61AH,BLK,BLK,24.555,24.555,above,,BLK,BLK
59AR-59AQ,BLK,BLK,24.555,24.555,above,,BLK,BLK
59AR-61AD,BLK,BLK,24.555,24.555,above,,BLK,BLK
5740-573Y,BLK,BLK,21.555,21.555,above,,BLK,BLK
5740-5741,BLK,BLK,21.555,24.555,above,,BLK,BLK
5740-580Y,BLK,BLK,21.555,21.555,above,,BLK,BLK
573Y-573X,BLK,BLK,21.555,24.555,above,,BLK,BLK
573Y-580S,BLK,BLK,21.555,21.555,above,,BLK,BLK
574A-5740,BLK,BLK,21.555,21.555,above,,BLK,BLK
574A-574B,BLK,BLK,21.555,24.555,above,,BLK,BLK
574A-58AC,BLK,BLK,21.555,21.555,above,,BLK,BLK
573X-580T,BLK,BLK,24.555,24.555,above,,BLK,BLK
574B-5741,BLK,BLK,24.555,24.555,above,,BLK,BLK
574B-58AD,BLK,BLK,24.555,24.555,above,,BLK,BLK
5741-573X,BLK,BLK,24.555,24.555,above,,BLK,BLK
5741-580Z,BLK,BLK,24.555,24.555,above,,BLK,BLK
514S-515A,BLK,BLK,21.555,21.555,above,,BLK,BLK
514S-514R,BLK,BLK,21.555,24.555,above,,BLK,BLK
514S-51AR,BLK,BLK,21.555,21.555,above,,BLK,BLK
515A-515B,BLK,BLK,21.555,21.555,above,,BLK,BLK
515A-5150,BLK,BLK,21.555,24.555,above,,BLK,BLK
515A-520C,BLK,BLK,21.555,21.555,above,,BLK,BLK
514R-5150,BLK,BLK,24.555,24.555,above,,BLK,BLK
514R-51AU,BLK,BLK,24.555,24.555,above,,BLK,BLK
515B-5160,BLK,BLK,21.555,24.555,above,,BLK,BLK
515B-520K,BLK,BLK,21.555,21.555,above,,BLK,BLK
5150-5160,BLK,BLK,24.555,24.555,above,,BLK,BLK
5150-520B,BLK,BLK,24.555,24.555,above,,BLK,BLK
5160-520L,BLK,BLK,24.555,24.555,above,,BLK,BLK
61BA-61BC,BLK,BLK,21.555,24.555,above,,BLK,BLK
61BA-622G,BLK,BLK,21.555,21.555,above,,BLK,BLK
61BA-62BQ,BLK,BLK,21.555,21.555,above,,BLK,BLK
61BC-620H,BLK,BLK,24.555,24.555,above,,BLK,BLK
61BC-62BP,BLK,BLK,24.555,24.555,above,,BLK,BLK
622G-620H,BLK,BLK,21.555,24.555,above,,BLK,BLK
622G-622J,BLK,BLK,21.555,21.555,above,,BLK,BLK
622G-62BR,BLK,BLK,21.555,21.555,above,,BLK,BLK
620H-622L,BLK,BLK,24.555,24.555,above,,BLK,BLK
620H-62BS,BLK,BLK,24.555,24.555,above,,BLK,BLK
622M-622R,BLK,BLK,21.555,21.555,above,,BLK,BLK
610X-610Z,BLK,BLK,21.555,21.555,above,,BLK,BLK
61AK-61AO,BLK,BLK,24.555,24.555,above,,BLK,BLK
61AN-61BA,BLK,BLK,21.555,21.555,above,,BLK,BLK
61AH-61AK,BLK,BLK,24.555,24.555,above,,BLK,BLK
61AH-62BJ,BLK,BLK,24.555,24.555,above,,BLK,BLK
622Z-622X,BLK,BLK,21.555,24.555,above,,BLK,BLK
622Z-62AB,BLK,BLK,21.555,21.555,above,,BLK,BLK
622Z-62CC,BLK,BLK,21.555,21.555,above,,BLK,BLK
61AJ-61AN,BLK,BLK,21.555,21.555,above,,BLK,BLK
61AC-61AD,BLK,BLK,21.555,24.555,above,,BLK,BLK
61AC-61AG,BLK,BLK,21.555,21.555,above,,BLK,BLK
61AC-62BH,BLK,BLK,21.555,21.555,above,,BLK,BLK
61AD-61AH,BLK,BLK,24.555,24.555,above,,BLK,BLK
61AD-62BI,BLK,BLK,24.555,24.555,above,,BLK,BLK
622V-622Z,BLK,BLK,21.555,21.555,above,,BLK,BLK
622V-622U,BLK,BLK,21.555,24.555,above,,BLK,BLK
622V-62CA,BLK,BLK,21.555,21.555,above,,BLK,BLK
622R-622V,BLK,BLK,21.555,21.555,above,,BLK,BLK
622R-622S,BLK,BLK,21.555,24.555,above,,BLK,BLK
622R-62BX,BLK,BLK,21.555,21.555,above,,BLK,BLK
622U-62BZ,BLK,BLK,24.555,24.555,above,,BLK,BLK
622S-622U,BLK,BLK,24.555,24.555,above,,BLK,BLK
622S-62BY,BLK,BLK,24.555,24.555,above,,BLK,BLK
610V-61AB,BLK,BLK,24.555,24.555,above,,BLK,BLK
610Z-61AC,BLK,BLK,21.555,21.555,above,,BLK,BLK
610Z-61AB,BLK,BLK,21.555,24.555,above,,BLK,BLK
610Z-62BF,BLK,BLK,21.555,21.555,above,,BLK,BLK
61AG-61AH,BLK,BLK,21.555,24.555,above,,BLK,BLK
61AG-61AJ,BLK,BLK,21.555,21.555,above,,BLK,BLK
61AG-62BK,BLK,BLK,21.555,21.555,above,,BLK,BLK
61AB-59AQ,BLK,BLK,24.555,24.555,above,,BLK,BLK
61AB-61AD,BLK,BLK,24.555,24.555,above,,BLK,BLK
622X-622U,BLK,BLK,24.555,24.555,above,,BLK,BLK
622X-62AC,BLK,BLK,24.555,24.555,above,,BLK,BLK
622X-62CB,BLK,BLK,24.555,24.555,above,,BLK,BLK
61AO-61BC,BLK,BLK,24.555,24.555,above,,BLK,BLK
622P-622S,BLK,BLK,24.555,24.555,above,,BLK,BLK
62AB-62AF,BLK,BLK,21.555,21.555,above,,BLK,BLK
62AC-62AS,BLK,BLK,24.555,24.555,above,,BLK,BLK
622J-622M,BLK,BLK,21.555,21.555,above,,BLK,BLK
622L-622P,BLK,BLK,24.555,24.555,above,,BLK,BLK
610M-610X,BLK,BLK,21.555,21.555,above,,BLK,BLK
610M-610P,BLK,BLK,21.555,24.555,above,,BLK,BLK
610M-62BC,BLK,BLK,21.555,21.555,above,,BLK,BLK
610P-610V,BLK,BLK,24.555,24.555,above,,BLK,BLK
610P-62BA,BLK,BLK,24.555,24.555,above,,BLK,BLK
62AF-62AS,BLK,BLK,21.555,24.555,above,,BLK,BLK
62AF-62CF,BLK,BLK,21.555,21.555,above,,BLK,BLK
62AS-62CH,BLK,BLK,24.555,24.555,above,,BLK,BLK
62FE-62FO,BLK,BLK,24.555,24.555,above,,BLK,BLK
62FE-63AY,BLK,BLK,24.555,24.555,above,,BLK,BLK
630A-62GO,BLK,BLK,21.555,24.555,above,,BLK,BLK
630A-63BW,BLK,BLK,21.555,21.555,above,,BLK,BLK
62CU-62DF,BLK,BLK,21.555,21.555,above,,BLK,BLK
62CU-62CS,BLK,BLK,21.555,24.555,above,,BLK,BLK
62CU-630S,BLK,BLK,21.555,21.555,above,,BLK,BLK
62EC-62EH,BLK,BLK,21.555,24.555,above,,BLK,BLK
62EC-62FB,BLK,BLK,21.555,21.555,above,,BLK,BLK
62EC-63AT,BLK,BLK,21.555,21.555,above,,BLK,BLK
62EH-62FE,BLK,BLK,24.555,24.555,above,,BLK,BLK
62EH-63AO,BLK,BLK,24.555,24.555,above,,BLK,BLK
62FB-62FE,BLK,BLK,21.555,24.555,above,,BLK,BLK
62FB-62FL,BLK,BLK,21.555,21.555,above,,BLK,BLK
62FB-63AU,BLK,BLK,21.555,21.555,above,,BLK,BLK
62FQ-62FW,BLK,BLK,21.555,21.555,above,,BLK,BLK
62DF-62DH,BLK,BLK,21.555,21.555,above,,BLK,BLK
62DS-62DY,BLK,BLK,24.555,24.555,above,,BLK,BLK
62DW-62EC,BLK,BLK,21.555,21.555,above,,BLK,BLK
62DN-62DS,BLK,BLK,24.555,24.555,above,,BLK,BLK
62DN-63AH,BLK,BLK,24.555,24.555,above,,BLK,BLK
62FZ-62GC,BLK,BLK,21.555,24.555,above,,BLK,BLK
62FZ-62GE,BLK,BLK,21.555,21.555,above,,BLK,BLK
62FZ-63BL,BLK,BLK,21.555,21.555,above,,BLK,BLK
62DR-62DW,BLK,BLK,21.555,21.555,above,,BLK,BLK
62DL-62DM,BLK,BLK,21.555,24.555,above,,BLK,BLK
62DL-62DO,BLK,BLK,21.555,21.555,above,,BLK,BLK
62DL-63AD,BLK,BLK,21.555,21.555,above,,BLK,BLK
62DM-62DN,BLK,BLK,24.555,24.555,above,,BLK,BLK
62DM-63AE,BLK,BLK,24.555,24.555,above,,BLK,BLK
62FY-62FZ,BLK,BLK,21.555,21.555,above,,BLK,BLK
62FY-62FX,BLK,BLK,21.555,24.555,above,,BLK,BLK
62FY-63BK,BLK,BLK,21.555,21.555,above,,BLK,BLK
62FW-62FY,BLK,BLK,21.555,21.555,above,,BLK,BLK
62FW-62FV,BLK,BLK,21.555,24.555,above,,BLK,BLK
62FW-63BH,BLK,BLK,21.555,21.555,above,,BLK,BLK
62FX-63BJ,BLK,BLK,24.555,24.555,above,,BLK,BLK
62FV-62FX,BLK,BLK,24.555,24.555,above,,BLK,BLK
62FV-63BI,BLK,BLK,24.555,24.555,above,,BLK,BLK
62DG-62DK,BLK,BLK,24.555,24.555,above,,BLK,BLK
62DH-62DL,BLK,BLK,21.555,21.555,above,,BLK,BLK
62DH-62DK,BLK,BLK,21.555,24.555,above,,BLK,BLK
62DH-63AC,BLK,BLK,21.555,21.555,above,,BLK,BLK
62DO-62DN,BLK,BLK,21.555,24.555,above,,BLK,BLK
62DO-62DR,BLK,BLK,21.555,21.555,above,,BLK,BLK
62DO-63AG,BLK,BLK,21.555,21.555,above,,BLK,BLK
62DK-62DM,BLK,BLK,24.555,24.555,above,,BLK,BLK
62DK-62BG,BLK,BLK,24.555,24.555,above,,BLK,BLK
62GC-62FX,BLK,BLK,24.555,24.555,above,,BLK,BLK
62GC-62GG,BLK,BLK,24.555,24.555,above,,BLK,BLK
62GC-63BM,BLK,BLK,24.555,24.555,above,,BLK,BLK
62DY-62EH,BLK,BLK,24.555,24.555,above,,BLK,BLK
62FS-62FV,BLK,BLK,24.555,24.555,above,,BLK,BLK
62GE-630A,BLK,BLK,21.555,21.555,above,,BLK,BLK
62GG-62GO,BLK,BLK,24.555,24.555,above,,BLK,BLK
62FL-62FQ,BLK,BLK,21.555,21.555,above,,BLK,BLK
62FO-62FS,BLK,BLK,24.555,24.555,above,,BLK,BLK
62CS-62DG,BLK,BLK,24.555,24.555,above,,BLK,BLK
62CS-630T,BLK,BLK,24.555,24.555,above,,BLK,BLK
90AC-902E,BLK,BLK,46.55,46.55,above,,BLK,BLK
880O-87AN,BLK,BLK,46.55,46.55,above,,BLK,BLK
94BT-931X,BLK,BLK,46.55,46.55,above,,BLK,BLK
62GO-63BS,BLK,BLK,24.555,24.555,above,,BLK,BLK
541Y-565L,BLK,BLK,59.055,59.055,above,,BLK,BLK
541Y-54AD,BLK,BLK,59.055,59.055,above,,BLK,BLK
541Y-54AB,BLK,BLK,59.055,62.778,above,,BLK,BLK
53CV-540C,BLK,BLK,59.055,59.055,above,,BLK,BLK
62BP-62EH,BLK,BLK,24.555,24.555,above,,BLK,BLK
62BP-62BS,BLK,BLK,24.555,24.555,above,,BLK,BLK
62BR-62FB,BLK,BLK,21.555,21.555,above,,BLK,BLK
62BR-62BS,BLK,BLK,21.555,24.555,above,,BLK,BLK
62BR-62BU,BLK,BLK,21.555,21.555,above,,BLK,BLK
62BS-62FE,BLK,BLK,24.555,24.555,above,,BLK,BLK
62BS-62BT,BLK,BLK,24.555,24.555,above,,BLK,BLK
592E-622A,BLK,BLK,59.055,59.055,above,,BLK,BLK
550Z-55AE,BLK,BLK,59.055,59.055,above,,BLK,BLK
62CF-630A,BLK,BLK,21.555,21.555,above,,BLK,BLK
62CF-62CH,BLK,BLK,21.555,24.555,above,,BLK,BLK
62CH-62GO,BLK,BLK,24.555,24.555,above,,BLK,BLK
540C-540J,BLK,BLK,59.055,59.055,above,,BLK,BLK
55AS-567V,BLK,BLK,59.055,59.055,above,,BLK,BLK
55AS-55AP,BLK,BLK,59.055,62.778,above,,BLK,BLK
62BC-62CU,BLK,BLK,21.555,21.555,above,,BLK,BLK
62BC-62BA,BLK,BLK,21.555,24.555,above,,BLK,BLK
62BC-62BE,BLK,BLK,21.555,21.555,above,,BLK,BLK
62BA-62CS,BLK,BLK,24.555,24.555,above,,BLK,BLK
62BA-62BD,BLK,BLK,24.555,24.555,above,,BLK,BLK
53CT-53CV,BLK,BLK,59.055,59.055,above,,BLK,BLK
53CT-55CG,BLK,BLK,59.055,59.055,above,,BLK,BLK
53CT-53CP,BLK,BLK,59.055,62.778,above,,BLK,BLK
541N-541Y,BLK,BLK,59.055,59.055,above,,BLK,BLK
541N-564J,BLK,BLK,59.055,59.055,above,,BLK,BLK
541N-541T,BLK,BLK,59.055,62.778,above,,BLK,BLK
62BQ-62EC,BLK,BLK,21.555,21.555,above,,BLK,BLK
62BQ-62BP,BLK,BLK,21.555,24.555,above,,BLK,BLK
62BQ-62BR,BLK,BLK,21.555,21.555,above,,BLK,BLK
573Q-594T,BLK,BLK,59.055,59.055,above,,BLK,BLK
565L-571L,BLK,BLK,59.055,59.055,above,,BLK,BLK
56BG-580L,BLK,BLK,59.055,59.055,above,,BLK,BLK
55CG-56BG,BLK,BLK,59.055,59.055,above,,BLK,BLK
567V-573Q,BLK,BLK,59.055,59.055,above,,BLK,BLK
62BV-62BX,BLK,BLK,21.555,21.555,above,,BLK,BLK
62BE-62BF,BLK,BLK,21.555,21.555,above,,BLK,BLK
62BL-62BO,BLK,BLK,24.555,24.555,above,,BLK,BLK
62BN-62BQ,BLK,BLK,21.555,21.555,above,,BLK,BLK
62BJ-62DN,BLK,BLK,24.555,24.555,above,,BLK,BLK
62BJ-62BL,BLK,BLK,24.555,24.555,above,,BLK,BLK
62CC-62FZ,BLK,BLK,21.555,21.555,above,,BLK,BLK
62CC-62CB,BLK,BLK,21.555,24.555,above,,BLK,BLK
62CC-62CE,BLK,BLK,21.555,21.555,above,,BLK,BLK
62BM-62BN,BLK,BLK,21.555,21.555,above,,BLK,BLK
62BH-62DL,BLK,BLK,21.555,21.555,above,,BLK,BLK
62BH-62BI,BLK,BLK,21.555,24.555,above,,BLK,BLK
62BH-62BK,BLK,BLK,21.555,21.555,above,,BLK,BLK
62BI-62DM,BLK,BLK,24.555,24.555,above,,BLK,BLK
62BI-62BJ,BLK,BLK,24.555,24.555,above,,BLK,BLK
62CA-62FY,BLK,BLK,21.555,21.555,above,,BLK,BLK
62CA-62CC,BLK,BLK,21.555,21.555,above,,BLK,BLK
62CA-62BZ,BLK,BLK,21.555,24.555,above,,BLK,BLK
62BX-62FW,BLK,BLK,21.555,21.555,above,,BLK,BLK
62BX-62CA,BLK,BLK,21.555,21.555,above,,BLK,BLK
62BX-62BY,BLK,BLK,21.555,24.555,above,,BLK,BLK
62BZ-62FX,BLK,BLK,24.555,24.555,above,,BLK,BLK
62BY-62FV,BLK,BLK,24.555,24.555,above,,BLK,BLK
62BY-62BZ,BLK,BLK,24.555,24.555,above,,BLK,BLK
62BD-62BG,BLK,BLK,24.555,24.555,above,,BLK,BLK
62BF-62DH,BLK,BLK,21.555,21.555,above,,BLK,BLK
62BF-62BH,BLK,BLK,21.555,21.555,above,,BLK,BLK
62BF-62BG,BLK,BLK,21.555,24.555,above,,BLK,BLK
62BK-62DO,BLK,BLK,21.555,21.555,above,,BLK,BLK
62BK-62BJ,BLK,BLK,21.555,24.555,above,,BLK,BLK
62BK-62BM,BLK,BLK,21.555,21.555,above,,BLK,BLK
62BG-61AB,BLK,BLK,24.555,24.555,above,,BLK,BLK
62BG-62BI,BLK,BLK,24.555,24.555,above,,BLK,BLK
62CB-62GC,BLK,BLK,24.555,24.555,above,,BLK,BLK
62CB-62BZ,BLK,BLK,24.555,24.555,above,,BLK,BLK
62CB-62CD,BLK,BLK,24.555,24.555,above,,BLK,BLK
62BO-62BP,BLK,BLK,24.555,24.555,above,,BLK,BLK
62BW-62BY,BLK,BLK,24.555,24.555,above,,BLK,BLK
62CE-62CF,BLK,BLK,21.555,21.555,above,,BLK,BLK
62CD-62CH,BLK,BLK,24.555,24.555,above,,BLK,BLK
62BU-62BV,BLK,BLK,21.555,21.555,above,,BLK,BLK
62BT-62BW,BLK,BLK,24.555,24.555,above,,BLK,BLK
55AE-55AS,BLK,BLK,59.055,59.055,above,,BLK,BLK
564J-570V,BLK,BLK,59.055,59.055,above,,BLK,BLK
580L-610O,BLK,BLK,59.055,59.055,above,,BLK,BLK
550F-550N,BLK,BLK,59.055,59.055,above,,BLK,BLK
594T-62AP,BLK,BLK,59.055,59.055,above,,BLK,BLK
570V-590L,BLK,BLK,59.055,59.055,above,,BLK,BLK
590L-61AX,BLK,BLK,59.055,59.055,above,,BLK,BLK
571L-592E,BLK,BLK,59.055,59.055,above,,BLK,BLK
540J-541C,BLK,BLK,59.055,59.055,above,,BLK,BLK
541C-541H,BLK,BLK,59.055,59.055,above,,BLK,BLK
541H-541N,BLK,BLK,59.055,59.055,above,,BLK,BLK
54AD-550F,BLK,BLK,59.055,59.055,above,,BLK,BLK
550N-550Z,BLK,BLK,59.055,59.055,above,,BLK,BLK
63AU-63AY,BLK,BLK,21.555,24.555,above,,BLK,BLK
63AU-63BA,BLK,BLK,21.555,21.555,above,,BLK,BLK
63AU-64AR,BLK,BLK,21.555,21.555,above,,BLK,BLK
63AY-63BB,BLK,BLK,24.555,24.555,above,,BLK,BLK
63AY-650E,BLK,BLK,24.555,24.555,above,,BLK,BLK
63BW-63BS,BLK,BLK,21.555,24.555,above,,BLK,BLK
63BW-65BB,BLK,BLK,21.555,21.555,above,,BLK,BLK
63BS-65AT,BLK,BLK,24.555,24.555,above,,BLK,BLK
630S-630T,BLK,BLK,21.555,24.555,above,,BLK,BLK
630S-630Z,BLK,BLK,21.555,21.555,above,,BLK,BLK
630S-640T,BLK,BLK,21.555,21.555,above,,BLK,BLK
630T-630X,BLK,BLK,24.555,24.555,above,,BLK,BLK
630T-640D,BLK,BLK,24.555,24.555,above,,BLK,BLK
63AT-63AU,BLK,BLK,21.555,21.555,above,,BLK,BLK
63AT-63AO,BLK,BLK,21.555,24.555,above,,BLK,BLK
63AT-64AF,BLK,BLK,21.555,21.555,above,,BLK,BLK
63AO-63AY,BLK,BLK,24.555,24.555,above,,BLK,BLK
63AO-64AH,BLK,BLK,24.555,24.555,above,,BLK,BLK
63BE-63BH,BLK,BLK,21.555,21.555,above,,BLK,BLK
630Z-63AC,BLK,BLK,21.555,21.555,above,,BLK,BLK
63AI-63AN,BLK,BLK,24.555,24.555,above,,BLK,BLK
63AL-63AT,BLK,BLK,21.555,21.555,above,,BLK,BLK
63AH-63AI,BLK,BLK,24.555,24.555,above,,BLK,BLK
63AH-641P,BLK,BLK,24.555,24.555,above,,BLK,BLK
63BL-63BM,BLK,BLK,21.555,24.555,above,,BLK,BLK
63BL-63BO,BLK,BLK,21.555,21.555,above,,BLK,BLK
63BL-65AD,BLK,BLK,21.555,21.555,above,,BLK,BLK
63AJ-63AL,BLK,BLK,21.555,21.555,above,,BLK,BLK
63AD-63AE,BLK,BLK,21.555,24.555,above,,BLK,BLK
63AD-63AG,BLK,BLK,21.555,21.555,above,,BLK,BLK
63AD-641L,BLK,BLK,21.555,21.555,above,,BLK,BLK
63AE-63AH,BLK,BLK,24.555,24.555,above,,BLK,BLK
63AE-641K,BLK,BLK,24.555,24.555,above,,BLK,BLK
63BK-63BL,BLK,BLK,21.555,21.555,above,,BLK,BLK
63BK-63BJ,BLK,BLK,21.555,24.555,above,,BLK,BLK
63BK-65AA,BLK,BLK,21.555,21.555,above,,BLK,BLK
63BH-63BK,BLK,BLK,21.555,21.555,above,,BLK,BLK
63BH-63BI,BLK,BLK,21.555,24.555,above,,BLK,BLK
63BH-650Y,BLK,BLK,21.555,21.555,above,,BLK,BLK
63BJ-650Z,BLK,BLK,24.555,24.555,above,,BLK,BLK
63BI-63BJ,BLK,BLK,24.555,24.555,above,,BLK,BLK
63BI-650V,BLK,BLK,24.555,24.555,above,,BLK,BLK
630X-63AA,BLK,BLK,24.555,24.555,above,,BLK,BLK
63AC-63AD,BLK,BLK,21.555,21.555,above,,BLK,BLK
63AC-63AA,BLK,BLK,21.555,24.555,above,,BLK,BLK
63AC-641J,BLK,BLK,21.555,21.555,above,,BLK,BLK
63AG-63AH,BLK,BLK,21.555,24.555,above,,BLK,BLK
63AG-63AJ,BLK,BLK,21.555,21.555,above,,BLK,BLK
63AG-641M,BLK,BLK,21.555,21.555,above,,BLK,BLK
63AA-62DK,BLK,BLK,24.555,24.555,above,,BLK,BLK
63AA-63AE,BLK,BLK,24.555,24.555,above,,BLK,BLK
63BM-63BJ,BLK,BLK,24.555,24.555,above,,BLK,BLK
63BM-63BP,BLK,BLK,24.555,24.555,above,,BLK,BLK
63BM-65AB,BLK,BLK,24.555,24.555,above,,BLK,BLK
63AN-63AO,BLK,BLK,24.555,24.555,above,,BLK,BLK
63BF-63BI,BLK,BLK,24.555,24.555,above,,BLK,BLK
63BO-63BW,BLK,BLK,21.555,21.555,above,,BLK,BLK
63BP-63BS,BLK,BLK,24.555,24.555,above,,BLK,BLK
63BA-63BE,BLK,BLK,21.555,21.555,above,,BLK,BLK
63BB-63BF,BLK,BLK,24.555,24.555,above,,BLK,BLK
981J-982K,BLK,BLK,59.055,59.055,above,,BLK,BLK
981J-981E,BLK,BLK,59.055,62.778,above,,BLK,BLK
650C-663C,BLK,BLK,59.055,59.055,above,,BLK,BLK
982K-982R,BLK,BLK,59.055,59.055,above,,BLK,BLK
982K-982L,BLK,BLK,59.055,62.778,above,,BLK,BLK
711U-743Z,BLK,BLK,59.055,59.055,above,,BLK,BLK
62FA-650C,BLK,BLK,59.055,59.055,above,,BLK,BLK
743Z-75AK,BLK,BLK,59.055,59.055,above,,BLK,BLK
920C-981J,BLK,BLK,59.055,59.055,above,,BLK,BLK
81AF-8540,BLK,BLK,59.055,59.055,above,,BLK,BLK
622A-62FA,BLK,BLK,59.055,59.055,above,,BLK,BLK
743V-751Y,BLK,BLK,59.055,59.055,above,,BLK,BLK
920W-982K,BLK,BLK,59.055,59.055,above,,BLK,BLK
622B-62EV,BLK,BLK,52.803,52.803,above,,BLK,BLK
853G-89AF,BLK,BLK,59.055,59.055,above,,BLK,BLK
62EB-64AO,BLK,BLK,59.055,59.055,above,,BLK,BLK
89AB-89AE,BLK,BLK,26.805,29.055,above,,BLK,BLK
89AB-920I,BLK,BLK,26.805,26.805,above,,BLK,BLK
791B-81AF,BLK,BLK,59.055,59.055,above,,BLK,BLK
61AX-62EB,BLK,BLK,59.055,59.055,above,,BLK,BLK
790B-810J,BLK,BLK,59.055,59.055,above,,BLK,BLK
650E-650N,BLK,BLK,24.555,24.555,above,,BLK,BLK
650E-663D,BLK,BLK,24.555,24.555,above,,BLK,BLK
662N-680B,BLK,BLK,59.055,59.055,above,,BLK,BLK
8540-900F,BLK,BLK,59.055,59.055,above,,BLK,BLK
8540-854V,BLK,BLK,59.055,59.055,above,,BLK,BLK
65BB-65AT,BLK,BLK,21.555,24.555,above,,BLK,BLK
65BB-667S,BLK,BLK,21.555,21.555,above,,BLK,BLK
75AK-791B,BLK,BLK,59.055,59.055,above,,BLK,BLK
680B-710G,BLK,BLK,59.055,59.055,above,,BLK,BLK
64AO-662N,BLK,BLK,59.055,59.055,above,,BLK,BLK
640T-641C,BLK,BLK,21.555,21.555,above,,BLK,BLK
640T-65DN,BLK,BLK,21.555,21.555,above,,BLK,BLK
640T-640D,BLK,BLK,21.555,24.555,above,,BLK,BLK
89AO-89AH,BLK,BLK,34.555,37.155,above,,BLK,BLK
89AO-905T,BLK,BLK,34.555,34.555,above,,BLK,BLK
710G-743V,BLK,BLK,59.055,59.055,above,,BLK,BLK
751Y-790B,BLK,BLK,59.055,59.055,above,,BLK,BLK
810J-853G,BLK,BLK,59.055,59.055,above,,BLK,BLK
663C-680M,BLK,BLK,59.055,59.055,above,,BLK,BLK
680M-711U,BLK,BLK,59.055,59.055,above,,BLK,BLK
89AP-89AO,BLK,BLK,31.805,34.555,above,,BLK,BLK
89AP-920E,BLK,BLK,31.805,31.805,above,,BLK,BLK
89AE-89AP,BLK,BLK,29.055,31.805,above,,BLK,BLK
89AE-91AH,BLK,BLK,29.055,29.055,above,,BLK,BLK
89AH-89AK,BLK,BLK,37.155,39.755,above,,BLK,BLK
89AH-920G,BLK,BLK,37.155,37.155,above,,BLK,BLK
89AK-89AL,BLK,BLK,39.755,43.152,above,,BLK,BLK
89AK-920B,BLK,BLK,39.755,39.755,above,,BLK,BLK
89AL-920A,BLK,BLK,43.152,43.152,above,,BLK,BLK
89AL-89AN,BLK,BLK,43.152,46.55,above,,BLK,BLK
89AJ-89AD,BLK,BLK,49.676,52.803,above,,BLK,BLK
89AJ-920J,BLK,BLK,49.676,49.676,above,,BLK,BLK
89AQ-89AF,BLK,BLK,55.929,59.055,above,,BLK,BLK
89AQ-920F,BLK,BLK,55.929,55.929,above,,BLK,BLK
89AD-89AQ,BLK,BLK,52.803,55.929,above,,BLK,BLK
89AD-91AF,BLK,BLK,52.803,52.803,above,,BLK,BLK
89AF-920C,BLK,BLK,59.055,59.055,above,,BLK,BLK
89AF-89AG,BLK,BLK,59.055,62.778,above,,BLK,BLK
89AG-89AI,BLK,BLK,62.778,66.502,above,,BLK,BLK
89AG-920D,BLK,BLK,62.778,62.778,above,,BLK,BLK
64AR-650E,BLK,BLK,21.555,24.555,above,,BLK,BLK
64AR-650P,BLK,BLK,21.555,21.555,above,,BLK,BLK
64AR-663M,BLK,BLK,21.555,21.555,above,,BLK,BLK
592O-591J,BLK,BLK,66.502,66.502,above,,BLK,BLK
592P-592O,BLK,BLK,66.502,66.502,above,,BLK,BLK
592W-592P,BLK,BLK,66.502,66.502,above,,BLK,BLK
594C-592W,BLK,BLK,66.502,66.502,above,,BLK,BLK
594L-594C,BLK,BLK,66.502,66.502,above,,BLK,BLK
580P-57AA,BLK,BLK,66.502,66.502,above,,BLK,BLK
580V-580P,BLK,BLK,66.502,66.502,above,,BLK,BLK
58AF-580V,BLK,BLK,66.502,66.502,above,,BLK,BLK
58AI-58AF,BLK,BLK,66.502,66.502,above,,BLK,BLK
590E-58AI,BLK,BLK,66.502,66.502,above,,BLK,BLK
65AT-667F,BLK,BLK,24.555,24.555,above,,BLK,BLK
64AF-64AR,BLK,BLK,21.555,21.555,above,,BLK,BLK
64AF-64AH,BLK,BLK,21.555,24.555,above,,BLK,BLK
64AF-662G,BLK,BLK,21.555,21.555,above,,BLK,BLK
64AH-650E,BLK,BLK,24.555,24.555,above,,BLK,BLK
64AH-662I,BLK,BLK,24.555,24.555,above,,BLK,BLK
650R-650Y,BLK,BLK,21.555,21.555,above,,BLK,BLK
641C-641J,BLK,BLK,21.555,21.555,above,,BLK,BLK
641R-641X,BLK,BLK,24.555,24.555,above,,BLK,BLK
641W-64AF,BLK,BLK,21.555,21.555,above,,BLK,BLK
641P-641R,BLK,BLK,24.555,24.555,above,,BLK,BLK
641P-661A,BLK,BLK,24.555,24.555,above,,BLK,BLK
65AD-65AB,BLK,BLK,21.555,24.555,above,,BLK,BLK
65AD-65AF,BLK,BLK,21.555,21.555,above,,BLK,BLK
65AD-6660,BLK,BLK,21.555,21.555,above,,BLK,BLK
641T-641W,BLK,BLK,21.555,21.555,above,,BLK,BLK
641L-641K,BLK,BLK,21.555,24.555,above,,BLK,BLK
641L-641M,BLK,BLK,21.555,21.555,above,,BLK,BLK
641L-660H,BLK,BLK,21.555,21.555,above,,BLK,BLK
641K-641P,BLK,BLK,24.555,24.555,above,,BLK,BLK
641K-660F,BLK,BLK,24.555,24.555,above,,BLK,BLK
65AA-65AD,BLK,BLK,21.555,21.555,above,,BLK,BLK
65AA-650Z,BLK,BLK,21.555,24.555,above,,BLK,BLK
65AA-665G,BLK,BLK,21.555,21.555,above,,BLK,BLK
650Y-65AA,BLK,BLK,21.555,21.555,above,,BLK,BLK
650Y-650V,BLK,BLK,21.555,24.555,above,,BLK,BLK
650Y-665D,BLK,BLK,21.555,21.555,above,,BLK,BLK
650Z-665E,BLK,BLK,24.555,24.555,above,,BLK,BLK
650V-650Z,BLK,BLK,24.555,24.555,above,,BLK,BLK
650V-665A,BLK,BLK,24.555,24.555,above,,BLK,BLK
641E-641H,BLK,BLK,24.555,24.555,above,,BLK,BLK
641J-641L,BLK,BLK,21.555,21.555,above,,BLK,BLK
641J-641H,BLK,BLK,21.555,24.555,above,,BLK,BLK
641J-660E,BLK,BLK,21.555,21.555,above,,BLK,BLK
641M-641P,BLK,BLK,21.555,24.555,above,,BLK,BLK
641M-641T,BLK,BLK,21.555,21.555,above,,BLK,BLK
641M-660I,BLK,BLK,21.555,21.555,above,,BLK,BLK
641H-63AA,BLK,BLK,24.555,24.555,above,,BLK,BLK
641H-641K,BLK,BLK,24.555,24.555,above,,BLK,BLK
65AB-650Z,BLK,BLK,24.555,24.555,above,,BLK,BLK
65AB-65AH,BLK,BLK,24.555,24.555,above,,BLK,BLK
65AB-666A,BLK,BLK,24.555,24.555,above,,BLK,BLK
641X-64AH,BLK,BLK,24.555,24.555,above,,BLK,BLK
650U-650V,BLK,BLK,24.555,24.555,above,,BLK,BLK
65AF-65BB,BLK,BLK,21.555,21.555,above,,BLK,BLK
65AH-65AT,BLK,BLK,24.555,24.555,above,,BLK,BLK
650P-650R,BLK,BLK,21.555,21.555,above,,BLK,BLK
650N-650U,BLK,BLK,24.555,24.555,above,,BLK,BLK
663M-663D,BLK,BLK,21.555,24.555,above,,BLK,BLK
663M-663U,BLK,BLK,21.555,21.555,above,,BLK,BLK
663M-680L,BLK,BLK,21.555,21.555,above,,BLK,BLK
667S-667F,BLK,BLK,21.555,24.555,above,,BLK,BLK
667S-68AR,BLK,BLK,21.555,21.555,above,,BLK,BLK
65DN-6600,BLK,BLK,21.555,21.555,above,,BLK,BLK
65DN-65DB,BLK,BLK,21.555,24.555,above,,BLK,BLK
65DN-670B,BLK,BLK,21.555,21.555,above,,BLK,BLK
662G-663M,BLK,BLK,21.555,21.555,above,,BLK,BLK
662G-662I,BLK,BLK,21.555,24.555,above,,BLK,BLK
662G-67AH,BLK,BLK,21.555,21.555,above,,BLK,BLK
662I-663D,BLK,BLK,24.555,24.555,above,,BLK,BLK
662I-67AI,BLK,BLK,24.555,24.555,above,,BLK,BLK
663D-6640,BLK,BLK,24.555,24.555,above,,BLK,BLK
663D-680I,BLK,BLK,24.555,24.555,above,,BLK,BLK
664E-665D,BLK,BLK,21.555,21.555,above,,BLK,BLK
6600-660E,BLK,BLK,21.555,21.555,above,,BLK,BLK
661F-6621,BLK,BLK,24.555,24.555,above,,BLK,BLK
662B-662G,BLK,BLK,21.555,21.555,above,,BLK,BLK
661A-661F,BLK,BLK,24.555,24.555,above,,BLK,BLK
661A-670Q,BLK,BLK,24.555,24.555,above,,BLK,BLK
6660-666A,BLK,BLK,21.555,24.555,above,,BLK,BLK
6660-666D,BLK,BLK,21.555,21.555,above,,BLK,BLK
6660-68AJ,BLK,BLK,21.555,21.555,above,,BLK,BLK
6620-662B,BLK,BLK,21.555,21.555,above,,BLK,BLK
660H-660F,BLK,BLK,21.555,24.555,above,,BLK,BLK
660H-660I,BLK,BLK,21.555,21.555,above,,BLK,BLK
660H-670M,BLK,BLK,21.555,21.555,above,,BLK,BLK
660F-661A,BLK,BLK,24.555,24.555,above,,BLK,BLK
660F-670N,BLK,BLK,24.555,24.555,above,,BLK,BLK
665G-6660,BLK,BLK,21.555,21.555,above,,BLK,BLK
665G-665E,BLK,BLK,21.555,24.555,above,,BLK,BLK
665G-68AH,BLK,BLK,21.555,21.555,above,,BLK,BLK
665D-665G,BLK,BLK,21.555,21.555,above,,BLK,BLK
665D-665A,BLK,BLK,21.555,24.555,above,,BLK,BLK
665D-68AE,BLK,BLK,21.555,21.555,above,,BLK,BLK
665E-68AG,BLK,BLK,24.555,24.555,above,,BLK,BLK
665A-665E,BLK,BLK,24.555,24.555,above,,BLK,BLK
665A-68AC,BLK,BLK,24.555,24.555,above,,BLK,BLK
65DS-660C,BLK,BLK,24.555,24.555,above,,BLK,BLK
660E-660H,BLK,BLK,21.555,21.555,above,,BLK,BLK
660E-660C,BLK,BLK,21.555,24.555,above,,BLK,BLK
660E-670J,BLK,BLK,21.555,21.555,above,,BLK,BLK
660I-661A,BLK,BLK,21.555,24.555,above,,BLK,BLK
660I-6620,BLK,BLK,21.555,21.555,above,,BLK,BLK
660I-670S,BLK,BLK,21.555,21.555,above,,BLK,BLK
660C-641H,BLK,BLK,24.555,24.555,above,,BLK,BLK
660C-660F,BLK,BLK,24.555,24.555,above,,BLK,BLK
666A-665E,BLK,BLK,24.555,24.555,above,,BLK,BLK
666A-666F,BLK,BLK,24.555,24.555,above,,BLK,BLK
666A-68AK,BLK,BLK,24.555,24.555,above,,BLK,BLK
6621-662I,BLK,BLK,24.555,24.555,above,,BLK,BLK
664D-665A,BLK,BLK,24.555,24.555,above,,BLK,BLK
666D-667S,BLK,BLK,21.555,21.555,above,,BLK,BLK
666F-667F,BLK,BLK,24.555,24.555,above,,BLK,BLK
663U-664E,BLK,BLK,21.555,21.555,above,,BLK,BLK
6640-664D,BLK,BLK,24.555,24.555,above,,BLK,BLK
65DB-65DS,BLK,BLK,24.555,24.555,above,,BLK,BLK
65DB-66AZ,BLK,BLK,24.555,24.555,above,,BLK,BLK
667F-690C,BLK,BLK,24.555,24.555,above,,BLK,BLK
66AV-66AN,BLK,BLK,66.502,66.502,above,,BLK,BLK
68AR-690C,BLK,BLK,21.555,24.555,above,,BLK,BLK
68AR-6910,BLK,BLK,21.555,21.555,above,,BLK,BLK
690C-691A,BLK,BLK,24.555,24.555,above,,BLK,BLK
670B-66AZ,BLK,BLK,21.555,24.555,above,,BLK,BLK
670B-670F,BLK,BLK,21.555,21.555,above,,BLK,BLK
670B-66AK,BLK,BLK,21.555,21.555,above,,BLK,BLK
94AL-9820,BLK,BLK,66.502,66.502,above,,BLK,BLK
94AA-914K,BLK,BLK,66.502,66.502,above,,BLK,BLK
94BB-930C,BLK,BLK,66.502,66.502,above,,BLK,BLK
88AD-861S,BLK,BLK,66.502,66.502,above,,BLK,BLK
880U-850C,BLK,BLK,66.502,66.502,above,,BLK,BLK
66AZ-670H,BLK,BLK,24.555,24.555,above,,BLK,BLK
66AZ-66AL,BLK,BLK,24.555,24.555,above,,BLK,BLK
680I-680S,BLK,BLK,24.555,24.555,above,,BLK,BLK
680I-711R,BLK,BLK,24.555,24.555,above,,BLK,BLK
89AI-920H,BLK,BLK,66.502,66.502,above,,BLK,BLK
67AH-67AI,BLK,BLK,21.555,24.555,above,,BLK,BLK
67AH-680L,BLK,BLK,21.555,21.555,above,,BLK,BLK
67AH-711C,BLK,BLK,21.555,21.555,above,,BLK,BLK
67AI-680I,BLK,BLK,24.555,24.555,above,,BLK,BLK
67AI-711F,BLK,BLK,24.555,24.555,above,,BLK,BLK
680L-680I,BLK,BLK,21.555,24.555,above,,BLK,BLK
680L-680T,BLK,BLK,21.555,21.555,above,,BLK,BLK
680L-711P,BLK,BLK,21.555,21.555,above,,BLK,BLK
89AV-853I,BLK,BLK,66.502,66.502,above,,BLK,BLK
680W-68AE,BLK,BLK,21.555,21.555,above,,BLK,BLK
670F-670J,BLK,BLK,21.555,21.555,above,,BLK,BLK
670U-670Y,BLK,BLK,24.555,24.555,above,,BLK,BLK
67AA-67AH,BLK,BLK,21.555,21.555,above,,BLK,BLK
670Q-670U,BLK,BLK,24.555,24.555,above,,BLK,BLK
670Q-6920,BLK,BLK,24.555,24.555,above,,BLK,BLK
68AJ-68AK,BLK,BLK,21.555,24.555,above,,BLK,BLK
68AJ-68AO,BLK,BLK,21.555,21.555,above,,BLK,BLK
68AJ-694C,BLK,BLK,21.555,21.555,above,,BLK,BLK
670W-67AA,BLK,BLK,21.555,21.555,above,,BLK,BLK
670M-670N,BLK,BLK,21.555,24.555,above,,BLK,BLK
670M-670S,BLK,BLK,21.555,21.555,above,,BLK,BLK
670M-691V,BLK,BLK,21.555,21.555,above,,BLK,BLK
670N-670Q,BLK,BLK,24.555,24.555,above,,BLK,BLK
670N-691W,BLK,BLK,24.555,24.555,above,,BLK,BLK
68AH-68AJ,BLK,BLK,21.555,21.555,above,,BLK,BLK
68AH-68AG,BLK,BLK,21.555,24.555,above,,BLK,BLK
68AH-694A,BLK,BLK,21.555,21.555,above,,BLK,BLK
68AE-68AH,BLK,BLK,21.555,21.555,above,,BLK,BLK
68AE-68AC,BLK,BLK,21.555,24.555,above,,BLK,BLK
68AE-6930,BLK,BLK,21.555,21.555,above,,BLK,BLK
68AG-6940,BLK,BLK,24.555,24.555,above,,BLK,BLK
68AC-68AG,BLK,BLK,24.555,24.555,above,,BLK,BLK
68AC-693A,BLK,BLK,24.555,24.555,above,,BLK,BLK
670H-670K,BLK,BLK,24.555,24.555,above,,BLK,BLK
670J-670M,BLK,BLK,21.555,21.555,above,,BLK,BLK
670J-670K,BLK,BLK,21.555,24.555,above,,BLK,BLK
670J-691T,BLK,BLK,21.555,21.555,above,,BLK,BLK
670S-670Q,BLK,BLK,21.555,24.555,above,,BLK,BLK
670S-670W,BLK,BLK,21.555,21.555,above,,BLK,BLK
670S-692A,BLK,BLK,21.555,21.555,above,,BLK,BLK
670K-660C,BLK,BLK,24.555,24.555,above,,BLK,BLK
670K-670N,BLK,BLK,24.555,24.555,above,,BLK,BLK
68AK-68AG,BLK,BLK,24.555,24.555,above,,BLK,BLK
68AK-68AN,BLK,BLK,24.555,24.555,above,,BLK,BLK
68AK-694B,BLK,BLK,24.555,24.555,above,,BLK,BLK
670Y-67AI,BLK,BLK,24.555,24.555,above,,BLK,BLK
680Z-68AC,BLK,BLK,24.555,24.555,above,,BLK,BLK
68AO-68AR,BLK,BLK,21.555,21.555,above,,BLK,BLK
68AN-690C,BLK,BLK,24.555,24.555,above,,BLK,BLK
680T-680W,BLK,BLK,21.555,21.555,above,,BLK,BLK
680S-680Z,BLK,BLK,24.555,24.555,above,,BLK,BLK
511J-512B,BLK,BLK,29.055,29.055,above,,BLK,BLK
510R-511J,BLK,BLK,29.055,29.055,above,,BLK,BLK
6920-703G,BLK,BLK,24.555,24.555,above,,BLK,BLK
694C-723F,BLK,BLK,21.555,21.555,above,,BLK,BLK
694C-694B,BLK,BLK,21.555,24.555,above,,BLK,BLK
691V-702F,BLK,BLK,21.555,21.555,above,,BLK,BLK
691V-691T,BLK,BLK,21.555,21.555,above,,BLK,BLK
691W-702C,BLK,BLK,24.555,24.555,above,,BLK,BLK
691W-6920,BLK,BLK,24.555,24.555,above,,BLK,BLK
694A-722H,BLK,BLK,21.555,21.555,above,,BLK,BLK
694A-694C,BLK,BLK,21.555,21.555,above,,BLK,BLK
694A-6940,BLK,BLK,21.555,24.555,above,,BLK,BLK
6930-721L,BLK,BLK,21.555,21.555,above,,BLK,BLK
6930-694A,BLK,BLK,21.555,21.555,above,,BLK,BLK
6930-693A,BLK,BLK,21.555,24.555,above,,BLK,BLK
6940-722G,BLK,BLK,24.555,24.555,above,,BLK,BLK
693A-721M,BLK,BLK,24.555,24.555,above,,BLK,BLK
693A-6940,BLK,BLK,24.555,24.555,above,,BLK,BLK
691T-701T,BLK,BLK,21.555,21.555,above,,BLK,BLK
692A-703H,BLK,BLK,21.555,21.555,above,,BLK,BLK
692A-691V,BLK,BLK,21.555,21.555,above,,BLK,BLK
691U-670K,BLK,BLK,24.555,24.555,above,,BLK,BLK
691U-691W,BLK,BLK,24.555,24.555,above,,BLK,BLK
694B-723J,BLK,BLK,24.555,24.555,above,,BLK,BLK
694B-6940,BLK,BLK,24.555,24.555,above,,BLK,BLK
510F-510R,BLK,BLK,29.055,29.055,above,,BLK,BLK
510D-510F,BLK,BLK,29.055,29.055,above,,BLK,BLK
50BM-510D,BLK,BLK,29.055,29.055,above,,BLK,BLK
751X-75AM,BLK,BLK,21.555,21.555,above,,BLK,BLK
751X-751R,BLK,BLK,21.555,24.555,above,,BLK,BLK
751X-78AB,BLK,BLK,21.555,21.555,above,,BLK,BLK
50AY-50BM,BLK,BLK,29.055,29.055,above,,BLK,BLK
504Y-50AH,BLK,BLK,29.055,29.055,above,,BLK,BLK
75AM-75AJ,BLK,BLK,21.555,24.555,above,,BLK,BLK
75AM-7600,BLK,BLK,21.555,21.555,above,,BLK,BLK
75AM-791F,BLK,BLK,21.555,21.555,above,,BLK,BLK
504I-504Y,BLK,BLK,29.055,29.055,above,,BLK,BLK
504E-504I,BLK,BLK,29.055,29.055,above,,BLK,BLK
503B-504E,BLK,BLK,29.055,29.055,above,,BLK,BLK
501N-503B,BLK,BLK,29.055,29.055,above,,BLK,BLK
727K-727M,BLK,BLK,21.555,21.555,above,,BLK,BLK
727K-741A,BLK,BLK,21.555,21.555,above,,BLK,BLK
727M-728A,BLK,BLK,21.555,21.555,above,,BLK,BLK
727M-741E,BLK,BLK,21.555,21.555,above,,BLK,BLK
728A-741M,BLK,BLK,21.555,21.555,above,,BLK,BLK
729B-729D,BLK,BLK,21.555,21.555,above,,BLK,BLK
729B-729A,BLK,BLK,21.555,24.555,above,,BLK,BLK
729B-74BI,BLK,BLK,21.555,21.555,above,,BLK,BLK
729D-7300,BLK,BLK,21.555,21.555,above,,BLK,BLK
729D-729C,BLK,BLK,21.555,24.555,above,,BLK,BLK
729D-74BJ,BLK,BLK,21.555,21.555,above,,BLK,BLK
7300-730A,BLK,BLK,21.555,24.555,above,,BLK,BLK
7300-74BU,BLK,BLK,21.555,21.555,above,,BLK,BLK
727L-727K,BLK,BLK,24.555,21.555,above,,BLK,BLK
727L-7280,BLK,BLK,24.555,24.555,above,,BLK,BLK
727L-741C,BLK,BLK,24.555,24.555,above,,BLK,BLK
7280-727M,BLK,BLK,24.555,21.555,above,,BLK,BLK
7280-7290,BLK,BLK,24.555,24.555,above,,BLK,BLK
7280-741H,BLK,BLK,24.555,24.555,above,,BLK,BLK
7290-728A,BLK,BLK,24.555,21.555,above,,BLK,BLK
7290-741K,BLK,BLK,24.555,24.555,above,,BLK,BLK
729A-729C,BLK,BLK,24.555,24.555,above,,BLK,BLK
729A-74BD,BLK,BLK,24.555,24.555,above,,BLK,BLK
729C-730A,BLK,BLK,24.555,24.555,above,,BLK,BLK
729C-74BL,BLK,BLK,24.555,24.555,above,,BLK,BLK
730A-74BT,BLK,BLK,24.555,24.555,above,,BLK,BLK
73AG-730N,BLK,BLK,21.555,21.555,above,,BLK,BLK
73AG-740C,BLK,BLK,21.555,21.555,above,,BLK,BLK
740C-741A,BLK,BLK,21.555,21.555,above,,BLK,BLK
741A-741E,BLK,BLK,21.555,21.555,above,,BLK,BLK
741A-741C,BLK,BLK,21.555,24.555,above,,BLK,BLK
741A-750B,BLK,BLK,21.555,21.555,above,,BLK,BLK
741E-741M,BLK,BLK,21.555,21.555,above,,BLK,BLK
741E-741H,BLK,BLK,21.555,24.555,above,,BLK,BLK
741E-750G,BLK,BLK,21.555,21.555,above,,BLK,BLK
741M-7421,BLK,BLK,21.555,21.555,above,,BLK,BLK
741M-741K,BLK,BLK,21.555,24.555,above,,BLK,BLK
741M-751A,BLK,BLK,21.555,21.555,above,,BLK,BLK
7421-743A,BLK,BLK,21.555,21.555,above,,BLK,BLK
743A-743K,BLK,BLK,21.555,21.555,above,,BLK,BLK
743K-751X,BLK,BLK,21.555,21.555,above,,BLK,BLK
743K-74AM,BLK,BLK,21.555,21.555,above,,BLK,BLK
743K-743S,BLK,BLK,21.555,24.555,above,,BLK,BLK
74AM-75AM,BLK,BLK,21.555,21.555,above,,BLK,BLK
74AM-74AO,BLK,BLK,21.555,21.555,above,,BLK,BLK
74AM-74AE,BLK,BLK,21.555,24.555,above,,BLK,BLK
74AO-74AV,BLK,BLK,21.555,21.555,above,,BLK,BLK
74AV-74BI,BLK,BLK,21.555,21.555,above,,BLK,BLK
74BI-74BJ,BLK,BLK,21.555,21.555,above,,BLK,BLK
74BI-74BD,BLK,BLK,21.555,24.555,above,,BLK,BLK
74BI-761F,BLK,BLK,21.555,21.555,above,,BLK,BLK
74BJ-74BU,BLK,BLK,21.555,21.555,above,,BLK,BLK
74BJ-74BL,BLK,BLK,21.555,24.555,above,,BLK,BLK
74BJ-7620,BLK,BLK,21.555,21.555,above,,BLK,BLK
74BU-74CB,BLK,BLK,21.555,21.555,above,,BLK,BLK
74BU-74BT,BLK,BLK,21.555,24.555,above,,BLK,BLK
74BU-762B,BLK,BLK,21.555,21.555,above,,BLK,BLK
74CB-74CE,BLK,BLK,21.555,21.555,above,,BLK,BLK
501J-501N,BLK,BLK,29.055,29.055,above,,BLK,BLK
73AE-730O,BLK,BLK,24.555,24.555,above,,BLK,BLK
73AE-740D,BLK,BLK,24.555,24.555,above,,BLK,BLK
740D-741C,BLK,BLK,24.555,24.555,above,,BLK,BLK
741C-741H,BLK,BLK,24.555,24.555,above,,BLK,BLK
741C-7500,BLK,BLK,24.555,24.555,above,,BLK,BLK
741H-741K,BLK,BLK,24.555,24.555,above,,BLK,BLK
741H-750H,BLK,BLK,24.555,24.555,above,,BLK,BLK
741K-742B,BLK,BLK,24.555,24.555,above,,BLK,BLK
741K-750J,BLK,BLK,24.555,24.555,above,,BLK,BLK
742B-743E,BLK,BLK,24.555,24.555,above,,BLK,BLK
743E-743S,BLK,BLK,24.555,24.555,above,,BLK,BLK
743S-74AE,BLK,BLK,24.555,24.555,above,,BLK,BLK
743S-751R,BLK,BLK,24.555,24.555,above,,BLK,BLK
74AE-74AS,BLK,BLK,24.555,24.555,above,,BLK,BLK
74AE-75AJ,BLK,BLK,24.555,24.555,above,,BLK,BLK
74AS-74AU,BLK,BLK,24.555,24.555,above,,BLK,BLK
74AU-74BD,BLK,BLK,24.555,24.555,above,,BLK,BLK
74BD-74BL,BLK,BLK,24.555,24.555,above,,BLK,BLK
74BD-761H,BLK,BLK,24.555,24.555,above,,BLK,BLK
74BL-74BT,BLK,BLK,24.555,24.555,above,,BLK,BLK
74BL-762A,BLK,BLK,24.555,24.555,above,,BLK,BLK
74BT-74CA,BLK,BLK,24.555,24.555,above,,BLK,BLK
74BT-762G,BLK,BLK,24.555,24.555,above,,BLK,BLK
74CA-74CJ,BLK,BLK,24.555,24.555,above,,BLK,BLK
53BC-53BM,BLK,BLK,29.055,29.055,above,,BLK,BLK
53AY-53BC,BLK,BLK,29.055,29.055,above,,BLK,BLK
53AJ-53AY,BLK,BLK,29.055,29.055,above,,BLK,BLK
53AB-53AJ,BLK,BLK,29.055,29.055,above,,BLK,BLK
530Q-53AB,BLK,BLK,29.055,29.055,above,,BLK,BLK
520Y-52AR,BLK,BLK,29.055,29.055,above,,BLK,BLK
520X-520Y,BLK,BLK,29.055,29.055,above,,BLK,BLK
520F-520X,BLK,BLK,29.055,29.055,above,,BLK,BLK
520A-520F,BLK,BLK,29.055,29.055,above,,BLK,BLK
51AG-520A,BLK,BLK,29.055,29.055,above,,BLK,BLK
992N-99AT,BLK,BLK,29.055,29.055,above,,BLK,BLK
980C-981K,BLK,BLK,29.055,29.055,above,,BLK,BLK
960C-960Q,BLK,BLK,29.055,29.055,above,,BLK,BLK
95AS-960C,BLK,BLK,29.055,29.055,above,,BLK,BLK
982U-992C,BLK,BLK,29.055,29.055,above,,BLK,BLK
960Q-970B,BLK,BLK,29.055,29.055,above,,BLK,BLK
000L-001F,BLK,BLK,29.055,29.055,above,,BLK,BLK
992C-992N,BLK,BLK,29.055,29.055,above,,BLK,BLK
981K-982P,BLK,BLK,29.055,29.055,above,,BLK,BLK
970B-970V,BLK,BLK,29.055,29.055,above,,BLK,BLK
99AT-99BH,BLK,BLK,29.055,29.055,above,,BLK,BLK
950W-95AS,BLK,BLK,29.055,29.055,above,,BLK,BLK
950W-950K,BLK,BLK,29.055,29.055,above,,BLK,BLK
001F-001Z,BLK,BLK,29.055,29.055,above,,BLK,BLK
74CU-74CE,BLK,BLK,21.555,21.555,above,,BLK,BLK
74CU-74CV,BLK,BLK,21.555,24.555,above,,BLK,BLK
74CU-763Y,BLK,BLK,21.555,21.555,above,,BLK,BLK
74CV-74CJ,BLK,BLK,24.555,24.555,above,,BLK,BLK
74CV-763S,BLK,BLK,24.555,24.555,above,,BLK,BLK
970V-980C,BLK,BLK,29.055,29.055,above,,BLK,BLK
99BH-000L,BLK,BLK,29.055,29.055,above,,BLK,BLK
870E-873L,BLK,BLK,29.055,29.055,above,,BLK,BLK
861Z-870E,BLK,BLK,29.055,29.055,above,,BLK,BLK
851A-851E,BLK,BLK,29.055,29.055,above,,BLK,BLK
840I-851A,BLK,BLK,29.055,29.055,above,,BLK,BLK
83AN-840I,BLK,BLK,29.055,29.055,above,,BLK,BLK
75AJ-760C,BLK,BLK,24.555,24.555,above,,BLK,BLK
75AJ-7920,BLK,BLK,24.555,24.555,above,,BLK,BLK
763Y-763G,BLK,BLK,21.555,21.555,above,,BLK,BLK
763Y-763S,BLK,BLK,21.555,24.555,above,,BLK,BLK
763Y-799G,BLK,BLK,21.555,21.555,above,,BLK,BLK
861H-861Z,BLK,BLK,29.055,29.055,above,,BLK,BLK
56BH-574X,BLK,BLK,29.055,29.055,above,,BLK,BLK
74GI-74GF,BLK,BLK,21.555,21.555,above,,BLK,BLK
74GI-74GR,BLK,BLK,21.555,21.555,above,,BLK,BLK
74GR-750B,BLK,BLK,21.555,21.555,above,,BLK,BLK
750B-750G,BLK,BLK,21.555,21.555,above,,BLK,BLK
750B-7500,BLK,BLK,21.555,24.555,above,,BLK,BLK
750B-770F,BLK,BLK,21.555,21.555,above,,BLK,BLK
750G-751A,BLK,BLK,21.555,21.555,above,,BLK,BLK
750G-750H,BLK,BLK,21.555,24.555,above,,BLK,BLK
750G-770H,BLK,BLK,21.555,21.555,above,,BLK,BLK
751A-751F,BLK,BLK,21.555,21.555,above,,BLK,BLK
751A-750J,BLK,BLK,21.555,24.555,above,,BLK,BLK
751A-770I,BLK,BLK,21.555,21.555,above,,BLK,BLK
751F-751M,BLK,BLK,21.555,21.555,above,,BLK,BLK
751M-751X,BLK,BLK,21.555,21.555,above,,BLK,BLK
55BR-56BH,BLK,BLK,29.055,29.055,above,,BLK,BLK
573O-59AG,BLK,BLK,29.055,29.055,above,,BLK,BLK
7600-761A,BLK,BLK,21.555,21.555,above,,BLK,BLK
761A-761F,BLK,BLK,21.555,21.555,above,,BLK,BLK
761F-7620,BLK,BLK,21.555,21.555,above,,BLK,BLK
761F-761H,BLK,BLK,21.555,24.555,above,,BLK,BLK
761F-770K,BLK,BLK,21.555,21.555,above,,BLK,BLK
7620-762B,BLK,BLK,21.555,21.555,above,,BLK,BLK
7620-762A,BLK,BLK,21.555,24.555,above,,BLK,BLK
7620-770N,BLK,BLK,21.555,21.555,above,,BLK,BLK
762B-7630,BLK,BLK,21.555,21.555,above,,BLK,BLK
762B-762G,BLK,BLK,21.555,24.555,above,,BLK,BLK
762B-770P,BLK,BLK,21.555,21.555,above,,BLK,BLK
7630-763G,BLK,BLK,21.555,21.555,above,,BLK,BLK
59AG-62AI,BLK,BLK,29.055,29.055,above,,BLK,BLK
74GL-74FT,BLK,BLK,24.555,24.555,above,,BLK,BLK
74GL-74GT,BLK,BLK,24.555,24.555,above,,BLK,BLK
74GT-7500,BLK,BLK,24.555,24.555,above,,BLK,BLK
7500-750H,BLK,BLK,24.555,24.555,above,,BLK,BLK
7500-770E,BLK,BLK,24.555,24.555,above,,BLK,BLK
750H-750J,BLK,BLK,24.555,24.555,above,,BLK,BLK
750H-770G,BLK,BLK,24.555,24.555,above,,BLK,BLK
750J-751D,BLK,BLK,24.555,24.555,above,,BLK,BLK
750J-770J,BLK,BLK,24.555,24.555,above,,BLK,BLK
751D-751O,BLK,BLK,24.555,24.555,above,,BLK,BLK
751O-751R,BLK,BLK,24.555,24.555,above,,BLK,BLK
751R-75AJ,BLK,BLK,24.555,24.555,above,,BLK,BLK
751R-790G,BLK,BLK,24.555,24.555,above,,BLK,BLK
640I-65CX,BLK,BLK,29.055,29.055,above,,BLK,BLK
760C-761D,BLK,BLK,24.555,24.555,above,,BLK,BLK
761D-761H,BLK,BLK,24.555,24.555,above,,BLK,BLK
761H-762A,BLK,BLK,24.555,24.555,above,,BLK,BLK
761H-770L,BLK,BLK,24.555,24.555,above,,BLK,BLK
762A-762G,BLK,BLK,24.555,24.555,above,,BLK,BLK
762A-770M,BLK,BLK,24.555,24.555,above,,BLK,BLK
762G-763A,BLK,BLK,24.555,24.555,above,,BLK,BLK
762G-770O,BLK,BLK,24.555,24.555,above,,BLK,BLK
763A-763F,BLK,BLK,24.555,24.555,above,,BLK,BLK
62CX-640I,BLK,BLK,29.055,29.055,above,,BLK,BLK
610S-62CX,BLK,BLK,29.055,29.055,above,,BLK,BLK
574X-610S,BLK,BLK,29.055,29.055,above,,BLK,BLK
65CX-670C,BLK,BLK,29.055,29.055,above,,BLK,BLK
920Y-982P,BLK,BLK,29.055,29.055,above,,BLK,BLK
74AI-75AS,BLK,BLK,29.055,29.055,above,,BLK,BLK
810F-853H,BLK,BLK,29.055,29.055,above,,BLK,BLK
751U-790F,BLK,BLK,29.055,29.055,above,,BLK,BLK
743H-751U,BLK,BLK,29.055,29.055,above,,BLK,BLK
852O-853H,BLK,BLK,29.055,29.055,above,,BLK,BLK
851E-852O,BLK,BLK,29.055,29.055,above,,BLK,BLK
833U-83AN,BLK,BLK,29.055,29.055,above,,BLK,BLK
860A-861H,BLK,BLK,29.055,29.055,above,,BLK,BLK
74FW-770R,BLK,BLK,29.055,29.055,above,,BLK,BLK
730L-74DT,BLK,BLK,29.055,29.055,above,,BLK,BLK
910P-950K,BLK,BLK,29.055,29.055,above,,BLK,BLK
763R-74FN,BLK,BLK,29.055,29.055,above,,BLK,BLK
902Q-87AR,BLK,BLK,29.055,29.055,above,,BLK,BLK
790F-810F,BLK,BLK,29.055,29.055,above,,BLK,BLK
75AS-791I,BLK,BLK,29.055,29.055,above,,BLK,BLK
87AC-87AR,BLK,BLK,29.055,29.055,above,,BLK,BLK
854Y-860A,BLK,BLK,29.055,29.055,above,,BLK,BLK
79AJ-801I,BLK,BLK,29.055,29.055,above,,BLK,BLK
810X-854C,BLK,BLK,29.055,29.055,above,,BLK,BLK
763S-763F,BLK,BLK,24.555,24.555,above,,BLK,BLK
763S-799A,BLK,BLK,24.555,24.555,above,,BLK,BLK
93AE-902Q,BLK,BLK,29.055,29.055,above,,BLK,BLK
74DD-730F,BLK,BLK,29.055,29.055,above,,BLK,BLK
831N-79AU,BLK,BLK,29.055,29.055,above,,BLK,BLK
801I-831U,BLK,BLK,29.055,29.055,above,,BLK,BLK
833E-833U,BLK,BLK,29.055,29.055,above,,BLK,BLK
873L-87AC,BLK,BLK,29.055,29.055,above,,BLK,BLK
890B-910P,BLK,BLK,29.055,29.055,above,,BLK,BLK
79AU-799X,BLK,BLK,29.055,29.055,above,,BLK,BLK
791I-810X,BLK,BLK,29.055,29.055,above,,BLK,BLK
567S-573O,BLK,BLK,29.055,29.055,above,,BLK,BLK
78AB-791F,BLK,BLK,21.555,21.555,above,,BLK,BLK
78AB-790G,BLK,BLK,21.555,24.555,above,,BLK,BLK
78AB-810L,BLK,BLK,21.555,21.555,above,,BLK,BLK
6210-62ES,BLK,BLK,29.055,29.055,above,,BLK,BLK
62ES-650K,BLK,BLK,29.055,29.055,above,,BLK,BLK
791F-7920,BLK,BLK,21.555,24.555,above,,BLK,BLK
791F-792K,BLK,BLK,21.555,21.555,above,,BLK,BLK
791F-810U,BLK,BLK,21.555,21.555,above,,BLK,BLK
650K-663S,BLK,BLK,29.055,29.055,above,,BLK,BLK
7920-792G,BLK,BLK,24.555,24.555,above,,BLK,BLK
7920-810V,BLK,BLK,24.555,24.555,above,,BLK,BLK
571P-5920,BLK,BLK,29.055,29.055,above,,BLK,BLK
565P-571P,BLK,BLK,29.055,29.055,above,,BLK,BLK
89AU-900E,BLK,BLK,26.805,29.055,above,,BLK,BLK
89AU-92AA,BLK,BLK,26.805,26.805,above,,BLK,BLK
799G-830L,BLK,BLK,21.555,21.555,above,,BLK,BLK
799G-799A,BLK,BLK,21.555,24.555,above,,BLK,BLK
799G-797Q,BLK,BLK,21.555,21.555,above,,BLK,BLK
5920-6210,BLK,BLK,29.055,29.055,above,,BLK,BLK
799A-797L,BLK,BLK,24.555,24.555,above,,BLK,BLK
62EM-64AB,BLK,BLK,29.055,29.055,above,,BLK,BLK
64AB-662R,BLK,BLK,29.055,29.055,above,,BLK,BLK
61AW-62EM,BLK,BLK,29.055,29.055,above,,BLK,BLK
770R-77AJ,BLK,BLK,29.055,29.055,above,,BLK,BLK
77AC-763R,BLK,BLK,29.055,29.055,above,,BLK,BLK
570W-590M,BLK,BLK,29.055,29.055,above,,BLK,BLK
564H-570W,BLK,BLK,29.055,29.055,above,,BLK,BLK
680A-710I,BLK,BLK,29.055,29.055,above,,BLK,BLK
680D-711H,BLK,BLK,29.055,29.055,above,,BLK,BLK
68AX-691K,BLK,BLK,29.055,29.055,above,,BLK,BLK
667O-68AX,BLK,BLK,29.055,29.055,above,,BLK,BLK
663S-680D,BLK,BLK,29.055,29.055,above,,BLK,BLK
900G-89AX,BLK,BLK,34.555,37.155,above,,BLK,BLK
900G-87CV,BLK,BLK,34.555,34.555,above,,BLK,BLK
662R-680A,BLK,BLK,29.055,29.055,above,,BLK,BLK
780M-780B,BLK,BLK,21.555,21.555,above,,BLK,BLK
780M-782B,BLK,BLK,21.555,21.555,above,,BLK,BLK
782B-782F,BLK,BLK,21.555,21.555,above,,BLK,BLK
782F-783E,BLK,BLK,21.555,21.555,above,,BLK,BLK
782F-783B,BLK,BLK,21.555,24.555,above,,BLK,BLK
782F-803C,BLK,BLK,21.555,21.555,above,,BLK,BLK
783E-783J,BLK,BLK,21.555,21.555,above,,BLK,BLK
783E-783D,BLK,BLK,21.555,24.555,above,,BLK,BLK
783E-803I,BLK,BLK,21.555,21.555,above,,BLK,BLK
783J-783M,BLK,BLK,21.555,21.555,above,,BLK,BLK
783J-783K,BLK,BLK,21.555,24.555,above,,BLK,BLK
783J-803P,BLK,BLK,21.555,21.555,above,,BLK,BLK
783M-783Y,BLK,BLK,21.555,21.555,above,,BLK,BLK
783Y-78AB,BLK,BLK,21.555,21.555,above,,BLK,BLK
62AI-62GU,BLK,BLK,29.055,29.055,above,,BLK,BLK
62GU-65BD,BLK,BLK,29.055,29.055,above,,BLK,BLK
792K-795B,BLK,BLK,21.555,21.555,above,,BLK,BLK
795B-795C,BLK,BLK,21.555,21.555,above,,BLK,BLK
795C-796G,BLK,BLK,21.555,21.555,above,,BLK,BLK
795C-796A,BLK,BLK,21.555,24.555,above,,BLK,BLK
795C-820J,BLK,BLK,21.555,21.555,above,,BLK,BLK
796G-797D,BLK,BLK,21.555,21.555,above,,BLK,BLK
796G-796F,BLK,BLK,21.555,24.555,above,,BLK,BLK
796G-820Q,BLK,BLK,21.555,21.555,above,,BLK,BLK
797D-797H,BLK,BLK,21.555,21.555,above,,BLK,BLK
797D-796H,BLK,BLK,21.555,24.555,above,,BLK,BLK
797D-820Z,BLK,BLK,21.555,21.555,above,,BLK,BLK
797H-797Q,BLK,BLK,21.555,21.555,above,,BLK,BLK
65BD-667O,BLK,BLK,29.055,29.055,above,,BLK,BLK
781B-780D,BLK,BLK,24.555,24.555,above,,BLK,BLK
781B-782E,BLK,BLK,24.555,24.555,above,,BLK,BLK
782E-783B,BLK,BLK,24.555,24.555,above,,BLK,BLK
783B-783D,BLK,BLK,24.555,24.555,above,,BLK,BLK
783B-8030,BLK,BLK,24.555,24.555,above,,BLK,BLK
783D-783K,BLK,BLK,24.555,24.555,above,,BLK,BLK
783D-803J,BLK,BLK,24.555,24.555,above,,BLK,BLK
783K-783N,BLK,BLK,24.555,24.555,above,,BLK,BLK
783K-803N,BLK,BLK,24.555,24.555,above,,BLK,BLK
783N-783Z,BLK,BLK,24.555,24.555,above,,BLK,BLK
783Z-790G,BLK,BLK,24.555,24.555,above,,BLK,BLK
790G-7920,BLK,BLK,24.555,24.555,above,,BLK,BLK
790G-810K,BLK,BLK,24.555,24.555,above,,BLK,BLK
7100-703N,BLK,BLK,29.055,29.055,above,,BLK,BLK
792G-7950,BLK,BLK,24.555,24.555,above,,BLK,BLK
7950-796A,BLK,BLK,24.555,24.555,above,,BLK,BLK
796A-796F,BLK,BLK,24.555,24.555,above,,BLK,BLK
796A-820M,BLK,BLK,24.555,24.555,above,,BLK,BLK
796F-796H,BLK,BLK,24.555,24.555,above,,BLK,BLK
796F-820S,BLK,BLK,24.555,24.555,above,,BLK,BLK
796H-797I,BLK,BLK,24.555,24.555,above,,BLK,BLK
796H-820X,BLK,BLK,24.555,24.555,above,,BLK,BLK
797I-797L,BLK,BLK,24.555,24.555,above,,BLK,BLK
720B-711H,BLK,BLK,29.055,29.055,above,,BLK,BLK
7250-7240,BLK,BLK,29.055,29.055,above,,BLK,BLK
69AB-694Q,BLK,BLK,29.055,29.055,above,,BLK,BLK
900E-920Y,BLK,BLK,29.055,29.055,above,,BLK,BLK
900E-900D,BLK,BLK,29.055,31.805,above,,BLK,BLK
590M-61AW,BLK,BLK,29.055,29.055,above,,BLK,BLK
722B-721O,BLK,BLK,29.055,29.055,above,,BLK,BLK
723H-722B,BLK,BLK,29.055,29.055,above,,BLK,BLK
721O-721F,BLK,BLK,29.055,29.055,above,,BLK,BLK
701M-69AB,BLK,BLK,29.055,29.055,above,,BLK,BLK
7240-723H,BLK,BLK,29.055,29.055,above,,BLK,BLK
721F-720B,BLK,BLK,29.055,29.055,above,,BLK,BLK
703N-703A,BLK,BLK,29.055,29.055,above,,BLK,BLK
701V-701M,BLK,BLK,29.055,29.055,above,,BLK,BLK
702A-701V,BLK,BLK,29.055,29.055,above,,BLK,BLK
703A-702A,BLK,BLK,29.055,29.055,above,,BLK,BLK
66AQ-670C,BLK,BLK,29.055,29.055,above,,BLK,BLK
66AQ-694Q,BLK,BLK,29.055,29.055,above,,BLK,BLK
66AQ-66AD,BLK,BLK,29.055,31.805,above,,BLK,BLK
512B-53BM,BLK,BLK,29.055,29.055,above,,BLK,BLK
512B-513C,BLK,BLK,29.055,31.805,above,,BLK,BLK
500E-501J,BLK,BLK,29.055,29.055,above,,BLK,BLK
500E-51AD,BLK,BLK,29.055,29.055,above,,BLK,BLK
500E-5002,BLK,BLK,29.055,31.805,above,,BLK,BLK
691K-726O,BLK,BLK,29.055,29.055,above,,BLK,BLK
691K-691H,BLK,BLK,29.055,31.805,above,,BLK,BLK
91AH-920E,BLK,BLK,29.055,31.805,above,,BLK,BLK
001Z-93AE,BLK,BLK,29.055,29.055,above,,BLK,BLK
001Z-00AD,BLK,BLK,29.055,31.805,above,,BLK,BLK
982P-982U,BLK,BLK,29.055,29.055,above,,BLK,BLK
982P-982A,BLK,BLK,29.055,31.805,above,,BLK,BLK
831U-833E,BLK,BLK,29.055,29.055,above,,BLK,BLK
831U-890B,BLK,BLK,29.055,29.055,above,,BLK,BLK
831U-831V,BLK,BLK,29.055,31.805,above,,BLK,BLK
853H-89AE,BLK,BLK,29.055,29.055,above,,BLK,BLK
853H-854C,BLK,BLK,29.055,29.055,above,,BLK,BLK
853H-852U,BLK,BLK,29.055,31.805,above,,BLK,BLK
87AR-831N,BLK,BLK,29.055,29.055,above,,BLK,BLK
87AR-87AU,BLK,BLK,29.055,31.805,above,,BLK,BLK
694Q-694L,BLK,BLK,29.055,31.805,above,,BLK,BLK
694Q-727G,BLK,BLK,29.055,29.055,above,,BLK,BLK
950K-950A,BLK,BLK,29.055,31.805,above,,BLK,BLK
726O-7250,BLK,BLK,29.055,29.055,above,,BLK,BLK
726O-727C,BLK,BLK,29.055,31.805,above,,BLK,BLK
710I-743H,BLK,BLK,29.055,29.055,above,,BLK,BLK
710I-7100,BLK,BLK,29.055,29.055,above,,BLK,BLK
710I-710D,BLK,BLK,29.055,31.805,above,,BLK,BLK
711H-74AI,BLK,BLK,29.055,29.055,above,,BLK,BLK
711H-710I,BLK,BLK,29.055,29.055,above,,BLK,BLK
711H-711S,BLK,BLK,29.055,31.805,above,,BLK,BLK
854C-854Y,BLK,BLK,29.055,29.055,above,,BLK,BLK
854C-900E,BLK,BLK,29.055,29.055,above,,BLK,BLK
854C-853K,BLK,BLK,29.055,31.805,above,,BLK,BLK
53BM-567S,BLK,BLK,29.055,29.055,above,,BLK,BLK
53BM-53BL,BLK,BLK,29.055,31.805,above,,BLK,BLK
51AD-51AG,BLK,BLK,29.055,29.055,above,,BLK,BLK
51AD-55BR,BLK,BLK,29.055,29.055,above,,BLK,BLK
51AD-516Z,BLK,BLK,29.055,31.805,above,,BLK,BLK
50AK-50AY,BLK,BLK,29.055,29.055,above,,BLK,BLK
50AK-530D,BLK,BLK,29.055,29.055,above,,BLK,BLK
50AK-50AP,BLK,BLK,29.055,31.805,above,,BLK,BLK
530D-530Q,BLK,BLK,29.055,29.055,above,,BLK,BLK
530D-565P,BLK,BLK,29.055,29.055,above,,BLK,BLK
530D-530A,BLK,BLK,29.055,31.805,above,,BLK,BLK
810L-810U,BLK,BLK,21.555,21.555,above,,BLK,BLK
810L-810K,BLK,BLK,21.555,24.555,above,,BLK,BLK
50AH-50AK,BLK,BLK,29.055,29.055,above,,BLK,BLK
50AH-52AR,BLK,BLK,29.055,29.055,above,,BLK,BLK
50AH-50AC,BLK,BLK,29.055,31.805,above,,BLK,BLK
52AR-564H,BLK,BLK,29.055,29.055,above,,BLK,BLK
52AR-530D,BLK,BLK,29.055,29.055,above,,BLK,BLK
52AR-52AL,BLK,BLK,29.055,31.805,above,,BLK,BLK
810U-820A,BLK,BLK,21.555,21.555,above,,BLK,BLK
810U-810V,BLK,BLK,21.555,24.555,above,,BLK,BLK
52AI-530F,BLK,BLK,34.555,34.555,above,,BLK,BLK
52AI-565D,BLK,BLK,34.555,34.555,above,,BLK,BLK
52AI-52AQ,BLK,BLK,34.555,37.155,above,,BLK,BLK
50AJ-52AI,BLK,BLK,34.555,34.555,above,,BLK,BLK
50AJ-50AM,BLK,BLK,34.555,34.555,above,,BLK,BLK
50AJ-50AE,BLK,BLK,34.555,37.155,above,,BLK,BLK
530F-565N,BLK,BLK,34.555,34.555,above,,BLK,BLK
530F-530R,BLK,BLK,34.555,34.555,above,,BLK,BLK
530F-530C,BLK,BLK,34.555,37.155,above,,BLK,BLK
50AM-530F,BLK,BLK,34.555,34.555,above,,BLK,BLK
50AM-50BB,BLK,BLK,34.555,34.555,above,,BLK,BLK
50AM-50AQ,BLK,BLK,34.555,37.155,above,,BLK,BLK
516T-55CF,BLK,BLK,34.555,34.555,above,,BLK,BLK
516T-51AK,BLK,BLK,34.555,34.555,above,,BLK,BLK
516T-516V,BLK,BLK,34.555,37.155,above,,BLK,BLK
53BN-56AE,BLK,BLK,34.555,34.555,above,,BLK,BLK
53BN-53BR,BLK,BLK,34.555,37.155,above,,BLK,BLK
690N-726Q,BLK,BLK,34.555,34.555,above,,BLK,BLK
690N-691F,BLK,BLK,34.555,37.155,above,,BLK,BLK
500H-516T,BLK,BLK,34.555,34.555,above,,BLK,BLK
500H-501B,BLK,BLK,34.555,34.555,above,,BLK,BLK
500H-500A,BLK,BLK,34.555,37.155,above,,BLK,BLK
513E-53BN,BLK,BLK,34.555,34.555,above,,BLK,BLK
513E-5130,BLK,BLK,34.555,37.155,above,,BLK,BLK
66AR-66BI,BLK,BLK,34.555,34.555,above,,BLK,BLK
66AR-694D,BLK,BLK,34.555,34.555,above,,BLK,BLK
66AR-66AE,BLK,BLK,34.555,37.155,above,,BLK,BLK
590N-61AT,BLK,BLK,34.555,34.555,above,,BLK,BLK
592F-620B,BLK,BLK,34.555,34.555,above,,BLK,BLK
65AJ-667E,BLK,BLK,34.555,34.555,above,,BLK,BLK
62GI-65AJ,BLK,BLK,34.555,34.555,above,,BLK,BLK
62AN-62GI,BLK,BLK,34.555,34.555,above,,BLK,BLK
662F-67AG,BLK,BLK,34.555,34.555,above,,BLK,BLK
663B-680Q,BLK,BLK,34.555,34.555,above,,BLK,BLK
900D-900G,BLK,BLK,31.805,34.555,above,,BLK,BLK
900D-920S,BLK,BLK,31.805,31.805,above,,BLK,BLK
667E-68AT,BLK,BLK,34.555,34.555,above,,BLK,BLK
68AT-690N,BLK,BLK,34.555,34.555,above,,BLK,BLK
680Q-711M,BLK,BLK,34.555,34.555,above,,BLK,BLK
67AG-711A,BLK,BLK,34.555,34.555,above,,BLK,BLK
565D-570O,BLK,BLK,34.555,34.555,above,,BLK,BLK
570O-590N,BLK,BLK,34.555,34.555,above,,BLK,BLK
61AT-62DZ,BLK,BLK,34.555,34.555,above,,BLK,BLK
641Y-662F,BLK,BLK,34.555,34.555,above,,BLK,BLK
62DZ-641Y,BLK,BLK,34.555,34.555,above,,BLK,BLK
89AX-89AR,BLK,BLK,37.155,39.755,above,,BLK,BLK
89AX-920U,BLK,BLK,37.155,37.155,above,,BLK,BLK
565N-571I,BLK,BLK,34.555,34.555,above,,BLK,BLK
89AR-89AW,BLK,BLK,39.755,43.152,above,,BLK,BLK
89AR-920P,BLK,BLK,39.755,39.755,above,,BLK,BLK
571I-592F,BLK,BLK,34.555,34.555,above,,BLK,BLK
650L-663B,BLK,BLK,34.555,34.555,above,,BLK,BLK
62FG-650L,BLK,BLK,34.555,34.555,above,,BLK,BLK
620B-62FG,BLK,BLK,34.555,34.555,above,,BLK,BLK
56AE-573D,BLK,BLK,34.555,34.555,above,,BLK,BLK
65DJ-66BI,BLK,BLK,34.555,34.555,above,,BLK,BLK
580I-610N,BLK,BLK,34.555,34.555,above,,BLK,BLK
801P-801J,BLK,BLK,21.555,21.555,above,,BLK,BLK
801P-8020,BLK,BLK,21.555,21.555,above,,BLK,BLK
8020-803C,BLK,BLK,21.555,21.555,above,,BLK,BLK
803C-803I,BLK,BLK,21.555,21.555,above,,BLK,BLK
803C-8030,BLK,BLK,21.555,24.555,above,,BLK,BLK
803C-83AB,BLK,BLK,21.555,21.555,above,,BLK,BLK
803I-803P,BLK,BLK,21.555,21.555,above,,BLK,BLK
803I-803J,BLK,BLK,21.555,24.555,above,,BLK,BLK
803I-840K,BLK,BLK,21.555,21.555,above,,BLK,BLK
803P-803W,BLK,BLK,21.555,21.555,above,,BLK,BLK
803P-803N,BLK,BLK,21.555,24.555,above,,BLK,BLK
803P-850A,BLK,BLK,21.555,21.555,above,,BLK,BLK
803W-810C,BLK,BLK,21.555,21.555,above,,BLK,BLK
810C-810L,BLK,BLK,21.555,21.555,above,,BLK,BLK
610N-62CO,BLK,BLK,34.555,34.555,above,,BLK,BLK
62CO-640E,BLK,BLK,34.555,34.555,above,,BLK,BLK
820A-820B,BLK,BLK,21.555,21.555,above,,BLK,BLK
820B-820J,BLK,BLK,21.555,21.555,above,,BLK,BLK
820J-820Q,BLK,BLK,21.555,21.555,above,,BLK,BLK
820J-820M,BLK,BLK,21.555,24.555,above,,BLK,BLK
820J-860M,BLK,BLK,21.555,21.555,above,,BLK,BLK
820Q-820Z,BLK,BLK,21.555,21.555,above,,BLK,BLK
820Q-820S,BLK,BLK,21.555,24.555,above,,BLK,BLK
820Q-86AA,BLK,BLK,21.555,21.555,above,,BLK,BLK
820Z-830A,BLK,BLK,21.555,21.555,above,,BLK,BLK
820Z-820X,BLK,BLK,21.555,24.555,above,,BLK,BLK
820Z-870H,BLK,BLK,21.555,21.555,above,,BLK,BLK
830A-830K,BLK,BLK,21.555,21.555,above,,BLK,BLK
640E-65DJ,BLK,BLK,34.555,34.555,above,,BLK,BLK
801R-8000,BLK,BLK,24.555,24.555,above,,BLK,BLK
801R-801W,BLK,BLK,24.555,24.555,above,,BLK,BLK
801W-8030,BLK,BLK,24.555,24.555,above,,BLK,BLK
8030-803J,BLK,BLK,24.555,24.555,above,,BLK,BLK
8030-83AC,BLK,BLK,24.555,24.555,above,,BLK,BLK
803J-803N,BLK,BLK,24.555,24.555,above,,BLK,BLK
803J-840N,BLK,BLK,24.555,24.555,above,,BLK,BLK
803N-803U,BLK,BLK,24.555,24.555,above,,BLK,BLK
803N-8510,BLK,BLK,24.555,24.555,above,,BLK,BLK
803U-810A,BLK,BLK,24.555,24.555,above,,BLK,BLK
810A-810K,BLK,BLK,24.555,24.555,above,,BLK,BLK
810K-810V,BLK,BLK,24.555,24.555,above,,BLK,BLK
810V-81AJ,BLK,BLK,24.555,24.555,above,,BLK,BLK
81AJ-820C,BLK,BLK,24.555,24.555,above,,BLK,BLK
820C-820M,BLK,BLK,24.555,24.555,above,,BLK,BLK
820M-820S,BLK,BLK,24.555,24.555,above,,BLK,BLK
820M-861C,BLK,BLK,24.555,24.555,above,,BLK,BLK
820S-820X,BLK,BLK,24.555,24.555,above,,BLK,BLK
820S-861M,BLK,BLK,24.555,24.555,above,,BLK,BLK
820X-8300,BLK,BLK,24.555,24.555,above,,BLK,BLK
820X-871E,BLK,BLK,24.555,24.555,above,,BLK,BLK
8300-830F,BLK,BLK,24.555,24.555,above,,BLK,BLK
594U-62AN,BLK,BLK,34.555,34.555,above,,BLK,BLK
573D-594U,BLK,BLK,34.555,34.555,above,,BLK,BLK
55CF-56BM,BLK,BLK,34.555,34.555,above,,BLK,BLK
56BM-580I,BLK,BLK,34.555,34.555,above,,BLK,BLK
51AK-51AO,BLK,BLK,34.555,34.555,above,,BLK,BLK
51AO-520M,BLK,BLK,34.555,34.555,above,,BLK,BLK
520M-520W,BLK,BLK,34.555,34.555,above,,BLK,BLK
520W-52AG,BLK,BLK,34.555,34.555,above,,BLK,BLK
52AG-52AI,BLK,BLK,34.555,34.555,above,,BLK,BLK
530R-53AC,BLK,BLK,34.555,34.555,above,,BLK,BLK
53AC-53AK,BLK,BLK,34.555,34.555,above,,BLK,BLK
53AK-53AZ,BLK,BLK,34.555,34.555,above,,BLK,BLK
53AZ-53BG,BLK,BLK,34.555,34.555,above,,BLK,BLK
53BG-53BN,BLK,BLK,34.555,34.555,above,,BLK,BLK
501B-501P,BLK,BLK,34.555,34.555,above,,BLK,BLK
501P-502A,BLK,BLK,34.555,34.555,above,,BLK,BLK
502A-504C,BLK,BLK,34.555,34.555,above,,BLK,BLK
504C-504O,BLK,BLK,34.555,34.555,above,,BLK,BLK
504O-504X,BLK,BLK,34.555,34.555,above,,BLK,BLK
504X-50AJ,BLK,BLK,34.555,34.555,above,,BLK,BLK
50BB-50BN,BLK,BLK,34.555,34.555,above,,BLK,BLK
50BN-510E,BLK,BLK,34.555,34.555,above,,BLK,BLK
510E-510M,BLK,BLK,34.555,34.555,above,,BLK,BLK
510M-510P,BLK,BLK,34.555,34.555,above,,BLK,BLK
510P-511G,BLK,BLK,34.555,34.555,above,,BLK,BLK
511G-513E,BLK,BLK,34.555,34.555,above,,BLK,BLK
960M-95AN,BLK,BLK,34.555,34.555,above,,BLK,BLK
95AN-950Y,BLK,BLK,34.555,34.555,above,,BLK,BLK
97AB-96AB,BLK,BLK,34.555,34.555,above,,BLK,BLK
992J-9900,BLK,BLK,34.555,34.555,above,,BLK,BLK
992J-992W,BLK,BLK,34.555,34.555,above,,BLK,BLK
96AB-960V,BLK,BLK,34.555,34.555,above,,BLK,BLK
001K-000F,BLK,BLK,34.555,34.555,above,,BLK,BLK
001K-001S,BLK,BLK,34.555,34.555,above,,BLK,BLK
770F-782F,BLK,BLK,21.555,21.555,above,,BLK,BLK
770F-770H,BLK,BLK,21.555,21.555,above,,BLK,BLK
770H-783E,BLK,BLK,21.555,21.555,above,,BLK,BLK
770H-770I,BLK,BLK,21.555,21.555,above,,BLK,BLK
770I-783J,BLK,BLK,21.555,21.555,above,,BLK,BLK
770K-795C,BLK,BLK,21.555,21.555,above,,BLK,BLK
770K-770N,BLK,BLK,21.555,21.555,above,,BLK,BLK
770K-770L,BLK,BLK,21.555,24.555,above,,BLK,BLK
770N-796G,BLK,BLK,21.555,21.555,above,,BLK,BLK
770N-770P,BLK,BLK,21.555,21.555,above,,BLK,BLK
770N-770M,BLK,BLK,21.555,24.555,above,,BLK,BLK
770P-797D,BLK,BLK,21.555,21.555,above,,BLK,BLK
770P-770O,BLK,BLK,21.555,24.555,above,,BLK,BLK
770E-783B,BLK,BLK,24.555,24.555,above,,BLK,BLK
770E-770F,BLK,BLK,24.555,21.555,above,,BLK,BLK
770E-770G,BLK,BLK,24.555,24.555,above,,BLK,BLK
770G-783D,BLK,BLK,24.555,24.555,above,,BLK,BLK
770G-770H,BLK,BLK,24.555,21.555,above,,BLK,BLK
770G-770J,BLK,BLK,24.555,24.555,above,,BLK,BLK
770J-783K,BLK,BLK,24.555,24.555,above,,BLK,BLK
770J-770I,BLK,BLK,24.555,21.555,above,,BLK,BLK
770L-796A,BLK,BLK,24.555,24.555,above,,BLK,BLK
770L-770M,BLK,BLK,24.555,24.555,above,,BLK,BLK
770M-796F,BLK,BLK,24.555,24.555,above,,BLK,BLK
770M-770O,BLK,BLK,24.555,24.555,above,,BLK,BLK
770O-796H,BLK,BLK,24.555,24.555,above,,BLK,BLK
902J-902O,BLK,BLK,21.555,24.555,above,,BLK,BLK
902J-902B,BLK,BLK,21.555,21.555,above,,BLK,BLK
950Y-950I,BLK,BLK,34.555,34.555,above,,BLK,BLK
960V-960M,BLK,BLK,34.555,34.555,above,,BLK,BLK
000F-99AU,BLK,BLK,34.555,34.555,above,,BLK,BLK
99AU-99AK,BLK,BLK,34.555,34.555,above,,BLK,BLK
980D-97AB,BLK,BLK,34.555,34.555,above,,BLK,BLK
89AM-900B,BLK,BLK,21.555,21.555,above,,BLK,BLK
89AM-89AC,BLK,BLK,21.555,24.555,above,,BLK,BLK
89AM-852X,BLK,BLK,21.555,21.555,above,,BLK,BLK
9900-982J,BLK,BLK,34.555,34.555,above,,BLK,BLK
99AK-992W,BLK,BLK,34.555,34.555,above,,BLK,BLK
900B-900A,BLK,BLK,21.555,24.555,above,,BLK,BLK
900B-900I,BLK,BLK,21.555,21.555,above,,BLK,BLK
900B-854B,BLK,BLK,21.555,21.555,above,,BLK,BLK
833R-83AM,BLK,BLK,34.555,34.555,above,,BLK,BLK
851J-852E,BLK,BLK,34.555,34.555,above,,BLK,BLK
85AH-854Q,BLK,BLK,34.555,34.555,above,,BLK,BLK
85AH-8610,BLK,BLK,34.555,34.555,above,,BLK,BLK
900A-89AU,BLK,BLK,24.555,26.805,above,,BLK,BLK
900A-900L,BLK,BLK,24.555,24.555,above,,BLK,BLK
900A-853J,BLK,BLK,24.555,24.555,above,,BLK,BLK
873O-871D,BLK,BLK,34.555,34.555,above,,BLK,BLK
799E-831G,BLK,BLK,34.555,34.555,above,,BLK,BLK
763W-799E,BLK,BLK,34.555,34.555,above,,BLK,BLK
74CN-763W,BLK,BLK,34.555,34.555,above,,BLK,BLK
920N-905V,BLK,BLK,34.555,34.555,above,,BLK,BLK
792D-75AF,BLK,BLK,34.555,34.555,above,,BLK,BLK
810Z-792D,BLK,BLK,34.555,34.555,above,,BLK,BLK
810O-853E,BLK,BLK,34.555,34.555,above,,BLK,BLK
75AF-743X,BLK,BLK,34.555,34.555,above,,BLK,BLK
75AB-790I,BLK,BLK,34.555,34.555,above,,BLK,BLK
743X-711M,BLK,BLK,34.555,34.555,above,,BLK,BLK
743P-75AB,BLK,BLK,34.555,34.555,above,,BLK,BLK
83AM-840J,BLK,BLK,34.555,34.555,above,,BLK,BLK
851B-851J,BLK,BLK,34.555,34.555,above,,BLK,BLK
87AE-873O,BLK,BLK,34.555,34.555,above,,BLK,BLK
87AE-87AI,BLK,BLK,34.555,34.555,above,,BLK,BLK
833H-833R,BLK,BLK,34.555,34.555,above,,BLK,BLK
840J-851B,BLK,BLK,34.555,34.555,above,,BLK,BLK
871D-861P,BLK,BLK,34.555,34.555,above,,BLK,BLK
852E-853E,BLK,BLK,34.555,34.555,above,,BLK,BLK
854Q-854J,BLK,BLK,34.555,34.555,above,,BLK,BLK
861P-8610,BLK,BLK,34.555,34.555,above,,BLK,BLK
89AW-900C,BLK,BLK,43.152,46.55,above,,BLK,BLK
89AW-920R,BLK,BLK,43.152,43.152,above,,BLK,BLK
9000-900H,BLK,BLK,49.676,52.803,above,,BLK,BLK
9000-920T,BLK,BLK,49.676,49.676,above,,BLK,BLK
900F-920W,BLK,BLK,59.055,59.055,above,,BLK,BLK
900F-89AT,BLK,BLK,59.055,62.778,above,,BLK,BLK
900H-89AS,BLK,BLK,52.803,55.929,above,,BLK,BLK
900H-920O,BLK,BLK,52.803,52.803,above,,BLK,BLK
89AS-900F,BLK,BLK,55.929,59.055,above,,BLK,BLK
89AS-920V,BLK,BLK,55.929,55.929,above,,BLK,BLK
89AT-89AV,BLK,BLK,62.778,66.502,above,,BLK,BLK
89AT-920Z,BLK,BLK,62.778,62.778,above,,BLK,BLK
726C-726Q,BLK,BLK,34.555,34.555,above,,BLK,BLK
7000-701K,BLK,BLK,34.555,34.555,above,,BLK,BLK
70AB-711A,BLK,BLK,34.555,34.555,above,,BLK,BLK
711X-720D,BLK,BLK,34.555,34.555,above,,BLK,BLK
701U-702D,BLK,BLK,34.555,34.555,above,,BLK,BLK
701K-701U,BLK,BLK,34.555,34.555,above,,BLK,BLK
703O-70AB,BLK,BLK,34.555,34.555,above,,BLK,BLK
720D-721N,BLK,BLK,34.555,34.555,above,,BLK,BLK
7030-703O,BLK,BLK,34.555,34.555,above,,BLK,BLK
724A-726C,BLK,BLK,34.555,34.555,above,,BLK,BLK
7230-724A,BLK,BLK,34.555,34.555,above,,BLK,BLK
721N-722F,BLK,BLK,34.555,34.555,above,,BLK,BLK
892A-890D,BLK,BLK,21.555,21.555,above,,BLK,BLK
892A-8930,BLK,BLK,21.555,21.555,above,,BLK,BLK
8930-893C,BLK,BLK,21.555,21.555,above,,BLK,BLK
893C-893E,BLK,BLK,21.555,21.555,above,,BLK,BLK
893C-893B,BLK,BLK,21.555,24.555,above,,BLK,BLK
893C-914F,BLK,BLK,21.555,21.555,above,,BLK,BLK
893E-893I,BLK,BLK,21.555,21.555,above,,BLK,BLK
893E-893F,BLK,BLK,21.555,24.555,above,,BLK,BLK
893E-914G,BLK,BLK,21.555,21.555,above,,BLK,BLK
893I-893U,BLK,BLK,21.555,21.555,above,,BLK,BLK
893I-893P,BLK,BLK,21.555,24.555,above,,BLK,BLK
893I-914P,BLK,BLK,21.555,21.555,above,,BLK,BLK
893U-893X,BLK,BLK,21.555,21.555,above,,BLK,BLK
893X-89AM,BLK,BLK,21.555,21.555,above,,BLK,BLK
950I-950N,BLK,BLK,34.555,37.155,above,,BLK,BLK
950I-941E,BLK,BLK,34.555,34.555,above,,BLK,BLK
981D-980D,BLK,BLK,34.555,34.555,above,,BLK,BLK
981D-981C,BLK,BLK,34.555,37.155,above,,BLK,BLK
900I-900M,BLK,BLK,21.555,21.555,above,,BLK,BLK
900M-900Q,BLK,BLK,21.555,21.555,above,,BLK,BLK
900Q-9010,BLK,BLK,21.555,21.555,above,,BLK,BLK
900Q-900P,BLK,BLK,21.555,24.555,above,,BLK,BLK
900Q-92AN,BLK,BLK,21.555,21.555,above,,BLK,BLK
9010-901J,BLK,BLK,21.555,21.555,above,,BLK,BLK
9010-900V,BLK,BLK,21.555,24.555,above,,BLK,BLK
9010-9300,BLK,BLK,21.555,21.555,above,,BLK,BLK
901J-901L,BLK,BLK,21.555,21.555,above,,BLK,BLK
901J-901H,BLK,BLK,21.555,24.555,above,,BLK,BLK
901J-931A,BLK,BLK,21.555,21.555,above,,BLK,BLK
901L-902B,BLK,BLK,21.555,21.555,above,,BLK,BLK
001S-001U,BLK,BLK,34.555,37.155,above,,BLK,BLK
001S-94BU,BLK,BLK,34.555,34.555,above,,BLK,BLK
892B-891A,BLK,BLK,24.555,24.555,above,,BLK,BLK
892B-892F,BLK,BLK,24.555,24.555,above,,BLK,BLK
892F-893B,BLK,BLK,24.555,24.555,above,,BLK,BLK
893B-893F,BLK,BLK,24.555,24.555,above,,BLK,BLK
893B-88AI,BLK,BLK,24.555,24.555,above,,BLK,BLK
893F-893P,BLK,BLK,24.555,24.555,above,,BLK,BLK
893F-88AL,BLK,BLK,24.555,24.555,above,,BLK,BLK
893P-893T,BLK,BLK,24.555,24.555,above,,BLK,BLK
893P-88AM,BLK,BLK,24.555,24.555,above,,BLK,BLK
893T-893Y,BLK,BLK,24.555,24.555,above,,BLK,BLK
893Y-89AC,BLK,BLK,24.555,24.555,above,,BLK,BLK
89AC-89AB,BLK,BLK,24.555,26.805,above,,BLK,BLK
89AC-900A,BLK,BLK,24.555,24.555,above,,BLK,BLK
89AC-852R,BLK,BLK,24.555,24.555,above,,BLK,BLK
982J-981D,BLK,BLK,34.555,34.555,above,,BLK,BLK
982J-982D,BLK,BLK,34.555,37.155,above,,BLK,BLK
982J-940U,BLK,BLK,34.555,34.555,above,,BLK,BLK
900L-900O,BLK,BLK,24.555,24.555,above,,BLK,BLK
900O-900P,BLK,BLK,24.555,24.555,above,,BLK,BLK
900P-900V,BLK,BLK,24.555,24.555,above,,BLK,BLK
900P-92AM,BLK,BLK,24.555,24.555,above,,BLK,BLK
900V-901H,BLK,BLK,24.555,24.555,above,,BLK,BLK
900V-92AQ,BLK,BLK,24.555,24.555,above,,BLK,BLK
901H-901K,BLK,BLK,24.555,24.555,above,,BLK,BLK
901H-931B,BLK,BLK,24.555,24.555,above,,BLK,BLK
901K-902C,BLK,BLK,24.555,24.555,above,,BLK,BLK
694D-7000,BLK,BLK,34.555,34.555,above,,BLK,BLK
694D-694N,BLK,BLK,34.555,37.155,above,,BLK,BLK
711A-743P,BLK,BLK,34.555,34.555,above,,BLK,BLK
711A-711M,BLK,BLK,34.555,34.555,above,,BLK,BLK
711A-710K,BLK,BLK,34.555,37.155,above,,BLK,BLK
726Q-74CN,BLK,BLK,34.555,34.555,above,,BLK,BLK
726Q-726U,BLK,BLK,34.555,37.155,above,,BLK,BLK
711M-711X,BLK,BLK,34.555,34.555,above,,BLK,BLK
711M-711J,BLK,BLK,34.555,37.155,above,,BLK,BLK
853E-854J,BLK,BLK,34.555,34.555,above,,BLK,BLK
853E-853D,BLK,BLK,34.555,37.155,above,,BLK,BLK
853E-87CS,BLK,BLK,34.555,34.555,above,,BLK,BLK
87AI-902M,BLK,BLK,34.555,34.555,above,,BLK,BLK
87AI-87AJ,BLK,BLK,34.555,37.155,above,,BLK,BLK
854J-810Z,BLK,BLK,34.555,34.555,above,,BLK,BLK
854J-853L,BLK,BLK,34.555,37.155,above,,BLK,BLK
982C-982X,BLK,BLK,39.755,39.755,above,,BLK,BLK
982C-982N,BLK,BLK,39.755,43.152,above,,BLK,BLK
001O-00AC,BLK,BLK,39.755,43.152,above,,BLK,BLK
981B-982C,BLK,BLK,39.755,39.755,above,,BLK,BLK
981B-981L,BLK,BLK,39.755,43.152,above,,BLK,BLK
950C-950Z,BLK,BLK,39.755,39.755,above,,BLK,BLK
950C-950J,BLK,BLK,39.755,43.152,above,,BLK,BLK
902I-931U,BLK,BLK,39.755,39.755,above,,BLK,BLK
931U-001O,BLK,BLK,39.755,39.755,above,,BLK,BLK
890A-9120,BLK,BLK,39.755,39.755,above,,BLK,BLK
9120-950C,BLK,BLK,39.755,39.755,above,,BLK,BLK
920B-981B,BLK,BLK,39.755,39.755,above,,BLK,BLK
920P-982C,BLK,BLK,39.755,39.755,above,,BLK,BLK
992U-99AD,BLK,BLK,39.755,39.755,above,,BLK,BLK
99AD-99BB,BLK,BLK,39.755,39.755,above,,BLK,BLK
982X-992F,BLK,BLK,39.755,39.755,above,,BLK,BLK
97AG-981B,BLK,BLK,39.755,39.755,above,,BLK,BLK
99BB-99BK,BLK,BLK,39.755,39.755,above,,BLK,BLK
99BK-001L,BLK,BLK,39.755,39.755,above,,BLK,BLK
960Z-970I,BLK,BLK,39.755,39.755,above,,BLK,BLK
950Z-95AH,BLK,BLK,39.755,39.755,above,,BLK,BLK
001L-001O,BLK,BLK,39.755,39.755,above,,BLK,BLK
970I-970N,BLK,BLK,39.755,39.755,above,,BLK,BLK
992F-992U,BLK,BLK,39.755,39.755,above,,BLK,BLK
970N-97AG,BLK,BLK,39.755,39.755,above,,BLK,BLK
95AH-9600,BLK,BLK,39.755,39.755,above,,BLK,BLK
9600-960Z,BLK,BLK,39.755,39.755,above,,BLK,BLK
511H-5140,BLK,BLK,39.755,39.755,above,,BLK,BLK
50BG-50BR,BLK,BLK,39.755,39.755,above,,BLK,BLK
640D-641E,BLK,BLK,24.555,24.555,above,,BLK,BLK
640D-65DB,BLK,BLK,24.555,24.555,above,,BLK,BLK
50AU-50BG,BLK,BLK,39.755,39.755,above,,BLK,BLK
504U-50AF,BLK,BLK,39.755,39.755,above,,BLK,BLK
504N-504U,BLK,BLK,39.755,39.755,above,,BLK,BLK
501D-501L,BLK,BLK,39.755,39.755,above,,BLK,BLK
580K-610P,BLK,BLK,24.555,24.555,above,,BLK,BLK
53BD-53BV,BLK,BLK,39.755,39.755,above,,BLK,BLK
530X-53AF,BLK,BLK,39.755,39.755,above,,BLK,BLK
530O-530X,BLK,BLK,39.755,39.755,above,,BLK,BLK
52AE-52AM,BLK,BLK,39.755,39.755,above,,BLK,BLK
91AG-89AM,BLK,BLK,21.555,21.555,above,,BLK,BLK
91AG-920M,BLK,BLK,21.555,21.555,above,,BLK,BLK
91AG-91AD,BLK,BLK,21.555,24.555,above,,BLK,BLK
520V-52AE,BLK,BLK,39.755,39.755,above,,BLK,BLK
51AL-51AQ,BLK,BLK,39.755,39.755,above,,BLK,BLK
920M-900B,BLK,BLK,21.555,21.555,above,,BLK,BLK
920M-920Q,BLK,BLK,21.555,24.555,above,,BLK,BLK
920M-92AD,BLK,BLK,21.555,21.555,above,,BLK,BLK
56BA-580J,BLK,BLK,39.755,39.755,above,,BLK,BLK
55BU-56BA,BLK,BLK,39.755,39.755,above,,BLK,BLK
573U-594R,BLK,BLK,39.755,39.755,above,,BLK,BLK
594R-62AK,BLK,BLK,39.755,39.755,above,,BLK,BLK
640L-65DP,BLK,BLK,39.755,39.755,above,,BLK,BLK
62CW-640L,BLK,BLK,39.755,39.755,above,,BLK,BLK
610L-62CW,BLK,BLK,39.755,39.755,above,,BLK,BLK
580J-610L,BLK,BLK,39.755,39.755,above,,BLK,BLK
65DP-66BC,BLK,BLK,39.755,39.755,above,,BLK,BLK
567Z-573U,BLK,BLK,39.755,39.755,above,,BLK,BLK
620D-62EX,BLK,BLK,39.755,39.755,above,,BLK,BLK
62EX-6500,BLK,BLK,39.755,39.755,above,,BLK,BLK
6500-663N,BLK,BLK,39.755,39.755,above,,BLK,BLK
571H-591I,BLK,BLK,39.755,39.755,above,,BLK,BLK
565J-571H,BLK,BLK,39.755,39.755,above,,BLK,BLK
591I-620D,BLK,BLK,39.755,39.755,above,,BLK,BLK
62EA-64AK,BLK,BLK,39.755,39.755,above,,BLK,BLK
64AK-662O,BLK,BLK,39.755,39.755,above,,BLK,BLK
832J-833W,BLK,BLK,21.555,21.555,above,,BLK,BLK
832J-831W,BLK,BLK,21.555,21.555,above,,BLK,BLK
8330-833V,BLK,BLK,46.55,46.55,above,,BLK,BLK
8330-832A,BLK,BLK,46.55,46.55,above,,BLK,BLK
833A-833O,BLK,BLK,66.502,66.502,above,,BLK,BLK
833A-831P,BLK,BLK,66.502,66.502,above,,BLK,BLK
833V-83AP,BLK,BLK,46.55,46.55,above,,BLK,BLK
833W-83AB,BLK,BLK,21.555,21.555,above,,BLK,BLK
83AP-840O,BLK,BLK,46.55,46.55,above,,BLK,BLK
83AB-840D,BLK,BLK,21.555,21.555,above,,BLK,BLK
83AB-88AJ,BLK,BLK,21.555,21.555,above,,BLK,BLK
840O-8500,BLK,BLK,46.55,46.55,above,,BLK,BLK
840K-840P,BLK,BLK,21.555,21.555,above,,BLK,BLK
840K-88AK,BLK,BLK,21.555,21.555,above,,BLK,BLK
8500-8520,BLK,BLK,46.55,46.55,above,,BLK,BLK
850A-851D,BLK,BLK,21.555,21.555,above,,BLK,BLK
850A-88AN,BLK,BLK,21.555,21.555,above,,BLK,BLK
8520-852F,BLK,BLK,46.55,46.55,above,,BLK,BLK
851D-852G,BLK,BLK,21.555,21.555,above,,BLK,BLK
852F-852W,BLK,BLK,46.55,46.55,above,,BLK,BLK
852G-852X,BLK,BLK,21.555,21.555,above,,BLK,BLK
852W-854I,BLK,BLK,46.55,46.55,above,,BLK,BLK
852W-87CT,BLK,BLK,46.55,46.55,above,,BLK,BLK
852X-810L,BLK,BLK,21.555,21.555,above,,BLK,BLK
852X-854B,BLK,BLK,21.555,21.555,above,,BLK,BLK
852X-852R,BLK,BLK,21.555,24.555,above,,BLK,BLK
854I-87CW,BLK,BLK,46.55,46.55,above,,BLK,BLK
854I-854T,BLK,BLK,46.55,46.55,above,,BLK,BLK
854B-810U,BLK,BLK,21.555,21.555,above,,BLK,BLK
854B-854U,BLK,BLK,21.555,21.555,above,,BLK,BLK
854B-853J,BLK,BLK,21.555,24.555,above,,BLK,BLK
854T-85AE,BLK,BLK,46.55,46.55,above,,BLK,BLK
854U-85AF,BLK,BLK,21.555,21.555,above,,BLK,BLK
85AE-860L,BLK,BLK,46.55,46.55,above,,BLK,BLK
85AF-860M,BLK,BLK,21.555,21.555,above,,BLK,BLK
860L-861Q,BLK,BLK,46.55,46.55,above,,BLK,BLK
860M-861L,BLK,BLK,21.555,21.555,above,,BLK,BLK
860M-88AO,BLK,BLK,21.555,21.555,above,,BLK,BLK
861Q-872B,BLK,BLK,46.55,46.55,above,,BLK,BLK
861Q-861N,BLK,BLK,46.55,49.676,above,,BLK,BLK
86AA-870C,BLK,BLK,21.555,21.555,above,,BLK,BLK
86AA-88AR,BLK,BLK,21.555,21.555,above,,BLK,BLK
872B-873H,BLK,BLK,46.55,46.55,above,,BLK,BLK
870H-873G,BLK,BLK,21.555,21.555,above,,BLK,BLK
870H-88AS,BLK,BLK,21.555,21.555,above,,BLK,BLK
873H-873T,BLK,BLK,46.55,46.55,above,,BLK,BLK
873G-873U,BLK,BLK,21.555,21.555,above,,BLK,BLK
833O-83AG,BLK,BLK,66.502,66.502,above,,BLK,BLK
620A-62EA,BLK,BLK,39.755,39.755,above,,BLK,BLK
833B-833T,BLK,BLK,24.555,24.555,above,,BLK,BLK
833B-832B,BLK,BLK,24.555,24.555,above,,BLK,BLK
833T-83AC,BLK,BLK,24.555,24.555,above,,BLK,BLK
83AC-840B,BLK,BLK,24.555,24.555,above,,BLK,BLK
840N-840R,BLK,BLK,24.555,24.555,above,,BLK,BLK
8510-851O,BLK,BLK,24.555,24.555,above,,BLK,BLK
851O-852P,BLK,BLK,24.555,24.555,above,,BLK,BLK
852P-852R,BLK,BLK,24.555,24.555,above,,BLK,BLK
852R-810K,BLK,BLK,24.555,24.555,above,,BLK,BLK
852R-853J,BLK,BLK,24.555,24.555,above,,BLK,BLK
852R-853B,BLK,BLK,24.555,26.805,above,,BLK,BLK
853J-810V,BLK,BLK,24.555,24.555,above,,BLK,BLK
853J-854N,BLK,BLK,24.555,24.555,above,,BLK,BLK
853J-854H,BLK,BLK,24.555,26.805,above,,BLK,BLK
854N-85AJ,BLK,BLK,24.555,24.555,above,,BLK,BLK
85AJ-861C,BLK,BLK,24.555,24.555,above,,BLK,BLK
861C-861J,BLK,BLK,24.555,24.555,above,,BLK,BLK
861C-88AP,BLK,BLK,24.555,24.555,above,,BLK,BLK
861M-870B,BLK,BLK,24.555,24.555,above,,BLK,BLK
861M-88AQ,BLK,BLK,24.555,24.555,above,,BLK,BLK
871E-873M,BLK,BLK,24.555,24.555,above,,BLK,BLK
871E-88AT,BLK,BLK,24.555,24.555,above,,BLK,BLK
873M-873X,BLK,BLK,24.555,24.555,above,,BLK,BLK
5710-590J,BLK,BLK,39.755,39.755,above,,BLK,BLK
564F-5710,BLK,BLK,39.755,39.755,above,,BLK,BLK
67AN-7110,BLK,BLK,39.755,39.755,above,,BLK,BLK
680H-711T,BLK,BLK,39.755,39.755,above,,BLK,BLK
690D-691P,BLK,BLK,39.755,39.755,above,,BLK,BLK
667P-690D,BLK,BLK,39.755,39.755,above,,BLK,BLK
663N-680H,BLK,BLK,39.755,39.755,above,,BLK,BLK
662O-67AN,BLK,BLK,39.755,39.755,above,,BLK,BLK
62AK-62GY,BLK,BLK,39.755,39.755,above,,BLK,BLK
62GY-65AW,BLK,BLK,39.755,39.755,above,,BLK,BLK
65AW-667P,BLK,BLK,39.755,39.755,above,,BLK,BLK
590J-620A,BLK,BLK,39.755,39.755,above,,BLK,BLK
667Z-66BC,BLK,BLK,39.755,39.755,above,,BLK,BLK
667Z-694M,BLK,BLK,39.755,39.755,above,,BLK,BLK
667Z-66AM,BLK,BLK,39.755,40.25,above,,BLK,BLK
5140-53BV,BLK,BLK,39.755,39.755,above,,BLK,BLK
5140-512A,BLK,BLK,39.755,43.152,above,,BLK,BLK
87AN-873T,BLK,BLK,46.55,46.55,above,,BLK,BLK
87AN-87AV,BLK,BLK,46.55,49.676,above,,BLK,BLK
87AO-902J,BLK,BLK,21.555,21.555,above,,BLK,BLK
87AO-873U,BLK,BLK,21.555,21.555,above,,BLK,BLK
87AO-87AG,BLK,BLK,21.555,24.555,above,,BLK,BLK
87AG-902O,BLK,BLK,24.555,24.555,above,,BLK,BLK
87AG-873X,BLK,BLK,24.555,24.555,above,,BLK,BLK
87AG-87AT,BLK,BLK,24.555,26.805,above,,BLK,BLK
500B-501D,BLK,BLK,39.755,39.755,above,,BLK,BLK
500B-51AA,BLK,BLK,39.755,39.755,above,,BLK,BLK
500B-500C,BLK,BLK,39.755,43.152,above,,BLK,BLK
831W-890D,BLK,BLK,21.555,21.555,above,,BLK,BLK
831W-832B,BLK,BLK,21.555,24.555,above,,BLK,BLK
832A-831Q,BLK,BLK,46.55,49.676,above,,BLK,BLK
832A-87CB,BLK,BLK,46.55,46.55,above,,BLK,BLK
832B-8000,BLK,BLK,24.555,24.555,above,,BLK,BLK
832B-832E,BLK,BLK,24.555,26.805,above,,BLK,BLK
691P-726H,BLK,BLK,39.755,39.755,above,,BLK,BLK
691P-691B,BLK,BLK,39.755,40.25,above,,BLK,BLK
53BV-53BO,BLK,BLK,39.755,43.152,above,,BLK,BLK
83AG-840M,BLK,BLK,66.502,66.502,above,,BLK,BLK
840M-850C,BLK,BLK,66.502,66.502,above,,BLK,BLK
850C-851I,BLK,BLK,66.502,66.502,above,,BLK,BLK
851I-852I,BLK,BLK,66.502,66.502,above,,BLK,BLK
852I-852V,BLK,BLK,66.502,66.502,above,,BLK,BLK
852V-89AI,BLK,BLK,66.502,66.502,above,,BLK,BLK
853I-85AA,BLK,BLK,66.502,66.502,above,,BLK,BLK
853I-810Y,BLK,BLK,66.502,66.502,above,,BLK,BLK
85AA-860C,BLK,BLK,66.502,66.502,above,,BLK,BLK
860C-860G,BLK,BLK,66.502,66.502,above,,BLK,BLK
860G-861S,BLK,BLK,66.502,66.502,above,,BLK,BLK
861S-871F,BLK,BLK,66.502,66.502,above,,BLK,BLK
871F-873F,BLK,BLK,66.502,66.502,above,,BLK,BLK
873F-873W,BLK,BLK,66.502,66.502,above,,BLK,BLK
51AA-51AL,BLK,BLK,39.755,39.755,above,,BLK,BLK
51AA-516W,BLK,BLK,39.755,43.152,above,,BLK,BLK
87AP-902F,BLK,BLK,66.502,66.502,above,,BLK,BLK
87AP-873W,BLK,BLK,66.502,66.502,above,,BLK,BLK
831P-891D,BLK,BLK,66.502,66.502,above,,BLK,BLK
50AN-50AU,BLK,BLK,39.755,39.755,above,,BLK,BLK
50AN-530I,BLK,BLK,39.755,39.755,above,,BLK,BLK
50AN-50AO,BLK,BLK,39.755,43.152,above,,BLK,BLK
530I-530O,BLK,BLK,39.755,39.755,above,,BLK,BLK
530I-5300,BLK,BLK,39.755,40.25,above,,BLK,BLK
50AF-50AN,BLK,BLK,39.755,39.755,above,,BLK,BLK
50AF-52AM,BLK,BLK,39.755,39.755,above,,BLK,BLK
50AF-50AI,BLK,BLK,39.755,43.152,above,,BLK,BLK
52AM-530I,BLK,BLK,39.755,39.755,above,,BLK,BLK
52AM-52AK,BLK,BLK,39.755,40.25,above,,BLK,BLK
510N-511H,BLK,BLK,39.755,39.755,above,,BLK,BLK
50BR-510N,BLK,BLK,39.755,39.755,above,,BLK,BLK
504D-504N,BLK,BLK,39.755,39.755,above,,BLK,BLK
501L-504D,BLK,BLK,39.755,39.755,above,,BLK,BLK
53BA-53BD,BLK,BLK,39.755,39.755,above,,BLK,BLK
53AF-53BA,BLK,BLK,39.755,39.755,above,,BLK,BLK
520I-520V,BLK,BLK,39.755,39.755,above,,BLK,BLK
51AQ-520I,BLK,BLK,39.755,39.755,above,,BLK,BLK
85AD-861I,BLK,BLK,39.755,39.755,above,,BLK,BLK
83AA-83AJ,BLK,BLK,39.755,39.755,above,,BLK,BLK
873N-873Y,BLK,BLK,39.755,39.755,above,,BLK,BLK
851N-852H,BLK,BLK,39.755,39.755,above,,BLK,BLK
74CL-726H,BLK,BLK,39.755,39.755,above,,BLK,BLK
790D-810D,BLK,BLK,39.755,39.755,above,,BLK,BLK
751W-790D,BLK,BLK,39.755,39.755,above,,BLK,BLK
840Z-851N,BLK,BLK,39.755,39.755,above,,BLK,BLK
840H-840Z,BLK,BLK,39.755,39.755,above,,BLK,BLK
861X-872A,BLK,BLK,39.755,39.755,above,,BLK,BLK
780C-74FS,BLK,BLK,39.755,39.755,above,,BLK,BLK
74FS-730K,BLK,BLK,39.755,39.755,above,,BLK,BLK
743J-751W,BLK,BLK,39.755,39.755,above,,BLK,BLK
873Y-87AH,BLK,BLK,39.755,39.755,above,,BLK,BLK
920Q-900A,BLK,BLK,24.555,24.555,above,,BLK,BLK
920Q-92AC,BLK,BLK,24.555,24.555,above,,BLK,BLK
801E-780C,BLK,BLK,39.755,39.755,above,,BLK,BLK
763T-74CL,BLK,BLK,39.755,39.755,above,,BLK,BLK
810W-854K,BLK,BLK,39.755,39.755,above,,BLK,BLK
854W-85AD,BLK,BLK,39.755,39.755,above,,BLK,BLK
9130-912A,BLK,BLK,21.555,21.555,above,,BLK,BLK
9130-9140,BLK,BLK,21.555,21.555,above,,BLK,BLK
9140-914F,BLK,BLK,21.555,21.555,above,,BLK,BLK
914F-914G,BLK,BLK,21.555,21.555,above,,BLK,BLK
914F-914D,BLK,BLK,21.555,24.555,above,,BLK,BLK
914F-941Q,BLK,BLK,21.555,21.555,above,,BLK,BLK
914G-914P,BLK,BLK,21.555,21.555,above,,BLK,BLK
914G-914H,BLK,BLK,21.555,24.555,above,,BLK,BLK
914G-941X,BLK,BLK,21.555,21.555,above,,BLK,BLK
914P-914U,BLK,BLK,21.555,21.555,above,,BLK,BLK
914P-914R,BLK,BLK,21.555,24.555,above,,BLK,BLK
914P-94AB,BLK,BLK,21.555,21.555,above,,BLK,BLK
914U-91AA,BLK,BLK,21.555,21.555,above,,BLK,BLK
91AA-91AG,BLK,BLK,21.555,21.555,above,,BLK,BLK
75AT-791E,BLK,BLK,39.755,39.755,above,,BLK,BLK
872A-873N,BLK,BLK,39.755,39.755,above,,BLK,BLK
92AD-92AI,BLK,BLK,21.555,21.555,above,,BLK,BLK
92AI-92AN,BLK,BLK,21.555,21.555,above,,BLK,BLK
92AN-9300,BLK,BLK,21.555,21.555,above,,BLK,BLK
92AN-92AM,BLK,BLK,21.555,24.555,above,,BLK,BLK
92AN-94AV,BLK,BLK,21.555,21.555,above,,BLK,BLK
9300-931A,BLK,BLK,21.555,21.555,above,,BLK,BLK
9300-92AQ,BLK,BLK,21.555,24.555,above,,BLK,BLK
9300-94AZ,BLK,BLK,21.555,21.555,above,,BLK,BLK
931A-931D,BLK,BLK,21.555,21.555,above,,BLK,BLK
931A-931B,BLK,BLK,21.555,24.555,above,,BLK,BLK
931A-94BF,BLK,BLK,21.555,21.555,above,,BLK,BLK
931D-931M,BLK,BLK,21.555,21.555,above,,BLK,BLK
74AL-75AT,BLK,BLK,39.755,39.755,above,,BLK,BLK
913D-912D,BLK,BLK,24.555,24.555,above,,BLK,BLK
913D-914A,BLK,BLK,24.555,24.555,above,,BLK,BLK
914A-914D,BLK,BLK,24.555,24.555,above,,BLK,BLK
914D-893B,BLK,BLK,24.555,24.555,above,,BLK,BLK
914D-914H,BLK,BLK,24.555,24.555,above,,BLK,BLK
914H-893F,BLK,BLK,24.555,24.555,above,,BLK,BLK
914H-914R,BLK,BLK,24.555,24.555,above,,BLK,BLK
914R-893P,BLK,BLK,24.555,24.555,above,,BLK,BLK
914R-914V,BLK,BLK,24.555,24.555,above,,BLK,BLK
914V-914Y,BLK,BLK,24.555,24.555,above,,BLK,BLK
914Y-91AD,BLK,BLK,24.555,24.555,above,,BLK,BLK
91AD-89AC,BLK,BLK,24.555,24.555,above,,BLK,BLK
91AD-920Q,BLK,BLK,24.555,24.555,above,,BLK,BLK
91AD-981F,BLK,BLK,24.555,24.555,above,,BLK,BLK
91AD-920I,BLK,BLK,24.555,26.805,above,,BLK,BLK
83AJ-840H,BLK,BLK,39.755,39.755,above,,BLK,BLK
92AC-92AH,BLK,BLK,24.555,24.555,above,,BLK,BLK
92AH-92AM,BLK,BLK,24.555,24.555,above,,BLK,BLK
92AM-92AQ,BLK,BLK,24.555,24.555,above,,BLK,BLK
92AM-992V,BLK,BLK,24.555,24.555,above,,BLK,BLK
92AQ-931B,BLK,BLK,24.555,24.555,above,,BLK,BLK
92AQ-99AG,BLK,BLK,24.555,24.555,above,,BLK,BLK
931B-931E,BLK,BLK,24.555,24.555,above,,BLK,BLK
931B-99BE,BLK,BLK,24.555,24.555,above,,BLK,BLK
931E-931I,BLK,BLK,24.555,24.555,above,,BLK,BLK
730K-694M,BLK,BLK,39.755,39.755,above,,BLK,BLK
799F-763T,BLK,BLK,39.755,39.755,above,,BLK,BLK
791E-810W,BLK,BLK,39.755,39.755,above,,BLK,BLK
852H-853C,BLK,BLK,39.755,39.755,above,,BLK,BLK
810D-853C,BLK,BLK,39.755,39.755,above,,BLK,BLK
833D-83AA,BLK,BLK,39.755,39.755,above,,BLK,BLK
8310-799F,BLK,BLK,39.755,39.755,above,,BLK,BLK
861I-861X,BLK,BLK,39.755,39.755,above,,BLK,BLK
71AB-711T,BLK,BLK,39.755,39.755,above,,BLK,BLK
726B-724F,BLK,BLK,39.755,39.755,above,,BLK,BLK
69AA-694M,BLK,BLK,39.755,39.755,above,,BLK,BLK
703X-703T,BLK,BLK,39.755,39.755,above,,BLK,BLK
703F-701O,BLK,BLK,39.755,39.755,above,,BLK,BLK
701G-69AA,BLK,BLK,39.755,39.755,above,,BLK,BLK
721I-721B,BLK,BLK,39.755,39.755,above,,BLK,BLK
721B-71AB,BLK,BLK,39.755,39.755,above,,BLK,BLK
701O-701G,BLK,BLK,39.755,39.755,above,,BLK,BLK
724F-723B,BLK,BLK,39.755,39.755,above,,BLK,BLK
703T-703F,BLK,BLK,39.755,39.755,above,,BLK,BLK
723B-721I,BLK,BLK,39.755,39.755,above,,BLK,BLK
7110-743J,BLK,BLK,39.755,39.755,above,,BLK,BLK
7110-703X,BLK,BLK,39.755,39.755,above,,BLK,BLK
7110-711E,BLK,BLK,39.755,43.152,above,,BLK,BLK
832D-890A,BLK,BLK,39.755,39.755,above,,BLK,BLK
832D-801E,BLK,BLK,39.755,39.755,above,,BLK,BLK
832D-833D,BLK,BLK,39.755,39.755,above,,BLK,BLK
832D-832F,BLK,BLK,39.755,43.152,above,,BLK,BLK
853C-89AK,BLK,BLK,39.755,39.755,above,,BLK,BLK
853C-854K,BLK,BLK,39.755,39.755,above,,BLK,BLK
853C-8530,BLK,BLK,39.755,43.152,above,,BLK,BLK
87AH-902I,BLK,BLK,39.755,39.755,above,,BLK,BLK
87AH-8310,BLK,BLK,39.755,39.755,above,,BLK,BLK
87AH-87AL,BLK,BLK,39.755,43.152,above,,BLK,BLK
854K-89AR,BLK,BLK,39.755,39.755,above,,BLK,BLK
854K-854W,BLK,BLK,39.755,39.755,above,,BLK,BLK
854K-854A,BLK,BLK,39.755,43.152,above,,BLK,BLK
694M-694O,BLK,BLK,39.755,43.152,above,,BLK,BLK
726H-726B,BLK,BLK,39.755,39.755,above,,BLK,BLK
726H-726T,BLK,BLK,39.755,43.152,above,,BLK,BLK
711T-74AL,BLK,BLK,39.755,39.755,above,,BLK,BLK
711T-7110,BLK,BLK,39.755,39.755,above,,BLK,BLK
711T-711G,BLK,BLK,39.755,43.152,above,,BLK,BLK
711V-71AC,BLK,BLK,46.55,46.55,above,,BLK,BLK
711V-74AH,BLK,BLK,46.55,46.55,above,,BLK,BLK
726J-724L,BLK,BLK,46.55,46.55,above,,BLK,BLK
726J-74DC,BLK,BLK,46.55,46.55,above,,BLK,BLK
726J-691L,BLK,BLK,46.55,46.55,above,,BLK,BLK
694P-730M,BLK,BLK,46.55,46.55,above,,BLK,BLK
694P-66AA,BLK,BLK,46.55,46.55,above,,BLK,BLK
88AJ-893C,BLK,BLK,21.555,21.555,above,,BLK,BLK
88AJ-88AK,BLK,BLK,21.555,21.555,above,,BLK,BLK
88AJ-88AI,BLK,BLK,21.555,24.555,above,,BLK,BLK
88AK-893E,BLK,BLK,21.555,21.555,above,,BLK,BLK
88AK-88AN,BLK,BLK,21.555,21.555,above,,BLK,BLK
88AK-88AL,BLK,BLK,21.555,24.555,above,,BLK,BLK
88AN-893I,BLK,BLK,21.555,21.555,above,,BLK,BLK
88AN-88AM,BLK,BLK,21.555,24.555,above,,BLK,BLK
88AO-900Q,BLK,BLK,21.555,21.555,above,,BLK,BLK
88AO-88AR,BLK,BLK,21.555,21.555,above,,BLK,BLK
88AO-88AP,BLK,BLK,21.555,24.555,above,,BLK,BLK
88AR-9010,BLK,BLK,21.555,21.555,above,,BLK,BLK
88AR-88AS,BLK,BLK,21.555,21.555,above,,BLK,BLK
88AR-88AQ,BLK,BLK,21.555,24.555,above,,BLK,BLK
88AS-901J,BLK,BLK,21.555,21.555,above,,BLK,BLK
88AS-88AT,BLK,BLK,21.555,24.555,above,,BLK,BLK
88AI-83AC,BLK,BLK,24.555,24.555,above,,BLK,BLK
88AI-88AL,BLK,BLK,24.555,24.555,above,,BLK,BLK
88AL-840N,BLK,BLK,24.555,24.555,above,,BLK,BLK
88AL-88AM,BLK,BLK,24.555,24.555,above,,BLK,BLK
88AM-8510,BLK,BLK,24.555,24.555,above,,BLK,BLK
88AP-900P,BLK,BLK,24.555,24.555,above,,BLK,BLK
88AP-88AQ,BLK,BLK,24.555,24.555,above,,BLK,BLK
88AQ-900V,BLK,BLK,24.555,24.555,above,,BLK,BLK
88AQ-88AT,BLK,BLK,24.555,24.555,above,,BLK,BLK
88AT-901H,BLK,BLK,24.555,24.555,above,,BLK,BLK
941Q-941X,BLK,BLK,21.555,21.555,above,,BLK,BLK
941Q-960L,BLK,BLK,21.555,21.555,above,,BLK,BLK
941X-94AB,BLK,BLK,21.555,21.555,above,,BLK,BLK
941X-960T,BLK,BLK,21.555,21.555,above,,BLK,BLK
94AB-970G,BLK,BLK,21.555,21.555,above,,BLK,BLK
94AV-94AZ,BLK,BLK,21.555,21.555,above,,BLK,BLK
94AV-992S,BLK,BLK,21.555,21.555,above,,BLK,BLK
94AZ-94BF,BLK,BLK,21.555,21.555,above,,BLK,BLK
94AZ-99AJ,BLK,BLK,21.555,21.555,above,,BLK,BLK
94BF-99BJ,BLK,BLK,21.555,21.555,above,,BLK,BLK
941S-941Q,BLK,BLK,24.555,21.555,above,,BLK,BLK
941S-941W,BLK,BLK,24.555,24.555,above,,BLK,BLK
941W-941X,BLK,BLK,24.555,21.555,above,,BLK,BLK
941W-94AC,BLK,BLK,24.555,24.555,above,,BLK,BLK
94AC-94AB,BLK,BLK,24.555,21.555,above,,BLK,BLK
94AU-94AV,BLK,BLK,24.555,21.555,above,,BLK,BLK
94AU-94BC,BLK,BLK,24.555,24.555,above,,BLK,BLK
94BC-94AZ,BLK,BLK,24.555,21.555,above,,BLK,BLK
94BC-94BG,BLK,BLK,24.555,24.555,above,,BLK,BLK
94BG-94BF,BLK,BLK,24.555,21.555,above,,BLK,BLK
711C-743K,BLK,BLK,21.555,21.555,above,,BLK,BLK
711C-711F,BLK,BLK,21.555,24.555,above,,BLK,BLK
711C-711P,BLK,BLK,21.555,21.555,above,,BLK,BLK
711F-743S,BLK,BLK,24.555,24.555,above,,BLK,BLK
711F-711B,BLK,BLK,24.555,26.805,above,,BLK,BLK
711F-711R,BLK,BLK,24.555,24.555,above,,BLK,BLK
710F-711V,BLK,BLK,46.55,46.55,above,,BLK,BLK
710F-743T,BLK,BLK,46.55,46.55,above,,BLK,BLK
723D-724H,BLK,BLK,46.55,46.55,above,,BLK,BLK
703Q-70AC,BLK,BLK,46.55,46.55,above,,BLK,BLK
724H-724L,BLK,BLK,46.55,46.55,above,,BLK,BLK
52AS-52AP,BLK,BLK,21.555,24.555,above,,BLK,BLK
52AS-50AA,BLK,BLK,21.555,21.555,above,,BLK,BLK
52AS-565C,BLK,BLK,21.555,21.555,above,,BLK,BLK
52AS-530G,BLK,BLK,21.555,21.555,above,,BLK,BLK
52AP-564K,BLK,BLK,24.555,24.555,above,,BLK,BLK
52AP-52AO,BLK,BLK,24.555,26.805,above,,BLK,BLK
52AP-530H,BLK,BLK,24.555,24.555,above,,BLK,BLK
701W-701Y,BLK,BLK,46.55,46.55,above,,BLK,BLK
591E-61BA,BLK,BLK,21.555,21.555,above,,BLK,BLK
591E-592H,BLK,BLK,21.555,21.555,above,,BLK,BLK
591E-590B,BLK,BLK,21.555,21.555,above,,BLK,BLK
590F-61BC,BLK,BLK,24.555,24.555,above,,BLK,BLK
590F-591E,BLK,BLK,24.555,21.555,above,,BLK,BLK
590F-592I,BLK,BLK,24.555,24.555,above,,BLK,BLK
50AA-50AB,BLK,BLK,21.555,24.555,above,,BLK,BLK
50AA-50AS,BLK,BLK,21.555,21.555,above,,BLK,BLK
50AB-52AP,BLK,BLK,24.555,24.555,above,,BLK,BLK
50AB-50AG,BLK,BLK,24.555,26.805,above,,BLK,BLK
50AB-50AT,BLK,BLK,24.555,24.555,above,,BLK,BLK
721C-721Q,BLK,BLK,46.55,46.55,above,,BLK,BLK
721Q-722C,BLK,BLK,46.55,46.55,above,,BLK,BLK
701H-701W,BLK,BLK,46.55,46.55,above,,BLK,BLK
702G-703Q,BLK,BLK,46.55,46.55,above,,BLK,BLK
70AC-710F,BLK,BLK,46.55,46.55,above,,BLK,BLK
69AD-694P,BLK,BLK,46.55,46.55,above,,BLK,BLK
69AD-701H,BLK,BLK,46.55,46.55,above,,BLK,BLK
71AC-721C,BLK,BLK,46.55,46.55,above,,BLK,BLK
810Q-852W,BLK,BLK,46.55,46.55,above,,BLK,BLK
565C-564K,BLK,BLK,21.555,24.555,above,,BLK,BLK
565C-5711,BLK,BLK,21.555,21.555,above,,BLK,BLK
565C-565S,BLK,BLK,21.555,21.555,above,,BLK,BLK
564K-570J,BLK,BLK,24.555,24.555,above,,BLK,BLK
564K-565T,BLK,BLK,24.555,24.555,above,,BLK,BLK
791H-810T,BLK,BLK,46.55,46.55,above,,BLK,BLK
5711-591E,BLK,BLK,21.555,21.555,above,,BLK,BLK
5711-570J,BLK,BLK,21.555,24.555,above,,BLK,BLK
5711-571M,BLK,BLK,21.555,21.555,above,,BLK,BLK
570J-590F,BLK,BLK,24.555,24.555,above,,BLK,BLK
570J-571N,BLK,BLK,24.555,24.555,above,,BLK,BLK
799C-831K,BLK,BLK,46.55,46.55,above,,BLK,BLK
74AH-75AH,BLK,BLK,46.55,46.55,above,,BLK,BLK
75AH-791H,BLK,BLK,46.55,46.55,above,,BLK,BLK
810T-854I,BLK,BLK,46.55,46.55,above,,BLK,BLK
763X-799C,BLK,BLK,46.55,46.55,above,,BLK,BLK
743T-75AC,BLK,BLK,46.55,46.55,above,,BLK,BLK
75AC-790C,BLK,BLK,46.55,46.55,above,,BLK,BLK
790C-810Q,BLK,BLK,46.55,46.55,above,,BLK,BLK
74DC-763X,BLK,BLK,46.55,46.55,above,,BLK,BLK
51AP-520G,BLK,BLK,46.55,46.55,above,,BLK,BLK
520G-520N,BLK,BLK,46.55,46.55,above,,BLK,BLK
53AM-530V,BLK,BLK,46.55,46.55,above,,BLK,BLK
53AV-53AM,BLK,BLK,46.55,46.55,above,,BLK,BLK
501O-503F,BLK,BLK,46.55,46.55,above,,BLK,BLK
503F-504H,BLK,BLK,46.55,46.55,above,,BLK,BLK
5100-50BJ,BLK,BLK,46.55,46.55,above,,BLK,BLK
510S-5100,BLK,BLK,46.55,46.55,above,,BLK,BLK
50AD-50AL,BLK,BLK,46.55,46.55,above,,BLK,BLK
50AD-52AJ,BLK,BLK,46.55,46.55,above,,BLK,BLK
50AL-50BC,BLK,BLK,46.55,46.55,above,,BLK,BLK
50AL-530B,BLK,BLK,46.55,46.55,above,,BLK,BLK
516X-53CR,BLK,BLK,46.55,46.55,above,,BLK,BLK
516X-51AM,BLK,BLK,46.55,46.55,above,,BLK,BLK
53BP-55AO,BLK,BLK,46.55,46.55,above,,BLK,BLK
500D-516X,BLK,BLK,46.55,46.55,above,,BLK,BLK
500D-501A,BLK,BLK,46.55,46.55,above,,BLK,BLK
513B-53BP,BLK,BLK,46.55,46.55,above,,BLK,BLK
690J-691L,BLK,BLK,46.55,46.55,above,,BLK,BLK
680G-711V,BLK,BLK,46.55,46.55,above,,BLK,BLK
67AK-710F,BLK,BLK,46.55,46.55,above,,BLK,BLK
570S-591G,BLK,BLK,46.55,46.55,above,,BLK,BLK
571F-592C,BLK,BLK,46.55,46.55,above,,BLK,BLK
51AM-51AP,BLK,BLK,46.55,46.55,above,,BLK,BLK
520R-52AF,BLK,BLK,46.55,46.55,above,,BLK,BLK
52AF-52AJ,BLK,BLK,46.55,46.55,above,,BLK,BLK
530V-530U,BLK,BLK,46.55,46.55,above,,BLK,BLK
53BF-53AV,BLK,BLK,46.55,46.55,above,,BLK,BLK
53BF-53BP,BLK,BLK,46.55,46.55,above,,BLK,BLK
501A-501O,BLK,BLK,46.55,46.55,above,,BLK,BLK
504H-504R,BLK,BLK,46.55,46.55,above,,BLK,BLK
504R-50AD,BLK,BLK,46.55,46.55,above,,BLK,BLK
50BJ-50BC,BLK,BLK,46.55,46.55,above,,BLK,BLK
511I-510S,BLK,BLK,46.55,46.55,above,,BLK,BLK
511I-513B,BLK,BLK,46.55,46.55,above,,BLK,BLK
960J-960Y,BLK,BLK,46.55,46.55,above,,BLK,BLK
95AK-960J,BLK,BLK,46.55,46.55,above,,BLK,BLK
970Z-97AC,BLK,BLK,46.55,46.55,above,,BLK,BLK
992G-99AC,BLK,BLK,46.55,46.55,above,,BLK,BLK
970C-970Z,BLK,BLK,46.55,46.55,above,,BLK,BLK
970C-970E,BLK,BLK,46.55,49.676,above,,BLK,BLK
0010-001P,BLK,BLK,46.55,46.55,above,,BLK,BLK
950S-95AK,BLK,BLK,46.55,46.55,above,,BLK,BLK
950S-950O,BLK,BLK,46.55,46.55,above,,BLK,BLK
960Y-970C,BLK,BLK,46.55,46.55,above,,BLK,BLK
000C-0010,BLK,BLK,46.55,46.55,above,,BLK,BLK
99BI-000C,BLK,BLK,46.55,46.55,above,,BLK,BLK
97AC-9810,BLK,BLK,46.55,46.55,above,,BLK,BLK
9910-992G,BLK,BLK,46.55,46.55,above,,BLK,BLK
99AM-99BI,BLK,BLK,46.55,46.55,above,,BLK,BLK
99AM-99AE,BLK,BLK,46.55,49.676,above,,BLK,BLK
99AC-99AM,BLK,BLK,46.55,46.55,above,,BLK,BLK
920L-94AN,BLK,BLK,46.55,46.55,above,,BLK,BLK
91AE-94AK,BLK,BLK,46.55,46.55,above,,BLK,BLK
902E-880O,BLK,BLK,46.55,46.55,above,,BLK,BLK
950O-950B,BLK,BLK,46.55,49.676,above,,BLK,BLK
9810-982F,BLK,BLK,46.55,46.55,above,,BLK,BLK
9810-981A,BLK,BLK,46.55,49.676,above,,BLK,BLK
001P-94BT,BLK,BLK,46.55,46.55,above,,BLK,BLK
001P-001V,BLK,BLK,46.55,49.676,above,,BLK,BLK
982F-9910,BLK,BLK,46.55,46.55,above,,BLK,BLK
982F-982H,BLK,BLK,46.55,49.676,above,,BLK,BLK
65DH-66AX,BLK,BLK,46.55,46.55,above,,BLK,BLK
641B-65BI,BLK,BLK,46.55,46.55,above,,BLK,BLK
62CY-630U,BLK,BLK,46.55,46.55,above,,BLK,BLK
610E-62CY,BLK,BLK,46.55,46.55,above,,BLK,BLK
580A-59AM,BLK,BLK,46.55,46.55,above,,BLK,BLK
56BK-580A,BLK,BLK,46.55,46.55,above,,BLK,BLK
667B-690J,BLK,BLK,46.55,46.55,above,,BLK,BLK
65AM-65CG,BLK,BLK,46.55,46.55,above,,BLK,BLK
62GP-6400,BLK,BLK,46.55,46.55,above,,BLK,BLK
62AM-62GP,BLK,BLK,46.55,46.55,above,,BLK,BLK
59AA-600W,BLK,BLK,46.55,46.55,above,,BLK,BLK
573P-59AA,BLK,BLK,46.55,46.55,above,,BLK,BLK
65CG-667B,BLK,BLK,46.55,46.55,above,,BLK,BLK
6400-65AM,BLK,BLK,46.55,46.55,above,,BLK,BLK
600W-62AM,BLK,BLK,46.55,46.55,above,,BLK,BLK
65BI-65DH,BLK,BLK,46.55,46.55,above,,BLK,BLK
630U-641B,BLK,BLK,46.55,46.55,above,,BLK,BLK
59AM-610E,BLK,BLK,46.55,46.55,above,,BLK,BLK
55BS-56BK,BLK,BLK,46.55,46.55,above,,BLK,BLK
55AO-573P,BLK,BLK,46.55,46.55,above,,BLK,BLK
55AO-55AT,BLK,BLK,46.55,49.676,above,,BLK,BLK
65BY-663J,BLK,BLK,46.55,46.55,above,,BLK,BLK
63AZ-650F,BLK,BLK,46.55,46.55,above,,BLK,BLK
663J-680G,BLK,BLK,46.55,46.55,above,,BLK,BLK
650F-65BY,BLK,BLK,46.55,46.55,above,,BLK,BLK
62FF-63AZ,BLK,BLK,46.55,46.55,above,,BLK,BLK
565H-571F,BLK,BLK,46.55,46.55,above,,BLK,BLK
541W-565H,BLK,BLK,46.55,46.55,above,,BLK,BLK
541W-541U,BLK,BLK,46.55,49.676,above,,BLK,BLK
981G-91AG,BLK,BLK,21.555,21.555,above,,BLK,BLK
981G-981F,BLK,BLK,21.555,24.555,above,,BLK,BLK
981G-982I,BLK,BLK,21.555,21.555,above,,BLK,BLK
981F-982E,BLK,BLK,24.555,24.555,above,,BLK,BLK
592C-600J,BLK,BLK,46.55,46.55,above,,BLK,BLK
622C-62FF,BLK,BLK,46.55,46.55,above,,BLK,BLK
65BS-662H,BLK,BLK,46.55,46.55,above,,BLK,BLK
63AP-64AG,BLK,BLK,46.55,46.55,above,,BLK,BLK
662H-67AK,BLK,BLK,46.55,46.55,above,,BLK,BLK
64AG-65BS,BLK,BLK,46.55,46.55,above,,BLK,BLK
62EE-63AP,BLK,BLK,46.55,46.55,above,,BLK,BLK
61BB-62EE,BLK,BLK,46.55,46.55,above,,BLK,BLK
564B-570S,BLK,BLK,46.55,46.55,above,,BLK,BLK
541M-564B,BLK,BLK,46.55,46.55,above,,BLK,BLK
541M-541R,BLK,BLK,46.55,49.676,above,,BLK,BLK
600J-622C,BLK,BLK,46.55,46.55,above,,BLK,BLK
600H-61BB,BLK,BLK,46.55,46.55,above,,BLK,BLK
591G-600H,BLK,BLK,46.55,46.55,above,,BLK,BLK
66AA-66AX,BLK,BLK,46.55,46.55,above,,BLK,BLK
66AA-66AP,BLK,BLK,46.55,47.155,above,,BLK,BLK
691L-691E,BLK,BLK,46.55,47.155,above,,BLK,BLK
530B-530T,BLK,BLK,46.55,46.55,above,,BLK,BLK
530B-541W,BLK,BLK,46.55,46.55,above,,BLK,BLK
52AJ-541M,BLK,BLK,46.55,46.55,above,,BLK,BLK
52AJ-530B,BLK,BLK,46.55,46.55,above,,BLK,BLK
902L-931W,BLK,BLK,59.055,59.055,above,,BLK,BLK
992Y-99AF,BLK,BLK,59.055,59.055,above,,BLK,BLK
982R-992D,BLK,BLK,59.055,59.055,above,,BLK,BLK
99AV-000J,BLK,BLK,59.055,59.055,above,,BLK,BLK
000J-001E,BLK,BLK,59.055,59.055,above,,BLK,BLK
001E-001X,BLK,BLK,59.055,59.055,above,,BLK,BLK
992D-992Y,BLK,BLK,59.055,59.055,above,,BLK,BLK
65DO-670A,BLK,BLK,59.055,59.055,above,,BLK,BLK
640K-65DO,BLK,BLK,59.055,59.055,above,,BLK,BLK
62CK-640K,BLK,BLK,59.055,59.055,above,,BLK,BLK
610O-62CK,BLK,BLK,59.055,59.055,above,,BLK,BLK
893O-914Q,BLK,BLK,59.055,59.055,above,,BLK,BLK
914Q-96AA,BLK,BLK,59.055,59.055,above,,BLK,BLK
97AD-981J,BLK,BLK,59.055,59.055,above,,BLK,BLK
970O-97AD,BLK,BLK,59.055,59.055,above,,BLK,BLK
960F-96AA,BLK,BLK,59.055,59.055,above,,BLK,BLK
95AP-960F,BLK,BLK,59.055,59.055,above,,BLK,BLK
950Q-95AP,BLK,BLK,59.055,59.055,above,,BLK,BLK
798A-830M,BLK,BLK,59.055,59.055,above,,BLK,BLK
763V-798A,BLK,BLK,59.055,59.055,above,,BLK,BLK
74CX-763V,BLK,BLK,59.055,59.055,above,,BLK,BLK
7270-74CX,BLK,BLK,59.055,59.055,above,,BLK,BLK
694T-730X,BLK,BLK,59.055,59.055,above,,BLK,BLK
901C-92AS,BLK,BLK,59.055,59.055,above,,BLK,BLK
92AS-99AF,BLK,BLK,59.055,59.055,above,,BLK,BLK
62GH-65AS,BLK,BLK,59.055,59.055,above,,BLK,BLK
667K-690E,BLK,BLK,59.055,59.055,above,,BLK,BLK
62AP-62GH,BLK,BLK,59.055,59.055,above,,BLK,BLK
65AS-667K,BLK,BLK,59.055,59.055,above,,BLK,BLK
87AF-87AQ,BLK,BLK,59.055,59.055,above,,BLK,BLK
873D-87AF,BLK,BLK,59.055,59.055,above,,BLK,BLK
870D-873D,BLK,BLK,59.055,59.055,above,,BLK,BLK
861G-870D,BLK,BLK,59.055,59.055,above,,BLK,BLK
860B-861G,BLK,BLK,59.055,59.055,above,,BLK,BLK
854V-860B,BLK,BLK,59.055,59.055,above,,BLK,BLK
852D-853G,BLK,BLK,59.055,59.055,above,,BLK,BLK
851L-852D,BLK,BLK,59.055,59.055,above,,BLK,BLK
84AA-893O,BLK,BLK,59.055,59.055,above,,BLK,BLK
84AA-851L,BLK,BLK,59.055,59.055,above,,BLK,BLK
83AI-84AA,BLK,BLK,59.055,59.055,above,,BLK,BLK
833Q-83AI,BLK,BLK,59.055,59.055,above,,BLK,BLK
832G-833Q,BLK,BLK,59.055,59.055,above,,BLK,BLK
9110-950G,BLK,BLK,59.055,59.055,above,,BLK,BLK
88BG-9110,BLK,BLK,59.055,59.055,above,,BLK,BLK
8010-8320,BLK,BLK,59.055,59.055,above,,BLK,BLK
7800-8010,BLK,BLK,59.055,59.055,above,,BLK,BLK
74GD-7800,BLK,BLK,59.055,59.055,above,,BLK,BLK
730X-74GD,BLK,BLK,59.055,59.055,above,,BLK,BLK
931W-001X,BLK,BLK,59.055,59.055,above,,BLK,BLK
830M-87AQ,BLK,BLK,59.055,59.055,above,,BLK,BLK
690E-691G,BLK,BLK,59.055,59.055,above,,BLK,BLK
66AB-694T,BLK,BLK,59.055,59.055,above,,BLK,BLK
66AB-670A,BLK,BLK,59.055,59.055,above,,BLK,BLK
66AB-66AJ,BLK,BLK,59.055,62.778,above,,BLK,BLK
691G-7270,BLK,BLK,59.055,59.055,above,,BLK,BLK
691G-691N,BLK,BLK,59.055,62.778,above,,BLK,BLK
001X-00AA,BLK,BLK,59.055,62.778,above,,BLK,BLK
96AA-970O,BLK,BLK,59.055,59.055,above,,BLK,BLK
96AA-970K,BLK,BLK,59.055,62.778,above,,BLK,BLK
950G-950Q,BLK,BLK,59.055,59.055,above,,BLK,BLK
950G-950M,BLK,BLK,59.055,62.778,above,,BLK,BLK
99AF-99AV,BLK,BLK,59.055,59.055,above,,BLK,BLK
99AF-99AQ,BLK,BLK,59.055,62.778,above,,BLK,BLK
8320-832G,BLK,BLK,59.055,59.055,above,,BLK,BLK
8320-88BG,BLK,BLK,59.055,59.055,above,,BLK,BLK
8320-832C,BLK,BLK,59.055,62.778,above,,BLK,BLK
87AQ-902L,BLK,BLK,59.055,59.055,above,,BLK,BLK
87AQ-87AS,BLK,BLK,59.055,62.778,above,,BLK,BLK
861O-901C,BLK,BLK,59.055,59.055,above,,BLK,BLK
861O-861Y,BLK,BLK,59.055,62.778,above,,BLK,BLK
52AO-52AR,BLK,BLK,26.805,29.055,above,,BLK,BLK
52AO-530E,BLK,BLK,26.805,26.805,above,,BLK,BLK
52AO-564D,BLK,BLK,26.805,26.805,above,,BLK,BLK
50AG-50AH,BLK,BLK,26.805,29.055,above,,BLK,BLK
50AG-52AO,BLK,BLK,26.805,26.805,above,,BLK,BLK
50AG-50AR,BLK,BLK,26.805,26.805,above,,BLK,BLK
530E-530D,BLK,BLK,26.805,29.055,above,,BLK,BLK
530E-565I,BLK,BLK,26.805,26.805,above,,BLK,BLK
530E-530N,BLK,BLK,26.805,26.805,above,,BLK,BLK
50AR-50AK,BLK,BLK,26.805,29.055,above,,BLK,BLK
50AR-530E,BLK,BLK,26.805,26.805,above,,BLK,BLK
50AR-50AV,BLK,BLK,26.805,26.805,above,,BLK,BLK
516Y-51AD,BLK,BLK,26.805,29.055,above,,BLK,BLK
516Y-55CD,BLK,BLK,26.805,26.805,above,,BLK,BLK
516Y-51AE,BLK,BLK,26.805,26.805,above,,BLK,BLK
53BQ-53BM,BLK,BLK,26.805,29.055,above,,BLK,BLK
53BQ-56AA,BLK,BLK,26.805,26.805,above,,BLK,BLK
691I-691K,BLK,BLK,26.805,29.055,above,,BLK,BLK
691I-726L,BLK,BLK,26.805,26.805,above,,BLK,BLK
5010-500E,BLK,BLK,26.805,29.055,above,,BLK,BLK
5010-516Y,BLK,BLK,26.805,26.805,above,,BLK,BLK
5010-501F,BLK,BLK,26.805,26.805,above,,BLK,BLK
513A-512B,BLK,BLK,26.805,29.055,above,,BLK,BLK
513A-53BQ,BLK,BLK,26.805,26.805,above,,BLK,BLK
66AC-66AQ,BLK,BLK,26.805,29.055,above,,BLK,BLK
66AC-66BF,BLK,BLK,26.805,26.805,above,,BLK,BLK
66AC-694J,BLK,BLK,26.805,26.805,above,,BLK,BLK
591F-61BF,BLK,BLK,26.805,26.805,above,,BLK,BLK
592B-622E,BLK,BLK,26.805,26.805,above,,BLK,BLK
662J-67AM,BLK,BLK,26.805,26.805,above,,BLK,BLK
663H-680N,BLK,BLK,26.805,26.805,above,,BLK,BLK
667J-68AU,BLK,BLK,26.805,26.805,above,,BLK,BLK
68AU-691I,BLK,BLK,26.805,26.805,above,,BLK,BLK
680N-711N,BLK,BLK,26.805,26.805,above,,BLK,BLK
67AM-711B,BLK,BLK,26.805,26.805,above,,BLK,BLK
564D-570M,BLK,BLK,26.805,26.805,above,,BLK,BLK
570M-591F,BLK,BLK,26.805,26.805,above,,BLK,BLK
565I-571G,BLK,BLK,26.805,26.805,above,,BLK,BLK
571G-592B,BLK,BLK,26.805,26.805,above,,BLK,BLK
56AA-573K,BLK,BLK,26.805,26.805,above,,BLK,BLK
65DF-66BF,BLK,BLK,26.805,26.805,above,,BLK,BLK
580F-60AD,BLK,BLK,26.805,26.805,above,,BLK,BLK
59AD-62AL,BLK,BLK,26.805,26.805,above,,BLK,BLK
573K-59AD,BLK,BLK,26.805,26.805,above,,BLK,BLK
55CD-56BJ,BLK,BLK,26.805,26.805,above,,BLK,BLK
56BJ-580F,BLK,BLK,26.805,26.805,above,,BLK,BLK
51AE-5200,BLK,BLK,26.805,26.805,above,,BLK,BLK
5200-520J,BLK,BLK,26.805,26.805,above,,BLK,BLK
520J-520O,BLK,BLK,26.805,26.805,above,,BLK,BLK
520O-52AH,BLK,BLK,26.805,26.805,above,,BLK,BLK
52AH-52AO,BLK,BLK,26.805,26.805,above,,BLK,BLK
530N-530Z,BLK,BLK,26.805,26.805,above,,BLK,BLK
530Z-53AG,BLK,BLK,26.805,26.805,above,,BLK,BLK
53AG-53AT,BLK,BLK,26.805,26.805,above,,BLK,BLK
53AT-53BE,BLK,BLK,26.805,26.805,above,,BLK,BLK
53BE-53BQ,BLK,BLK,26.805,26.805,above,,BLK,BLK
501F-501K,BLK,BLK,26.805,26.805,above,,BLK,BLK
501K-5020,BLK,BLK,26.805,26.805,above,,BLK,BLK
5020-503C,BLK,BLK,26.805,26.805,above,,BLK,BLK
503C-504P,BLK,BLK,26.805,26.805,above,,BLK,BLK
504P-504Q,BLK,BLK,26.805,26.805,above,,BLK,BLK
504Q-50AG,BLK,BLK,26.805,26.805,above,,BLK,BLK
50AV-50BF,BLK,BLK,26.805,26.805,above,,BLK,BLK
50BF-50BQ,BLK,BLK,26.805,26.805,above,,BLK,BLK
50BQ-510H,BLK,BLK,26.805,26.805,above,,BLK,BLK
510H-510O,BLK,BLK,26.805,26.805,above,,BLK,BLK
510O-511F,BLK,BLK,26.805,26.805,above,,BLK,BLK
511F-513A,BLK,BLK,26.805,26.805,above,,BLK,BLK
001C-001Q,BLK,BLK,26.805,26.805,above,,BLK,BLK
000E-001C,BLK,BLK,26.805,26.805,above,,BLK,BLK
99AW-000E,BLK,BLK,26.805,26.805,above,,BLK,BLK
99AL-99AW,BLK,BLK,26.805,26.805,above,,BLK,BLK
99AB-99AL,BLK,BLK,26.805,26.805,above,,BLK,BLK
992E-99AB,BLK,BLK,26.805,26.805,above,,BLK,BLK
990A-992E,BLK,BLK,26.805,26.805,above,,BLK,BLK
980B-981M,BLK,BLK,26.805,26.805,above,,BLK,BLK
970Y-980B,BLK,BLK,26.805,26.805,above,,BLK,BLK
970L-970Y,BLK,BLK,26.805,26.805,above,,BLK,BLK
960U-970L,BLK,BLK,26.805,26.805,above,,BLK,BLK
960G-960U,BLK,BLK,26.805,26.805,above,,BLK,BLK
95AR-960G,BLK,BLK,26.805,26.805,above,,BLK,BLK
95AE-95AR,BLK,BLK,26.805,26.805,above,,BLK,BLK
981M-982G,BLK,BLK,26.805,26.805,above,,BLK,BLK
8710-873A,BLK,BLK,26.805,26.805,above,,BLK,BLK
840V-851K,BLK,BLK,26.805,26.805,above,,BLK,BLK
92AA-982G,BLK,BLK,26.805,26.805,above,,BLK,BLK
873V-87AT,BLK,BLK,26.805,26.805,above,,BLK,BLK
873A-873V,BLK,BLK,26.805,26.805,above,,BLK,BLK
860F-860K,BLK,BLK,26.805,26.805,above,,BLK,BLK
854O-860F,BLK,BLK,26.805,26.805,above,,BLK,BLK
852N-853B,BLK,BLK,26.805,26.805,above,,BLK,BLK
851K-852N,BLK,BLK,26.805,26.805,above,,BLK,BLK
833P-83AK,BLK,BLK,26.805,26.805,above,,BLK,BLK
833C-833P,BLK,BLK,26.805,26.805,above,,BLK,BLK
6410-65DF,BLK,BLK,26.805,26.805,above,,BLK,BLK
81AG-854H,BLK,BLK,26.805,26.805,above,,BLK,BLK
810G-853B,BLK,BLK,26.805,26.805,above,,BLK,BLK
78AA-810G,BLK,BLK,26.805,26.805,above,,BLK,BLK
792C-81AG,BLK,BLK,26.805,26.805,above,,BLK,BLK
751S-78AA,BLK,BLK,26.805,26.805,above,,BLK,BLK
75AI-792C,BLK,BLK,26.805,26.805,above,,BLK,BLK
743Y-75AI,BLK,BLK,26.805,26.805,above,,BLK,BLK
743Y-711N,BLK,BLK,26.805,26.805,above,,BLK,BLK
743R-751S,BLK,BLK,26.805,26.805,above,,BLK,BLK
641Z-662J,BLK,BLK,26.805,26.805,above,,BLK,BLK
65AN-667J,BLK,BLK,26.805,26.805,above,,BLK,BLK
650M-663H,BLK,BLK,26.805,26.805,above,,BLK,BLK
910S-950H,BLK,BLK,26.805,26.805,above,,BLK,BLK
891C-910S,BLK,BLK,26.805,26.805,above,,BLK,BLK
801F-832E,BLK,BLK,26.805,26.805,above,,BLK,BLK
931P-001Q,BLK,BLK,26.805,26.805,above,,BLK,BLK
902R-931P,BLK,BLK,26.805,26.805,above,,BLK,BLK
830O-87AT,BLK,BLK,26.805,26.805,above,,BLK,BLK
726D-726L,BLK,BLK,26.805,26.805,above,,BLK,BLK
7200-720F,BLK,BLK,26.805,26.805,above,,BLK,BLK
710A-711B,BLK,BLK,26.805,26.805,above,,BLK,BLK
700A-701D,BLK,BLK,26.805,26.805,above,,BLK,BLK
724C-726D,BLK,BLK,26.805,26.805,above,,BLK,BLK
723A-724C,BLK,BLK,26.805,26.805,above,,BLK,BLK
722E-723A,BLK,BLK,26.805,26.805,above,,BLK,BLK
721P-722E,BLK,BLK,26.805,26.805,above,,BLK,BLK
720F-721P,BLK,BLK,26.805,26.805,above,,BLK,BLK
703L-710A,BLK,BLK,26.805,26.805,above,,BLK,BLK
703C-703L,BLK,BLK,26.805,26.805,above,,BLK,BLK
702E-703C,BLK,BLK,26.805,26.805,above,,BLK,BLK
701X-702E,BLK,BLK,26.805,26.805,above,,BLK,BLK
701D-701X,BLK,BLK,26.805,26.805,above,,BLK,BLK
950H-950K,BLK,BLK,26.805,29.055,above,,BLK,BLK
950H-95AE,BLK,BLK,26.805,26.805,above,,BLK,BLK
001Q-001Z,BLK,BLK,26.805,29.055,above,,BLK,BLK
982G-982P,BLK,BLK,26.805,29.055,above,,BLK,BLK
982G-990A,BLK,BLK,26.805,26.805,above,,BLK,BLK
694J-694K,BLK,BLK,26.805,27.055,above,,BLK,BLK
694J-700A,BLK,BLK,26.805,26.805,above,,BLK,BLK
726L-726R,BLK,BLK,26.805,27.055,above,,BLK,BLK
711N-711H,BLK,BLK,26.805,29.055,above,,BLK,BLK
711N-7200,BLK,BLK,26.805,26.805,above,,BLK,BLK
711B-710I,BLK,BLK,26.805,29.055,above,,BLK,BLK
711B-743R,BLK,BLK,26.805,26.805,above,,BLK,BLK
711B-711N,BLK,BLK,26.805,26.805,above,,BLK,BLK
920I-91AH,BLK,BLK,26.805,29.055,above,,BLK,BLK
832E-831U,BLK,BLK,26.805,29.055,above,,BLK,BLK
832E-833C,BLK,BLK,26.805,26.805,above,,BLK,BLK
832E-891C,BLK,BLK,26.805,26.805,above,,BLK,BLK
87AT-87AR,BLK,BLK,26.805,29.055,above,,BLK,BLK
87AT-902R,BLK,BLK,26.805,26.805,above,,BLK,BLK
854H-89AU,BLK,BLK,26.805,26.805,above,,BLK,BLK
854H-854C,BLK,BLK,26.805,29.055,above,,BLK,BLK
854H-854O,BLK,BLK,26.805,26.805,above,,BLK,BLK
853B-89AB,BLK,BLK,26.805,26.805,above,,BLK,BLK
853B-853H,BLK,BLK,26.805,29.055,above,,BLK,BLK
853B-854H,BLK,BLK,26.805,26.805,above,,BLK,BLK
511D-513C,BLK,BLK,31.805,31.805,above,,BLK,BLK
511A-511D,BLK,BLK,31.805,31.805,above,,BLK,BLK
510G-511A,BLK,BLK,31.805,31.805,above,,BLK,BLK
510C-510G,BLK,BLK,31.805,31.805,above,,BLK,BLK
50BO-510C,BLK,BLK,31.805,31.805,above,,BLK,BLK
50BD-50BO,BLK,BLK,31.805,31.805,above,,BLK,BLK
504T-50AC,BLK,BLK,31.805,31.805,above,,BLK,BLK
504J-504T,BLK,BLK,31.805,31.805,above,,BLK,BLK
503E-504J,BLK,BLK,31.805,31.805,above,,BLK,BLK
503A-503E,BLK,BLK,31.805,31.805,above,,BLK,BLK
501M-503A,BLK,BLK,31.805,31.805,above,,BLK,BLK
501I-501M,BLK,BLK,31.805,31.805,above,,BLK,BLK
53BJ-53BL,BLK,BLK,31.805,31.805,above,,BLK,BLK
53AU-53BJ,BLK,BLK,31.805,31.805,above,,BLK,BLK
53AL-53AU,BLK,BLK,31.805,31.805,above,,BLK,BLK
530Y-53AL,BLK,BLK,31.805,31.805,above,,BLK,BLK
530P-530Y,BLK,BLK,31.805,31.805,above,,BLK,BLK
52AC-52AL,BLK,BLK,31.805,31.805,above,,BLK,BLK
520U-52AC,BLK,BLK,31.805,31.805,above,,BLK,BLK
520D-520U,BLK,BLK,31.805,31.805,above,,BLK,BLK
51AT-520D,BLK,BLK,31.805,31.805,above,,BLK,BLK
51AJ-51AT,BLK,BLK,31.805,31.805,above,,BLK,BLK
56BB-580B,BLK,BLK,31.805,31.805,above,,BLK,BLK
55BX-56BB,BLK,BLK,31.805,31.805,above,,BLK,BLK
573E-59AC,BLK,BLK,31.805,31.805,above,,BLK,BLK
59AC-62AJ,BLK,BLK,31.805,31.805,above,,BLK,BLK
640H-65DG,BLK,BLK,31.805,31.805,above,,BLK,BLK
62CR-640H,BLK,BLK,31.805,31.805,above,,BLK,BLK
610F-62CR,BLK,BLK,31.805,31.805,above,,BLK,BLK
580B-610F,BLK,BLK,31.805,31.805,above,,BLK,BLK
65DG-6700,BLK,BLK,31.805,31.805,above,,BLK,BLK
56AD-573E,BLK,BLK,31.805,31.805,above,,BLK,BLK
620C-62EY,BLK,BLK,31.805,31.805,above,,BLK,BLK
62EY-64AS,BLK,BLK,31.805,31.805,above,,BLK,BLK
64AS-663K,BLK,BLK,31.805,31.805,above,,BLK,BLK
571E-591L,BLK,BLK,31.805,31.805,above,,BLK,BLK
565V-571E,BLK,BLK,31.805,31.805,above,,BLK,BLK
591L-620C,BLK,BLK,31.805,31.805,above,,BLK,BLK
62EL-64AM,BLK,BLK,31.805,31.805,above,,BLK,BLK
64AM-6630,BLK,BLK,31.805,31.805,above,,BLK,BLK
61AQ-62EL,BLK,BLK,31.805,31.805,above,,BLK,BLK
570U-590G,BLK,BLK,31.805,31.805,above,,BLK,BLK
564E-570U,BLK,BLK,31.805,31.805,above,,BLK,BLK
6800-710D,BLK,BLK,31.805,31.805,above,,BLK,BLK
680C-711S,BLK,BLK,31.805,31.805,above,,BLK,BLK
690B-691H,BLK,BLK,31.805,31.805,above,,BLK,BLK
667G-690B,BLK,BLK,31.805,31.805,above,,BLK,BLK
663K-680C,BLK,BLK,31.805,31.805,above,,BLK,BLK
6630-6800,BLK,BLK,31.805,31.805,above,,BLK,BLK
62AJ-62GN,BLK,BLK,31.805,31.805,above,,BLK,BLK
62GN-65AK,BLK,BLK,31.805,31.805,above,,BLK,BLK
65AK-667G,BLK,BLK,31.805,31.805,above,,BLK,BLK
590G-61AQ,BLK,BLK,31.805,31.805,above,,BLK,BLK
66AD-66AR,BLK,BLK,31.805,34.555,above,,BLK,BLK
66AD-6700,BLK,BLK,31.805,31.805,above,,BLK,BLK
66AD-694L,BLK,BLK,31.805,31.805,above,,BLK,BLK
513C-513E,BLK,BLK,31.805,34.555,above,,BLK,BLK
513C-53BL,BLK,BLK,31.805,31.805,above,,BLK,BLK
5002-500H,BLK,BLK,31.805,34.555,above,,BLK,BLK
5002-501I,BLK,BLK,31.805,31.805,above,,BLK,BLK
5002-516Z,BLK,BLK,31.805,31.805,above,,BLK,BLK
691H-690N,BLK,BLK,31.805,34.555,above,,BLK,BLK
691H-727C,BLK,BLK,31.805,31.805,above,,BLK,BLK
53BL-53BN,BLK,BLK,31.805,34.555,above,,BLK,BLK
53BL-56AD,BLK,BLK,31.805,31.805,above,,BLK,BLK
516Z-516T,BLK,BLK,31.805,34.555,above,,BLK,BLK
516Z-51AJ,BLK,BLK,31.805,31.805,above,,BLK,BLK
516Z-55BX,BLK,BLK,31.805,31.805,above,,BLK,BLK
50AP-50AM,BLK,BLK,31.805,34.555,above,,BLK,BLK
50AP-50BD,BLK,BLK,31.805,31.805,above,,BLK,BLK
50AP-530A,BLK,BLK,31.805,31.805,above,,BLK,BLK
530A-530F,BLK,BLK,31.805,34.555,above,,BLK,BLK
530A-530P,BLK,BLK,31.805,31.805,above,,BLK,BLK
530A-565V,BLK,BLK,31.805,31.805,above,,BLK,BLK
50AC-50AJ,BLK,BLK,31.805,34.555,above,,BLK,BLK
50AC-50AP,BLK,BLK,31.805,31.805,above,,BLK,BLK
50AC-52AL,BLK,BLK,31.805,31.805,above,,BLK,BLK
52AL-52AI,BLK,BLK,31.805,34.555,above,,BLK,BLK
52AL-564E,BLK,BLK,31.805,31.805,above,,BLK,BLK
52AL-530A,BLK,BLK,31.805,31.805,above,,BLK,BLK
853K-900D,BLK,BLK,31.805,31.805,above,,BLK,BLK
853K-854J,BLK,BLK,31.805,34.555,above,,BLK,BLK
853K-854S,BLK,BLK,31.805,31.805,above,,BLK,BLK
711S-711M,BLK,BLK,31.805,34.555,above,,BLK,BLK
711S-71AA,BLK,BLK,31.805,31.805,above,,BLK,BLK
711S-74AB,BLK,BLK,31.805,31.805,above,,BLK,BLK
710D-711A,BLK,BLK,31.805,34.555,above,,BLK,BLK
710D-711S,BLK,BLK,31.805,31.805,above,,BLK,BLK
710D-743N,BLK,BLK,31.805,31.805,above,,BLK,BLK
727C-726K,BLK,BLK,31.805,33.755,above,,BLK,BLK
727C-74DB,BLK,BLK,31.805,31.805,above,,BLK,BLK
950A-950I,BLK,BLK,31.805,34.555,above,,BLK,BLK
950A-950R,BLK,BLK,31.805,31.805,above,,BLK,BLK
694L-694U,BLK,BLK,31.805,33.755,above,,BLK,BLK
694L-7010,BLK,BLK,31.805,31.805,above,,BLK,BLK
694L-730R,BLK,BLK,31.805,31.805,above,,BLK,BLK
87AU-87AI,BLK,BLK,31.805,34.555,above,,BLK,BLK
87AU-902P,BLK,BLK,31.805,31.805,above,,BLK,BLK
852U-89AP,BLK,BLK,31.805,31.805,above,,BLK,BLK
852U-853E,BLK,BLK,31.805,34.555,above,,BLK,BLK
852U-853K,BLK,BLK,31.805,31.805,above,,BLK,BLK
831V-831T,BLK,BLK,31.805,34.555,above,,BLK,BLK
831V-890G,BLK,BLK,31.805,31.805,above,,BLK,BLK
831V-833F,BLK,BLK,31.805,31.805,above,,BLK,BLK
982A-982J,BLK,BLK,31.805,34.555,above,,BLK,BLK
982A-990B,BLK,BLK,31.805,31.805,above,,BLK,BLK
00AD-001S,BLK,BLK,31.805,34.555,above,,BLK,BLK
920E-9200,BLK,BLK,31.805,34.555,above,,BLK,BLK
703B-703R,BLK,BLK,31.805,31.805,above,,BLK,BLK
702B-703B,BLK,BLK,31.805,31.805,above,,BLK,BLK
701S-702B,BLK,BLK,31.805,31.805,above,,BLK,BLK
703R-703W,BLK,BLK,31.805,31.805,above,,BLK,BLK
720C-721K,BLK,BLK,31.805,31.805,above,,BLK,BLK
724G-726E,BLK,BLK,31.805,31.805,above,,BLK,BLK
701J-701S,BLK,BLK,31.805,31.805,above,,BLK,BLK
721K-722A,BLK,BLK,31.805,31.805,above,,BLK,BLK
723I-724G,BLK,BLK,31.805,31.805,above,,BLK,BLK
722A-723I,BLK,BLK,31.805,31.805,above,,BLK,BLK
7010-701J,BLK,BLK,31.805,31.805,above,,BLK,BLK
726E-727C,BLK,BLK,31.805,31.805,above,,BLK,BLK
71AA-720C,BLK,BLK,31.805,31.805,above,,BLK,BLK
703W-710D,BLK,BLK,31.805,31.805,above,,BLK,BLK
77AD-79AX,BLK,BLK,31.805,31.805,above,,BLK,BLK
770S-79AL,BLK,BLK,31.805,31.805,above,,BLK,BLK
792B-81AC,BLK,BLK,31.805,31.805,above,,BLK,BLK
79AX-831C,BLK,BLK,31.805,31.805,above,,BLK,BLK
890G-911A,BLK,BLK,31.805,31.805,above,,BLK,BLK
873I-87AD,BLK,BLK,31.805,31.805,above,,BLK,BLK
833F-833Y,BLK,BLK,31.805,31.805,above,,BLK,BLK
800C-831V,BLK,BLK,31.805,31.805,above,,BLK,BLK
831C-87AU,BLK,BLK,31.805,31.805,above,,BLK,BLK
74DB-763U,BLK,BLK,31.805,31.805,above,,BLK,BLK
931V-00AD,BLK,BLK,31.805,31.805,above,,BLK,BLK
81AC-853K,BLK,BLK,31.805,31.805,above,,BLK,BLK
79AL-800C,BLK,BLK,31.805,31.805,above,,BLK,BLK
854S-85AG,BLK,BLK,31.805,31.805,above,,BLK,BLK
87AD-87AU,BLK,BLK,31.805,31.805,above,,BLK,BLK
75AP-792B,BLK,BLK,31.805,31.805,above,,BLK,BLK
790A-810I,BLK,BLK,31.805,31.805,above,,BLK,BLK
902P-931V,BLK,BLK,31.805,31.805,above,,BLK,BLK
763U-77AD,BLK,BLK,31.805,31.805,above,,BLK,BLK
911A-950A,BLK,BLK,31.805,31.805,above,,BLK,BLK
730R-74FV,BLK,BLK,31.805,31.805,above,,BLK,BLK
74FV-770S,BLK,BLK,31.805,31.805,above,,BLK,BLK
85AG-861A,BLK,BLK,31.805,31.805,above,,BLK,BLK
833Y-83AH,BLK,BLK,31.805,31.805,above,,BLK,BLK
852A-852B,BLK,BLK,31.805,31.805,above,,BLK,BLK
852B-852U,BLK,BLK,31.805,31.805,above,,BLK,BLK
743N-751Q,BLK,BLK,31.805,31.805,above,,BLK,BLK
751Q-790A,BLK,BLK,31.805,31.805,above,,BLK,BLK
810I-852U,BLK,BLK,31.805,31.805,above,,BLK,BLK
74AB-75AP,BLK,BLK,31.805,31.805,above,,BLK,BLK
920S-982A,BLK,BLK,31.805,31.805,above,,BLK,BLK
861A-8700,BLK,BLK,31.805,31.805,above,,BLK,BLK
83AH-840G,BLK,BLK,31.805,31.805,above,,BLK,BLK
840G-840T,BLK,BLK,31.805,31.805,above,,BLK,BLK
840T-852A,BLK,BLK,31.805,31.805,above,,BLK,BLK
8700-871C,BLK,BLK,31.805,31.805,above,,BLK,BLK
871C-873I,BLK,BLK,31.805,31.805,above,,BLK,BLK
99BA-99BL,BLK,BLK,31.805,31.805,above,,BLK,BLK
970S-980F,BLK,BLK,31.805,31.805,above,,BLK,BLK
001I-00AD,BLK,BLK,31.805,31.805,above,,BLK,BLK
950R-95AJ,BLK,BLK,31.805,31.805,above,,BLK,BLK
99AS-99BA,BLK,BLK,31.805,31.805,above,,BLK,BLK
96AC-970S,BLK,BLK,31.805,31.805,above,,BLK,BLK
981N-982A,BLK,BLK,31.805,31.805,above,,BLK,BLK
991C-99AA,BLK,BLK,31.805,31.805,above,,BLK,BLK
99BL-001I,BLK,BLK,31.805,31.805,above,,BLK,BLK
960S-96AC,BLK,BLK,31.805,31.805,above,,BLK,BLK
990B-991C,BLK,BLK,31.805,31.805,above,,BLK,BLK
95AJ-95AV,BLK,BLK,31.805,31.805,above,,BLK,BLK
95AV-960S,BLK,BLK,31.805,31.805,above,,BLK,BLK
980F-981N,BLK,BLK,31.805,31.805,above,,BLK,BLK
99AA-99AS,BLK,BLK,31.805,31.805,above,,BLK,BLK
51AS-520E,BLK,BLK,37.155,37.155,above,,BLK,BLK
520E-520Q,BLK,BLK,37.155,37.155,above,,BLK,BLK
53AO-53AS,BLK,BLK,37.155,37.155,above,,BLK,BLK
53AS-53BB,BLK,BLK,37.155,37.155,above,,BLK,BLK
501Q-504B,BLK,BLK,37.155,37.155,above,,BLK,BLK
504B-504G,BLK,BLK,37.155,37.155,above,,BLK,BLK
510A-511B,BLK,BLK,37.155,37.155,above,,BLK,BLK
511B-511C,BLK,BLK,37.155,37.155,above,,BLK,BLK
52AQ-52AM,BLK,BLK,37.155,39.755,above,,BLK,BLK
52AQ-530C,BLK,BLK,37.155,37.155,above,,BLK,BLK
52AQ-565A,BLK,BLK,37.155,37.155,above,,BLK,BLK
50AE-50AF,BLK,BLK,37.155,39.755,above,,BLK,BLK
50AE-52AQ,BLK,BLK,37.155,37.155,above,,BLK,BLK
50AE-50AQ,BLK,BLK,37.155,37.155,above,,BLK,BLK
530C-530I,BLK,BLK,37.155,39.755,above,,BLK,BLK
530C-565F,BLK,BLK,37.155,37.155,above,,BLK,BLK
530C-530K,BLK,BLK,37.155,37.155,above,,BLK,BLK
50AQ-50AN,BLK,BLK,37.155,39.755,above,,BLK,BLK
50AQ-530C,BLK,BLK,37.155,37.155,above,,BLK,BLK
50AQ-50AX,BLK,BLK,37.155,37.155,above,,BLK,BLK
516V-51AA,BLK,BLK,37.155,39.755,above,,BLK,BLK
516V-55BQ,BLK,BLK,37.155,37.155,above,,BLK,BLK
516V-51AF,BLK,BLK,37.155,37.155,above,,BLK,BLK
53BR-53BV,BLK,BLK,37.155,39.755,above,,BLK,BLK
53BR-567Y,BLK,BLK,37.155,37.155,above,,BLK,BLK
691F-691P,BLK,BLK,37.155,39.755,above,,BLK,BLK
691F-726U,BLK,BLK,37.155,37.155,above,,BLK,BLK
500A-500B,BLK,BLK,37.155,39.755,above,,BLK,BLK
500A-516V,BLK,BLK,37.155,37.155,above,,BLK,BLK
500A-501C,BLK,BLK,37.155,37.155,above,,BLK,BLK
5130-5140,BLK,BLK,37.155,39.755,above,,BLK,BLK
5130-53BR,BLK,BLK,37.155,37.155,above,,BLK,BLK
66AE-667Z,BLK,BLK,37.155,39.755,above,,BLK,BLK
66AE-66BB,BLK,BLK,37.155,37.155,above,,BLK,BLK
66AE-694N,BLK,BLK,37.155,37.155,above,,BLK,BLK
591D-6200,BLK,BLK,37.155,37.155,above,,BLK,BLK
592A-622F,BLK,BLK,37.155,37.155,above,,BLK,BLK
65BE-667U,BLK,BLK,37.155,37.155,above,,BLK,BLK
62GR-65BE,BLK,BLK,37.155,37.155,above,,BLK,BLK
62AH-62GR,BLK,BLK,37.155,37.155,above,,BLK,BLK
662Q-67AL,BLK,BLK,37.155,37.155,above,,BLK,BLK
663F-680K,BLK,BLK,37.155,37.155,above,,BLK,BLK
667U-690G,BLK,BLK,37.155,37.155,above,,BLK,BLK
690G-691F,BLK,BLK,37.155,37.155,above,,BLK,BLK
680K-711J,BLK,BLK,37.155,37.155,above,,BLK,BLK
67AL-710K,BLK,BLK,37.155,37.155,above,,BLK,BLK
565A-570P,BLK,BLK,37.155,37.155,above,,BLK,BLK
570P-591D,BLK,BLK,37.155,37.155,above,,BLK,BLK
6200-62EN,BLK,BLK,37.155,37.155,above,,BLK,BLK
64AI-662Q,BLK,BLK,37.155,37.155,above,,BLK,BLK
62EN-64AI,BLK,BLK,37.155,37.155,above,,BLK,BLK
565F-571C,BLK,BLK,37.155,37.155,above,,BLK,BLK
571C-592A,BLK,BLK,37.155,37.155,above,,BLK,BLK
650I-663F,BLK,BLK,37.155,37.155,above,,BLK,BLK
622F-650I,BLK,BLK,37.155,37.155,above,,BLK,BLK
567Y-573J,BLK,BLK,37.155,37.155,above,,BLK,BLK
65DQ-66BB,BLK,BLK,37.155,37.155,above,,BLK,BLK
580E-610D,BLK,BLK,37.155,37.155,above,,BLK,BLK
610D-62CZ,BLK,BLK,37.155,37.155,above,,BLK,BLK
62CZ-640J,BLK,BLK,37.155,37.155,above,,BLK,BLK
640J-65DQ,BLK,BLK,37.155,37.155,above,,BLK,BLK
59AB-62AH,BLK,BLK,37.155,37.155,above,,BLK,BLK
573J-59AB,BLK,BLK,37.155,37.155,above,,BLK,BLK
55BQ-56BC,BLK,BLK,37.155,37.155,above,,BLK,BLK
56BC-580E,BLK,BLK,37.155,37.155,above,,BLK,BLK
51AF-51AS,BLK,BLK,37.155,37.155,above,,BLK,BLK
520Q-52AD,BLK,BLK,37.155,37.155,above,,BLK,BLK
52AD-52AQ,BLK,BLK,37.155,37.155,above,,BLK,BLK
530K-53AA,BLK,BLK,37.155,37.155,above,,BLK,BLK
53AA-53AO,BLK,BLK,37.155,37.155,above,,BLK,BLK
53BB-53BR,BLK,BLK,37.155,37.155,above,,BLK,BLK
501C-501Q,BLK,BLK,37.155,37.155,above,,BLK,BLK
504G-504S,BLK,BLK,37.155,37.155,above,,BLK,BLK
504S-50AE,BLK,BLK,37.155,37.155,above,,BLK,BLK
50AX-50BI,BLK,BLK,37.155,37.155,above,,BLK,BLK
50BI-510A,BLK,BLK,37.155,37.155,above,,BLK,BLK
511C-5130,BLK,BLK,37.155,37.155,above,,BLK,BLK
960D-960P,BLK,BLK,37.155,37.155,above,,BLK,BLK
95AQ-960D,BLK,BLK,37.155,37.155,above,,BLK,BLK
970P-97AK,BLK,BLK,37.155,37.155,above,,BLK,BLK
992M-992Z,BLK,BLK,37.155,37.155,above,,BLK,BLK
970H-970P,BLK,BLK,37.155,37.155,above,,BLK,BLK
001J-001U,BLK,BLK,37.155,37.155,above,,BLK,BLK
950P-95AQ,BLK,BLK,37.155,37.155,above,,BLK,BLK
960P-970H,BLK,BLK,37.155,37.155,above,,BLK,BLK
000D-001J,BLK,BLK,37.155,37.155,above,,BLK,BLK
99BD-000D,BLK,BLK,37.155,37.155,above,,BLK,BLK
97AK-981C,BLK,BLK,37.155,37.155,above,,BLK,BLK
98AA-992M,BLK,BLK,37.155,37.155,above,,BLK,BLK
99AN-99BD,BLK,BLK,37.155,37.155,above,,BLK,BLK
992Z-99AN,BLK,BLK,37.155,37.155,above,,BLK,BLK
920U-982D,BLK,BLK,37.155,37.155,above,,BLK,BLK
920G-981C,BLK,BLK,37.155,37.155,above,,BLK,BLK
912C-950N,BLK,BLK,37.155,37.155,above,,BLK,BLK
88BH-912C,BLK,BLK,37.155,37.155,above,,BLK,BLK
931Y-001U,BLK,BLK,37.155,37.155,above,,BLK,BLK
902U-931Y,BLK,BLK,37.155,37.155,above,,BLK,BLK
950N-950C,BLK,BLK,37.155,39.755,above,,BLK,BLK
950N-950P,BLK,BLK,37.155,37.155,above,,BLK,BLK
981C-981B,BLK,BLK,37.155,39.755,above,,BLK,BLK
981C-982D,BLK,BLK,37.155,37.155,above,,BLK,BLK
001U-001O,BLK,BLK,37.155,39.755,above,,BLK,BLK
982D-982C,BLK,BLK,37.155,39.755,above,,BLK,BLK
982D-98AA,BLK,BLK,37.155,37.155,above,,BLK,BLK
831O-832D,BLK,BLK,37.155,39.755,above,,BLK,BLK
831O-88BH,BLK,BLK,37.155,37.155,above,,BLK,BLK
831O-833I,BLK,BLK,37.155,37.155,above,,BLK,BLK
853L-89AX,BLK,BLK,37.155,37.155,above,,BLK,BLK
853L-854K,BLK,BLK,37.155,39.755,above,,BLK,BLK
853L-854M,BLK,BLK,37.155,37.155,above,,BLK,BLK
87AJ-87AH,BLK,BLK,37.155,39.755,above,,BLK,BLK
87AJ-902U,BLK,BLK,37.155,37.155,above,,BLK,BLK
853D-89AH,BLK,BLK,37.155,37.155,above,,BLK,BLK
853D-853C,BLK,BLK,37.155,39.755,above,,BLK,BLK
853D-853L,BLK,BLK,37.155,37.155,above,,BLK,BLK
711J-711T,BLK,BLK,37.155,39.755,above,,BLK,BLK
711J-711Y,BLK,BLK,37.155,37.155,above,,BLK,BLK
711J-74AK,BLK,BLK,37.155,37.155,above,,BLK,BLK
726U-726H,BLK,BLK,37.155,39.755,above,,BLK,BLK
726U-74CP,BLK,BLK,37.155,37.155,above,,BLK,BLK
710K-7110,BLK,BLK,37.155,39.755,above,,BLK,BLK
710K-711J,BLK,BLK,37.155,37.155,above,,BLK,BLK
710K-743W,BLK,BLK,37.155,37.155,above,,BLK,BLK
694N-694M,BLK,BLK,37.155,39.755,above,,BLK,BLK
694N-69AC,BLK,BLK,37.155,37.155,above,,BLK,BLK
694N-730W,BLK,BLK,37.155,37.155,above,,BLK,BLK
7220-723E,BLK,BLK,37.155,37.155,above,,BLK,BLK
723E-724E,BLK,BLK,37.155,37.155,above,,BLK,BLK
724E-7260,BLK,BLK,37.155,37.155,above,,BLK,BLK
703D-703K,BLK,BLK,37.155,37.155,above,,BLK,BLK
720E-7220,BLK,BLK,37.155,37.155,above,,BLK,BLK
703K-710B,BLK,BLK,37.155,37.155,above,,BLK,BLK
701C-701R,BLK,BLK,37.155,37.155,above,,BLK,BLK
701R-703D,BLK,BLK,37.155,37.155,above,,BLK,BLK
711Y-720E,BLK,BLK,37.155,37.155,above,,BLK,BLK
710B-710K,BLK,BLK,37.155,37.155,above,,BLK,BLK
69AC-701C,BLK,BLK,37.155,37.155,above,,BLK,BLK
7260-726U,BLK,BLK,37.155,37.155,above,,BLK,BLK
831E-87AJ,BLK,BLK,37.155,37.155,above,,BLK,BLK
7910-810N,BLK,BLK,37.155,37.155,above,,BLK,BLK
730W-74GA,BLK,BLK,37.155,37.155,above,,BLK,BLK
74GA-780E,BLK,BLK,37.155,37.155,above,,BLK,BLK
780E-801G,BLK,BLK,37.155,37.155,above,,BLK,BLK
801G-831O,BLK,BLK,37.155,37.155,above,,BLK,BLK
860H-861T,BLK,BLK,37.155,37.155,above,,BLK,BLK
861T-8720,BLK,BLK,37.155,37.155,above,,BLK,BLK
854M-860E,BLK,BLK,37.155,37.155,above,,BLK,BLK
852M-853D,BLK,BLK,37.155,37.155,above,,BLK,BLK
8720-873E,BLK,BLK,37.155,37.155,above,,BLK,BLK
840L-840W,BLK,BLK,37.155,37.155,above,,BLK,BLK
833I-833L,BLK,BLK,37.155,37.155,above,,BLK,BLK
873S-87AJ,BLK,BLK,37.155,37.155,above,,BLK,BLK
840W-851F,BLK,BLK,37.155,37.155,above,,BLK,BLK
83AF-840L,BLK,BLK,37.155,37.155,above,,BLK,BLK
743W-751V,BLK,BLK,37.155,37.155,above,,BLK,BLK
74AK-75AO,BLK,BLK,37.155,37.155,above,,BLK,BLK
751V-7910,BLK,BLK,37.155,37.155,above,,BLK,BLK
75AO-792E,BLK,BLK,37.155,37.155,above,,BLK,BLK
810N-853D,BLK,BLK,37.155,37.155,above,,BLK,BLK
81AD-853L,BLK,BLK,37.155,37.155,above,,BLK,BLK
792E-81AD,BLK,BLK,37.155,37.155,above,,BLK,BLK
74CP-763Q,BLK,BLK,37.155,37.155,above,,BLK,BLK
763Q-799D,BLK,BLK,37.155,37.155,above,,BLK,BLK
799D-831E,BLK,BLK,37.155,37.155,above,,BLK,BLK
873E-873S,BLK,BLK,37.155,37.155,above,,BLK,BLK
860E-860H,BLK,BLK,37.155,37.155,above,,BLK,BLK
851F-852M,BLK,BLK,37.155,37.155,above,,BLK,BLK
833L-83AF,BLK,BLK,37.155,37.155,above,,BLK,BLK
52AN-52AJ,BLK,BLK,43.152,46.55,above,,BLK,BLK
52AN-530J,BLK,BLK,43.152,43.152,above,,BLK,BLK
52AN-541L,BLK,BLK,43.152,43.152,above,,BLK,BLK
530J-530B,BLK,BLK,43.152,46.55,above,,BLK,BLK
530J-541X,BLK,BLK,43.152,43.152,above,,BLK,BLK
530J-530S,BLK,BLK,43.152,43.152,above,,BLK,BLK
541L-565E,BLK,BLK,43.152,43.152,above,,BLK,BLK
565E-570N,BLK,BLK,43.152,43.152,above,,BLK,BLK
61AR-62EI,BLK,BLK,43.152,43.152,above,,BLK,BLK
662C-67AD,BLK,BLK,43.152,43.152,above,,BLK,BLK
565K-571D,BLK,BLK,43.152,43.152,above,,BLK,BLK
6220-62FJ,BLK,BLK,43.152,43.152,above,,BLK,BLK
541X-565K,BLK,BLK,43.152,43.152,above,,BLK,BLK
663I-680P,BLK,BLK,43.152,43.152,above,,BLK,BLK
55AM-56AC,BLK,BLK,43.152,43.152,above,,BLK,BLK
56AC-573N,BLK,BLK,43.152,43.152,above,,BLK,BLK
53CN-55BW,BLK,BLK,43.152,43.152,above,,BLK,BLK
55BW-56BL,BLK,BLK,43.152,43.152,above,,BLK,BLK
982N-982F,BLK,BLK,43.152,46.55,above,,BLK,BLK
982N-982T,BLK,BLK,43.152,43.152,above,,BLK,BLK
00AC-001P,BLK,BLK,43.152,46.55,above,,BLK,BLK
981L-9810,BLK,BLK,43.152,46.55,above,,BLK,BLK
981L-982N,BLK,BLK,43.152,43.152,above,,BLK,BLK
950J-950O,BLK,BLK,43.152,46.55,above,,BLK,BLK
950J-950T,BLK,BLK,43.152,43.152,above,,BLK,BLK
902T-93AA,BLK,BLK,43.152,43.152,above,,BLK,BLK
93AA-00AC,BLK,BLK,43.152,43.152,above,,BLK,BLK
890H-911C,BLK,BLK,43.152,43.152,above,,BLK,BLK
911C-950J,BLK,BLK,43.152,43.152,above,,BLK,BLK
920A-981L,BLK,BLK,43.152,43.152,above,,BLK,BLK
920R-982N,BLK,BLK,43.152,43.152,above,,BLK,BLK
992Q-99AP,BLK,BLK,43.152,43.152,above,,BLK,BLK
99AP-99AY,BLK,BLK,43.152,43.152,above,,BLK,BLK
982T-992K,BLK,BLK,43.152,43.152,above,,BLK,BLK
980E-981L,BLK,BLK,43.152,43.152,above,,BLK,BLK
99AY-0000,BLK,BLK,43.152,43.152,above,,BLK,BLK
0000-001D,BLK,BLK,43.152,43.152,above,,BLK,BLK
960X-9700,BLK,BLK,43.152,43.152,above,,BLK,BLK
950T-95AF,BLK,BLK,43.152,43.152,above,,BLK,BLK
001D-00AC,BLK,BLK,43.152,43.152,above,,BLK,BLK
9700-970R,BLK,BLK,43.152,43.152,above,,BLK,BLK
992K-992Q,BLK,BLK,43.152,43.152,above,,BLK,BLK
970R-980E,BLK,BLK,43.152,43.152,above,,BLK,BLK
95AF-960I,BLK,BLK,43.152,43.152,above,,BLK,BLK
960I-960X,BLK,BLK,43.152,43.152,above,,BLK,BLK
511E-512A,BLK,BLK,43.152,43.152,above,,BLK,BLK
50BH-50BP,BLK,BLK,43.152,43.152,above,,BLK,BLK
50AW-50BH,BLK,BLK,43.152,43.152,above,,BLK,BLK
504Z-50AI,BLK,BLK,43.152,43.152,above,,BLK,BLK
504K-504Z,BLK,BLK,43.152,43.152,above,,BLK,BLK
501E-501U,BLK,BLK,43.152,43.152,above,,BLK,BLK
53BK-53BO,BLK,BLK,43.152,43.152,above,,BLK,BLK
530W-53AN,BLK,BLK,43.152,43.152,above,,BLK,BLK
530S-530W,BLK,BLK,43.152,43.152,above,,BLK,BLK
520Z-52AN,BLK,BLK,43.152,43.152,above,,BLK,BLK
520P-520Z,BLK,BLK,43.152,43.152,above,,BLK,BLK
51AN-51AV,BLK,BLK,43.152,43.152,above,,BLK,BLK
571D-591H,BLK,BLK,43.152,43.152,above,,BLK,BLK
570N-591A,BLK,BLK,43.152,43.152,above,,BLK,BLK
67AD-711E,BLK,BLK,43.152,43.152,above,,BLK,BLK
680P-711G,BLK,BLK,43.152,43.152,above,,BLK,BLK
68AS-691J,BLK,BLK,43.152,43.152,above,,BLK,BLK
512A-513B,BLK,BLK,43.152,46.55,above,,BLK,BLK
512A-53BO,BLK,BLK,43.152,43.152,above,,BLK,BLK
500C-500D,BLK,BLK,43.152,46.55,above,,BLK,BLK
500C-501E,BLK,BLK,43.152,43.152,above,,BLK,BLK
500C-516W,BLK,BLK,43.152,43.152,above,,BLK,BLK
53BO-53BP,BLK,BLK,43.152,46.55,above,,BLK,BLK
53BO-55AM,BLK,BLK,43.152,43.152,above,,BLK,BLK
516W-516X,BLK,BLK,43.152,46.55,above,,BLK,BLK
516W-53CN,BLK,BLK,43.152,43.152,above,,BLK,BLK
516W-51AN,BLK,BLK,43.152,43.152,above,,BLK,BLK
50AO-50AL,BLK,BLK,43.152,46.55,above,,BLK,BLK
50AO-530J,BLK,BLK,43.152,43.152,above,,BLK,BLK
50AO-50AW,BLK,BLK,43.152,43.152,above,,BLK,BLK
50AI-50AD,BLK,BLK,43.152,46.55,above,,BLK,BLK
50AI-52AN,BLK,BLK,43.152,43.152,above,,BLK,BLK
50AI-50AO,BLK,BLK,43.152,43.152,above,,BLK,BLK
510Q-511E,BLK,BLK,43.152,43.152,above,,BLK,BLK
50BP-510Q,BLK,BLK,43.152,43.152,above,,BLK,BLK
503D-504K,BLK,BLK,43.152,43.152,above,,BLK,BLK
501U-503D,BLK,BLK,43.152,43.152,above,,BLK,BLK
53AR-53BK,BLK,BLK,43.152,43.152,above,,BLK,BLK
53AN-53AR,BLK,BLK,43.152,43.152,above,,BLK,BLK
520H-520P,BLK,BLK,43.152,43.152,above,,BLK,BLK
51AV-520H,BLK,BLK,43.152,43.152,above,,BLK,BLK
860D-861D,BLK,BLK,43.152,43.152,above,,BLK,BLK
833Z-83AO,BLK,BLK,43.152,43.152,above,,BLK,BLK
873C-873R,BLK,BLK,43.152,43.152,above,,BLK,BLK
851P-852Q,BLK,BLK,43.152,43.152,above,,BLK,BLK
74CW-76AC,BLK,BLK,43.152,43.152,above,,BLK,BLK
78AC-810M,BLK,BLK,43.152,43.152,above,,BLK,BLK
75AD-78AC,BLK,BLK,43.152,43.152,above,,BLK,BLK
840Y-851P,BLK,BLK,43.152,43.152,above,,BLK,BLK
840E-840Y,BLK,BLK,43.152,43.152,above,,BLK,BLK
861U-871G,BLK,BLK,43.152,43.152,above,,BLK,BLK
780G-79BA,BLK,BLK,43.152,43.152,above,,BLK,BLK
74GC-780G,BLK,BLK,43.152,43.152,above,,BLK,BLK
743Q-75AD,BLK,BLK,43.152,43.152,above,,BLK,BLK
873R-87AL,BLK,BLK,43.152,43.152,above,,BLK,BLK
79BA-832F,BLK,BLK,43.152,43.152,above,,BLK,BLK
76AC-798B,BLK,BLK,43.152,43.152,above,,BLK,BLK
81AB-854A,BLK,BLK,43.152,43.152,above,,BLK,BLK
854L-860D,BLK,BLK,43.152,43.152,above,,BLK,BLK
75AU-792A,BLK,BLK,43.152,43.152,above,,BLK,BLK
871G-873C,BLK,BLK,43.152,43.152,above,,BLK,BLK
727G-730L,BLK,BLK,29.055,29.055,above,,BLK,BLK
74DT-74FC,BLK,BLK,29.055,29.055,above,,BLK,BLK
74FC-74FW,BLK,BLK,29.055,29.055,above,,BLK,BLK
77AJ-799M,BLK,BLK,29.055,29.055,above,,BLK,BLK
799M-79AJ,BLK,BLK,29.055,29.055,above,,BLK,BLK
730F-726O,BLK,BLK,29.055,29.055,above,,BLK,BLK
74EC-74DD,BLK,BLK,29.055,29.055,above,,BLK,BLK
74FN-74EC,BLK,BLK,29.055,29.055,above,,BLK,BLK
77AT-77AC,BLK,BLK,29.055,29.055,above,,BLK,BLK
799X-77AT,BLK,BLK,29.055,29.055,above,,BLK,BLK
941E-910O,BLK,BLK,34.555,34.555,above,,BLK,BLK
94BU-93AC,BLK,BLK,34.555,34.555,above,,BLK,BLK
74AJ-75AU,BLK,BLK,43.152,43.152,above,,BLK,BLK
87CV-854J,BLK,BLK,34.555,34.555,above,,BLK,BLK
83AO-840E,BLK,BLK,43.152,43.152,above,,BLK,BLK
880N-87AI,BLK,BLK,34.555,34.555,above,,BLK,BLK
87CS-89AO,BLK,BLK,34.555,34.555,above,,BLK,BLK
87CA-831T,BLK,BLK,34.555,34.555,above,,BLK,BLK
73AA-74GC,BLK,BLK,43.152,43.152,above,,BLK,BLK
798B-831L,BLK,BLK,43.152,43.152,above,,BLK,BLK
792A-81AB,BLK,BLK,43.152,43.152,above,,BLK,BLK
852Q-8530,BLK,BLK,43.152,43.152,above,,BLK,BLK
905V-900G,BLK,BLK,34.555,34.555,above,,BLK,BLK
940U-920N,BLK,BLK,34.555,34.555,above,,BLK,BLK
810M-8530,BLK,BLK,43.152,43.152,above,,BLK,BLK
832I-833Z,BLK,BLK,43.152,43.152,above,,BLK,BLK
831L-87AL,BLK,BLK,43.152,43.152,above,,BLK,BLK
861D-861U,BLK,BLK,43.152,43.152,above,,BLK,BLK
711W-7210,BLK,BLK,43.152,43.152,above,,BLK,BLK
726A-726T,BLK,BLK,43.152,43.152,above,,BLK,BLK
701A-701F,BLK,BLK,43.152,43.152,above,,BLK,BLK
703V-711E,BLK,BLK,43.152,43.152,above,,BLK,BLK
703E-703S,BLK,BLK,43.152,43.152,above,,BLK,BLK
701F-701N,BLK,BLK,43.152,43.152,above,,BLK,BLK
721H-723G,BLK,BLK,43.152,43.152,above,,BLK,BLK
520N-520R,BLK,BLK,46.55,46.55,above,,BLK,BLK
7210-721H,BLK,BLK,43.152,43.152,above,,BLK,BLK
701N-703E,BLK,BLK,43.152,43.152,above,,BLK,BLK
724B-726A,BLK,BLK,43.152,43.152,above,,BLK,BLK
703S-703V,BLK,BLK,43.152,43.152,above,,BLK,BLK
723G-724B,BLK,BLK,43.152,43.152,above,,BLK,BLK
711E-710F,BLK,BLK,43.152,46.55,above,,BLK,BLK
711E-743Q,BLK,BLK,43.152,43.152,above,,BLK,BLK
711E-711G,BLK,BLK,43.152,43.152,above,,BLK,BLK
832F-832A,BLK,BLK,43.152,46.55,above,,BLK,BLK
832F-890H,BLK,BLK,43.152,43.152,above,,BLK,BLK
832F-832I,BLK,BLK,43.152,43.152,above,,BLK,BLK
8530-89AL,BLK,BLK,43.152,43.152,above,,BLK,BLK
8530-852W,BLK,BLK,43.152,46.55,above,,BLK,BLK
8530-854A,BLK,BLK,43.152,43.152,above,,BLK,BLK
87AL-87AN,BLK,BLK,43.152,46.55,above,,BLK,BLK
87AL-902T,BLK,BLK,43.152,43.152,above,,BLK,BLK
854A-89AW,BLK,BLK,43.152,43.152,above,,BLK,BLK
854A-854I,BLK,BLK,43.152,46.55,above,,BLK,BLK
854A-854L,BLK,BLK,43.152,43.152,above,,BLK,BLK
694O-694P,BLK,BLK,43.152,46.55,above,,BLK,BLK
694O-73AA,BLK,BLK,43.152,43.152,above,,BLK,BLK
694O-701A,BLK,BLK,43.152,43.152,above,,BLK,BLK
726T-726J,BLK,BLK,43.152,46.55,above,,BLK,BLK
726T-74CW,BLK,BLK,43.152,43.152,above,,BLK,BLK
711G-711V,BLK,BLK,43.152,46.55,above,,BLK,BLK
711G-74AJ,BLK,BLK,43.152,43.152,above,,BLK,BLK
711G-711W,BLK,BLK,43.152,43.152,above,,BLK,BLK
530U-530T,BLK,BLK,46.55,46.55,above,,BLK,BLK
573N-594S,BLK,BLK,43.152,43.152,above,,BLK,BLK
56BL-574Y,BLK,BLK,43.152,43.152,above,,BLK,BLK
65DR-66BE,BLK,BLK,43.152,43.152,above,,BLK,BLK
6100-62CQ,BLK,BLK,43.152,43.152,above,,BLK,BLK
667C-68AS,BLK,BLK,43.152,43.152,above,,BLK,BLK
62AE-62GQ,BLK,BLK,43.152,43.152,above,,BLK,BLK
66AF-66BE,BLK,BLK,43.152,43.152,above,,BLK,BLK
66AF-694O,BLK,BLK,43.152,43.152,above,,BLK,BLK
66AF-66AO,BLK,BLK,43.152,43.955,above,,BLK,BLK
691J-726T,BLK,BLK,43.152,43.152,above,,BLK,BLK
691J-691D,BLK,BLK,43.152,43.955,above,,BLK,BLK
861N-871A,BLK,BLK,49.676,49.676,above,,BLK,BLK
861N-901B,BLK,BLK,49.676,49.676,above,,BLK,BLK
861N-861R,BLK,BLK,49.676,52.803,above,,BLK,BLK
87AV-902G,BLK,BLK,49.676,49.676,above,,BLK,BLK
87AV-87AK,BLK,BLK,49.676,52.803,above,,BLK,BLK
831Q-890E,BLK,BLK,49.676,49.676,above,,BLK,BLK
831Q-833G,BLK,BLK,49.676,49.676,above,,BLK,BLK
831Q-831R,BLK,BLK,49.676,52.803,above,,BLK,BLK
99AE-99BF,BLK,BLK,49.676,49.676,above,,BLK,BLK
99AE-99AH,BLK,BLK,49.676,52.803,above,,BLK,BLK
950B-950V,BLK,BLK,49.676,49.676,above,,BLK,BLK
950B-950L,BLK,BLK,49.676,52.803,above,,BLK,BLK
970E-970U,BLK,BLK,49.676,49.676,above,,BLK,BLK
970E-914M,BLK,BLK,49.676,49.676,above,,BLK,BLK
970E-970J,BLK,BLK,49.676,52.803,above,,BLK,BLK
001V-00AB,BLK,BLK,49.676,52.803,above,,BLK,BLK
691M-726S,BLK,BLK,49.676,49.676,above,,BLK,BLK
691M-691O,BLK,BLK,49.676,52.803,above,,BLK,BLK
66AG-694R,BLK,BLK,49.676,49.676,above,,BLK,BLK
66AG-66BG,BLK,BLK,49.676,49.676,above,,BLK,BLK
66AG-66AH,BLK,BLK,49.676,52.803,above,,BLK,BLK
831D-87AV,BLK,BLK,49.676,49.676,above,,BLK,BLK
931S-001V,BLK,BLK,49.676,49.676,above,,BLK,BLK
730P-74FY,BLK,BLK,49.676,49.676,above,,BLK,BLK
74FY-77BB,BLK,BLK,49.676,49.676,above,,BLK,BLK
77BB-800B,BLK,BLK,49.676,49.676,above,,BLK,BLK
800B-831Q,BLK,BLK,49.676,49.676,above,,BLK,BLK
890E-911B,BLK,BLK,49.676,49.676,above,,BLK,BLK
911B-950B,BLK,BLK,49.676,49.676,above,,BLK,BLK
833G-833X,BLK,BLK,49.676,49.676,above,,BLK,BLK
833X-840A,BLK,BLK,49.676,49.676,above,,BLK,BLK
840A-840U,BLK,BLK,49.676,49.676,above,,BLK,BLK
840U-851M,BLK,BLK,49.676,49.676,above,,BLK,BLK
840U-893K,BLK,BLK,49.676,49.676,above,,BLK,BLK
851M-852L,BLK,BLK,49.676,49.676,above,,BLK,BLK
852L-852S,BLK,BLK,49.676,49.676,above,,BLK,BLK
854Z-85AC,BLK,BLK,49.676,49.676,above,,BLK,BLK
85AC-860I,BLK,BLK,49.676,49.676,above,,BLK,BLK
860I-861N,BLK,BLK,49.676,49.676,above,,BLK,BLK
871A-873K,BLK,BLK,49.676,49.676,above,,BLK,BLK
873K-87AA,BLK,BLK,49.676,49.676,above,,BLK,BLK
87AA-87AV,BLK,BLK,49.676,49.676,above,,BLK,BLK
65BA-667R,BLK,BLK,49.676,49.676,above,,BLK,BLK
62AY-62GV,BLK,BLK,49.676,49.676,above,,BLK,BLK
667R-690F,BLK,BLK,49.676,49.676,above,,BLK,BLK
62GV-65BA,BLK,BLK,49.676,49.676,above,,BLK,BLK
930A-99AE,BLK,BLK,49.676,49.676,above,,BLK,BLK
901B-930A,BLK,BLK,49.676,49.676,above,,BLK,BLK
694R-730P,BLK,BLK,49.676,49.676,above,,BLK,BLK
726S-74CR,BLK,BLK,49.676,49.676,above,,BLK,BLK
74CR-763P,BLK,BLK,49.676,49.676,above,,BLK,BLK
763P-799I,BLK,BLK,49.676,49.676,above,,BLK,BLK
799I-831D,BLK,BLK,49.676,49.676,above,,BLK,BLK
950V-95AG,BLK,BLK,49.676,49.676,above,,BLK,BLK
95AG-960K,BLK,BLK,49.676,49.676,above,,BLK,BLK
960K-970E,BLK,BLK,49.676,49.676,above,,BLK,BLK
970U-97AJ,BLK,BLK,49.676,49.676,above,,BLK,BLK
97AJ-981A,BLK,BLK,49.676,49.676,above,,BLK,BLK
893K-914M,BLK,BLK,49.676,49.676,above,,BLK,BLK
610Q-62CJ,BLK,BLK,49.676,49.676,above,,BLK,BLK
62CJ-640G,BLK,BLK,49.676,49.676,above,,BLK,BLK
640G-65DL,BLK,BLK,49.676,49.676,above,,BLK,BLK
65DL-66BG,BLK,BLK,49.676,49.676,above,,BLK,BLK
992L-992T,BLK,BLK,49.676,49.676,above,,BLK,BLK
000N-001V,BLK,BLK,49.676,49.676,above,,BLK,BLK
000M-000N,BLK,BLK,49.676,49.676,above,,BLK,BLK
99BF-000M,BLK,BLK,49.676,49.676,above,,BLK,BLK
982Z-992L,BLK,BLK,49.676,49.676,above,,BLK,BLK
992T-99AE,BLK,BLK,49.676,49.676,above,,BLK,BLK
902G-931S,BLK,BLK,49.676,49.676,above,,BLK,BLK
55AI-55AT,BLK,BLK,49.676,49.676,above,,BLK,BLK
550T-55AI,BLK,BLK,49.676,49.676,above,,BLK,BLK
550Q-550T,BLK,BLK,49.676,49.676,above,,BLK,BLK
550I-550Q,BLK,BLK,49.676,49.676,above,,BLK,BLK
54AF-550I,BLK,BLK,49.676,49.676,above,,BLK,BLK
541I-541R,BLK,BLK,49.676,49.676,above,,BLK,BLK
540R-541I,BLK,BLK,49.676,49.676,above,,BLK,BLK
540I-540R,BLK,BLK,49.676,49.676,above,,BLK,BLK
540F-540I,BLK,BLK,49.676,49.676,above,,BLK,BLK
53DA-540F,BLK,BLK,49.676,49.676,above,,BLK,BLK
56BN-580H,BLK,BLK,49.676,49.676,above,,BLK,BLK
573T-594Q,BLK,BLK,49.676,49.676,above,,BLK,BLK
564C-570Q,BLK,BLK,49.676,49.676,above,,BLK,BLK
565G-571A,BLK,BLK,49.676,49.676,above,,BLK,BLK
567W-573T,BLK,BLK,49.676,49.676,above,,BLK,BLK
55CC-56BN,BLK,BLK,49.676,49.676,above,,BLK,BLK
580H-610Q,BLK,BLK,49.676,49.676,above,,BLK,BLK
920T-982H,BLK,BLK,49.676,49.676,above,,BLK,BLK
81AI-854F,BLK,BLK,49.676,49.676,above,,BLK,BLK
75AR-791C,BLK,BLK,49.676,49.676,above,,BLK,BLK
663R-680E,BLK,BLK,49.676,49.676,above,,BLK,BLK
791C-81AI,BLK,BLK,49.676,49.676,above,,BLK,BLK
74AA-75AR,BLK,BLK,49.676,49.676,above,,BLK,BLK
680E-711Q,BLK,BLK,49.676,49.676,above,,BLK,BLK
591N-622D,BLK,BLK,49.676,49.676,above,,BLK,BLK
571A-591N,BLK,BLK,49.676,49.676,above,,BLK,BLK
711Q-74AA,BLK,BLK,49.676,49.676,above,,BLK,BLK
920J-981A,BLK,BLK,49.676,49.676,above,,BLK,BLK
810E-852S,BLK,BLK,49.676,49.676,above,,BLK,BLK
790J-810E,BLK,BLK,49.676,49.676,above,,BLK,BLK
75AE-790J,BLK,BLK,49.676,49.676,above,,BLK,BLK
743U-75AE,BLK,BLK,49.676,49.676,above,,BLK,BLK
710H-743U,BLK,BLK,49.676,49.676,above,,BLK,BLK
662P-67AC,BLK,BLK,49.676,49.676,above,,BLK,BLK
62ED-61BD,BLK,BLK,49.676,49.676,above,,BLK,BLK
67AC-710H,BLK,BLK,49.676,49.676,above,,BLK,BLK
591C-61BD,BLK,BLK,49.676,49.676,above,,BLK,BLK
570Q-591C,BLK,BLK,49.676,49.676,above,,BLK,BLK
594Q-62AY,BLK,BLK,49.676,49.676,above,,BLK,BLK
854F-9000,BLK,BLK,49.676,49.676,above,,BLK,BLK
854F-854Z,BLK,BLK,49.676,49.676,above,,BLK,BLK
852S-89AJ,BLK,BLK,49.676,49.676,above,,BLK,BLK
622D-62EZ,BLK,BLK,49.676,49.676,above,,BLK,BLK
690F-691M,BLK,BLK,49.676,49.676,above,,BLK,BLK
982H-982Z,BLK,BLK,49.676,49.676,above,,BLK,BLK
982H-982B,BLK,BLK,49.676,52.803,above,,BLK,BLK
55AT-567W,BLK,BLK,49.676,49.676,above,,BLK,BLK
55AT-55AL,BLK,BLK,49.676,52.803,above,,BLK,BLK
981A-982H,BLK,BLK,49.676,49.676,above,,BLK,BLK
981A-981H,BLK,BLK,49.676,52.803,above,,BLK,BLK
541U-54AF,BLK,BLK,49.676,49.676,above,,BLK,BLK
541U-565G,BLK,BLK,49.676,49.676,above,,BLK,BLK
541U-541V,BLK,BLK,49.676,52.803,above,,BLK,BLK
541R-564C,BLK,BLK,49.676,49.676,above,,BLK,BLK
541R-541U,BLK,BLK,49.676,49.676,above,,BLK,BLK
541R-541Q,BLK,BLK,49.676,52.803,above,,BLK,BLK
53CS-53DA,BLK,BLK,49.676,49.676,above,,BLK,BLK
53CS-55CC,BLK,BLK,49.676,49.676,above,,BLK,BLK
53CS-53CU,BLK,BLK,49.676,52.803,above,,BLK,BLK
53CU-55BT,BLK,BLK,52.803,52.803,above,,BLK,BLK
53CU-53CZ,BLK,BLK,52.803,52.803,above,,BLK,BLK
53CU-53CO,BLK,BLK,52.803,55.929,above,,BLK,BLK
541Q-541V,BLK,BLK,52.803,52.803,above,,BLK,BLK
541Q-564I,BLK,BLK,52.803,52.803,above,,BLK,BLK
541Q-541S,BLK,BLK,52.803,55.929,above,,BLK,BLK
541V-565O,BLK,BLK,52.803,52.803,above,,BLK,BLK
541V-54AE,BLK,BLK,52.803,52.803,above,,BLK,BLK
541V-541Z,BLK,BLK,52.803,55.929,above,,BLK,BLK
981H-982B,BLK,BLK,52.803,52.803,above,,BLK,BLK
981H-981I,BLK,BLK,52.803,55.929,above,,BLK,BLK
55AL-567U,BLK,BLK,52.803,52.803,above,,BLK,BLK
55AL-55AN,BLK,BLK,52.803,55.929,above,,BLK,BLK
982B-982W,BLK,BLK,52.803,52.803,above,,BLK,BLK
982B-982M,BLK,BLK,52.803,55.929,above,,BLK,BLK
690I-691O,BLK,BLK,52.803,52.803,above,,BLK,BLK
61BE-62EK,BLK,BLK,52.803,52.803,above,,BLK,BLK
852T-89AD,BLK,BLK,52.803,52.803,above,,BLK,BLK
854G-900H,BLK,BLK,52.803,52.803,above,,BLK,BLK
854G-854R,BLK,BLK,52.803,52.803,above,,BLK,BLK
594P-62AR,BLK,BLK,52.803,52.803,above,,BLK,BLK
570K-5910,BLK,BLK,52.803,52.803,above,,BLK,BLK
5910-61BE,BLK,BLK,52.803,52.803,above,,BLK,BLK
67AF-711D,BLK,BLK,52.803,52.803,above,,BLK,BLK
62EK-64AL,BLK,BLK,52.803,52.803,above,,BLK,BLK
64AL-662E,BLK,BLK,52.803,52.803,above,,BLK,BLK
662E-67AF,BLK,BLK,52.803,52.803,above,,BLK,BLK
711D-743O,BLK,BLK,52.803,52.803,above,,BLK,BLK
743O-75AA,BLK,BLK,52.803,52.803,above,,BLK,BLK
75AA-791A,BLK,BLK,52.803,52.803,above,,BLK,BLK
791A-810R,BLK,BLK,52.803,52.803,above,,BLK,BLK
810R-852T,BLK,BLK,52.803,52.803,above,,BLK,BLK
91AF-981H,BLK,BLK,52.803,52.803,above,,BLK,BLK
711O-74AF,BLK,BLK,52.803,52.803,above,,BLK,BLK
571J-591K,BLK,BLK,52.803,52.803,above,,BLK,BLK
591K-622B,BLK,BLK,52.803,52.803,above,,BLK,BLK
680F-711O,BLK,BLK,52.803,52.803,above,,BLK,BLK
62EV-650B,BLK,BLK,52.803,52.803,above,,BLK,BLK
650B-663P,BLK,BLK,52.803,52.803,above,,BLK,BLK
663P-680F,BLK,BLK,52.803,52.803,above,,BLK,BLK
74AF-75AL,BLK,BLK,52.803,52.803,above,,BLK,BLK
791G-81AH,BLK,BLK,52.803,52.803,above,,BLK,BLK
75AL-791G,BLK,BLK,52.803,52.803,above,,BLK,BLK
81AH-854G,BLK,BLK,52.803,52.803,above,,BLK,BLK
920O-982B,BLK,BLK,52.803,52.803,above,,BLK,BLK
580D-610T,BLK,BLK,52.803,52.803,above,,BLK,BLK
55BT-56AZ,BLK,BLK,52.803,52.803,above,,BLK,BLK
567U-573M,BLK,BLK,52.803,52.803,above,,BLK,BLK
565O-571J,BLK,BLK,52.803,52.803,above,,BLK,BLK
564I-570K,BLK,BLK,52.803,52.803,above,,BLK,BLK
573M-594P,BLK,BLK,52.803,52.803,above,,BLK,BLK
56AZ-580D,BLK,BLK,52.803,52.803,above,,BLK,BLK
53CZ-540E,BLK,BLK,52.803,52.803,above,,BLK,BLK
540E-540M,BLK,BLK,52.803,52.803,above,,BLK,BLK
540M-541B,BLK,BLK,52.803,52.803,above,,BLK,BLK
541B-541E,BLK,BLK,52.803,52.803,above,,BLK,BLK
541E-541Q,BLK,BLK,52.803,52.803,above,,BLK,BLK
54AE-550H,BLK,BLK,52.803,52.803,above,,BLK,BLK
550H-550M,BLK,BLK,52.803,52.803,above,,BLK,BLK
550M-550V,BLK,BLK,52.803,52.803,above,,BLK,BLK
550V-55AC,BLK,BLK,52.803,52.803,above,,BLK,BLK
55AC-55AL,BLK,BLK,52.803,52.803,above,,BLK,BLK
902H-93AB,BLK,BLK,52.803,52.803,above,,BLK,BLK
992R-99AH,BLK,BLK,52.803,52.803,above,,BLK,BLK
982W-992A,BLK,BLK,52.803,52.803,above,,BLK,BLK
99BG-000K,BLK,BLK,52.803,52.803,above,,BLK,BLK
000K-001A,BLK,BLK,52.803,52.803,above,,BLK,BLK
001A-00AB,BLK,BLK,52.803,52.803,above,,BLK,BLK
992A-992R,BLK,BLK,52.803,52.803,above,,BLK,BLK
65DA-66AU,BLK,BLK,52.803,52.803,above,,BLK,BLK
640M-65DA,BLK,BLK,52.803,52.803,above,,BLK,BLK
62DA-640M,BLK,BLK,52.803,52.803,above,,BLK,BLK
610T-62DA,BLK,BLK,52.803,52.803,above,,BLK,BLK
893L-914O,BLK,BLK,52.803,52.803,above,,BLK,BLK
914O-970J,BLK,BLK,52.803,52.803,above,,BLK,BLK
97AF-981H,BLK,BLK,52.803,52.803,above,,BLK,BLK
970M-97AF,BLK,BLK,52.803,52.803,above,,BLK,BLK
960B-970J,BLK,BLK,52.803,52.803,above,,BLK,BLK
95AU-960B,BLK,BLK,52.803,52.803,above,,BLK,BLK
950X-95AU,BLK,BLK,52.803,52.803,above,,BLK,BLK
798C-831A,BLK,BLK,52.803,52.803,above,,BLK,BLK
763Z-798C,BLK,BLK,52.803,52.803,above,,BLK,BLK
74CM-763Z,BLK,BLK,52.803,52.803,above,,BLK,BLK
726P-74CM,BLK,BLK,52.803,52.803,above,,BLK,BLK
694S-730S,BLK,BLK,52.803,52.803,above,,BLK,BLK
900U-930D,BLK,BLK,52.803,52.803,above,,BLK,BLK
930D-99AH,BLK,BLK,52.803,52.803,above,,BLK,BLK
62GL-65AR,BLK,BLK,52.803,52.803,above,,BLK,BLK
667D-690I,BLK,BLK,52.803,52.803,above,,BLK,BLK
62AR-62GL,BLK,BLK,52.803,52.803,above,,BLK,BLK
65AR-667D,BLK,BLK,52.803,52.803,above,,BLK,BLK
873Z-87AK,BLK,BLK,52.803,52.803,above,,BLK,BLK
873B-873Z,BLK,BLK,52.803,52.803,above,,BLK,BLK
870G-873B,BLK,BLK,52.803,52.803,above,,BLK,BLK
861B-861R,BLK,BLK,52.803,52.803,above,,BLK,BLK
85AB-861B,BLK,BLK,52.803,52.803,above,,BLK,BLK
854R-85AB,BLK,BLK,52.803,52.803,above,,BLK,BLK
852J-852T,BLK,BLK,52.803,52.803,above,,BLK,BLK
851G-852J,BLK,BLK,52.803,52.803,above,,BLK,BLK
84AB-893L,BLK,BLK,52.803,52.803,above,,BLK,BLK
84AB-851G,BLK,BLK,52.803,52.803,above,,BLK,BLK
83AD-84AB,BLK,BLK,52.803,52.803,above,,BLK,BLK
833S-83AD,BLK,BLK,52.803,52.803,above,,BLK,BLK
833K-833S,BLK,BLK,52.803,52.803,above,,BLK,BLK
911F-950L,BLK,BLK,52.803,52.803,above,,BLK,BLK
890I-911F,BLK,BLK,52.803,52.803,above,,BLK,BLK
800E-831R,BLK,BLK,52.803,52.803,above,,BLK,BLK
77BE-800E,BLK,BLK,52.803,52.803,above,,BLK,BLK
74GB-77BE,BLK,BLK,52.803,52.803,above,,BLK,BLK
730S-74GB,BLK,BLK,52.803,52.803,above,,BLK,BLK
93AB-00AB,BLK,BLK,52.803,52.803,above,,BLK,BLK
831A-87AK,BLK,BLK,52.803,52.803,above,,BLK,BLK
66AH-66AB,BLK,BLK,52.803,59.055,above,,BLK,BLK
66AH-66AU,BLK,BLK,52.803,52.803,above,,BLK,BLK
66AH-694S,BLK,BLK,52.803,52.803,above,,BLK,BLK
66AH-66AI,BLK,BLK,52.803,55.929,above,,BLK,BLK
691O-726P,BLK,BLK,52.803,52.803,above,,BLK,BLK
691O-691Q,BLK,BLK,52.803,55.929,above,,BLK,BLK
00AB-001Y,BLK,BLK,52.803,55.929,above,,BLK,BLK
970J-970M,BLK,BLK,52.803,52.803,above,,BLK,BLK
970J-970D,BLK,BLK,52.803,55.929,above,,BLK,BLK
950L-950X,BLK,BLK,52.803,52.803,above,,BLK,BLK
950L-9500,BLK,BLK,52.803,55.929,above,,BLK,BLK
99AH-99BG,BLK,BLK,52.803,52.803,above,,BLK,BLK
99AH-99AO,BLK,BLK,52.803,55.929,above,,BLK,BLK
831R-833K,BLK,BLK,52.803,52.803,above,,BLK,BLK
831R-890I,BLK,BLK,52.803,52.803,above,,BLK,BLK
831R-831S,BLK,BLK,52.803,55.929,above,,BLK,BLK
87AK-902H,BLK,BLK,52.803,52.803,above,,BLK,BLK
87AK-87AM,BLK,BLK,52.803,55.929,above,,BLK,BLK
861R-900U,BLK,BLK,52.803,52.803,above,,BLK,BLK
861R-870G,BLK,BLK,52.803,52.803,above,,BLK,BLK
861R-861W,BLK,BLK,52.803,55.929,above,,BLK,BLK
861W-861O,BLK,BLK,55.929,59.055,above,,BLK,BLK
861W-8730,BLK,BLK,55.929,55.929,above,,BLK,BLK
861W-901A,BLK,BLK,55.929,55.929,above,,BLK,BLK
87AM-87AQ,BLK,BLK,55.929,59.055,above,,BLK,BLK
87AM-902N,BLK,BLK,55.929,55.929,above,,BLK,BLK
831S-8320,BLK,BLK,55.929,59.055,above,,BLK,BLK
831S-890F,BLK,BLK,55.929,55.929,above,,BLK,BLK
831S-833J,BLK,BLK,55.929,55.929,above,,BLK,BLK
99AO-99AF,BLK,BLK,55.929,59.055,above,,BLK,BLK
99AO-99BC,BLK,BLK,55.929,55.929,above,,BLK,BLK
9500-950G,BLK,BLK,55.929,59.055,above,,BLK,BLK
9500-950U,BLK,BLK,55.929,55.929,above,,BLK,BLK
970D-96AA,BLK,BLK,55.929,59.055,above,,BLK,BLK
970D-970W,BLK,BLK,55.929,55.929,above,,BLK,BLK
001Y-001X,BLK,BLK,55.929,59.055,above,,BLK,BLK
691Q-691G,BLK,BLK,55.929,59.055,above,,BLK,BLK
691Q-726I,BLK,BLK,55.929,55.929,above,,BLK,BLK
66AI-66AB,BLK,BLK,55.929,59.055,above,,BLK,BLK
66AI-694V,BLK,BLK,55.929,55.929,above,,BLK,BLK
66AI-66BH,BLK,BLK,55.929,55.929,above,,BLK,BLK
831F-87AM,BLK,BLK,55.929,55.929,above,,BLK,BLK
931T-001Y,BLK,BLK,55.929,55.929,above,,BLK,BLK
730V-74FO,BLK,BLK,55.929,55.929,above,,BLK,BLK
74FO-780F,BLK,BLK,55.929,55.929,above,,BLK,BLK
780F-801H,BLK,BLK,55.929,55.929,above,,BLK,BLK
801H-831S,BLK,BLK,55.929,55.929,above,,BLK,BLK
890F-911E,BLK,BLK,55.929,55.929,above,,BLK,BLK
911E-9500,BLK,BLK,55.929,55.929,above,,BLK,BLK
833J-833M,BLK,BLK,55.929,55.929,above,,BLK,BLK
833M-83AL,BLK,BLK,55.929,55.929,above,,BLK,BLK
83AL-850B,BLK,BLK,55.929,55.929,above,,BLK,BLK
850B-851H,BLK,BLK,55.929,55.929,above,,BLK,BLK
850B-893Q,BLK,BLK,55.929,55.929,above,,BLK,BLK
851H-852C,BLK,BLK,55.929,55.929,above,,BLK,BLK
852C-853A,BLK,BLK,55.929,55.929,above,,BLK,BLK
854P-85AI,BLK,BLK,55.929,55.929,above,,BLK,BLK
85AI-861E,BLK,BLK,55.929,55.929,above,,BLK,BLK
861E-861W,BLK,BLK,55.929,55.929,above,,BLK,BLK
8730-873J,BLK,BLK,55.929,55.929,above,,BLK,BLK
873J-87AB,BLK,BLK,55.929,55.929,above,,BLK,BLK
87AB-87AM,BLK,BLK,55.929,55.929,above,,BLK,BLK
65AO-667Q,BLK,BLK,55.929,55.929,above,,BLK,BLK
62AQ-62GM,BLK,BLK,55.929,55.929,above,,BLK,BLK
667Q-690L,BLK,BLK,55.929,55.929,above,,BLK,BLK
62GM-65AO,BLK,BLK,55.929,55.929,above,,BLK,BLK
92AR-99AO,BLK,BLK,55.929,55.929,above,,BLK,BLK
901A-92AR,BLK,BLK,55.929,55.929,above,,BLK,BLK
694V-730V,BLK,BLK,55.929,55.929,above,,BLK,BLK
726I-74CO,BLK,BLK,55.929,55.929,above,,BLK,BLK
74CO-770B,BLK,BLK,55.929,55.929,above,,BLK,BLK
770B-799B,BLK,BLK,55.929,55.929,above,,BLK,BLK
799B-831F,BLK,BLK,55.929,55.929,above,,BLK,BLK
950U-95AI,BLK,BLK,55.929,55.929,above,,BLK,BLK
95AI-960H,BLK,BLK,55.929,55.929,above,,BLK,BLK
960H-970D,BLK,BLK,55.929,55.929,above,,BLK,BLK
970W-9800,BLK,BLK,55.929,55.929,above,,BLK,BLK
9800-981I,BLK,BLK,55.929,55.929,above,,BLK,BLK
914L-970D,BLK,BLK,55.929,55.929,above,,BLK,BLK
893Q-914L,BLK,BLK,55.929,55.929,above,,BLK,BLK
610R-62DB,BLK,BLK,55.929,55.929,above,,BLK,BLK
62DB-641A,BLK,BLK,55.929,55.929,above,,BLK,BLK
641A-65DI,BLK,BLK,55.929,55.929,above,,BLK,BLK
65DI-66BH,BLK,BLK,55.929,55.929,above,,BLK,BLK
992I-992O,BLK,BLK,55.929,55.929,above,,BLK,BLK
001H-001Y,BLK,BLK,55.929,55.929,above,,BLK,BLK
000I-001H,BLK,BLK,55.929,55.929,above,,BLK,BLK
99BC-000I,BLK,BLK,55.929,55.929,above,,BLK,BLK
982V-992I,BLK,BLK,55.929,55.929,above,,BLK,BLK
992O-99AO,BLK,BLK,55.929,55.929,above,,BLK,BLK
902N-931T,BLK,BLK,55.929,55.929,above,,BLK,BLK
55AH-55AN,BLK,BLK,55.929,55.929,above,,BLK,BLK
550X-55AH,BLK,BLK,55.929,55.929,above,,BLK,BLK
550O-550X,BLK,BLK,55.929,55.929,above,,BLK,BLK
550J-550O,BLK,BLK,55.929,55.929,above,,BLK,BLK
550C-550J,BLK,BLK,55.929,55.929,above,,BLK,BLK
541G-541S,BLK,BLK,55.929,55.929,above,,BLK,BLK
5410-541G,BLK,BLK,55.929,55.929,above,,BLK,BLK
540N-5410,BLK,BLK,55.929,55.929,above,,BLK,BLK
540D-540N,BLK,BLK,55.929,55.929,above,,BLK,BLK
5400-540D,BLK,BLK,55.929,55.929,above,,BLK,BLK
56BI-580G,BLK,BLK,55.929,55.929,above,,BLK,BLK
573R-59AE,BLK,BLK,55.929,55.929,above,,BLK,BLK
565B-570R,BLK,BLK,55.929,55.929,above,,BLK,BLK
565M-571B,BLK,BLK,55.929,55.929,above,,BLK,BLK
567T-573R,BLK,BLK,55.929,55.929,above,,BLK,BLK
55BV-56BI,BLK,BLK,55.929,55.929,above,,BLK,BLK
580G-610R,BLK,BLK,55.929,55.929,above,,BLK,BLK
920V-982M,BLK,BLK,55.929,55.929,above,,BLK,BLK
81AE-854E,BLK,BLK,55.929,55.929,above,,BLK,BLK
75AN-792F,BLK,BLK,55.929,55.929,above,,BLK,BLK
663G-680O,BLK,BLK,55.929,55.929,above,,BLK,BLK
62FC-650D,BLK,BLK,55.929,55.929,above,,BLK,BLK
792F-81AE,BLK,BLK,55.929,55.929,above,,BLK,BLK
74AG-75AN,BLK,BLK,55.929,55.929,above,,BLK,BLK
650D-663G,BLK,BLK,55.929,55.929,above,,BLK,BLK
680O-711K,BLK,BLK,55.929,55.929,above,,BLK,BLK
592G-620G,BLK,BLK,55.929,55.929,above,,BLK,BLK
571B-592G,BLK,BLK,55.929,55.929,above,,BLK,BLK
711K-74AG,BLK,BLK,55.929,55.929,above,,BLK,BLK
920F-981I,BLK,BLK,55.929,55.929,above,,BLK,BLK
810H-853A,BLK,BLK,55.929,55.929,above,,BLK,BLK
7900-810H,BLK,BLK,55.929,55.929,above,,BLK,BLK
751T-7900,BLK,BLK,55.929,55.929,above,,BLK,BLK
743L-751T,BLK,BLK,55.929,55.929,above,,BLK,BLK
710C-743L,BLK,BLK,55.929,55.929,above,,BLK,BLK
662M-67AE,BLK,BLK,55.929,55.929,above,,BLK,BLK
64AQ-662M,BLK,BLK,55.929,55.929,above,,BLK,BLK
62EQ-64AQ,BLK,BLK,55.929,55.929,above,,BLK,BLK
67AE-710C,BLK,BLK,55.929,55.929,above,,BLK,BLK
590K-61AV,BLK,BLK,55.929,55.929,above,,BLK,BLK
570R-590K,BLK,BLK,55.929,55.929,above,,BLK,BLK
59AE-62AQ,BLK,BLK,55.929,55.929,above,,BLK,BLK
854E-89AS,BLK,BLK,55.929,55.929,above,,BLK,BLK
854E-854P,BLK,BLK,55.929,55.929,above,,BLK,BLK
853A-89AQ,BLK,BLK,55.929,55.929,above,,BLK,BLK
61AV-62EQ,BLK,BLK,55.929,55.929,above,,BLK,BLK
620G-62FC,BLK,BLK,55.929,55.929,above,,BLK,BLK
982M-982K,BLK,BLK,55.929,59.055,above,,BLK,BLK
982M-982V,BLK,BLK,55.929,55.929,above,,BLK,BLK
55AN-55AS,BLK,BLK,55.929,59.055,above,,BLK,BLK
55AN-567T,BLK,BLK,55.929,55.929,above,,BLK,BLK
981I-981J,BLK,BLK,55.929,59.055,above,,BLK,BLK
981I-982M,BLK,BLK,55.929,55.929,above,,BLK,BLK
541Z-541Y,BLK,BLK,55.929,59.055,above,,BLK,BLK
541Z-550C,BLK,BLK,55.929,55.929,above,,BLK,BLK
541Z-565M,BLK,BLK,55.929,55.929,above,,BLK,BLK
541S-541N,BLK,BLK,55.929,59.055,above,,BLK,BLK
541S-565B,BLK,BLK,55.929,55.929,above,,BLK,BLK
541S-541Z,BLK,BLK,55.929,55.929,above,,BLK,BLK
53CO-53CT,BLK,BLK,55.929,59.055,above,,BLK,BLK
53CO-5400,BLK,BLK,55.929,55.929,above,,BLK,BLK
53CO-55BV,BLK,BLK,55.929,55.929,above,,BLK,BLK
690L-691Q,BLK,BLK,55.929,55.929,above,,BLK,BLK
54AB-565Q,BLK,BLK,62.778,62.778,above,,BLK,BLK
54AB-550A,BLK,BLK,62.778,62.778,above,,BLK,BLK
54AB-54AC,BLK,BLK,62.778,66.502,above,,BLK,BLK
55AP-55BK,BLK,BLK,62.778,62.778,above,,BLK,BLK
55AP-55AR,BLK,BLK,62.778,66.502,above,,BLK,BLK
53CP-53CM,BLK,BLK,62.778,66.502,above,,BLK,BLK
53CP-55CE,BLK,BLK,62.778,62.778,above,,BLK,BLK
53CP-53CW,BLK,BLK,62.778,62.778,above,,BLK,BLK
541T-54AB,BLK,BLK,62.778,62.778,above,,BLK,BLK
541T-564G,BLK,BLK,62.778,62.778,above,,BLK,BLK
541T-541O,BLK,BLK,62.778,66.502,above,,BLK,BLK
981E-982L,BLK,BLK,62.778,62.778,above,,BLK,BLK
981E-9820,BLK,BLK,62.778,66.502,above,,BLK,BLK
982L-982Y,BLK,BLK,62.778,62.778,above,,BLK,BLK
982L-982O,BLK,BLK,62.778,66.502,above,,BLK,BLK
861Y-861S,BLK,BLK,62.778,66.502,above,,BLK,BLK
861Y-870F,BLK,BLK,62.778,62.778,above,,BLK,BLK
861Y-900W,BLK,BLK,62.778,62.778,above,,BLK,BLK
87AS-87AP,BLK,BLK,62.778,66.502,above,,BLK,BLK
87AS-902K,BLK,BLK,62.778,62.778,above,,BLK,BLK
832C-831P,BLK,BLK,62.778,66.502,above,,BLK,BLK
832C-832H,BLK,BLK,62.778,62.778,above,,BLK,BLK
832C-8910,BLK,BLK,62.778,62.778,above,,BLK,BLK
99AQ-99AZ,BLK,BLK,62.778,62.778,above,,BLK,BLK
99AQ-99AI,BLK,BLK,62.778,66.502,above,,BLK,BLK
950M-95AD,BLK,BLK,62.778,62.778,above,,BLK,BLK
950M-950F,BLK,BLK,62.778,66.502,above,,BLK,BLK
970K-970Q,BLK,BLK,62.778,62.778,above,,BLK,BLK
970K-970F,BLK,BLK,62.778,66.502,above,,BLK,BLK
00AA-001W,BLK,BLK,62.778,66.502,above,,BLK,BLK
691N-727B,BLK,BLK,62.778,62.778,above,,BLK,BLK
691N-691C,BLK,BLK,62.778,66.502,above,,BLK,BLK
66AJ-670D,BLK,BLK,62.778,62.778,above,,BLK,BLK
66AJ-694E,BLK,BLK,62.778,62.778,above,,BLK,BLK
66AJ-66AN,BLK,BLK,62.778,66.502,above,,BLK,BLK
68AQ-691N,BLK,BLK,62.778,62.778,above,,BLK,BLK
592D-621A,BLK,BLK,62.778,62.778,above,,BLK,BLK
592D-592J,BLK,BLK,62.778,62.778,above,,BLK,BLK
573S-594W,BLK,BLK,62.778,62.778,above,,BLK,BLK
565Q-571K,BLK,BLK,62.778,62.778,above,,BLK,BLK
56AY-580C,BLK,BLK,62.778,62.778,above,,BLK,BLK
55CE-56AY,BLK,BLK,62.778,62.778,above,,BLK,BLK
567X-56AO,BLK,BLK,62.778,62.778,above,,BLK,BLK
564G-570L,BLK,BLK,62.778,62.778,above,,BLK,BLK
580C-580N,BLK,BLK,62.778,62.778,above,,BLK,BLK
580C-610G,BLK,BLK,62.778,62.778,above,,BLK,BLK
594W-62AW,BLK,BLK,62.778,62.778,above,,BLK,BLK
570L-591B,BLK,BLK,62.778,62.778,above,,BLK,BLK
591B-61AY,BLK,BLK,62.778,62.778,above,,BLK,BLK
571K-592D,BLK,BLK,62.778,62.778,above,,BLK,BLK
64AU-663Q,BLK,BLK,62.778,62.778,above,,BLK,BLK
541O-54AC,BLK,BLK,66.502,66.502,above,,BLK,BLK
711I-74AD,BLK,BLK,62.778,62.778,above,,BLK,BLK
74AD-75AQ,BLK,BLK,62.778,62.778,above,,BLK,BLK
920D-981E,BLK,BLK,62.778,62.778,above,,BLK,BLK
52AK-52AN,BLK,BLK,40.25,43.152,above,,BLK,BLK
81AA-854D,BLK,BLK,62.778,62.778,above,,BLK,BLK
743I-751P,BLK,BLK,62.778,62.778,above,,BLK,BLK
5650-541O,BLK,BLK,66.502,66.502,above,,BLK,BLK
5650-570T,BLK,BLK,66.502,66.502,above,,BLK,BLK
920Z-982L,BLK,BLK,62.778,62.778,above,,BLK,BLK
853F-89AG,BLK,BLK,62.778,62.778,above,,BLK,BLK
62ER-64AC,BLK,BLK,62.778,62.778,above,,BLK,BLK
62FD-64AU,BLK,BLK,62.778,62.778,above,,BLK,BLK
570T-590H,BLK,BLK,66.502,66.502,above,,BLK,BLK
791J-81AA,BLK,BLK,62.778,62.778,above,,BLK,BLK
790E-810S,BLK,BLK,62.778,62.778,above,,BLK,BLK
662K-67AO,BLK,BLK,62.778,62.778,above,,BLK,BLK
590H-590E,BLK,BLK,66.502,66.502,above,,BLK,BLK
590H-61AS,BLK,BLK,66.502,66.502,above,,BLK,BLK
854D-89AT,BLK,BLK,62.778,62.778,above,,BLK,BLK
854D-854X,BLK,BLK,62.778,62.778,above,,BLK,BLK
75AQ-791J,BLK,BLK,62.778,62.778,above,,BLK,BLK
67AO-710J,BLK,BLK,62.778,62.778,above,,BLK,BLK
64AC-662K,BLK,BLK,62.778,62.778,above,,BLK,BLK
61AS-62EG,BLK,BLK,66.502,66.502,above,,BLK,BLK
710J-743I,BLK,BLK,62.778,62.778,above,,BLK,BLK
751P-790E,BLK,BLK,62.778,62.778,above,,BLK,BLK
810S-853F,BLK,BLK,62.778,62.778,above,,BLK,BLK
663Q-680R,BLK,BLK,62.778,62.778,above,,BLK,BLK
680R-711I,BLK,BLK,62.778,62.778,above,,BLK,BLK
62EG-64AN,BLK,BLK,66.502,66.502,above,,BLK,BLK
832H-833N,BLK,BLK,62.778,62.778,above,,BLK,BLK
833N-8400,BLK,BLK,62.778,62.778,above,,BLK,BLK
8400-840S,BLK,BLK,62.778,62.778,above,,BLK,BLK
840S-851C,BLK,BLK,62.778,62.778,above,,BLK,BLK
840S-893J,BLK,BLK,62.778,62.778,above,,BLK,BLK
64AN-662D,BLK,BLK,66.502,66.502,above,,BLK,BLK
851C-852K,BLK,BLK,62.778,62.778,above,,BLK,BLK
852K-853F,BLK,BLK,62.778,62.778,above,,BLK,BLK
854X-8600,BLK,BLK,62.778,62.778,above,,BLK,BLK
8600-861F,BLK,BLK,62.778,62.778,above,,BLK,BLK
861F-861Y,BLK,BLK,62.778,62.778,above,,BLK,BLK
870F-873P,BLK,BLK,62.778,62.778,above,,BLK,BLK
662D-67AJ,BLK,BLK,66.502,66.502,above,,BLK,BLK
873P-873Q,BLK,BLK,62.778,62.778,above,,BLK,BLK
873Q-87AS,BLK,BLK,62.778,62.778,above,,BLK,BLK
61AY-62ER,BLK,BLK,62.778,62.778,above,,BLK,BLK
621A-62FD,BLK,BLK,62.778,62.778,above,,BLK,BLK
67AJ-710E,BLK,BLK,66.502,66.502,above,,BLK,BLK
92AT-99AQ,BLK,BLK,62.778,62.778,above,,BLK,BLK
900W-92AT,BLK,BLK,62.778,62.778,above,,BLK,BLK
95AD-95AT,BLK,BLK,62.778,62.778,above,,BLK,BLK
95AT-960N,BLK,BLK,62.778,62.778,above,,BLK,BLK
960N-970K,BLK,BLK,62.778,62.778,above,,BLK,BLK
970Q-97AH,BLK,BLK,62.778,62.778,above,,BLK,BLK
97AH-981E,BLK,BLK,62.778,62.778,above,,BLK,BLK
710E-743M,BLK,BLK,66.502,66.502,above,,BLK,BLK
914J-970K,BLK,BLK,62.778,62.778,above,,BLK,BLK
893J-914J,BLK,BLK,62.778,62.778,above,,BLK,BLK
9920-992P,BLK,BLK,62.778,62.778,above,,BLK,BLK
001N-00AA,BLK,BLK,62.778,62.778,above,,BLK,BLK
743M-751Z,BLK,BLK,66.502,66.502,above,,BLK,BLK
000A-001N,BLK,BLK,62.778,62.778,above,,BLK,BLK
99AZ-000A,BLK,BLK,62.778,62.778,above,,BLK,BLK
982Y-9920,BLK,BLK,62.778,62.778,above,,BLK,BLK
992P-99AQ,BLK,BLK,62.778,62.778,above,,BLK,BLK
580N-580U,BLK,BLK,62.778,62.778,above,,BLK,BLK
751Z-790H,BLK,BLK,66.502,66.502,above,,BLK,BLK
580U-58AE,BLK,BLK,62.778,62.778,above,,BLK,BLK
58AE-58AJ,BLK,BLK,62.778,62.778,above,,BLK,BLK
58AJ-5900,BLK,BLK,62.778,62.778,above,,BLK,BLK
5900-591B,BLK,BLK,62.778,62.778,above,,BLK,BLK
592J-592U,BLK,BLK,62.778,62.778,above,,BLK,BLK
592U-592V,BLK,BLK,62.778,62.778,above,,BLK,BLK
790H-810P,BLK,BLK,66.502,66.502,above,,BLK,BLK
592V-594B,BLK,BLK,62.778,62.778,above,,BLK,BLK
594B-594K,BLK,BLK,62.778,62.778,above,,BLK,BLK
594K-594W,BLK,BLK,62.778,62.778,above,,BLK,BLK
53CW-540B,BLK,BLK,62.778,62.778,above,,BLK,BLK
550U-55AA,BLK,BLK,62.778,62.778,above,,BLK,BLK
810P-852V,BLK,BLK,66.502,66.502,above,,BLK,BLK
540B-540K,BLK,BLK,62.778,62.778,above,,BLK,BLK
55AF-55AJ,BLK,BLK,62.778,62.778,above,,BLK,BLK
550E-550L,BLK,BLK,62.778,62.778,above,,BLK,BLK
540K-541D,BLK,BLK,62.778,62.778,above,,BLK,BLK
920H-94AL,BLK,BLK,66.502,66.502,above,,BLK,BLK
541D-541F,BLK,BLK,62.778,62.778,above,,BLK,BLK
541F-541T,BLK,BLK,62.778,62.778,above,,BLK,BLK
550A-550E,BLK,BLK,62.778,62.778,above,,BLK,BLK
550L-550U,BLK,BLK,62.778,62.778,above,,BLK,BLK
799J-831B,BLK,BLK,62.778,62.778,above,,BLK,BLK
770A-799J,BLK,BLK,62.778,62.778,above,,BLK,BLK
74CT-770A,BLK,BLK,62.778,62.778,above,,BLK,BLK
727B-74CT,BLK,BLK,62.778,62.778,above,,BLK,BLK
62AW-62GW,BLK,BLK,62.778,62.778,above,,BLK,BLK
62GW-65AX,BLK,BLK,62.778,62.778,above,,BLK,BLK
65AX-667I,BLK,BLK,62.778,62.778,above,,BLK,BLK
667I-68AQ,BLK,BLK,62.778,62.778,above,,BLK,BLK
912B-950M,BLK,BLK,62.778,62.778,above,,BLK,BLK
8910-912B,BLK,BLK,62.778,62.778,above,,BLK,BLK
801K-832C,BLK,BLK,62.778,62.778,above,,BLK,BLK
780I-801K,BLK,BLK,62.778,62.778,above,,BLK,BLK
74FR-780I,BLK,BLK,62.778,62.778,above,,BLK,BLK
730Y-74FR,BLK,BLK,62.778,62.778,above,,BLK,BLK
694E-730Y,BLK,BLK,62.778,62.778,above,,BLK,BLK
610G-62DC,BLK,BLK,62.778,62.778,above,,BLK,BLK
62DC-640S,BLK,BLK,62.778,62.778,above,,BLK,BLK
640S-65DM,BLK,BLK,62.778,62.778,above,,BLK,BLK
65DM-670D,BLK,BLK,62.778,62.778,above,,BLK,BLK
931Z-00AA,BLK,BLK,62.778,62.778,above,,BLK,BLK
902K-931Z,BLK,BLK,62.778,62.778,above,,BLK,BLK
831B-87AS,BLK,BLK,62.778,62.778,above,,BLK,BLK
711P-71AD,BLK,BLK,21.555,21.555,above,,BLK,BLK
711P-74AM,BLK,BLK,21.555,21.555,above,,BLK,BLK
711P-711R,BLK,BLK,21.555,24.555,above,,BLK,BLK
711R-720A,BLK,BLK,24.555,24.555,above,,BLK,BLK
711R-74AE,BLK,BLK,24.555,24.555,above,,BLK,BLK
711R-711N,BLK,BLK,24.555,26.805,above,,BLK,BLK
530G-530H,BLK,BLK,21.555,24.555,above,,BLK,BLK
530G-565S,BLK,BLK,21.555,21.555,above,,BLK,BLK
530G-530L,BLK,BLK,21.555,21.555,above,,BLK,BLK
530H-530E,BLK,BLK,24.555,26.805,above,,BLK,BLK
530H-565T,BLK,BLK,24.555,24.555,above,,BLK,BLK
530H-530M,BLK,BLK,24.555,24.555,above,,BLK,BLK
592H-622G,BLK,BLK,21.555,21.555,above,,BLK,BLK
592H-592L,BLK,BLK,21.555,21.555,above,,BLK,BLK
592I-620H,BLK,BLK,24.555,24.555,above,,BLK,BLK
592I-592H,BLK,BLK,24.555,21.555,above,,BLK,BLK
592I-592K,BLK,BLK,24.555,24.555,above,,BLK,BLK
50AS-530G,BLK,BLK,21.555,21.555,above,,BLK,BLK
50AS-50AT,BLK,BLK,21.555,24.555,above,,BLK,BLK
50AS-50AZ,BLK,BLK,21.555,21.555,above,,BLK,BLK
50AT-50AR,BLK,BLK,24.555,26.805,above,,BLK,BLK
50AT-530H,BLK,BLK,24.555,24.555,above,,BLK,BLK
50AT-50BA,BLK,BLK,24.555,24.555,above,,BLK,BLK
5300-530J,BLK,BLK,40.25,43.152,above,,BLK,BLK
565S-565T,BLK,BLK,21.555,24.555,above,,BLK,BLK
565S-571M,BLK,BLK,21.555,21.555,above,,BLK,BLK
565S-566A,BLK,BLK,21.555,21.555,above,,BLK,BLK
565T-571N,BLK,BLK,24.555,24.555,above,,BLK,BLK
565T-566B,BLK,BLK,24.555,24.555,above,,BLK,BLK
565U-571O,BLK,BLK,66.502,66.502,above,,BLK,BLK
565U-54AC,BLK,BLK,66.502,66.502,above,,BLK,BLK
571M-592H,BLK,BLK,21.555,21.555,above,,BLK,BLK
571M-571N,BLK,BLK,21.555,24.555,above,,BLK,BLK
571M-572A,BLK,BLK,21.555,21.555,above,,BLK,BLK
571N-592I,BLK,BLK,24.555,24.555,above,,BLK,BLK
571N-572B,BLK,BLK,24.555,24.555,above,,BLK,BLK
571O-591J,BLK,BLK,66.502,66.502,above,,BLK,BLK
591J-590H,BLK,BLK,66.502,66.502,above,,BLK,BLK
591J-622H,BLK,BLK,66.502,66.502,above,,BLK,BLK
622H-62FH,BLK,BLK,66.502,66.502,above,,BLK,BLK
62FH-650A,BLK,BLK,66.502,66.502,above,,BLK,BLK
650A-663O,BLK,BLK,66.502,66.502,above,,BLK,BLK
663O-680J,BLK,BLK,66.502,66.502,above,,BLK,BLK
680J-711L,BLK,BLK,66.502,66.502,above,,BLK,BLK
54AC-550B,BLK,BLK,66.502,66.502,above,,BLK,BLK
711L-74AC,BLK,BLK,66.502,66.502,above,,BLK,BLK
74AC-75AG,BLK,BLK,66.502,66.502,above,,BLK,BLK
75AG-791D,BLK,BLK,66.502,66.502,above,,BLK,BLK
791D-810Y,BLK,BLK,66.502,66.502,above,,BLK,BLK
920X-89AV,BLK,BLK,66.502,66.502,above,,BLK,BLK
99AI-94BB,BLK,BLK,66.502,66.502,above,,BLK,BLK
99AI-99AX,BLK,BLK,66.502,66.502,above,,BLK,BLK
930C-901E,BLK,BLK,66.502,66.502,above,,BLK,BLK
901E-88AD,BLK,BLK,66.502,66.502,above,,BLK,BLK
701Y-702G,BLK,BLK,46.55,46.55,above,,BLK,BLK
722C-723D,BLK,BLK,46.55,46.55,above,,BLK,BLK
87CB-890C,BLK,BLK,46.55,46.55,above,,BLK,BLK
87CT-89AN,BLK,BLK,46.55,46.55,above,,BLK,BLK
89AN-89AJ,BLK,BLK,46.55,49.676,above,,BLK,BLK
89AN-905S,BLK,BLK,46.55,46.55,above,,BLK,BLK
905K-911D,BLK,BLK,46.55,46.55,above,,BLK,BLK
905S-91AE,BLK,BLK,46.55,46.55,above,,BLK,BLK
941F-950O,BLK,BLK,46.55,46.55,above,,BLK,BLK
94AK-9810,BLK,BLK,46.55,46.55,above,,BLK,BLK
566E-566H,BLK,BLK,24.555,24.555,above,,BLK,BLK
563A-563I,BLK,BLK,24.555,24.555,above,,BLK,BLK
563A-56CD,BLK,BLK,24.555,24.555,above,,BLK,BLK
563J-564K,BLK,BLK,24.555,24.555,above,,BLK,BLK
567J-567H,BLK,BLK,21.555,24.555,above,,BLK,BLK
567J-567N,BLK,BLK,21.555,21.555,above,,BLK,BLK
567J-572Q,BLK,BLK,21.555,21.555,above,,BLK,BLK
5620-562A,BLK,BLK,21.555,24.555,above,,BLK,BLK
5620-563B,BLK,BLK,21.555,21.555,above,,BLK,BLK
5620-56BZ,BLK,BLK,21.555,21.555,above,,BLK,BLK
567D-567J,BLK,BLK,21.555,21.555,above,,BLK,BLK
567D-567E,BLK,BLK,21.555,24.555,above,,BLK,BLK
567D-572M,BLK,BLK,21.555,21.555,above,,BLK,BLK
560A-561B,BLK,BLK,21.555,21.555,above,,BLK,BLK
562A-563A,BLK,BLK,24.555,24.555,above,,BLK,BLK
562A-56BY,BLK,BLK,24.555,24.555,above,,BLK,BLK
567B-567D,BLK,BLK,21.555,21.555,above,,BLK,BLK
567B-566H,BLK,BLK,21.555,24.555,above,,BLK,BLK
567B-572I,BLK,BLK,21.555,21.555,above,,BLK,BLK
567E-567H,BLK,BLK,24.555,24.555,above,,BLK,BLK
567E-572N,BLK,BLK,24.555,24.555,above,,BLK,BLK
566H-567E,BLK,BLK,24.555,24.555,above,,BLK,BLK
566H-572K,BLK,BLK,24.555,24.555,above,,BLK,BLK
561B-5620,BLK,BLK,21.555,21.555,above,,BLK,BLK
561B-560E,BLK,BLK,21.555,24.555,above,,BLK,BLK
561B-56BV,BLK,BLK,21.555,21.555,above,,BLK,BLK
563L-565C,BLK,BLK,21.555,21.555,above,,BLK,BLK
563B-563A,BLK,BLK,21.555,24.555,above,,BLK,BLK
563B-563E,BLK,BLK,21.555,21.555,above,,BLK,BLK
563B-56CC,BLK,BLK,21.555,21.555,above,,BLK,BLK
560E-562A,BLK,BLK,24.555,24.555,above,,BLK,BLK
560E-56BT,BLK,BLK,24.555,24.555,above,,BLK,BLK
567H-567L,BLK,BLK,24.555,24.555,above,,BLK,BLK
567H-572S,BLK,BLK,24.555,24.555,above,,BLK,BLK
55CH-560E,BLK,BLK,24.555,24.555,above,,BLK,BLK
566G-567B,BLK,BLK,21.555,21.555,above,,BLK,BLK
567N-56AG,BLK,BLK,21.555,21.555,above,,BLK,BLK
563I-563J,BLK,BLK,24.555,24.555,above,,BLK,BLK
567L-56AH,BLK,BLK,24.555,24.555,above,,BLK,BLK
566A-566G,BLK,BLK,21.555,21.555,above,,BLK,BLK
563E-563L,BLK,BLK,21.555,21.555,above,,BLK,BLK
566B-566E,BLK,BLK,24.555,24.555,above,,BLK,BLK
572C-572I,BLK,BLK,21.555,21.555,above,,BLK,BLK
56BR-56BV,BLK,BLK,21.555,21.555,above,,BLK,BLK
570B-570F,BLK,BLK,24.555,24.555,above,,BLK,BLK
570H-5711,BLK,BLK,21.555,21.555,above,,BLK,BLK
56CD-574B,BLK,BLK,24.555,24.555,above,,BLK,BLK
56CD-570B,BLK,BLK,24.555,24.555,above,,BLK,BLK
572Q-574G,BLK,BLK,21.555,21.555,above,,BLK,BLK
572Q-572S,BLK,BLK,21.555,24.555,above,,BLK,BLK
572Q-573A,BLK,BLK,21.555,21.555,above,,BLK,BLK
570C-570H,BLK,BLK,21.555,21.555,above,,BLK,BLK
56BZ-5740,BLK,BLK,21.555,21.555,above,,BLK,BLK
56BZ-56BY,BLK,BLK,21.555,24.555,above,,BLK,BLK
56BZ-56CC,BLK,BLK,21.555,21.555,above,,BLK,BLK
56BY-5741,BLK,BLK,24.555,24.555,above,,BLK,BLK
56BY-56CD,BLK,BLK,24.555,24.555,above,,BLK,BLK
572M-574F,BLK,BLK,21.555,21.555,above,,BLK,BLK
572M-572Q,BLK,BLK,21.555,21.555,above,,BLK,BLK
572M-572N,BLK,BLK,21.555,24.555,above,,BLK,BLK
572I-574D,BLK,BLK,21.555,21.555,above,,BLK,BLK
572I-572M,BLK,BLK,21.555,21.555,above,,BLK,BLK
572I-572K,BLK,BLK,21.555,24.555,above,,BLK,BLK
572N-574E,BLK,BLK,24.555,24.555,above,,BLK,BLK
572K-574C,BLK,BLK,24.555,24.555,above,,BLK,BLK
572K-572N,BLK,BLK,24.555,24.555,above,,BLK,BLK
56BO-56BT,BLK,BLK,24.555,24.555,above,,BLK,BLK
56BV-573Y,BLK,BLK,21.555,21.555,above,,BLK,BLK
56BV-56BZ,BLK,BLK,21.555,21.555,above,,BLK,BLK
56BV-56BT,BLK,BLK,21.555,24.555,above,,BLK,BLK
56CC-574A,BLK,BLK,21.555,21.555,above,,BLK,BLK
56CC-56CD,BLK,BLK,21.555,24.555,above,,BLK,BLK
56CC-570C,BLK,BLK,21.555,21.555,above,,BLK,BLK
56BT-573X,BLK,BLK,24.555,24.555,above,,BLK,BLK
56BT-56BY,BLK,BLK,24.555,24.555,above,,BLK,BLK
572S-574H,BLK,BLK,24.555,24.555,above,,BLK,BLK
572S-572N,BLK,BLK,24.555,24.555,above,,BLK,BLK
572S-573B,BLK,BLK,24.555,24.555,above,,BLK,BLK
570F-570J,BLK,BLK,24.555,24.555,above,,BLK,BLK
572D-572K,BLK,BLK,24.555,24.555,above,,BLK,BLK
573A-573F,BLK,BLK,21.555,21.555,above,,BLK,BLK
573B-573G,BLK,BLK,24.555,24.555,above,,BLK,BLK
572A-572C,BLK,BLK,21.555,21.555,above,,BLK,BLK
572B-572D,BLK,BLK,24.555,24.555,above,,BLK,BLK
56AW-56BR,BLK,BLK,21.555,21.555,above,,BLK,BLK
56AW-56AX,BLK,BLK,21.555,24.555,above,,BLK,BLK
56AW-5800,BLK,BLK,21.555,21.555,above,,BLK,BLK
56AX-580K,BLK,BLK,24.555,24.555,above,,BLK,BLK
56AX-56BO,BLK,BLK,24.555,24.555,above,,BLK,BLK
51AH-51AR,BLK,BLK,21.555,21.555,above,,BLK,BLK
51AR-561B,BLK,BLK,21.555,21.555,above,,BLK,BLK
51AR-520C,BLK,BLK,21.555,21.555,above,,BLK,BLK
520C-5620,BLK,BLK,21.555,21.555,above,,BLK,BLK
520C-520K,BLK,BLK,21.555,21.555,above,,BLK,BLK
51AB-516Y,BLK,BLK,24.555,26.805,above,,BLK,BLK
51AB-51AI,BLK,BLK,24.555,24.555,above,,BLK,BLK
51AB-55CA,BLK,BLK,24.555,24.555,above,,BLK,BLK
51AI-51AU,BLK,BLK,24.555,24.555,above,,BLK,BLK
51AU-560E,BLK,BLK,24.555,24.555,above,,BLK,BLK
51AU-520B,BLK,BLK,24.555,24.555,above,,BLK,BLK
520K-563B,BLK,BLK,21.555,21.555,above,,BLK,BLK
520K-520S,BLK,BLK,21.555,21.555,above,,BLK,BLK
520S-52AA,BLK,BLK,21.555,21.555,above,,BLK,BLK
52AA-52AS,BLK,BLK,21.555,21.555,above,,BLK,BLK
530L-53AE,BLK,BLK,21.555,21.555,above,,BLK,BLK
53AE-53AH,BLK,BLK,21.555,21.555,above,,BLK,BLK
53AH-567B,BLK,BLK,21.555,21.555,above,,BLK,BLK
53AH-53AP,BLK,BLK,21.555,21.555,above,,BLK,BLK
53AP-567D,BLK,BLK,21.555,21.555,above,,BLK,BLK
53AP-53AX,BLK,BLK,21.555,21.555,above,,BLK,BLK
53AX-567J,BLK,BLK,21.555,21.555,above,,BLK,BLK
53AX-53BH,BLK,BLK,21.555,21.555,above,,BLK,BLK
53BH-53BS,BLK,BLK,21.555,21.555,above,,BLK,BLK
53BS-53BT,BLK,BLK,21.555,24.555,above,,BLK,BLK
53BS-56AG,BLK,BLK,21.555,21.555,above,,BLK,BLK
520B-562A,BLK,BLK,24.555,24.555,above,,BLK,BLK
520B-520C,BLK,BLK,24.555,21.555,above,,BLK,BLK
520B-520L,BLK,BLK,24.555,24.555,above,,BLK,BLK
520L-563A,BLK,BLK,24.555,24.555,above,,BLK,BLK
520L-520T,BLK,BLK,24.555,24.555,above,,BLK,BLK
520T-52AB,BLK,BLK,24.555,24.555,above,,BLK,BLK
52AB-52AP,BLK,BLK,24.555,24.555,above,,BLK,BLK
530M-53AD,BLK,BLK,24.555,24.555,above,,BLK,BLK
53AD-53AI,BLK,BLK,24.555,24.555,above,,BLK,BLK
53AI-566H,BLK,BLK,24.555,24.555,above,,BLK,BLK
53AI-53AQ,BLK,BLK,24.555,24.555,above,,BLK,BLK
53AQ-567E,BLK,BLK,24.555,24.555,above,,BLK,BLK
53AQ-53AP,BLK,BLK,24.555,21.555,above,,BLK,BLK
53AQ-53AW,BLK,BLK,24.555,24.555,above,,BLK,BLK
53AW-567H,BLK,BLK,24.555,24.555,above,,BLK,BLK
53AW-53BI,BLK,BLK,24.555,24.555,above,,BLK,BLK
53BI-53BT,BLK,BLK,24.555,24.555,above,,BLK,BLK
53BT-53BQ,BLK,BLK,24.555,26.805,above,,BLK,BLK
53BT-56AH,BLK,BLK,24.555,24.555,above,,BLK,BLK
516U-51AH,BLK,BLK,21.555,21.555,above,,BLK,BLK
516U-51AB,BLK,BLK,21.555,24.555,above,,BLK,BLK
516U-55BZ,BLK,BLK,21.555,21.555,above,,BLK,BLK
56AG-56AH,BLK,BLK,21.555,24.555,above,,BLK,BLK
56AG-573F,BLK,BLK,21.555,21.555,above,,BLK,BLK
56AH-573G,BLK,BLK,24.555,24.555,above,,BLK,BLK
567R-55BJ,BLK,BLK,66.502,66.502,above,,BLK,BLK
567R-56AM,BLK,BLK,66.502,66.502,above,,BLK,BLK
726N-725B,BLK,BLK,21.555,21.555,above,,BLK,BLK
726N-74CU,BLK,BLK,21.555,21.555,above,,BLK,BLK
726N-727A,BLK,BLK,21.555,24.555,above,,BLK,BLK
727A-725A,BLK,BLK,24.555,24.555,above,,BLK,BLK
727A-74CV,BLK,BLK,24.555,24.555,above,,BLK,BLK
727A-726L,BLK,BLK,24.555,26.805,above,,BLK,BLK
694F-730N,BLK,BLK,21.555,21.555,above,,BLK,BLK
694F-694G,BLK,BLK,21.555,24.555,above,,BLK,BLK
694G-730O,BLK,BLK,24.555,24.555,above,,BLK,BLK
694G-694J,BLK,BLK,24.555,26.805,above,,BLK,BLK
722F-7230,BLK,BLK,34.555,34.555,above,,BLK,BLK
702D-7030,BLK,BLK,34.555,34.555,above,,BLK,BLK
55AK-55BH,BLK,BLK,66.502,66.502,above,,BLK,BLK
55AK-55AR,BLK,BLK,66.502,66.502,above,,BLK,BLK
55AJ-55AP,BLK,BLK,62.778,62.778,above,,BLK,BLK
55AJ-55AK,BLK,BLK,62.778,66.502,above,,BLK,BLK
55AZ-55BA,BLK,BLK,66.502,66.502,above,,BLK,BLK
55BJ-55AR,BLK,BLK,66.502,66.502,above,,BLK,BLK
56AM-573H,BLK,BLK,66.502,66.502,above,,BLK,BLK
55BK-567X,BLK,BLK,62.778,62.778,above,,BLK,BLK
56AO-573S,BLK,BLK,62.778,62.778,above,,BLK,BLK
55BA-567K,BLK,BLK,66.502,66.502,above,,BLK,BLK
55BA-55BD,BLK,BLK,66.502,66.502,above,,BLK,BLK
56AK-56AM,BLK,BLK,66.502,66.502,above,,BLK,BLK
56AK-573C,BLK,BLK,66.502,66.502,above,,BLK,BLK
55BD-55BH,BLK,BLK,66.502,66.502,above,,BLK,BLK
55BH-55BJ,BLK,BLK,66.502,66.502,above,,BLK,BLK
55BH-567Q,BLK,BLK,66.502,66.502,above,,BLK,BLK
567Q-56AK,BLK,BLK,66.502,66.502,above,,BLK,BLK
56AI-56AK,BLK,BLK,66.502,66.502,above,,BLK,BLK
914K-893N,BLK,BLK,66.502,66.502,above,,BLK,BLK
893N-880U,BLK,BLK,66.502,66.502,above,,BLK,BLK
593A-600R,BLK,BLK,21.555,21.555,above,,BLK,BLK
593A-592Y,BLK,BLK,21.555,21.555,above,,BLK,BLK
580Y-6000,BLK,BLK,21.555,21.555,above,,BLK,BLK
580Y-580S,BLK,BLK,21.555,21.555,above,,BLK,BLK
5800-610M,BLK,BLK,21.555,21.555,above,,BLK,BLK
5800-580K,BLK,BLK,21.555,24.555,above,,BLK,BLK
580Q-5800,BLK,BLK,21.555,21.555,above,,BLK,BLK
580S-59AO,BLK,BLK,21.555,21.555,above,,BLK,BLK
580S-580Q,BLK,BLK,21.555,21.555,above,,BLK,BLK
580S-580T,BLK,BLK,21.555,24.555,above,,BLK,BLK
58AC-600A,BLK,BLK,21.555,21.555,above,,BLK,BLK
58AC-580Y,BLK,BLK,21.555,21.555,above,,BLK,BLK
58AC-58AH,BLK,BLK,21.555,21.555,above,,BLK,BLK
58AC-58AD,BLK,BLK,21.555,24.555,above,,BLK,BLK
58AH-590B,BLK,BLK,21.555,21.555,above,,BLK,BLK
592L-592S,BLK,BLK,21.555,21.555,above,,BLK,BLK
592S-592Y,BLK,BLK,21.555,21.555,above,,BLK,BLK
592Y-600O,BLK,BLK,21.555,21.555,above,,BLK,BLK
594E-600S,BLK,BLK,21.555,21.555,above,,BLK,BLK
594E-593A,BLK,BLK,21.555,21.555,above,,BLK,BLK
594E-594M,BLK,BLK,21.555,21.555,above,,BLK,BLK
594M-594N,BLK,BLK,21.555,21.555,above,,BLK,BLK
594N-62AF,BLK,BLK,21.555,21.555,above,,BLK,BLK
594N-594V,BLK,BLK,21.555,24.555,above,,BLK,BLK
580R-580K,BLK,BLK,24.555,24.555,above,,BLK,BLK
580T-580R,BLK,BLK,24.555,24.555,above,,BLK,BLK
58AD-600C,BLK,BLK,24.555,24.555,above,,BLK,BLK
58AD-58AL,BLK,BLK,24.555,24.555,above,,BLK,BLK
58AD-580Z,BLK,BLK,24.555,24.555,above,,BLK,BLK
58AL-590C,BLK,BLK,24.555,24.555,above,,BLK,BLK
590C-590F,BLK,BLK,24.555,24.555,above,,BLK,BLK
592K-592R,BLK,BLK,24.555,24.555,above,,BLK,BLK
592R-592X,BLK,BLK,24.555,24.555,above,,BLK,BLK
592X-600P,BLK,BLK,24.555,24.555,above,,BLK,BLK
592X-592Y,BLK,BLK,24.555,21.555,above,,BLK,BLK
594G-600U,BLK,BLK,24.555,24.555,above,,BLK,BLK
594G-594E,BLK,BLK,24.555,21.555,above,,BLK,BLK
594G-594I,BLK,BLK,24.555,24.555,above,,BLK,BLK
594G-5940,BLK,BLK,24.555,24.555,above,,BLK,BLK
594I-594V,BLK,BLK,24.555,24.555,above,,BLK,BLK
594V-62AS,BLK,BLK,24.555,24.555,above,,BLK,BLK
580Z-59AR,BLK,BLK,24.555,24.555,above,,BLK,BLK
580Z-580T,BLK,BLK,24.555,24.555,above,,BLK,BLK
5940-600Q,BLK,BLK,24.555,24.555,above,,BLK,BLK
5940-592X,BLK,BLK,24.555,24.555,above,,BLK,BLK
573F-594N,BLK,BLK,21.555,21.555,above,,BLK,BLK
573F-573G,BLK,BLK,21.555,24.555,above,,BLK,BLK
573G-594V,BLK,BLK,24.555,24.555,above,,BLK,BLK
573H-594X,BLK,BLK,66.502,66.502,above,,BLK,BLK
594X-594L,BLK,BLK,66.502,66.502,above,,BLK,BLK
594X-62AO,BLK,BLK,66.502,66.502,above,,BLK,BLK
62AO-62GX,BLK,BLK,66.502,66.502,above,,BLK,BLK
62GX-65AQ,BLK,BLK,66.502,66.502,above,,BLK,BLK
65AQ-667H,BLK,BLK,66.502,66.502,above,,BLK,BLK
667H-690H,BLK,BLK,66.502,66.502,above,,BLK,BLK
690H-691C,BLK,BLK,66.502,66.502,above,,BLK,BLK
6910-726N,BLK,BLK,21.555,21.555,above,,BLK,BLK
6910-691A,BLK,BLK,21.555,24.555,above,,BLK,BLK
691A-691I,BLK,BLK,24.555,26.805,above,,BLK,BLK
691A-727A,BLK,BLK,24.555,24.555,above,,BLK,BLK
691B-691J,BLK,BLK,40.25,43.152,above,,BLK,BLK
691C-726M,BLK,BLK,66.502,66.502,above,,BLK,BLK
691D-691L,BLK,BLK,43.955,46.55,above,,BLK,BLK
691E-691M,BLK,BLK,47.155,49.676,above,,BLK,BLK
726M-74CQ,BLK,BLK,66.502,66.502,above,,BLK,BLK
74CQ-76AB,BLK,BLK,66.502,66.502,above,,BLK,BLK
76AB-799K,BLK,BLK,66.502,66.502,above,,BLK,BLK
799K-831H,BLK,BLK,66.502,66.502,above,,BLK,BLK
95AA-95AL,BLK,BLK,21.555,21.555,above,,BLK,BLK
95AA-950D,BLK,BLK,21.555,21.555,above,,BLK,BLK
95AB-95AM,BLK,BLK,66.502,66.502,above,,BLK,BLK
95AB-950F,BLK,BLK,66.502,66.502,above,,BLK,BLK
95AL-960L,BLK,BLK,21.555,21.555,above,,BLK,BLK
960L-960T,BLK,BLK,21.555,21.555,above,,BLK,BLK
960T-970G,BLK,BLK,21.555,21.555,above,,BLK,BLK
970G-970X,BLK,BLK,21.555,21.555,above,,BLK,BLK
970X-97AI,BLK,BLK,21.555,21.555,above,,BLK,BLK
97AI-981G,BLK,BLK,21.555,21.555,above,,BLK,BLK
982I-920M,BLK,BLK,21.555,21.555,above,,BLK,BLK
982I-982Q,BLK,BLK,21.555,21.555,above,,BLK,BLK
982I-982E,BLK,BLK,21.555,24.555,above,,BLK,BLK
982Q-992H,BLK,BLK,21.555,21.555,above,,BLK,BLK
992H-992S,BLK,BLK,21.555,21.555,above,,BLK,BLK
992S-99AJ,BLK,BLK,21.555,21.555,above,,BLK,BLK
99AJ-99BJ,BLK,BLK,21.555,21.555,above,,BLK,BLK
99BJ-000G,BLK,BLK,21.555,21.555,above,,BLK,BLK
000G-001M,BLK,BLK,21.555,21.555,above,,BLK,BLK
95AM-960E,BLK,BLK,66.502,66.502,above,,BLK,BLK
95AC-95AO,BLK,BLK,24.555,24.555,above,,BLK,BLK
95AC-950E,BLK,BLK,24.555,24.555,above,,BLK,BLK
95AO-960A,BLK,BLK,24.555,24.555,above,,BLK,BLK
960A-914D,BLK,BLK,24.555,24.555,above,,BLK,BLK
960A-960R,BLK,BLK,24.555,24.555,above,,BLK,BLK
960R-914H,BLK,BLK,24.555,24.555,above,,BLK,BLK
960R-970A,BLK,BLK,24.555,24.555,above,,BLK,BLK
970A-914R,BLK,BLK,24.555,24.555,above,,BLK,BLK
970A-970T,BLK,BLK,24.555,24.555,above,,BLK,BLK
970T-97AE,BLK,BLK,24.555,24.555,above,,BLK,BLK
97AE-981F,BLK,BLK,24.555,24.555,above,,BLK,BLK
982E-920Q,BLK,BLK,24.555,24.555,above,,BLK,BLK
982E-982G,BLK,BLK,24.555,26.805,above,,BLK,BLK
982E-982S,BLK,BLK,24.555,24.555,above,,BLK,BLK
982S-991B,BLK,BLK,24.555,24.555,above,,BLK,BLK
991B-992V,BLK,BLK,24.555,24.555,above,,BLK,BLK
992V-99AG,BLK,BLK,24.555,24.555,above,,BLK,BLK
99AG-99BE,BLK,BLK,24.555,24.555,above,,BLK,BLK
99BE-000B,BLK,BLK,24.555,24.555,above,,BLK,BLK
000B-001B,BLK,BLK,24.555,24.555,above,,BLK,BLK
001R-001M,BLK,BLK,21.555,21.555,above,,BLK,BLK
001R-001T,BLK,BLK,21.555,24.555,above,,BLK,BLK
001T-001Q,BLK,BLK,24.555,26.805,above,,BLK,BLK
001T-001B,BLK,BLK,24.555,24.555,above,,BLK,BLK
950D-950E,BLK,BLK,21.555,24.555,above,,BLK,BLK
950E-950H,BLK,BLK,24.555,26.805,above,,BLK,BLK
960E-960W,BLK,BLK,66.502,66.502,above,,BLK,BLK
960W-970F,BLK,BLK,66.502,66.502,above,,BLK,BLK
970F-94AA,BLK,BLK,66.502,66.502,above,,BLK,BLK
970F-97AA,BLK,BLK,66.502,66.502,above,,BLK,BLK
97AA-980A,BLK,BLK,66.502,66.502,above,,BLK,BLK
980A-9820,BLK,BLK,66.502,66.502,above,,BLK,BLK
9820-982O,BLK,BLK,66.502,66.502,above,,BLK,BLK
982O-920X,BLK,BLK,66.502,66.502,above,,BLK,BLK
982O-991A,BLK,BLK,66.502,66.502,above,,BLK,BLK
991A-992B,BLK,BLK,66.502,66.502,above,,BLK,BLK
992B-992X,BLK,BLK,66.502,66.502,above,,BLK,BLK
992X-99AI,BLK,BLK,66.502,66.502,above,,BLK,BLK
99AX-000H,BLK,BLK,66.502,66.502,above,,BLK,BLK
000H-001G,BLK,BLK,66.502,66.502,above,,BLK,BLK
001W-001G,BLK,BLK,66.502,66.502,above,,BLK,BLK
501G-501R,BLK,BLK,21.555,21.555,above,,BLK,BLK
501R-514S,BLK,BLK,21.555,21.555,above,,BLK,BLK
501R-502B,BLK,BLK,21.555,21.555,above,,BLK,BLK
502B-515A,BLK,BLK,21.555,21.555,above,,BLK,BLK
502B-503G,BLK,BLK,21.555,21.555,above,,BLK,BLK
500F-5010,BLK,BLK,24.555,26.805,above,,BLK,BLK
500F-51AB,BLK,BLK,24.555,24.555,above,,BLK,BLK
500F-501H,BLK,BLK,24.555,24.555,above,,BLK,BLK
501H-501S,BLK,BLK,24.555,24.555,above,,BLK,BLK
501S-514R,BLK,BLK,24.555,24.555,above,,BLK,BLK
501S-502C,BLK,BLK,24.555,24.555,above,,BLK,BLK
503G-515B,BLK,BLK,21.555,21.555,above,,BLK,BLK
503G-504L,BLK,BLK,21.555,21.555,above,,BLK,BLK
504L-504V,BLK,BLK,21.555,21.555,above,,BLK,BLK
504V-50AA,BLK,BLK,21.555,21.555,above,,BLK,BLK
50AZ-50BK,BLK,BLK,21.555,21.555,above,,BLK,BLK
50BK-50BS,BLK,BLK,21.555,21.555,above,,BLK,BLK
50BS-516A,BLK,BLK,21.555,21.555,above,,BLK,BLK
50BS-510I,BLK,BLK,21.555,21.555,above,,BLK,BLK
510I-516C,BLK,BLK,21.555,21.555,above,,BLK,BLK
510I-510T,BLK,BLK,21.555,21.555,above,,BLK,BLK
510T-516F,BLK,BLK,21.555,21.555,above,,BLK,BLK
510T-511K,BLK,BLK,21.555,21.555,above,,BLK,BLK
511K-513D,BLK,BLK,21.555,21.555,above,,BLK,BLK
513D-53BS,BLK,BLK,21.555,21.555,above,,BLK,BLK
513D-513F,BLK,BLK,21.555,24.555,above,,BLK,BLK
502C-5150,BLK,BLK,24.555,24.555,above,,BLK,BLK
502C-5040,BLK,BLK,24.555,24.555,above,,BLK,BLK
5040-5160,BLK,BLK,24.555,24.555,above,,BLK,BLK
5040-504M,BLK,BLK,24.555,24.555,above,,BLK,BLK
504M-504W,BLK,BLK,24.555,24.555,above,,BLK,BLK
504W-50AB,BLK,BLK,24.555,24.555,above,,BLK,BLK
50BA-50BL,BLK,BLK,24.555,24.555,above,,BLK,BLK
50BL-50BT,BLK,BLK,24.555,24.555,above,,BLK,BLK
50BT-516B,BLK,BLK,24.555,24.555,above,,BLK,BLK
50BT-510J,BLK,BLK,24.555,24.555,above,,BLK,BLK
510J-516D,BLK,BLK,24.555,24.555,above,,BLK,BLK
510J-510U,BLK,BLK,24.555,24.555,above,,BLK,BLK
510U-516E,BLK,BLK,24.555,24.555,above,,BLK,BLK
510U-5120,BLK,BLK,24.555,24.555,above,,BLK,BLK
5120-513F,BLK,BLK,24.555,24.555,above,,BLK,BLK
513F-513A,BLK,BLK,24.555,26.805,above,,BLK,BLK
513F-53BT,BLK,BLK,24.555,24.555,above,,BLK,BLK
500G-516U,BLK,BLK,21.555,21.555,above,,BLK,BLK
500G-501G,BLK,BLK,21.555,21.555,above,,BLK,BLK
500G-500F,BLK,BLK,21.555,24.555,above,,BLK,BLK
53CY-540A,BLK,BLK,66.502,66.502,above,,BLK,BLK
540A-540H,BLK,BLK,66.502,66.502,above,,BLK,BLK
540H-540O,BLK,BLK,66.502,66.502,above,,BLK,BLK
540O-541A,BLK,BLK,66.502,66.502,above,,BLK,BLK
541A-541K,BLK,BLK,66.502,66.502,above,,BLK,BLK
541K-541O,BLK,BLK,66.502,66.502,above,,BLK,BLK
550B-550G,BLK,BLK,66.502,66.502,above,,BLK,BLK
550G-550P,BLK,BLK,66.502,66.502,above,,BLK,BLK
550P-550S,BLK,BLK,66.502,66.502,above,,BLK,BLK
550S-550Y,BLK,BLK,66.502,66.502,above,,BLK,BLK
550Y-55AB,BLK,BLK,66.502,66.502,above,,BLK,BLK
55AD-55AK,BLK,BLK,66.502,66.502,above,,BLK,BLK
55BZ-560A,BLK,BLK,21.555,21.555,above,,BLK,BLK
55BZ-56AW,BLK,BLK,21.555,21.555,above,,BLK,BLK
55BZ-55CA,BLK,BLK,21.555,24.555,above,,BLK,BLK
55CA-55CH,BLK,BLK,24.555,24.555,above,,BLK,BLK
55CA-56AX,BLK,BLK,24.555,24.555,above,,BLK,BLK
55CB-53CM,BLK,BLK,66.502,66.502,above,,BLK,BLK
55CB-56BD,BLK,BLK,66.502,66.502,above,,BLK,BLK
56BD-57AA,BLK,BLK,66.502,66.502,above,,BLK,BLK
57AA-610H,BLK,BLK,66.502,66.502,above,,BLK,BLK
610H-62CL,BLK,BLK,66.502,66.502,above,,BLK,BLK
62CL-640P,BLK,BLK,66.502,66.502,above,,BLK,BLK
640P-65DC,BLK,BLK,66.502,66.502,above,,BLK,BLK
65DC-66AV,BLK,BLK,66.502,66.502,above,,BLK,BLK
66AK-694F,BLK,BLK,21.555,21.555,above,,BLK,BLK
66AK-66AL,BLK,BLK,21.555,24.555,above,,BLK,BLK
66AL-66AC,BLK,BLK,24.555,26.805,above,,BLK,BLK
66AL-694G,BLK,BLK,24.555,24.555,above,,BLK,BLK
66AM-66AF,BLK,BLK,40.25,43.152,above,,BLK,BLK
66AN-694H,BLK,BLK,66.502,66.502,above,,BLK,BLK
66AO-66AA,BLK,BLK,43.955,46.55,above,,BLK,BLK
66AP-66AG,BLK,BLK,47.155,49.676,above,,BLK,BLK
66BG-66AU,CR1,,49.676,52.803,above,,CR1,
690F-690I,CR1,,49.676,52.803,above,,CR1,
690I-68AW,CR1,,52.803,53.255,above,,CR1,
66AU-66BA,CR1,,52.803,53.255,above,,CR1,
690L-68AW,CR1,,55.929,53.255,above,,CR1,
66BH-66BA,CR1,,55.929,53.255,above,,CR1,
690K-690F,CR1,,47.155,49.676,above,,CR1,
66AW-66BG,CR1,,47.155,49.676,above,,CR1,
66BD-670A,CR2,,57.255,59.055,above,,CR2,
66BD-66BH,CR2,,57.255,55.929,above,,CR2,
690E-68AQ,CR2,,59.055,62.778,above,,CR2,
670A-670D,CR2,,59.055,62.778,above,,CR2,
670D-66AT,CR2,,62.778,63.755,above,,CR2,
68AQ-690A,CR2,,62.778,63.755,above,,CR2,
6900-690E,CR2,,57.255,59.055,above,,CR2,
6900-690L,CR2,,57.255,55.929,above,,CR2,
66AT-66AV,CR3,,63.755,66.502,above,,CR3,
66AV-66AY,CR3,,66.502,71.707,above,,CR3,
690H-68AV,CR3,,66.502,71.707,above,,CR3,
690A-690H,CR3,,63.755,66.502,above,,CR3,
694Z-73AG,D00,DCK00,21.555,21.555,above,,D00,DCK00
701I-740C,D00,DCK00,21.555,21.555,above,,D00,DCK00
703M-7421,D00,DCK00,21.555,21.555,above,,D00,DCK00
703Z-743A,D00,DCK00,21.555,21.555,above,,D00,DCK00
71AD-74AO,D00,DCK00,21.555,21.555,above,,D00,DCK00
721E-74AV,D00,DCK00,21.555,21.555,above,,D00,DCK00
723K-74CB,D00,DCK00,21.555,21.555,above,,D00,DCK00
725B-74CE,D00,DCK00,21.555,21.555,above,,D00,DCK00
694Y-73AE,D00,DCK00,24.555,24.555,above,,D00,DCK00
701L-740D,D00,DCK00,24.555,24.555,above,,D00,DCK00
703U-742B,D00,DCK00,24.555,24.555,above,,D00,DCK00
703Y-743E,D00,DCK00,24.555,24.555,above,,D00,DCK00
720A-74AS,D00,DCK00,24.555,24.555,above,,D00,DCK00
721A-74AU,D00,DCK00,24.555,24.555,above,,D00,DCK00
724D-74CA,D00,DCK00,24.555,24.555,above,,D00,DCK00
725A-74CJ,D00,DCK00,24.555,24.555,above,,D00,DCK00
790I-792D,D00,DCK00,34.555,34.555,above,,D00,DCK00
730M-73AJ,D00,DCK00,46.55,46.55,above,,D00,DCK00
730T-73AI,D00,DCK00,34.555,34.555,above,,D00,DCK00
74GE-74GM,D00,DCK00,46.55,46.55,above,,D00,DCK00
74FU-74GH,D00,DCK00,34.555,34.555,above,,D00,DCK00
780A-781C,D00,DCK00,46.55,46.55,above,,D00,DCK00
780K-780L,D00,DCK00,34.555,34.555,above,,D00,DCK00
801D-801L,D00,DCK00,46.55,46.55,above,,D00,DCK00
800A-801N,D00,DCK00,34.555,34.555,above,,D00,DCK00
891D-8920,D00,DCK00,66.502,66.502,above,,D00,DCK00
910Q-913B,D00,DCK00,66.502,66.502,above,,D00,DCK00
622M-62BV,D00,DCK00,21.555,21.555,above,,D00,DCK00
610X-62BE,D00,DCK00,21.555,21.555,above,,D00,DCK00
61AK-62BL,D00,DCK00,24.555,24.555,above,,D00,DCK00
61AN-62BN,D00,DCK00,21.555,21.555,above,,D00,DCK00
61AJ-62BM,D00,DCK00,21.555,21.555,above,,D00,DCK00
610V-62BD,D00,DCK00,24.555,24.555,above,,D00,DCK00
61AO-62BO,D00,DCK00,24.555,24.555,above,,D00,DCK00
622P-62BW,D00,DCK00,24.555,24.555,above,,D00,DCK00
62AB-62CE,D00,DCK00,21.555,21.555,above,,D00,DCK00
62AC-62CD,D00,DCK00,24.555,24.555,above,,D00,DCK00
622J-62BU,D00,DCK00,21.555,21.555,above,,D00,DCK00
622L-62BT,D00,DCK00,24.555,24.555,above,,D00,DCK00
62FQ-63BE,D00,DCK00,21.555,21.555,above,,D00,DCK00
62DF-630Z,D00,DCK00,21.555,21.555,above,,D00,DCK00
62DS-63AI,D00,DCK00,24.555,24.555,above,,D00,DCK00
62DW-63AL,D00,DCK00,21.555,21.555,above,,D00,DCK00
62DR-63AJ,D00,DCK00,21.555,21.555,above,,D00,DCK00
62DG-630X,D00,DCK00,24.555,24.555,above,,D00,DCK00
62DY-63AN,D00,DCK00,24.555,24.555,above,,D00,DCK00
62FS-63BF,D00,DCK00,24.555,24.555,above,,D00,DCK00
62GE-63BO,D00,DCK00,21.555,21.555,above,,D00,DCK00
62GG-63BP,D00,DCK00,24.555,24.555,above,,D00,DCK00
62FL-63BA,D00,DCK00,21.555,21.555,above,,D00,DCK00
62FO-63BB,D00,DCK00,24.555,24.555,above,,D00,DCK00
560C-5610,D00,DCK00,66.502,66.502,above,,D00,DCK00
5610-5630,D00,DCK00,66.502,66.502,above,,D00,DCK00
5630-563G,D00,DCK00,66.502,66.502,above,,D00,DCK00
563G-5640,D00,DCK00,66.502,66.502,above,,D00,DCK00
5640-5650,D00,DCK00,66.502,66.502,above,,D00,DCK00
567M-567Q,D00,DCK00,66.502,66.502,above,,D00,DCK00
567F-567K,D00,DCK00,66.502,66.502,above,,D00,DCK00
565L-565X,D00,DCK00,59.055,59.055,above,,D00,DCK00
56BG-56BQ,D00,DCK00,59.055,59.055,above,,D00,DCK00
55CG-560B,D00,DCK00,59.055,59.055,above,,D00,DCK00
62BV-62FQ,D00,DCK00,21.555,21.555,above,,D00,DCK00
62BE-62DF,D00,DCK00,21.555,21.555,above,,D00,DCK00
62BL-62DS,D00,DCK00,24.555,24.555,above,,D00,DCK00
62BN-62DW,D00,DCK00,21.555,21.555,above,,D00,DCK00
62BM-62DR,D00,DCK00,21.555,21.555,above,,D00,DCK00
62BD-62DG,D00,DCK00,24.555,24.555,above,,D00,DCK00
62BO-62DY,D00,DCK00,24.555,24.555,above,,D00,DCK00
62BW-62FS,D00,DCK00,24.555,24.555,above,,D00,DCK00
62CE-62GE,D00,DCK00,21.555,21.555,above,,D00,DCK00
62CD-62GG,D00,DCK00,24.555,24.555,above,,D00,DCK00
62BU-62FL,D00,DCK00,21.555,21.555,above,,D00,DCK00
62BT-62FO,D00,DCK00,24.555,24.555,above,,D00,DCK00
5660-566C,D00,DCK00,66.502,66.502,above,,D00,DCK00
564J-565L,D00,DCK00,59.055,59.055,above,,D00,DCK00
570V-571L,D00,DCK00,59.055,59.055,above,,D00,DCK00
571L-5720,D00,DCK00,59.055,59.055,above,,D00,DCK00
566C-567A,D00,DCK00,66.502,66.502,above,,D00,DCK00
567A-567F,D00,DCK00,66.502,66.502,above,,D00,DCK00
570A-570I,D00,DCK00,66.502,66.502,above,,D00,DCK00
56BS-56BX,D00,DCK00,66.502,66.502,above,,D00,DCK00
56BX-56CE,D00,DCK00,66.502,66.502,above,,D00,DCK00
570I-570T,D00,DCK00,66.502,66.502,above,,D00,DCK00
56CE-570A,D00,DCK00,66.502,66.502,above,,D00,DCK00
572U-573C,D00,DCK00,66.502,66.502,above,,D00,DCK00
572P-572U,D00,DCK00,66.502,66.502,above,,D00,DCK00
571R-572E,D00,DCK00,66.502,66.502,above,,D00,DCK00
565X-566D,D00,DCK00,59.055,59.055,above,,D00,DCK00
5720-572F,D00,DCK00,59.055,59.055,above,,D00,DCK00
566D-567C,D00,DCK00,59.055,59.055,above,,D00,DCK00
572F-572L,D00,DCK00,59.055,59.055,above,,D00,DCK00
567C-567I,D00,DCK00,59.055,59.055,above,,D00,DCK00
572L-572R,D00,DCK00,59.055,59.055,above,,D00,DCK00
567I-567P,D00,DCK00,59.055,59.055,above,,D00,DCK00
572R-5730,D00,DCK00,59.055,59.055,above,,D00,DCK00
567P-567V,D00,DCK00,59.055,59.055,above,,D00,DCK00
5730-573Q,D00,DCK00,59.055,59.055,above,,D00,DCK00
560B-560D,D00,DCK00,59.055,59.055,above,,D00,DCK00
56BQ-56BW,D00,DCK00,59.055,59.055,above,,D00,DCK00
56BW-56CB,D00,DCK00,59.055,59.055,above,,D00,DCK00
56CB-5700,D00,DCK00,59.055,59.055,above,,D00,DCK00
5700-570G,D00,DCK00,59.055,59.055,above,,D00,DCK00
570G-570V,D00,DCK00,59.055,59.055,above,,D00,DCK00
560D-563D,D00,DCK00,59.055,59.055,above,,D00,DCK00
563D-563H,D00,DCK00,59.055,59.055,above,,D00,DCK00
563H-563K,D00,DCK00,59.055,59.055,above,,D00,DCK00
563K-564J,D00,DCK00,59.055,59.055,above,,D00,DCK00
63BE-650R,D00,DCK00,21.555,21.555,above,,D00,DCK00
630Z-641C,D00,DCK00,21.555,21.555,above,,D00,DCK00
63AI-641R,D00,DCK00,24.555,24.555,above,,D00,DCK00
63AL-641W,D00,DCK00,21.555,21.555,above,,D00,DCK00
63AJ-641T,D00,DCK00,21.555,21.555,above,,D00,DCK00
630X-641E,D00,DCK00,24.555,24.555,above,,D00,DCK00
63AN-641X,D00,DCK00,24.555,24.555,above,,D00,DCK00
63BF-650U,D00,DCK00,24.555,24.555,above,,D00,DCK00
63BO-65AF,D00,DCK00,21.555,21.555,above,,D00,DCK00
63BP-65AH,D00,DCK00,24.555,24.555,above,,D00,DCK00
63BA-650P,D00,DCK00,21.555,21.555,above,,D00,DCK00
63BB-650N,D00,DCK00,24.555,24.555,above,,D00,DCK00
572E-572H,D00,DCK00,66.502,66.502,above,,D00,DCK00
572H-572P,D00,DCK00,66.502,66.502,above,,D00,DCK00
694X-833A,D00,DCK00,66.502,66.502,above,,D00,DCK00
920C-920W,D00,DCK00,59.055,59.055,above,,D00,DCK00
743V-743Z,D00,DCK00,59.055,59.055,above,,D00,DCK00
853G-8540,D00,DCK00,59.055,59.055,above,,D00,DCK00
62EB-62FA,D00,DCK00,59.055,59.055,above,,D00,DCK00
61AX-622A,D00,DCK00,59.055,59.055,above,,D00,DCK00
790B-791B,D00,DCK00,59.055,59.055,above,,D00,DCK00
662N-663C,D00,DCK00,59.055,59.055,above,,D00,DCK00
680B-680M,D00,DCK00,59.055,59.055,above,,D00,DCK00
64AO-650C,D00,DCK00,59.055,59.055,above,,D00,DCK00
710G-711U,D00,DCK00,59.055,59.055,above,,D00,DCK00
751Y-75AK,D00,DCK00,59.055,59.055,above,,D00,DCK00
810J-81AF,D00,DCK00,59.055,59.055,above,,D00,DCK00
592O-622K,D00,DCK00,66.502,66.502,above,,D00,DCK00
592P-622O,D00,DCK00,66.502,66.502,above,,D00,DCK00
592W-622T,D00,DCK00,66.502,66.502,above,,D00,DCK00
594C-622Y,D00,DCK00,66.502,66.502,above,,D00,DCK00
594L-62AD,D00,DCK00,66.502,66.502,above,,D00,DCK00
580P-610W,D00,DCK00,66.502,66.502,above,,D00,DCK00
580V-610Y,D00,DCK00,66.502,66.502,above,,D00,DCK00
58AF-61AF,D00,DCK00,66.502,66.502,above,,D00,DCK00
58AI-61AL,D00,DCK00,66.502,66.502,above,,D00,DCK00
590E-61AP,D00,DCK00,66.502,66.502,above,,D00,DCK00
74CH-797M,D00,DCK00,66.502,66.502,above,,D00,DCK00
797M-873W,D00,DCK00,66.502,66.502,above,,D00,DCK00
724K-74CH,D00,DCK00,66.502,66.502,above,,D00,DCK00
622O-62FP,D00,DCK00,66.502,66.502,above,,D00,DCK00
622T-62FU,D00,DCK00,66.502,66.502,above,,D00,DCK00
622K-62FN,D00,DCK00,66.502,66.502,above,,D00,DCK00
650R-664E,D00,DCK00,21.555,21.555,above,,D00,DCK00
641C-6600,D00,DCK00,21.555,21.555,above,,D00,DCK00
641R-661F,D00,DCK00,24.555,24.555,above,,D00,DCK00
641W-662B,D00,DCK00,21.555,21.555,above,,D00,DCK00
641T-6620,D00,DCK00,21.555,21.555,above,,D00,DCK00
641E-65DS,D00,DCK00,24.555,24.555,above,,D00,DCK00
641X-6621,D00,DCK00,24.555,24.555,above,,D00,DCK00
650U-664D,D00,DCK00,24.555,24.555,above,,D00,DCK00
65AF-666D,D00,DCK00,21.555,21.555,above,,D00,DCK00
65AH-666F,D00,DCK00,24.555,24.555,above,,D00,DCK00
650P-663U,D00,DCK00,21.555,21.555,above,,D00,DCK00
650N-6640,D00,DCK00,24.555,24.555,above,,D00,DCK00
62AD-62GF,D00,DCK00,66.502,66.502,above,,D00,DCK00
622Y-62GB,D00,DCK00,66.502,66.502,above,,D00,DCK00
61AP-62DX,D00,DCK00,66.502,66.502,above,,D00,DCK00
61AL-62DU,D00,DCK00,66.502,66.502,above,,D00,DCK00
610W-62DE,D00,DCK00,66.502,66.502,above,,D00,DCK00
610Y-62DJ,D00,DCK00,66.502,66.502,above,,D00,DCK00
61AF-62DQ,D00,DCK00,66.502,66.502,above,,D00,DCK00
62DU-641Q,D00,DCK00,66.502,66.502,above,,D00,DCK00
62DQ-641O,D00,DCK00,66.502,66.502,above,,D00,DCK00
62DJ-641G,D00,DCK00,66.502,66.502,above,,D00,DCK00
62DE-641D,D00,DCK00,66.502,66.502,above,,D00,DCK00
62DX-641U,D00,DCK00,66.502,66.502,above,,D00,DCK00
62GB-65AE,D00,DCK00,66.502,66.502,above,,D00,DCK00
62GF-65AG,D00,DCK00,66.502,66.502,above,,D00,DCK00
62FP-650T,D00,DCK00,66.502,66.502,above,,D00,DCK00
62FU-650W,D00,DCK00,66.502,66.502,above,,D00,DCK00
62FN-650Q,D00,DCK00,66.502,66.502,above,,D00,DCK00
641Q-661D,D00,DCK00,66.502,66.502,above,,D00,DCK00
641O-6610,D00,DCK00,66.502,66.502,above,,D00,DCK00
641G-660D,D00,DCK00,66.502,66.502,above,,D00,DCK00
641D-6601,D00,DCK00,66.502,66.502,above,,D00,DCK00
641U-6622,D00,DCK00,66.502,66.502,above,,D00,DCK00
650W-665C,D00,DCK00,66.502,66.502,above,,D00,DCK00
65AE-666B,D00,DCK00,66.502,66.502,above,,D00,DCK00
65AG-6670,D00,DCK00,66.502,66.502,above,,D00,DCK00
650T-664B,D00,DCK00,66.502,66.502,above,,D00,DCK00
650Q-663T,D00,DCK00,66.502,66.502,above,,D00,DCK00
661D-670V,D00,DCK00,66.502,66.502,above,,D00,DCK00
6610-670R,D00,DCK00,66.502,66.502,above,,D00,DCK00
660D-670I,D00,DCK00,66.502,66.502,above,,D00,DCK00
6622-67AB,D00,DCK00,66.502,66.502,above,,D00,DCK00
665C-68AB,D00,DCK00,66.502,66.502,above,,D00,DCK00
666B-68AI,D00,DCK00,66.502,66.502,above,,D00,DCK00
664B-680Y,D00,DCK00,66.502,66.502,above,,D00,DCK00
663T-680V,D00,DCK00,66.502,66.502,above,,D00,DCK00
670V-703P,D00,DCK00,66.502,66.502,above,,D00,DCK00
670R-703I,D00,DCK00,66.502,66.502,above,,D00,DCK00
67AB-70AA,D00,DCK00,66.502,66.502,above,,D00,DCK00
670I-701Q,D00,DCK00,66.502,66.502,above,,D00,DCK00
68AB-721J,D00,DCK00,66.502,66.502,above,,D00,DCK00
68AI-723C,D00,DCK00,66.502,66.502,above,,D00,DCK00
680Y-721D,D00,DCK00,66.502,66.502,above,,D00,DCK00
680V-711Z,D00,DCK00,66.502,66.502,above,,D00,DCK00
701E-740F,D00,DCK00,66.502,66.502,above,,D00,DCK00
70AA-743C,D00,DCK00,66.502,66.502,above,,D00,DCK00
703P-742D,D00,DCK00,66.502,66.502,above,,D00,DCK00
701Q-741D,D00,DCK00,66.502,66.502,above,,D00,DCK00
703I-741N,D00,DCK00,66.502,66.502,above,,D00,DCK00
721J-74BG,D00,DCK00,66.502,66.502,above,,D00,DCK00
723C-74BR,D00,DCK00,66.502,66.502,above,,D00,DCK00
721D-74AW,D00,DCK00,66.502,66.502,above,,D00,DCK00
724I-74BX,D00,DCK00,66.502,66.502,above,,D00,DCK00
711Z-74AQ,D00,DCK00,66.502,66.502,above,,D00,DCK00
740F-74GV,D00,DCK00,66.502,66.502,above,,D00,DCK00
743C-751J,D00,DCK00,66.502,66.502,above,,D00,DCK00
742D-751H,D00,DCK00,66.502,66.502,above,,D00,DCK00
741D-750D,D00,DCK00,66.502,66.502,above,,D00,DCK00
741N-750M,D00,DCK00,66.502,66.502,above,,D00,DCK00
74BG-761L,D00,DCK00,66.502,66.502,above,,D00,DCK00
74BR-762H,D00,DCK00,66.502,66.502,above,,D00,DCK00
74AW-761C,D00,DCK00,66.502,66.502,above,,D00,DCK00
74BX-763B,D00,DCK00,66.502,66.502,above,,D00,DCK00
74AQ-75AW,D00,DCK00,66.502,66.502,above,,D00,DCK00
761L-796B,D00,DCK00,66.502,66.502,above,,D00,DCK00
762H-7970,D00,DCK00,66.502,66.502,above,,D00,DCK00
763B-797F,D00,DCK00,66.502,66.502,above,,D00,DCK00
761C-794B,D00,DCK00,66.502,66.502,above,,D00,DCK00
75AW-792I,D00,DCK00,66.502,66.502,above,,D00,DCK00
751J-783W,D00,DCK00,66.502,66.502,above,,D00,DCK00
750M-783G,D00,DCK00,66.502,66.502,above,,D00,DCK00
74GV-782C,D00,DCK00,66.502,66.502,above,,D00,DCK00
664E-680W,D00,DCK00,21.555,21.555,above,,D00,DCK00
6600-670F,D00,DCK00,21.555,21.555,above,,D00,DCK00
661F-670U,D00,DCK00,24.555,24.555,above,,D00,DCK00
662B-67AA,D00,DCK00,21.555,21.555,above,,D00,DCK00
6620-670W,D00,DCK00,21.555,21.555,above,,D00,DCK00
65DS-670H,D00,DCK00,24.555,24.555,above,,D00,DCK00
6621-670Y,D00,DCK00,24.555,24.555,above,,D00,DCK00
664D-680Z,D00,DCK00,24.555,24.555,above,,D00,DCK00
666D-68AO,D00,DCK00,21.555,21.555,above,,D00,DCK00
666F-68AN,D00,DCK00,24.555,24.555,above,,D00,DCK00
663U-680T,D00,DCK00,21.555,21.555,above,,D00,DCK00
6640-680S,D00,DCK00,24.555,24.555,above,,D00,DCK00
750D-7830,D00,DCK00,66.502,66.502,above,,D00,DCK00
751H-783S,D00,DCK00,66.502,66.502,above,,D00,DCK00
783G-803L,D00,DCK00,66.502,66.502,above,,D00,DCK00
7830-802A,D00,DCK00,66.502,66.502,above,,D00,DCK00
782C-801V,D00,DCK00,66.502,66.502,above,,D00,DCK00
783S-803S,D00,DCK00,66.502,66.502,above,,D00,DCK00
783W-803Y,D00,DCK00,66.502,66.502,above,,D00,DCK00
7970-82AA,D00,DCK00,66.502,66.502,above,,D00,DCK00
796B-820O,D00,DCK00,66.502,66.502,above,,D00,DCK00
797F-830B,D00,DCK00,66.502,66.502,above,,D00,DCK00
794B-820F,D00,DCK00,66.502,66.502,above,,D00,DCK00
792I-81AK,D00,DCK00,66.502,66.502,above,,D00,DCK00
803S-851I,D00,DCK00,66.502,66.502,above,,D00,DCK00
803L-850C,D00,DCK00,66.502,66.502,above,,D00,DCK00
802A-83AG,D00,DCK00,66.502,66.502,above,,D00,DCK00
801V-833O,D00,DCK00,66.502,66.502,above,,D00,DCK00
803Y-852I,D00,DCK00,66.502,66.502,above,,D00,DCK00
830B-873F,D00,DCK00,66.502,66.502,above,,D00,DCK00
82AA-871F,D00,DCK00,66.502,66.502,above,,D00,DCK00
820O-860G,D00,DCK00,66.502,66.502,above,,D00,DCK00
81AK-85AA,D00,DCK00,66.502,66.502,above,,D00,DCK00
820F-860C,D00,DCK00,66.502,66.502,above,,D00,DCK00
8920-892D,D00,DCK00,66.502,66.502,above,,D00,DCK00
913B-913E,D00,DCK00,66.502,66.502,above,,D00,DCK00
94AL-94AM,D00,DCK00,66.502,66.502,above,,D00,DCK00
94AM-94AP,D00,DCK00,66.502,66.502,above,,D00,DCK00
913G-941N,D00,DCK00,66.502,66.502,above,,D00,DCK00
913G-914C,D00,DCK00,66.502,66.502,above,,D00,DCK00
893A-913G,D00,DCK00,66.502,66.502,above,,D00,DCK00
893A-893D,D00,DCK00,66.502,66.502,above,,D00,DCK00
880R-893A,D00,DCK00,66.502,66.502,above,,D00,DCK00
880S-893D,D00,DCK00,66.502,66.502,above,,D00,DCK00
914S-914W,D00,DCK00,66.502,66.502,above,,D00,DCK00
893R-893V,D00,DCK00,66.502,66.502,above,,D00,DCK00
94AJ-94AL,D00,DCK00,66.502,66.502,above,,D00,DCK00
91AB-920H,D00,DCK00,66.502,66.502,above,,D00,DCK00
893Z-89AI,D00,DCK00,66.502,66.502,above,,D00,DCK00
92AF-92AJ,D00,DCK00,66.502,66.502,above,,D00,DCK00
900K-900N,D00,DCK00,66.502,66.502,above,,D00,DCK00
930E-930F,D00,DCK00,66.502,66.502,above,,D00,DCK00
901F-901I,D00,DCK00,66.502,66.502,above,,D00,DCK00
902A-902F,D00,DCK00,66.502,66.502,above,,D00,DCK00
931J-93AD,D00,DCK00,66.502,66.502,above,,D00,DCK00
88AG-901M,D00,DCK00,66.502,66.502,above,,D00,DCK00
88AF-901I,D00,DCK00,66.502,66.502,above,,D00,DCK00
88AA-900N,D00,DCK00,66.502,66.502,above,,D00,DCK00
880X-893W,D00,DCK00,66.502,66.502,above,,D00,DCK00
880W-893V,D00,DCK00,66.502,66.502,above,,D00,DCK00
892D-893A,D00,DCK00,66.502,66.502,above,,D00,DCK00
913E-913G,D00,DCK00,66.502,66.502,above,,D00,DCK00
89AV-900K,D00,DCK00,66.502,66.502,above,,D00,DCK00
88AB-900R,D00,DCK00,66.502,66.502,above,,D00,DCK00
680W-721E,D00,DCK00,21.555,21.555,above,,D00,DCK00
670F-701I,D00,DCK00,21.555,21.555,above,,D00,DCK00
670U-703U,D00,DCK00,24.555,24.555,above,,D00,DCK00
67AA-703Z,D00,DCK00,21.555,21.555,above,,D00,DCK00
670W-703M,D00,DCK00,21.555,21.555,above,,D00,DCK00
670H-701L,D00,DCK00,24.555,24.555,above,,D00,DCK00
670Y-703Y,D00,DCK00,24.555,24.555,above,,D00,DCK00
680Z-721A,D00,DCK00,24.555,24.555,above,,D00,DCK00
68AO-723K,D00,DCK00,21.555,21.555,above,,D00,DCK00
68AN-724D,D00,DCK00,24.555,24.555,above,,D00,DCK00
680T-71AD,D00,DCK00,21.555,21.555,above,,D00,DCK00
680S-720A,D00,DCK00,24.555,24.555,above,,D00,DCK00
914C-941R,D00,DCK00,66.502,66.502,above,,D00,DCK00
914C-914I,D00,DCK00,66.502,66.502,above,,D00,DCK00
893D-893H,D00,DCK00,66.502,66.502,above,,D00,DCK00
893D-914C,D00,DCK00,66.502,66.502,above,,D00,DCK00
914W-94AF,D00,DCK00,66.502,66.502,above,,D00,DCK00
914W-914X,D00,DCK00,66.502,66.502,above,,D00,DCK00
914X-91AB,D00,DCK00,66.502,66.502,above,,D00,DCK00
914X-94AH,D00,DCK00,66.502,66.502,above,,D00,DCK00
893V-914W,D00,DCK00,66.502,66.502,above,,D00,DCK00
893V-893W,D00,DCK00,66.502,66.502,above,,D00,DCK00
893W-893Z,D00,DCK00,66.502,66.502,above,,D00,DCK00
893W-914X,D00,DCK00,66.502,66.502,above,,D00,DCK00
900N-92AJ,D00,DCK00,66.502,66.502,above,,D00,DCK00
900N-900R,D00,DCK00,66.502,66.502,above,,D00,DCK00
92AJ-94AR,D00,DCK00,66.502,66.502,above,,D00,DCK00
92AJ-92AO,D00,DCK00,66.502,66.502,above,,D00,DCK00
92AO-92AP,D00,DCK00,66.502,66.502,above,,D00,DCK00
92AO-94AW,D00,DCK00,66.502,66.502,above,,D00,DCK00
900R-900T,D00,DCK00,66.502,66.502,above,,D00,DCK00
900R-92AO,D00,DCK00,66.502,66.502,above,,D00,DCK00
930F-94BH,D00,DCK00,66.502,66.502,above,,D00,DCK00
930F-931F,D00,DCK00,66.502,66.502,above,,D00,DCK00
901I-930F,D00,DCK00,66.502,66.502,above,,D00,DCK00
901I-901M,D00,DCK00,66.502,66.502,above,,D00,DCK00
901M-902A,D00,DCK00,66.502,66.502,above,,D00,DCK00
901M-931F,D00,DCK00,66.502,66.502,above,,D00,DCK00
931F-931J,D00,DCK00,66.502,66.502,above,,D00,DCK00
931F-94BL,D00,DCK00,66.502,66.502,above,,D00,DCK00
73AG-74GI,D00,DCK00,21.555,21.555,above,,D00,DCK00
740C-74GR,D00,DCK00,21.555,21.555,above,,D00,DCK00
7421-751F,D00,DCK00,21.555,21.555,above,,D00,DCK00
743A-751M,D00,DCK00,21.555,21.555,above,,D00,DCK00
74AO-7600,D00,DCK00,21.555,21.555,above,,D00,DCK00
74AV-761A,D00,DCK00,21.555,21.555,above,,D00,DCK00
74CB-7630,D00,DCK00,21.555,21.555,above,,D00,DCK00
74CE-763G,D00,DCK00,21.555,21.555,above,,D00,DCK00
73AE-74GL,D00,DCK00,24.555,24.555,above,,D00,DCK00
740D-74GT,D00,DCK00,24.555,24.555,above,,D00,DCK00
742B-751D,D00,DCK00,24.555,24.555,above,,D00,DCK00
743E-751O,D00,DCK00,24.555,24.555,above,,D00,DCK00
74AS-760C,D00,DCK00,24.555,24.555,above,,D00,DCK00
74AU-761D,D00,DCK00,24.555,24.555,above,,D00,DCK00
74CA-763A,D00,DCK00,24.555,24.555,above,,D00,DCK00
74CJ-763F,D00,DCK00,24.555,24.555,above,,D00,DCK00
74GI-780M,D00,DCK00,21.555,21.555,above,,D00,DCK00
74GR-782B,D00,DCK00,21.555,21.555,above,,D00,DCK00
751F-783M,D00,DCK00,21.555,21.555,above,,D00,DCK00
751M-783Y,D00,DCK00,21.555,21.555,above,,D00,DCK00
7600-792K,D00,DCK00,21.555,21.555,above,,D00,DCK00
761A-795B,D00,DCK00,21.555,21.555,above,,D00,DCK00
7630-797H,D00,DCK00,21.555,21.555,above,,D00,DCK00
763G-797Q,D00,DCK00,21.555,21.555,above,,D00,DCK00
74GL-781B,D00,DCK00,24.555,24.555,above,,D00,DCK00
74GT-782E,D00,DCK00,24.555,24.555,above,,D00,DCK00
751D-783N,D00,DCK00,24.555,24.555,above,,D00,DCK00
751O-783Z,D00,DCK00,24.555,24.555,above,,D00,DCK00
760C-792G,D00,DCK00,24.555,24.555,above,,D00,DCK00
761D-7950,D00,DCK00,24.555,24.555,above,,D00,DCK00
763A-797I,D00,DCK00,24.555,24.555,above,,D00,DCK00
763F-797L,D00,DCK00,24.555,24.555,above,,D00,DCK00
920Y-91AH,D00,DCK00,29.055,29.055,above,,D00,DCK00
74AI-743H,D00,DCK00,29.055,29.055,above,,D00,DCK00
74AI-74AN,D00,DCK00,29.055,29.055,above,,D00,DCK00
74FW-74GJ,D00,DCK00,29.055,29.055,above,,D00,DCK00
730L-73AF,D00,DCK00,29.055,29.055,above,,D00,DCK00
910P-913A,D00,DCK00,29.055,29.055,above,,D00,DCK00
75AS-751U,D00,DCK00,29.055,29.055,above,,D00,DCK00
75AS-760D,D00,DCK00,29.055,29.055,above,,D00,DCK00
79AJ-79AN,D00,DCK00,29.055,29.055,above,,D00,DCK00
810X-810F,D00,DCK00,29.055,29.055,above,,D00,DCK00
810X-81AN,D00,DCK00,29.055,29.055,above,,D00,DCK00
801I-801M,D00,DCK00,29.055,29.055,above,,D00,DCK00
890B-891F,D00,DCK00,29.055,29.055,above,,D00,DCK00
791I-790F,D00,DCK00,29.055,29.055,above,,D00,DCK00
791I-792H,D00,DCK00,29.055,29.055,above,,D00,DCK00
770R-770V,D00,DCK00,29.055,29.055,above,,D00,DCK00
780M-801P,D00,DCK00,21.555,21.555,above,,D00,DCK00
782B-8020,D00,DCK00,21.555,21.555,above,,D00,DCK00
783M-803W,D00,DCK00,21.555,21.555,above,,D00,DCK00
783Y-810C,D00,DCK00,21.555,21.555,above,,D00,DCK00
792K-820A,D00,DCK00,21.555,21.555,above,,D00,DCK00
795B-820B,D00,DCK00,21.555,21.555,above,,D00,DCK00
797H-830A,D00,DCK00,21.555,21.555,above,,D00,DCK00
797Q-830K,D00,DCK00,21.555,21.555,above,,D00,DCK00
781B-801R,D00,DCK00,24.555,24.555,above,,D00,DCK00
782E-801W,D00,DCK00,24.555,24.555,above,,D00,DCK00
783N-803U,D00,DCK00,24.555,24.555,above,,D00,DCK00
783Z-810A,D00,DCK00,24.555,24.555,above,,D00,DCK00
792G-81AJ,D00,DCK00,24.555,24.555,above,,D00,DCK00
7950-820C,D00,DCK00,24.555,24.555,above,,D00,DCK00
797I-8300,D00,DCK00,24.555,24.555,above,,D00,DCK00
797L-830F,D00,DCK00,24.555,24.555,above,,D00,DCK00
7250-730D,D00,DCK00,29.055,29.055,above,,D00,DCK00
69AB-727H,D00,DCK00,29.055,29.055,above,,D00,DCK00
801P-832J,D00,DCK00,21.555,21.555,above,,D00,DCK00
8020-833W,D00,DCK00,21.555,21.555,above,,D00,DCK00
803W-851D,D00,DCK00,21.555,21.555,above,,D00,DCK00
810C-852G,D00,DCK00,21.555,21.555,above,,D00,DCK00
820A-854U,D00,DCK00,21.555,21.555,above,,D00,DCK00
820B-85AF,D00,DCK00,21.555,21.555,above,,D00,DCK00
830A-873G,D00,DCK00,21.555,21.555,above,,D00,DCK00
830K-873U,D00,DCK00,21.555,21.555,above,,D00,DCK00
801R-833B,D00,DCK00,24.555,24.555,above,,D00,DCK00
801W-833T,D00,DCK00,24.555,24.555,above,,D00,DCK00
803U-851O,D00,DCK00,24.555,24.555,above,,D00,DCK00
810A-852P,D00,DCK00,24.555,24.555,above,,D00,DCK00
81AJ-854N,D00,DCK00,24.555,24.555,above,,D00,DCK00
820C-85AJ,D00,DCK00,24.555,24.555,above,,D00,DCK00
8300-873M,D00,DCK00,24.555,24.555,above,,D00,DCK00
830F-873X,D00,DCK00,24.555,24.555,above,,D00,DCK00
792D-792J,D00,DCK00,34.555,34.555,above,,D00,DCK00
810Z-8200,D00,DCK00,34.555,34.555,above,,D00,DCK00
810O-810Z,D00,DCK00,34.555,34.555,above,,D00,DCK00
75AF-760A,D00,DCK00,34.555,34.555,above,,D00,DCK00
75AB-75AF,D00,DCK00,34.555,34.555,above,,D00,DCK00
743X-74AR,D00,DCK00,34.555,34.555,above,,D00,DCK00
743P-743X,D00,DCK00,34.555,34.555,above,,D00,DCK00
892A-9130,D00,DCK00,21.555,21.555,above,,D00,DCK00
8930-9140,D00,DCK00,21.555,21.555,above,,D00,DCK00
893U-914U,D00,DCK00,21.555,21.555,above,,D00,DCK00
893X-91AA,D00,DCK00,21.555,21.555,above,,D00,DCK00
900I-92AD,D00,DCK00,21.555,21.555,above,,D00,DCK00
900M-92AI,D00,DCK00,21.555,21.555,above,,D00,DCK00
901L-931D,D00,DCK00,21.555,21.555,above,,D00,DCK00
902B-931M,D00,DCK00,21.555,21.555,above,,D00,DCK00
892B-913D,D00,DCK00,24.555,24.555,above,,D00,DCK00
892F-914A,D00,DCK00,24.555,24.555,above,,D00,DCK00
893T-914V,D00,DCK00,24.555,24.555,above,,D00,DCK00
893Y-914Y,D00,DCK00,24.555,24.555,above,,D00,DCK00
900L-92AC,D00,DCK00,24.555,24.555,above,,D00,DCK00
900O-92AH,D00,DCK00,24.555,24.555,above,,D00,DCK00
901K-931E,D00,DCK00,24.555,24.555,above,,D00,DCK00
902C-931I,D00,DCK00,24.555,24.555,above,,D00,DCK00
832J-892A,D00,DCK00,21.555,21.555,above,,D00,DCK00
833W-8930,D00,DCK00,21.555,21.555,above,,D00,DCK00
851D-893U,D00,DCK00,21.555,21.555,above,,D00,DCK00
852G-893X,D00,DCK00,21.555,21.555,above,,D00,DCK00
854U-900I,D00,DCK00,21.555,21.555,above,,D00,DCK00
85AF-900M,D00,DCK00,21.555,21.555,above,,D00,DCK00
873G-901L,D00,DCK00,21.555,21.555,above,,D00,DCK00
873U-902B,D00,DCK00,21.555,21.555,above,,D00,DCK00
833B-892B,D00,DCK00,24.555,24.555,above,,D00,DCK00
833T-892F,D00,DCK00,24.555,24.555,above,,D00,DCK00
851O-893T,D00,DCK00,24.555,24.555,above,,D00,DCK00
852P-893Y,D00,DCK00,24.555,24.555,above,,D00,DCK00
854N-900L,D00,DCK00,24.555,24.555,above,,D00,DCK00
85AJ-900O,D00,DCK00,24.555,24.555,above,,D00,DCK00
873M-901K,D00,DCK00,24.555,24.555,above,,D00,DCK00
873X-902C,D00,DCK00,24.555,24.555,above,,D00,DCK00
790D-791E,D00,DCK00,39.755,39.755,above,,D00,DCK00
751W-75AT,D00,DCK00,39.755,39.755,above,,D00,DCK00
780C-7810,D00,DCK00,39.755,39.755,above,,D00,DCK00
74FS-74GN,D00,DCK00,39.755,39.755,above,,D00,DCK00
743J-74AL,D00,DCK00,39.755,39.755,above,,D00,DCK00
801E-801O,D00,DCK00,39.755,39.755,above,,D00,DCK00
810W-81AM,D00,DCK00,39.755,39.755,above,,D00,DCK00
9130-95AA,D00,DCK00,21.555,21.555,above,,D00,DCK00
9140-95AL,D00,DCK00,21.555,21.555,above,,D00,DCK00
914U-970X,D00,DCK00,21.555,21.555,above,,D00,DCK00
91AA-97AI,D00,DCK00,21.555,21.555,above,,D00,DCK00
75AT-75AV,D00,DCK00,39.755,39.755,above,,D00,DCK00
92AD-982Q,D00,DCK00,21.555,21.555,above,,D00,DCK00
92AI-992H,D00,DCK00,21.555,21.555,above,,D00,DCK00
931D-000G,D00,DCK00,21.555,21.555,above,,D00,DCK00
931M-001M,D00,DCK00,21.555,21.555,above,,D00,DCK00
74AL-74AT,D00,DCK00,39.755,39.755,above,,D00,DCK00
913D-95AC,D00,DCK00,24.555,24.555,above,,D00,DCK00
914A-95AO,D00,DCK00,24.555,24.555,above,,D00,DCK00
914V-970T,D00,DCK00,24.555,24.555,above,,D00,DCK00
914Y-97AE,D00,DCK00,24.555,24.555,above,,D00,DCK00
92AC-982S,D00,DCK00,24.555,24.555,above,,D00,DCK00
92AH-991B,D00,DCK00,24.555,24.555,above,,D00,DCK00
931E-000B,D00,DCK00,24.555,24.555,above,,D00,DCK00
931I-001B,D00,DCK00,24.555,24.555,above,,D00,DCK00
730K-73AH,D00,DCK00,39.755,39.755,above,,D00,DCK00
791E-7930,D00,DCK00,39.755,39.755,above,,D00,DCK00
810D-810W,D00,DCK00,39.755,39.755,above,,D00,DCK00
810Q-810T,D00,DCK00,46.55,46.55,above,,D00,DCK00
791H-793A,D00,DCK00,46.55,46.55,above,,D00,DCK00
74AH-74AP,D00,DCK00,46.55,46.55,above,,D00,DCK00
75AH-760B,D00,DCK00,46.55,46.55,above,,D00,DCK00
810T-81AL,D00,DCK00,46.55,46.55,above,,D00,DCK00
743T-74AH,D00,DCK00,46.55,46.55,above,,D00,DCK00
75AC-75AH,D00,DCK00,46.55,46.55,above,,D00,DCK00
790C-791H,D00,DCK00,46.55,46.55,above,,D00,DCK00
51AP-540G,D00,DCK00,46.55,46.55,above,,D00,DCK00
520G-540L,D00,DCK00,46.55,46.55,above,,D00,DCK00
53AM-550R,D00,DCK00,46.55,46.55,above,,D00,DCK00
53AV-550W,D00,DCK00,46.55,46.55,above,,D00,DCK00
51AM-53CX,D00,DCK00,46.55,46.55,above,,D00,DCK00
520R-540Q,D00,DCK00,46.55,46.55,above,,D00,DCK00
52AF-541J,D00,DCK00,46.55,46.55,above,,D00,DCK00
530V-550K,D00,DCK00,46.55,46.55,above,,D00,DCK00
53BF-55AG,D00,DCK00,46.55,46.55,above,,D00,DCK00
504R-52AF,D00,DCK00,46.55,46.55,above,,D00,DCK00
91AE-920L,D00,DCK00,46.55,46.55,above,,D00,DCK00
727G-727H,D00,DCK00,29.055,29.055,above,,D00,DCK00
727H-727I,D00,DCK00,29.055,29.055,above,,D00,DCK00
727H-73AF,D00,DCK00,29.055,29.055,above,,D00,DCK00
7400-74DW,D00,DCK00,29.055,29.055,above,,D00,DCK00
7400-740G,D00,DCK00,29.055,29.055,above,,D00,DCK00
74GO-770W,D00,DCK00,29.055,29.055,above,,D00,DCK00
74GO-74GU,D00,DCK00,29.055,29.055,above,,D00,DCK00
801S-801T,D00,DCK00,29.055,29.055,above,,D00,DCK00
727I-727J,D00,DCK00,29.055,29.055,above,,D00,DCK00
727I-7400,D00,DCK00,29.055,29.055,above,,D00,DCK00
730B-730C,D00,DCK00,29.055,29.055,above,,D00,DCK00
730D-730F,D00,DCK00,29.055,29.055,above,,D00,DCK00
730D-74CG,D00,DCK00,29.055,29.055,above,,D00,DCK00
74CC-74CG,D00,DCK00,29.055,29.055,above,,D00,DCK00
74CC-74DZ,D00,DCK00,29.055,29.055,above,,D00,DCK00
763E-770Z,D00,DCK00,29.055,29.055,above,,D00,DCK00
763E-763H,D00,DCK00,29.055,29.055,above,,D00,DCK00
830D-830H,D00,DCK00,29.055,29.055,above,,D00,DCK00
730C-730D,D00,DCK00,29.055,29.055,above,,D00,DCK00
730C-74CC,D00,DCK00,29.055,29.055,above,,D00,DCK00
770V-770W,D00,DCK00,29.055,29.055,above,,D00,DCK00
770V-77AM,D00,DCK00,29.055,29.055,above,,D00,DCK00
77AA-77AR,D00,DCK00,29.055,29.055,above,,D00,DCK00
77AA-77AB,D00,DCK00,29.055,29.055,above,,D00,DCK00
770Y-770Z,D00,DCK00,29.055,29.055,above,,D00,DCK00
770W-770X,D00,DCK00,29.055,29.055,above,,D00,DCK00
770W-77AN,D00,DCK00,29.055,29.055,above,,D00,DCK00
770Z-77AA,D00,DCK00,29.055,29.055,above,,D00,DCK00
770Z-77AQ,D00,DCK00,29.055,29.055,above,,D00,DCK00
77AM-799P,D00,DCK00,29.055,29.055,above,,D00,DCK00
77AN-77AO,D00,DCK00,29.055,29.055,above,,D00,DCK00
77AN-799Q,D00,DCK00,29.055,29.055,above,,D00,DCK00
77AR-799U,D00,DCK00,29.055,29.055,above,,D00,DCK00
77AP-77AQ,D00,DCK00,29.055,29.055,above,,D00,DCK00
77AQ-799T,D00,DCK00,29.055,29.055,above,,D00,DCK00
74CI-74CN,D00,DCK00,34.555,34.555,above,,D00,DCK00
73AI-740A,D00,DCK00,34.555,34.555,above,,D00,DCK00
74BM-74BQ,D00,DCK00,34.555,34.555,above,,D00,DCK00
740A-7410,D00,DCK00,34.555,34.555,above,,D00,DCK00
74FI-74FJ,D00,DCK00,29.055,29.055,above,,D00,DCK00
74DY-74DZ,D00,DCK00,29.055,29.055,above,,D00,DCK00
74AX-74BH,D00,DCK00,34.555,34.555,above,,D00,DCK00
7410-741F,D00,DCK00,34.555,34.555,above,,D00,DCK00
741F-741L,D00,DCK00,34.555,34.555,above,,D00,DCK00
742A-743B,D00,DCK00,34.555,34.555,above,,D00,DCK00
741L-742A,D00,DCK00,34.555,34.555,above,,D00,DCK00
743B-743P,D00,DCK00,34.555,34.555,above,,D00,DCK00
74AR-74AX,D00,DCK00,34.555,34.555,above,,D00,DCK00
74BZ-74CI,D00,DCK00,34.555,34.555,above,,D00,DCK00
74BH-74BM,D00,DCK00,34.555,34.555,above,,D00,DCK00
74BQ-74BZ,D00,DCK00,34.555,34.555,above,,D00,DCK00
763J-763W,D00,DCK00,34.555,34.555,above,,D00,DCK00
760A-761B,D00,DCK00,34.555,34.555,above,,D00,DCK00
74GH-74GS,D00,DCK00,34.555,34.555,above,,D00,DCK00
762C-763C,D00,DCK00,34.555,34.555,above,,D00,DCK00
74GS-750A,D00,DCK00,34.555,34.555,above,,D00,DCK00
750I-751B,D00,DCK00,34.555,34.555,above,,D00,DCK00
761B-761G,D00,DCK00,34.555,34.555,above,,D00,DCK00
750A-750I,D00,DCK00,34.555,34.555,above,,D00,DCK00
751B-751I,D00,DCK00,34.555,34.555,above,,D00,DCK00
751I-75AB,D00,DCK00,34.555,34.555,above,,D00,DCK00
763C-763J,D00,DCK00,34.555,34.555,above,,D00,DCK00
761G-762C,D00,DCK00,34.555,34.555,above,,D00,DCK00
783T-790I,D00,DCK00,34.555,34.555,above,,D00,DCK00
797O-799E,D00,DCK00,34.555,34.555,above,,D00,DCK00
792J-795A,D00,DCK00,34.555,34.555,above,,D00,DCK00
795A-7960,D00,DCK00,34.555,34.555,above,,D00,DCK00
780L-782D,D00,DCK00,34.555,34.555,above,,D00,DCK00
7960-797B,D00,DCK00,34.555,34.555,above,,D00,DCK00
797B-797G,D00,DCK00,34.555,34.555,above,,D00,DCK00
782D-783A,D00,DCK00,34.555,34.555,above,,D00,DCK00
783L-783Q,D00,DCK00,34.555,34.555,above,,D00,DCK00
783A-783L,D00,DCK00,34.555,34.555,above,,D00,DCK00
783Q-783T,D00,DCK00,34.555,34.555,above,,D00,DCK00
797G-797O,D00,DCK00,34.555,34.555,above,,D00,DCK00
803X-80AA,D00,DCK00,34.555,34.555,above,,D00,DCK00
820K-820T,D00,DCK00,34.555,34.555,above,,D00,DCK00
830J-831G,D00,DCK00,34.555,34.555,above,,D00,DCK00
820Y-830C,D00,DCK00,34.555,34.555,above,,D00,DCK00
80AA-810O,D00,DCK00,34.555,34.555,above,,D00,DCK00
803Q-803X,D00,DCK00,34.555,34.555,above,,D00,DCK00
820T-820Y,D00,DCK00,34.555,34.555,above,,D00,DCK00
8200-820D,D00,DCK00,34.555,34.555,above,,D00,DCK00
803G-803Q,D00,DCK00,34.555,34.555,above,,D00,DCK00
820D-820K,D00,DCK00,34.555,34.555,above,,D00,DCK00
802B-803G,D00,DCK00,34.555,34.555,above,,D00,DCK00
801N-801Y,D00,DCK00,34.555,34.555,above,,D00,DCK00
801Y-802B,D00,DCK00,34.555,34.555,above,,D00,DCK00
830C-830J,D00,DCK00,34.555,34.555,above,,D00,DCK00
7430-743G,D00,DCK00,39.755,39.755,above,,D00,DCK00
74BV-74CF,D00,DCK00,39.755,39.755,above,,D00,DCK00
743G-743J,D00,DCK00,39.755,39.755,above,,D00,DCK00
74AT-74AZ,D00,DCK00,39.755,39.755,above,,D00,DCK00
73AH-740B,D00,DCK00,39.755,39.755,above,,D00,DCK00
74AZ-74BF,D00,DCK00,39.755,39.755,above,,D00,DCK00
74BF-74BO,D00,DCK00,39.755,39.755,above,,D00,DCK00
74CF-74CL,D00,DCK00,39.755,39.755,above,,D00,DCK00
74BO-74BV,D00,DCK00,39.755,39.755,above,,D00,DCK00
741O-7430,D00,DCK00,39.755,39.755,above,,D00,DCK00
740H-741O,D00,DCK00,39.755,39.755,above,,D00,DCK00
740B-740H,D00,DCK00,39.755,39.755,above,,D00,DCK00
751G-751N,D00,DCK00,39.755,39.755,above,,D00,DCK00
750C-750K,D00,DCK00,39.755,39.755,above,,D00,DCK00
7610-761I,D00,DCK00,39.755,39.755,above,,D00,DCK00
751N-751W,D00,DCK00,39.755,39.755,above,,D00,DCK00
763D-763I,D00,DCK00,39.755,39.755,above,,D00,DCK00
75AV-7610,D00,DCK00,39.755,39.755,above,,D00,DCK00
763I-763T,D00,DCK00,39.755,39.755,above,,D00,DCK00
74GN-74GQ,D00,DCK00,39.755,39.755,above,,D00,DCK00
761I-762E,D00,DCK00,39.755,39.755,above,,D00,DCK00
762E-763D,D00,DCK00,39.755,39.755,above,,D00,DCK00
750K-751G,D00,DCK00,39.755,39.755,above,,D00,DCK00
74GQ-750C,D00,DCK00,39.755,39.755,above,,D00,DCK00
783R-783V,D00,DCK00,39.755,39.755,above,,D00,DCK00
7930-794A,D00,DCK00,39.755,39.755,above,,D00,DCK00
782G-783I,D00,DCK00,39.755,39.755,above,,D00,DCK00
7810-7820,D00,DCK00,39.755,39.755,above,,D00,DCK00
794A-796C,D00,DCK00,39.755,39.755,above,,D00,DCK00
797P-799F,D00,DCK00,39.755,39.755,above,,D00,DCK00
783V-790D,D00,DCK00,39.755,39.755,above,,D00,DCK00
797K-797P,D00,DCK00,39.755,39.755,above,,D00,DCK00
796C-797C,D00,DCK00,39.755,39.755,above,,D00,DCK00
797C-797K,D00,DCK00,39.755,39.755,above,,D00,DCK00
783I-783R,D00,DCK00,39.755,39.755,above,,D00,DCK00
7820-782G,D00,DCK00,39.755,39.755,above,,D00,DCK00
803R-8100,D00,DCK00,39.755,39.755,above,,D00,DCK00
81AM-820E,D00,DCK00,39.755,39.755,above,,D00,DCK00
801U-803A,D00,DCK00,39.755,39.755,above,,D00,DCK00
801O-801U,D00,DCK00,39.755,39.755,above,,D00,DCK00
82AB-82AD,D00,DCK00,39.755,39.755,above,,D00,DCK00
820E-820L,D00,DCK00,39.755,39.755,above,,D00,DCK00
8100-810D,D00,DCK00,39.755,39.755,above,,D00,DCK00
830I-8310,D00,DCK00,39.755,39.755,above,,D00,DCK00
82AD-830I,D00,DCK00,39.755,39.755,above,,D00,DCK00
803K-803R,D00,DCK00,39.755,39.755,above,,D00,DCK00
530U-550D,D00,DCK00,46.55,46.55,above,,D00,DCK00
5600-56BP,D00,DCK00,46.55,46.55,above,,D00,DCK00
561A-56BU,D00,DCK00,46.55,46.55,above,,D00,DCK00
563C-56CA,D00,DCK00,46.55,46.55,above,,D00,DCK00
563F-570D,D00,DCK00,46.55,46.55,above,,D00,DCK00
565W-571Q,D00,DCK00,46.55,46.55,above,,D00,DCK00
566F-572G,D00,DCK00,46.55,46.55,above,,D00,DCK00
5670-572J,D00,DCK00,46.55,46.55,above,,D00,DCK00
567G-572O,D00,DCK00,46.55,46.55,above,,D00,DCK00
567O-572T,D00,DCK00,46.55,46.55,above,,D00,DCK00
600V-62AA,D00,DCK00,46.55,46.55,above,,D00,DCK00
600T-622W,D00,DCK00,46.55,46.55,above,,D00,DCK00
600D-61AI,D00,DCK00,46.55,46.55,above,,D00,DCK00
600E-590A,D00,DCK00,46.55,46.55,above,,D00,DCK00
59AP-61AA,D00,DCK00,46.55,46.55,above,,D00,DCK00
600L-622I,D00,DCK00,46.55,46.55,above,,D00,DCK00
600B-61AE,D00,DCK00,46.55,46.55,above,,D00,DCK00
59AN-610U,D00,DCK00,46.55,46.55,above,,D00,DCK00
600N-622Q,D00,DCK00,46.55,46.55,above,,D00,DCK00
600M-622N,D00,DCK00,46.55,46.55,above,,D00,DCK00
63AK-641S,D00,DCK00,46.55,46.55,above,,D00,DCK00
63BC-650O,D00,DCK00,46.55,46.55,above,,D00,DCK00
63BQ-65AI,D00,DCK00,46.55,46.55,above,,D00,DCK00
63AB-641I,D00,DCK00,46.55,46.55,above,,D00,DCK00
63BG-650X,D00,DCK00,46.55,46.55,above,,D00,DCK00
63BN-65AC,D00,DCK00,46.55,46.55,above,,D00,DCK00
63AF-641N,D00,DCK00,46.55,46.55,above,,D00,DCK00
630Y-641F,D00,DCK00,46.55,46.55,above,,D00,DCK00
63BD-650S,D00,DCK00,46.55,46.55,above,,D00,DCK00
63AM-62DV,D00,DCK00,46.55,46.55,above,,D00,DCK00
65BP-661B,D00,DCK00,46.55,46.55,above,,D00,DCK00
65CA-664A,D00,DCK00,46.55,46.55,above,,D00,DCK00
65CC-665B,D00,DCK00,46.55,46.55,above,,D00,DCK00
65BQ-661E,D00,DCK00,46.55,46.55,above,,D00,DCK00
65CD-666C,D00,DCK00,46.55,46.55,above,,D00,DCK00
65BO-660B,D00,DCK00,46.55,46.55,above,,D00,DCK00
65CE-666E,D00,DCK00,46.55,46.55,above,,D00,DCK00
65BN-660A,D00,DCK00,46.55,46.55,above,,D00,DCK00
65CB-664C,D00,DCK00,46.55,46.55,above,,D00,DCK00
65BR-641V,D00,DCK00,46.55,46.55,above,,D00,DCK00
5650-565U,D00,DCK00,66.502,66.502,above,,D00,DCK00
570T-571O,D00,DCK00,66.502,66.502,above,,D00,DCK00
920H-920X,D00,DCK00,66.502,66.502,above,,D00,DCK00
565U-5660,D00,DCK00,66.502,66.502,above,,D00,DCK00
571O-571R,D00,DCK00,66.502,66.502,above,,D00,DCK00
920X-92AF,D00,DCK00,66.502,66.502,above,,D00,DCK00
73AJ-740E,D00,DCK00,46.55,46.55,above,,D00,DCK00
740E-740I,D00,DCK00,46.55,46.55,above,,D00,DCK00
740I-741G,D00,DCK00,46.55,46.55,above,,D00,DCK00
741G-741P,D00,DCK00,46.55,46.55,above,,D00,DCK00
741P-7420,D00,DCK00,46.55,46.55,above,,D00,DCK00
7420-742E,D00,DCK00,46.55,46.55,above,,D00,DCK00
742E-743D,D00,DCK00,46.55,46.55,above,,D00,DCK00
743D-743T,D00,DCK00,46.55,46.55,above,,D00,DCK00
74AP-74AY,D00,DCK00,46.55,46.55,above,,D00,DCK00
74AY-74BB,D00,DCK00,46.55,46.55,above,,D00,DCK00
74BB-74BE,D00,DCK00,46.55,46.55,above,,D00,DCK00
74BE-74BK,D00,DCK00,46.55,46.55,above,,D00,DCK00
74BK-74BS,D00,DCK00,46.55,46.55,above,,D00,DCK00
74BS-74BY,D00,DCK00,46.55,46.55,above,,D00,DCK00
74BY-74CD,D00,DCK00,46.55,46.55,above,,D00,DCK00
74CD-74DC,D00,DCK00,46.55,46.55,above,,D00,DCK00
74GM-74GP,D00,DCK00,46.55,46.55,above,,D00,DCK00
74GP-750F,D00,DCK00,46.55,46.55,above,,D00,DCK00
750F-750L,D00,DCK00,46.55,46.55,above,,D00,DCK00
750L-751C,D00,DCK00,46.55,46.55,above,,D00,DCK00
751C-751K,D00,DCK00,46.55,46.55,above,,D00,DCK00
751K-75AC,D00,DCK00,46.55,46.55,above,,D00,DCK00
760B-760E,D00,DCK00,46.55,46.55,above,,D00,DCK00
760E-761K,D00,DCK00,46.55,46.55,above,,D00,DCK00
761K-762D,D00,DCK00,46.55,46.55,above,,D00,DCK00
762D-762I,D00,DCK00,46.55,46.55,above,,D00,DCK00
762I-763L,D00,DCK00,46.55,46.55,above,,D00,DCK00
763L-763X,D00,DCK00,46.55,46.55,above,,D00,DCK00
781C-781D,D00,DCK00,46.55,46.55,above,,D00,DCK00
781D-782H,D00,DCK00,46.55,46.55,above,,D00,DCK00
782H-783H,D00,DCK00,46.55,46.55,above,,D00,DCK00
783H-783O,D00,DCK00,46.55,46.55,above,,D00,DCK00
783O-783U,D00,DCK00,46.55,46.55,above,,D00,DCK00
783U-790C,D00,DCK00,46.55,46.55,above,,D00,DCK00
793A-794C,D00,DCK00,46.55,46.55,above,,D00,DCK00
794C-796E,D00,DCK00,46.55,46.55,above,,D00,DCK00
796E-796I,D00,DCK00,46.55,46.55,above,,D00,DCK00
796I-797E,D00,DCK00,46.55,46.55,above,,D00,DCK00
797E-797N,D00,DCK00,46.55,46.55,above,,D00,DCK00
797N-799C,D00,DCK00,46.55,46.55,above,,D00,DCK00
801L-801X,D00,DCK00,46.55,46.55,above,,D00,DCK00
801X-803B,D00,DCK00,46.55,46.55,above,,D00,DCK00
803M-803T,D00,DCK00,46.55,46.55,above,,D00,DCK00
803T-810B,D00,DCK00,46.55,46.55,above,,D00,DCK00
810B-810Q,D00,DCK00,46.55,46.55,above,,D00,DCK00
81AL-820G,D00,DCK00,46.55,46.55,above,,D00,DCK00
820G-820I,D00,DCK00,46.55,46.55,above,,D00,DCK00
820W-82AE,D00,DCK00,46.55,46.55,above,,D00,DCK00
82AE-830E,D00,DCK00,46.55,46.55,above,,D00,DCK00
830E-831K,D00,DCK00,46.55,46.55,above,,D00,DCK00
87CT-87CW,D00,DCK00,46.55,46.55,above,,D00,DCK00
94AK-94AN,D00,DCK00,46.55,46.55,above,,D00,DCK00
566E-572D,D00,DCK00,24.555,24.555,above,,D00,DCK00
563J-570F,D00,DCK00,24.555,24.555,above,,D00,DCK00
560A-56BR,D00,DCK00,21.555,21.555,above,,D00,DCK00
563L-570H,D00,DCK00,21.555,21.555,above,,D00,DCK00
55CH-56BO,D00,DCK00,24.555,24.555,above,,D00,DCK00
566G-572C,D00,DCK00,21.555,21.555,above,,D00,DCK00
567N-573A,D00,DCK00,21.555,21.555,above,,D00,DCK00
563I-570B,D00,DCK00,24.555,24.555,above,,D00,DCK00
567L-573B,D00,DCK00,24.555,24.555,above,,D00,DCK00
566A-572A,D00,DCK00,21.555,21.555,above,,D00,DCK00
563E-570C,D00,DCK00,21.555,21.555,above,,D00,DCK00
566B-572B,D00,DCK00,24.555,24.555,above,,D00,DCK00
572C-592S,D00,DCK00,21.555,21.555,above,,D00,DCK00
56BR-580Q,D00,DCK00,21.555,21.555,above,,D00,DCK00
570B-58AL,D00,DCK00,24.555,24.555,above,,D00,DCK00
570H-590B,D00,DCK00,21.555,21.555,above,,D00,DCK00
570C-58AH,D00,DCK00,21.555,21.555,above,,D00,DCK00
56BO-580R,D00,DCK00,24.555,24.555,above,,D00,DCK00
570F-590C,D00,DCK00,24.555,24.555,above,,D00,DCK00
572D-592R,D00,DCK00,24.555,24.555,above,,D00,DCK00
573A-594M,D00,DCK00,21.555,21.555,above,,D00,DCK00
573B-594I,D00,DCK00,24.555,24.555,above,,D00,DCK00
572A-592L,D00,DCK00,21.555,21.555,above,,D00,DCK00
572B-592K,D00,DCK00,24.555,24.555,above,,D00,DCK00
51AH-560A,D00,DCK00,21.555,21.555,above,,D00,DCK00
51AI-55CH,D00,DCK00,24.555,24.555,above,,D00,DCK00
520S-563E,D00,DCK00,21.555,21.555,above,,D00,DCK00
52AA-563L,D00,DCK00,21.555,21.555,above,,D00,DCK00
530L-566A,D00,DCK00,21.555,21.555,above,,D00,DCK00
53AE-566G,D00,DCK00,21.555,21.555,above,,D00,DCK00
53BH-567N,D00,DCK00,21.555,21.555,above,,D00,DCK00
520T-563I,D00,DCK00,24.555,24.555,above,,D00,DCK00
52AB-563J,D00,DCK00,24.555,24.555,above,,D00,DCK00
530M-566B,D00,DCK00,24.555,24.555,above,,D00,DCK00
53AD-566E,D00,DCK00,24.555,24.555,above,,D00,DCK00
53BI-567L,D00,DCK00,24.555,24.555,above,,D00,DCK00
567K-567M,D00,DCK00,66.502,66.502,above,,D00,DCK00
567Q-567R,D00,DCK00,66.502,66.502,above,,D00,DCK00
573C-573H,D00,DCK00,66.502,66.502,above,,D00,DCK00
74DV-74FF,D00,DCK00,29.055,29.055,above,,D00,DCK00
74DW-74DX,D00,DCK00,29.055,29.055,above,,D00,DCK00
74DW-74FG,D00,DCK00,29.055,29.055,above,,D00,DCK00
74FF-74GJ,D00,DCK00,29.055,29.055,above,,D00,DCK00
74FG-74GO,D00,DCK00,29.055,29.055,above,,D00,DCK00
74FG-74FH,D00,DCK00,29.055,29.055,above,,D00,DCK00
73AC-74DU,D00,DCK00,29.055,29.055,above,,D00,DCK00
74FE-74GG,D00,DCK00,29.055,29.055,above,,D00,DCK00
799P-79AN,D00,DCK00,29.055,29.055,above,,D00,DCK00
799Q-799R,D00,DCK00,29.055,29.055,above,,D00,DCK00
799Q-79AO,D00,DCK00,29.055,29.055,above,,D00,DCK00
79AN-801M,D00,DCK00,29.055,29.055,above,,D00,DCK00
79AN-79AO,D00,DCK00,29.055,29.055,above,,D00,DCK00
740G-741B,D00,DCK00,29.055,29.055,above,,D00,DCK00
73AF-7400,D00,DCK00,29.055,29.055,above,,D00,DCK00
73AF-74DV,D00,DCK00,29.055,29.055,above,,D00,DCK00
741J-742C,D00,DCK00,29.055,29.055,above,,D00,DCK00
742C-743F,D00,DCK00,29.055,29.055,above,,D00,DCK00
743F-743H,D00,DCK00,29.055,29.055,above,,D00,DCK00
74GU-750E,D00,DCK00,29.055,29.055,above,,D00,DCK00
74GJ-74GO,D00,DCK00,29.055,29.055,above,,D00,DCK00
74GJ-770V,D00,DCK00,29.055,29.055,above,,D00,DCK00
750E-7510,D00,DCK00,29.055,29.055,above,,D00,DCK00
7510-751E,D00,DCK00,29.055,29.055,above,,D00,DCK00
751E-751L,D00,DCK00,29.055,29.055,above,,D00,DCK00
751L-751U,D00,DCK00,29.055,29.055,above,,D00,DCK00
74BP-74BW,D00,DCK00,29.055,29.055,above,,D00,DCK00
74AN-74BA,D00,DCK00,29.055,29.055,above,,D00,DCK00
74BA-74BC,D00,DCK00,29.055,29.055,above,,D00,DCK00
74CG-74EA,D00,DCK00,29.055,29.055,above,,D00,DCK00
74CG-74CK,D00,DCK00,29.055,29.055,above,,D00,DCK00
74BW-74CC,D00,DCK00,29.055,29.055,above,,D00,DCK00
761J-762F,D00,DCK00,29.055,29.055,above,,D00,DCK00
762F-762J,D00,DCK00,29.055,29.055,above,,D00,DCK00
760D-761E,D00,DCK00,29.055,29.055,above,,D00,DCK00
763H-77AA,D00,DCK00,29.055,29.055,above,,D00,DCK00
763H-763M,D00,DCK00,29.055,29.055,above,,D00,DCK00
761E-761J,D00,DCK00,29.055,29.055,above,,D00,DCK00
762J-763E,D00,DCK00,29.055,29.055,above,,D00,DCK00
82AC-830D,D00,DCK00,29.055,29.055,above,,D00,DCK00
820V-82AC,D00,DCK00,29.055,29.055,above,,D00,DCK00
820H-820N,D00,DCK00,29.055,29.055,above,,D00,DCK00
830H-87AC,D00,DCK00,29.055,29.055,above,,D00,DCK00
830H-831N,D00,DCK00,29.055,29.055,above,,D00,DCK00
81AN-820H,D00,DCK00,29.055,29.055,above,,D00,DCK00
801T-803D,D00,DCK00,29.055,29.055,above,,D00,DCK00
801M-833E,D00,DCK00,29.055,29.055,above,,D00,DCK00
801M-801S,D00,DCK00,29.055,29.055,above,,D00,DCK00
803O-803V,D00,DCK00,29.055,29.055,above,,D00,DCK00
803V-803Z,D00,DCK00,29.055,29.055,above,,D00,DCK00
803Z-810F,D00,DCK00,29.055,29.055,above,,D00,DCK00
901O-902Q,D00,DCK00,29.055,29.055,above,,D00,DCK00
901N-901O,D00,DCK00,29.055,29.055,above,,D00,DCK00
891F-892G,D00,DCK00,29.055,29.055,above,,D00,DCK00
913A-913H,D00,DCK00,29.055,29.055,above,,D00,DCK00
931L-93AE,D00,DCK00,29.055,29.055,above,,D00,DCK00
931G-931L,D00,DCK00,29.055,29.055,above,,D00,DCK00
79AO-801S,D00,DCK00,29.055,29.055,above,,D00,DCK00
79AO-79AP,D00,DCK00,29.055,29.055,above,,D00,DCK00
782A-783C,D00,DCK00,29.055,29.055,above,,D00,DCK00
783C-783F,D00,DCK00,29.055,29.055,above,,D00,DCK00
783F-783P,D00,DCK00,29.055,29.055,above,,D00,DCK00
783P-783X,D00,DCK00,29.055,29.055,above,,D00,DCK00
783X-790F,D00,DCK00,29.055,29.055,above,,D00,DCK00
770U-77AL,D00,DCK00,29.055,29.055,above,,D00,DCK00
799O-79AM,D00,DCK00,29.055,29.055,above,,D00,DCK00
74DZ-74FJ,D00,DCK00,29.055,29.055,above,,D00,DCK00
74EA-74FK,D00,DCK00,29.055,29.055,above,,D00,DCK00
74FJ-763E,D00,DCK00,29.055,29.055,above,,D00,DCK00
74FK-763H,D00,DCK00,29.055,29.055,above,,D00,DCK00
74CK-74DD,D00,DCK00,29.055,29.055,above,,D00,DCK00
74CK-74EB,D00,DCK00,29.055,29.055,above,,D00,DCK00
763M-763R,D00,DCK00,29.055,29.055,above,,D00,DCK00
74FL-763M,D00,DCK00,29.055,29.055,above,,D00,DCK00
796D-797A,D00,DCK00,29.055,29.055,above,,D00,DCK00
797A-797J,D00,DCK00,29.055,29.055,above,,D00,DCK00
792H-7940,D00,DCK00,29.055,29.055,above,,D00,DCK00
7940-796D,D00,DCK00,29.055,29.055,above,,D00,DCK00
799U-79AS,D00,DCK00,29.055,29.055,above,,D00,DCK00
799S-799T,D00,DCK00,29.055,29.055,above,,D00,DCK00
799T-79AR,D00,DCK00,29.055,29.055,above,,D00,DCK00
79AS-830H,D00,DCK00,29.055,29.055,above,,D00,DCK00
79AS-79AT,D00,DCK00,29.055,29.055,above,,D00,DCK00
79AQ-79AR,D00,DCK00,29.055,29.055,above,,D00,DCK00
79AR-830D,D00,DCK00,29.055,29.055,above,,D00,DCK00
79AR-79AS,D00,DCK00,29.055,29.055,above,,D00,DCK00
77AB-77AC,D00,DCK00,29.055,29.055,above,,D00,DCK00
77AB-77AS,D00,DCK00,29.055,29.055,above,,D00,DCK00
799V-79AT,D00,DCK00,29.055,29.055,above,,D00,DCK00
79AT-79AU,D00,DCK00,29.055,29.055,above,,D00,DCK00
570E-564A,D00,DCK00,46.55,46.55,above,,D00,DCK00
572O-594F,D00,DCK00,46.55,46.55,above,,D00,DCK00
56CA-58AG,D00,DCK00,46.55,46.55,above,,D00,DCK00
572J-5930,D00,DCK00,46.55,46.55,above,,D00,DCK00
56BP-580M,D00,DCK00,46.55,46.55,above,,D00,DCK00
572T-594H,D00,DCK00,46.55,46.55,above,,D00,DCK00
570D-58AK,D00,DCK00,46.55,46.55,above,,D00,DCK00
572G-592T,D00,DCK00,46.55,46.55,above,,D00,DCK00
56BU-580W,D00,DCK00,46.55,46.55,above,,D00,DCK00
571Q-592N,D00,DCK00,46.55,46.55,above,,D00,DCK00
590A-570E,D00,DCK00,46.55,46.55,above,,D00,DCK00
594F-600T,D00,DCK00,46.55,46.55,above,,D00,DCK00
58AG-600B,D00,DCK00,46.55,46.55,above,,D00,DCK00
5930-600N,D00,DCK00,46.55,46.55,above,,D00,DCK00
580M-59AN,D00,DCK00,46.55,46.55,above,,D00,DCK00
594H-600V,D00,DCK00,46.55,46.55,above,,D00,DCK00
58AK-600D,D00,DCK00,46.55,46.55,above,,D00,DCK00
592T-600M,D00,DCK00,46.55,46.55,above,,D00,DCK00
580W-59AP,D00,DCK00,46.55,46.55,above,,D00,DCK00
592N-600L,D00,DCK00,46.55,46.55,above,,D00,DCK00
61AI-62DT,D00,DCK00,46.55,46.55,above,,D00,DCK00
622W-62GA,D00,DCK00,46.55,46.55,above,,D00,DCK00
61AM-600E,D00,DCK00,46.55,46.55,above,,D00,DCK00
62AA-62GD,D00,DCK00,46.55,46.55,above,,D00,DCK00
61AA-62DI,D00,DCK00,46.55,46.55,above,,D00,DCK00
622I-62FM,D00,DCK00,46.55,46.55,above,,D00,DCK00
61AE-62DP,D00,DCK00,46.55,46.55,above,,D00,DCK00
610U-62DD,D00,DCK00,46.55,46.55,above,,D00,DCK00
622Q-62FT,D00,DCK00,46.55,46.55,above,,D00,DCK00
622N-62FR,D00,DCK00,46.55,46.55,above,,D00,DCK00
62DT-63AK,D00,DCK00,46.55,46.55,above,,D00,DCK00
62GA-63BN,D00,DCK00,46.55,46.55,above,,D00,DCK00
62GD-63BQ,D00,DCK00,46.55,46.55,above,,D00,DCK00
62DI-63AB,D00,DCK00,46.55,46.55,above,,D00,DCK00
62FM-63BC,D00,DCK00,46.55,46.55,above,,D00,DCK00
62DP-63AF,D00,DCK00,46.55,46.55,above,,D00,DCK00
62DD-630Y,D00,DCK00,46.55,46.55,above,,D00,DCK00
62FT-63BG,D00,DCK00,46.55,46.55,above,,D00,DCK00
62FR-63BD,D00,DCK00,46.55,46.55,above,,D00,DCK00
62DV-61AM,D00,DCK00,46.55,46.55,above,,D00,DCK00
650X-65CC,D00,DCK00,46.55,46.55,above,,D00,DCK00
641S-65BQ,D00,DCK00,46.55,46.55,above,,D00,DCK00
65AC-65CD,D00,DCK00,46.55,46.55,above,,D00,DCK00
641I-65BO,D00,DCK00,46.55,46.55,above,,D00,DCK00
65AI-65CE,D00,DCK00,46.55,46.55,above,,D00,DCK00
650O-65CA,D00,DCK00,46.55,46.55,above,,D00,DCK00
641N-65BP,D00,DCK00,46.55,46.55,above,,D00,DCK00
641F-65BN,D00,DCK00,46.55,46.55,above,,D00,DCK00
650S-65CB,D00,DCK00,46.55,46.55,above,,D00,DCK00
641V-63AM,D00,DCK00,46.55,46.55,above,,D00,DCK00
662A-65BR,D00,DCK00,46.55,46.55,above,,D00,DCK00
580Q-610X,D00,DCK00,21.555,21.555,above,,D00,DCK00
58AH-61AJ,D00,DCK00,21.555,21.555,above,,D00,DCK00
590B-61AN,D00,DCK00,21.555,21.555,above,,D00,DCK00
592L-622J,D00,DCK00,21.555,21.555,above,,D00,DCK00
592S-622M,D00,DCK00,21.555,21.555,above,,D00,DCK00
594M-62AB,D00,DCK00,21.555,21.555,above,,D00,DCK00
580R-610V,D00,DCK00,24.555,24.555,above,,D00,DCK00
58AL-61AK,D00,DCK00,24.555,24.555,above,,D00,DCK00
590C-61AO,D00,DCK00,24.555,24.555,above,,D00,DCK00
592K-622L,D00,DCK00,24.555,24.555,above,,D00,DCK00
592R-622P,D00,DCK00,24.555,24.555,above,,D00,DCK00
594I-62AC,D00,DCK00,24.555,24.555,above,,D00,DCK00
501G-51AH,D00,DCK00,21.555,21.555,above,,D00,DCK00
501H-51AI,D00,DCK00,24.555,24.555,above,,D00,DCK00
504L-520S,D00,DCK00,21.555,21.555,above,,D00,DCK00
504V-52AA,D00,DCK00,21.555,21.555,above,,D00,DCK00
50AZ-530L,D00,DCK00,21.555,21.555,above,,D00,DCK00
50BK-53AE,D00,DCK00,21.555,21.555,above,,D00,DCK00
511K-53BH,D00,DCK00,21.555,21.555,above,,D00,DCK00
504M-520T,D00,DCK00,24.555,24.555,above,,D00,DCK00
504W-52AB,D00,DCK00,24.555,24.555,above,,D00,DCK00
50BA-530M,D00,DCK00,24.555,24.555,above,,D00,DCK00
50BL-53AD,D00,DCK00,24.555,24.555,above,,D00,DCK00
5120-53BI,D00,DCK00,24.555,24.555,above,,D00,DCK00
53CX-5600,D00,DCK00,46.55,46.55,above,,D00,DCK00
541J-564A,D00,DCK00,46.55,46.55,above,,D00,DCK00
5500-565W,D00,DCK00,46.55,46.55,above,,D00,DCK00
55AG-567O,D00,DCK00,46.55,46.55,above,,D00,DCK00
55CB-560C,D00,DCK00,66.502,66.502,above,,D00,DCK00
56BD-56BS,D00,DCK00,66.502,66.502,above,,D00,DCK00
8920-913B,D01,DCK01,66.502,66.502,above,,D01,DCK01
913B-941H,D01,DCK01,66.502,66.502,above,,D01,DCK01
941H-941K,D01,DCK01,66.502,66.502,above,,D01,DCK01
941H-95AB,D01,DCK01,66.502,66.502,above,,D01,DCK01
94AA-94AD,D01,DCK01,66.502,66.502,above,,D01,DCK01
94BB-94BE,D01,DCK01,66.502,66.502,above,,D01,DCK01
880P-8920,D01,DCK01,66.502,66.502,above,,D01,DCK01
880P-880Q,D01,DCK01,66.502,66.502,above,,D01,DCK01
88AD-88AE,D01,DCK01,66.502,66.502,above,,D01,DCK01
880U-880V,D01,DCK01,66.502,66.502,above,,D01,DCK01
94BR-001G,D01,DCK01,66.502,66.502,above,,D01,DCK01
88AH-902A,D01,DCK01,66.502,66.502,above,,D01,DCK01
880R-880S,D01,DCK01,66.502,66.502,above,,D01,DCK01
941N-941R,D01,DCK01,66.502,66.502,above,,D01,DCK01
941N-95AM,D01,DCK01,66.502,66.502,above,,D01,DCK01
880S-880U,D01,DCK01,66.502,66.502,above,,D01,DCK01
941R-941Y,D01,DCK01,66.502,66.502,above,,D01,DCK01
941R-960E,D01,DCK01,66.502,66.502,above,,D01,DCK01
941K-941N,D01,DCK01,66.502,66.502,above,,D01,DCK01
880Q-880R,D01,DCK01,66.502,66.502,above,,D01,DCK01
880Q-892D,D01,DCK01,66.502,66.502,above,,D01,DCK01
941Y-94AA,D01,DCK01,66.502,66.502,above,,D01,DCK01
880T-893H,D01,DCK01,66.502,66.502,above,,D01,DCK01
94AD-94AF,D01,DCK01,66.502,66.502,above,,D01,DCK01
880V-893R,D01,DCK01,66.502,66.502,above,,D01,DCK01
880V-880W,D01,DCK01,66.502,66.502,above,,D01,DCK01
914I-941Y,D01,DCK01,66.502,66.502,above,,D01,DCK01
914I-914K,D01,DCK01,66.502,66.502,above,,D01,DCK01
893H-914I,D01,DCK01,66.502,66.502,above,,D01,DCK01
893H-893N,D01,DCK01,66.502,66.502,above,,D01,DCK01
914S-94AD,D01,DCK01,66.502,66.502,above,,D01,DCK01
893R-914S,D01,DCK01,66.502,66.502,above,,D01,DCK01
94AJ-91AB,D01,DCK01,66.502,66.502,above,,D01,DCK01
91AB-893Z,D01,DCK01,66.502,66.502,above,,D01,DCK01
893Z-880Y,D01,DCK01,66.502,66.502,above,,D01,DCK01
94AP-94AR,D01,DCK01,66.502,66.502,above,,D01,DCK01
94AP-991A,D01,DCK01,66.502,66.502,above,,D01,DCK01
880Z-900K,D01,DCK01,66.502,66.502,above,,D01,DCK01
880Z-88AA,D01,DCK01,66.502,66.502,above,,D01,DCK01
92AF-94AP,D01,DCK01,66.502,66.502,above,,D01,DCK01
900K-92AF,D01,DCK01,66.502,66.502,above,,D01,DCK01
94AY-94BB,D01,DCK01,66.502,66.502,above,,D01,DCK01
88AC-88AD,D01,DCK01,66.502,66.502,above,,D01,DCK01
88AC-900T,D01,DCK01,66.502,66.502,above,,D01,DCK01
92AP-94AY,D01,DCK01,66.502,66.502,above,,D01,DCK01
92AP-930C,D01,DCK01,66.502,66.502,above,,D01,DCK01
900T-92AP,D01,DCK01,66.502,66.502,above,,D01,DCK01
900T-901E,D01,DCK01,66.502,66.502,above,,D01,DCK01
94BE-94BH,D01,DCK01,66.502,66.502,above,,D01,DCK01
88AE-901F,D01,DCK01,66.502,66.502,above,,D01,DCK01
88AE-88AF,D01,DCK01,66.502,66.502,above,,D01,DCK01
930E-94BE,D01,DCK01,66.502,66.502,above,,D01,DCK01
901F-930E,D01,DCK01,66.502,66.502,above,,D01,DCK01
902A-931J,D01,DCK01,66.502,66.502,above,,D01,DCK01
931J-94BR,D01,DCK01,66.502,66.502,above,,D01,DCK01
88AG-88AH,D01,DCK01,66.502,66.502,above,,D01,DCK01
88AF-88AG,D01,DCK01,66.502,66.502,above,,D01,DCK01
94BH-94BL,D01,DCK01,66.502,66.502,above,,D01,DCK01
94BH-99AX,D01,DCK01,66.502,66.502,above,,D01,DCK01
94BL-94BR,D01,DCK01,66.502,66.502,above,,D01,DCK01
94BL-000H,D01,DCK01,66.502,66.502,above,,D01,DCK01
94AR-94AW,D01,DCK01,66.502,66.502,above,,D01,DCK01
94AR-992B,D01,DCK01,66.502,66.502,above,,D01,DCK01
88AA-88AB,D01,DCK01,66.502,66.502,above,,D01,DCK01
880X-880Y,D01,DCK01,66.502,66.502,above,,D01,DCK01
880X-852I,D01,DCK01,66.502,66.502,above,,D01,DCK01
94AH-94AJ,D01,DCK01,66.502,66.502,above,,D01,DCK01
880W-880X,D01,DCK01,66.502,66.502,above,,D01,DCK01
880W-851I,D01,DCK01,66.502,66.502,above,,D01,DCK01
94AF-94AH,D01,DCK01,66.502,66.502,above,,D01,DCK01
892D-913E,D01,DCK01,66.502,66.502,above,,D01,DCK01
913E-941K,D01,DCK01,66.502,66.502,above,,D01,DCK01
88AB-88AC,D01,DCK01,66.502,66.502,above,,D01,DCK01
94AW-94AY,D01,DCK01,66.502,66.502,above,,D01,DCK01
833U-892G,D01,DCK01,29.055,29.055,above,,D01,DCK01
87AC-901O,D01,DCK01,29.055,29.055,above,,D01,DCK01
833E-891F,D01,DCK01,29.055,29.055,above,,D01,DCK01
873L-901N,D01,DCK01,29.055,29.055,above,,D01,DCK01
722B-74BN,D01,DCK01,29.055,29.055,above,,D01,DCK01
723H-74BP,D01,DCK01,29.055,29.055,above,,D01,DCK01
721O-74BC,D01,DCK01,29.055,29.055,above,,D01,DCK01
701M-740G,D01,DCK01,29.055,29.055,above,,D01,DCK01
7240-730B,D01,DCK01,29.055,29.055,above,,D01,DCK01
721F-74BA,D01,DCK01,29.055,29.055,above,,D01,DCK01
703N-742C,D01,DCK01,29.055,29.055,above,,D01,DCK01
701V-741B,D01,DCK01,29.055,29.055,above,,D01,DCK01
702A-741I,D01,DCK01,29.055,29.055,above,,D01,DCK01
703A-741J,D01,DCK01,29.055,29.055,above,,D01,DCK01
726C-74CI,D01,DCK01,34.555,34.555,above,,D01,DCK01
7000-73AI,D01,DCK01,34.555,34.555,above,,D01,DCK01
70AB-743B,D01,DCK01,34.555,34.555,above,,D01,DCK01
711X-74AR,D01,DCK01,34.555,34.555,above,,D01,DCK01
701U-7410,D01,DCK01,34.555,34.555,above,,D01,DCK01
701K-740A,D01,DCK01,34.555,34.555,above,,D01,DCK01
703O-742A,D01,DCK01,34.555,34.555,above,,D01,DCK01
720D-74AX,D01,DCK01,34.555,34.555,above,,D01,DCK01
7030-741L,D01,DCK01,34.555,34.555,above,,D01,DCK01
724A-74BZ,D01,DCK01,34.555,34.555,above,,D01,DCK01
7230-74BQ,D01,DCK01,34.555,34.555,above,,D01,DCK01
721N-74BH,D01,DCK01,34.555,34.555,above,,D01,DCK01
833A-880P,D01,DCK01,66.502,66.502,above,,D01,DCK01
833O-880R,D01,DCK01,66.502,66.502,above,,D01,DCK01
83AG-880S,D01,DCK01,66.502,66.502,above,,D01,DCK01
85AA-880Z,D01,DCK01,66.502,66.502,above,,D01,DCK01
860C-88AA,D01,DCK01,66.502,66.502,above,,D01,DCK01
860G-88AB,D01,DCK01,66.502,66.502,above,,D01,DCK01
871F-88AF,D01,DCK01,66.502,66.502,above,,D01,DCK01
873F-88AG,D01,DCK01,66.502,66.502,above,,D01,DCK01
873W-88AH,D01,DCK01,66.502,66.502,above,,D01,DCK01
872A-82AB,D01,DCK01,39.755,39.755,above,,D01,DCK01
71AB-74AT,D01,DCK01,39.755,39.755,above,,D01,DCK01
726B-74CF,D01,DCK01,39.755,39.755,above,,D01,DCK01
69AA-73AH,D01,DCK01,39.755,39.755,above,,D01,DCK01
703X-743G,D01,DCK01,39.755,39.755,above,,D01,DCK01
703F-741O,D01,DCK01,39.755,39.755,above,,D01,DCK01
701G-740B,D01,DCK01,39.755,39.755,above,,D01,DCK01
721I-74BF,D01,DCK01,39.755,39.755,above,,D01,DCK01
721B-74AZ,D01,DCK01,39.755,39.755,above,,D01,DCK01
701O-740H,D01,DCK01,39.755,39.755,above,,D01,DCK01
724F-74BV,D01,DCK01,39.755,39.755,above,,D01,DCK01
703T-7430,D01,DCK01,39.755,39.755,above,,D01,DCK01
74BN-74BP,D01,DCK01,29.055,29.055,above,,D01,DCK01
730B-74BW,D01,DCK01,29.055,29.055,above,,D01,DCK01
770X-77AO,D01,DCK01,29.055,29.055,above,,D01,DCK01
770Y-77AP,D01,DCK01,29.055,29.055,above,,D01,DCK01
820R-861Z,D01,DCK01,29.055,29.055,above,,D01,DCK01
820R-820V,D01,DCK01,29.055,29.055,above,,D01,DCK01
741I-741J,D01,DCK01,29.055,29.055,above,,D01,DCK01
77AO-782A,D01,DCK01,29.055,29.055,above,,D01,DCK01
803H-840I,D01,DCK01,29.055,29.055,above,,D01,DCK01
803H-803O,D01,DCK01,29.055,29.055,above,,D01,DCK01
77AP-797J,D01,DCK01,29.055,29.055,above,,D01,DCK01
74CI-763J,D01,DCK01,34.555,34.555,above,,D01,DCK01
73AI-74GH,D01,DCK01,34.555,34.555,above,,D01,DCK01
740A-74GS,D01,DCK01,34.555,34.555,above,,D01,DCK01
74FH-74GU,D01,DCK01,29.055,29.055,above,,D01,DCK01
74DX-74FH,D01,DCK01,29.055,29.055,above,,D01,DCK01
74FI-762J,D01,DCK01,29.055,29.055,above,,D01,DCK01
74DY-74FI,D01,DCK01,29.055,29.055,above,,D01,DCK01
74AX-761B,D01,DCK01,34.555,34.555,above,,D01,DCK01
7410-750A,D01,DCK01,34.555,34.555,above,,D01,DCK01
742A-751B,D01,DCK01,34.555,34.555,above,,D01,DCK01
741L-750I,D01,DCK01,34.555,34.555,above,,D01,DCK01
743B-751I,D01,DCK01,34.555,34.555,above,,D01,DCK01
74AR-760A,D01,DCK01,34.555,34.555,above,,D01,DCK01
74BZ-763C,D01,DCK01,34.555,34.555,above,,D01,DCK01
74BH-761G,D01,DCK01,34.555,34.555,above,,D01,DCK01
74BQ-762C,D01,DCK01,34.555,34.555,above,,D01,DCK01
763J-797O,D01,DCK01,34.555,34.555,above,,D01,DCK01
760A-792J,D01,DCK01,34.555,34.555,above,,D01,DCK01
74GH-780L,D01,DCK01,34.555,34.555,above,,D01,DCK01
762C-797B,D01,DCK01,34.555,34.555,above,,D01,DCK01
74GS-782D,D01,DCK01,34.555,34.555,above,,D01,DCK01
750I-783L,D01,DCK01,34.555,34.555,above,,D01,DCK01
761B-795A,D01,DCK01,34.555,34.555,above,,D01,DCK01
750A-783A,D01,DCK01,34.555,34.555,above,,D01,DCK01
751B-783Q,D01,DCK01,34.555,34.555,above,,D01,DCK01
751I-783T,D01,DCK01,34.555,34.555,above,,D01,DCK01
763C-797G,D01,DCK01,34.555,34.555,above,,D01,DCK01
761G-7960,D01,DCK01,34.555,34.555,above,,D01,DCK01
783T-80AA,D01,DCK01,34.555,34.555,above,,D01,DCK01
797O-830J,D01,DCK01,34.555,34.555,above,,D01,DCK01
792J-8200,D01,DCK01,34.555,34.555,above,,D01,DCK01
795A-820D,D01,DCK01,34.555,34.555,above,,D01,DCK01
780L-801N,D01,DCK01,34.555,34.555,above,,D01,DCK01
7960-820K,D01,DCK01,34.555,34.555,above,,D01,DCK01
797B-820Y,D01,DCK01,34.555,34.555,above,,D01,DCK01
782D-801Y,D01,DCK01,34.555,34.555,above,,D01,DCK01
783L-803Q,D01,DCK01,34.555,34.555,above,,D01,DCK01
783A-802B,D01,DCK01,34.555,34.555,above,,D01,DCK01
783Q-803X,D01,DCK01,34.555,34.555,above,,D01,DCK01
797G-830C,D01,DCK01,34.555,34.555,above,,D01,DCK01
803X-851J,D01,DCK01,34.555,34.555,above,,D01,DCK01
820K-8610,D01,DCK01,34.555,34.555,above,,D01,DCK01
830J-87AE,D01,DCK01,34.555,34.555,above,,D01,DCK01
820Y-871D,D01,DCK01,34.555,34.555,above,,D01,DCK01
80AA-852E,D01,DCK01,34.555,34.555,above,,D01,DCK01
803Q-851B,D01,DCK01,34.555,34.555,above,,D01,DCK01
820T-861P,D01,DCK01,34.555,34.555,above,,D01,DCK01
8200-854Q,D01,DCK01,34.555,34.555,above,,D01,DCK01
803G-840J,D01,DCK01,34.555,34.555,above,,D01,DCK01
820D-85AH,D01,DCK01,34.555,34.555,above,,D01,DCK01
802B-83AM,D01,DCK01,34.555,34.555,above,,D01,DCK01
801N-833H,D01,DCK01,34.555,34.555,above,,D01,DCK01
801Y-833R,D01,DCK01,34.555,34.555,above,,D01,DCK01
830C-873O,D01,DCK01,34.555,34.555,above,,D01,DCK01
7430-751G,D01,DCK01,39.755,39.755,above,,D01,DCK01
74BV-763D,D01,DCK01,39.755,39.755,above,,D01,DCK01
743G-751N,D01,DCK01,39.755,39.755,above,,D01,DCK01
74AT-75AV,D01,DCK01,39.755,39.755,above,,D01,DCK01
73AH-74GN,D01,DCK01,39.755,39.755,above,,D01,DCK01
74AZ-7610,D01,DCK01,39.755,39.755,above,,D01,DCK01
74BF-761I,D01,DCK01,39.755,39.755,above,,D01,DCK01
74CF-763I,D01,DCK01,39.755,39.755,above,,D01,DCK01
74BO-723B,D01,DCK01,39.755,39.755,above,,D01,DCK01
741O-750K,D01,DCK01,39.755,39.755,above,,D01,DCK01
740H-750C,D01,DCK01,39.755,39.755,above,,D01,DCK01
740B-74GQ,D01,DCK01,39.755,39.755,above,,D01,DCK01
751G-783R,D01,DCK01,39.755,39.755,above,,D01,DCK01
750C-782G,D01,DCK01,39.755,39.755,above,,D01,DCK01
7610-794A,D01,DCK01,39.755,39.755,above,,D01,DCK01
751N-783V,D01,DCK01,39.755,39.755,above,,D01,DCK01
763D-797K,D01,DCK01,39.755,39.755,above,,D01,DCK01
75AV-7930,D01,DCK01,39.755,39.755,above,,D01,DCK01
763I-797P,D01,DCK01,39.755,39.755,above,,D01,DCK01
74GN-7810,D01,DCK01,39.755,39.755,above,,D01,DCK01
761I-796C,D01,DCK01,39.755,39.755,above,,D01,DCK01
762E-74BO,D01,DCK01,39.755,39.755,above,,D01,DCK01
750K-783I,D01,DCK01,39.755,39.755,above,,D01,DCK01
74GQ-7820,D01,DCK01,39.755,39.755,above,,D01,DCK01
783R-803R,D01,DCK01,39.755,39.755,above,,D01,DCK01
7930-81AM,D01,DCK01,39.755,39.755,above,,D01,DCK01
782G-803A,D01,DCK01,39.755,39.755,above,,D01,DCK01
7810-801O,D01,DCK01,39.755,39.755,above,,D01,DCK01
794A-820E,D01,DCK01,39.755,39.755,above,,D01,DCK01
797P-830I,D01,DCK01,39.755,39.755,above,,D01,DCK01
783V-8100,D01,DCK01,39.755,39.755,above,,D01,DCK01
797K-82AD,D01,DCK01,39.755,39.755,above,,D01,DCK01
796C-820L,D01,DCK01,39.755,39.755,above,,D01,DCK01
797C-762E,D01,DCK01,39.755,39.755,above,,D01,DCK01
783I-803K,D01,DCK01,39.755,39.755,above,,D01,DCK01
7820-801U,D01,DCK01,39.755,39.755,above,,D01,DCK01
803R-851N,D01,DCK01,39.755,39.755,above,,D01,DCK01
81AM-854W,D01,DCK01,39.755,39.755,above,,D01,DCK01
803A-83AJ,D01,DCK01,39.755,39.755,above,,D01,DCK01
803A-803F,D01,DCK01,39.755,39.755,above,,D01,DCK01
801U-83AA,D01,DCK01,39.755,39.755,above,,D01,DCK01
801O-833D,D01,DCK01,39.755,39.755,above,,D01,DCK01
82AB-797C,D01,DCK01,39.755,39.755,above,,D01,DCK01
820L-861I,D01,DCK01,39.755,39.755,above,,D01,DCK01
820L-820U,D01,DCK01,39.755,39.755,above,,D01,DCK01
820E-85AD,D01,DCK01,39.755,39.755,above,,D01,DCK01
8100-852H,D01,DCK01,39.755,39.755,above,,D01,DCK01
830I-873Y,D01,DCK01,39.755,39.755,above,,D01,DCK01
82AD-873N,D01,DCK01,39.755,39.755,above,,D01,DCK01
803K-840Z,D01,DCK01,39.755,39.755,above,,D01,DCK01
803F-840H,D01,DCK01,39.755,39.755,above,,D01,DCK01
803F-803K,D01,DCK01,39.755,39.755,above,,D01,DCK01
820U-861X,D01,DCK01,39.755,39.755,above,,D01,DCK01
820U-82AB,D01,DCK01,39.755,39.755,above,,D01,DCK01
930C-930E,D01,DCK01,66.502,66.502,above,,D01,DCK01
901E-901F,D01,DCK01,66.502,66.502,above,,D01,DCK01
722F-74BM,D01,DCK01,34.555,34.555,above,,D01,DCK01
702D-741F,D01,DCK01,34.555,34.555,above,,D01,DCK01
799R-79AP,D01,DCK01,29.055,29.055,above,,D01,DCK01
79AP-801T,D01,DCK01,29.055,29.055,above,,D01,DCK01
740G-74DX,D01,DCK01,29.055,29.055,above,,D01,DCK01
741B-741I,D01,DCK01,29.055,29.055,above,,D01,DCK01
741B-750E,D01,DCK01,29.055,29.055,above,,D01,DCK01
741J-7510,D01,DCK01,29.055,29.055,above,,D01,DCK01
742C-751E,D01,DCK01,29.055,29.055,above,,D01,DCK01
74GU-770X,D01,DCK01,29.055,29.055,above,,D01,DCK01
750E-783C,D01,DCK01,29.055,29.055,above,,D01,DCK01
7510-783F,D01,DCK01,29.055,29.055,above,,D01,DCK01
751E-783P,D01,DCK01,29.055,29.055,above,,D01,DCK01
74BC-74BN,D01,DCK01,29.055,29.055,above,,D01,DCK01
74BC-761J,D01,DCK01,29.055,29.055,above,,D01,DCK01
74BP-762F,D01,DCK01,29.055,29.055,above,,D01,DCK01
74BA-761E,D01,DCK01,29.055,29.055,above,,D01,DCK01
74BW-74DY,D01,DCK01,29.055,29.055,above,,D01,DCK01
761J-796D,D01,DCK01,29.055,29.055,above,,D01,DCK01
762F-797A,D01,DCK01,29.055,29.055,above,,D01,DCK01
761E-7940,D01,DCK01,29.055,29.055,above,,D01,DCK01
762J-770Y,D01,DCK01,29.055,29.055,above,,D01,DCK01
820N-861H,D01,DCK01,29.055,29.055,above,,D01,DCK01
820N-820R,D01,DCK01,29.055,29.055,above,,D01,DCK01
82AC-873L,D01,DCK01,29.055,29.055,above,,D01,DCK01
820V-870E,D01,DCK01,29.055,29.055,above,,D01,DCK01
820H-860A,D01,DCK01,29.055,29.055,above,,D01,DCK01
801T-833U,D01,DCK01,29.055,29.055,above,,D01,DCK01
803D-83AN,D01,DCK01,29.055,29.055,above,,D01,DCK01
803D-803H,D01,DCK01,29.055,29.055,above,,D01,DCK01
803O-851A,D01,DCK01,29.055,29.055,above,,D01,DCK01
803V-851E,D01,DCK01,29.055,29.055,above,,D01,DCK01
901O-931L,D01,DCK01,29.055,29.055,above,,D01,DCK01
901N-931G,D01,DCK01,29.055,29.055,above,,D01,DCK01
891F-913A,D01,DCK01,29.055,29.055,above,,D01,DCK01
892G-913H,D01,DCK01,29.055,29.055,above,,D01,DCK01
913A-950W,D01,DCK01,29.055,29.055,above,,D01,DCK01
913H-95AS,D01,DCK01,29.055,29.055,above,,D01,DCK01
931L-001F,D01,DCK01,29.055,29.055,above,,D01,DCK01
931G-000L,D01,DCK01,29.055,29.055,above,,D01,DCK01
782A-799R,D01,DCK01,29.055,29.055,above,,D01,DCK01
783C-803D,D01,DCK01,29.055,29.055,above,,D01,DCK01
783F-803O,D01,DCK01,29.055,29.055,above,,D01,DCK01
783P-803V,D01,DCK01,29.055,29.055,above,,D01,DCK01
796D-820N,D01,DCK01,29.055,29.055,above,,D01,DCK01
797A-820V,D01,DCK01,29.055,29.055,above,,D01,DCK01
7940-820H,D01,DCK01,29.055,29.055,above,,D01,DCK01
797J-799S,D01,DCK01,29.055,29.055,above,,D01,DCK01
799S-79AQ,D01,DCK01,29.055,29.055,above,,D01,DCK01
79AQ-82AC,D01,DCK01,29.055,29.055,above,,D01,DCK01
914K-914S,D01,DCK01,66.502,66.502,above,,D01,DCK01
893N-893R,D01,DCK01,66.502,66.502,above,,D01,DCK01
97AA-94AF,D01,DCK01,66.502,66.502,above,,D01,DCK01
980A-94AH,D01,DCK01,66.502,66.502,above,,D01,DCK01
992X-94AW,D01,DCK01,66.502,66.502,above,,D01,DCK01
7100-743F,D02,DCK02,29.055,29.055,above,,D02,DCK02
720B-74AN,D02,DCK02,29.055,29.055,above,,D02,DCK02
66AX-670G,D02,DCK02,46.55,46.55,above,,D02,DCK02
680G-680U,D02,DCK02,46.55,46.55,above,,D02,DCK02
67AK-680G,D02,DCK02,46.55,46.55,above,,D02,DCK02
670T-670X,D02,DCK02,46.55,46.55,above,,D02,DCK02
670O-670P,D02,DCK02,46.55,46.55,above,,D02,DCK02
68AF-68AL,D02,DCK02,46.55,46.55,above,,D02,DCK02
68AA-68AD,D02,DCK02,46.55,46.55,above,,D02,DCK02
743F-751L,D02,DCK02,29.055,29.055,above,,D02,DCK02
751L-783X,D02,DCK02,29.055,29.055,above,,D02,DCK02
74AN-760D,D02,DCK02,29.055,29.055,above,,D02,DCK02
760D-792H,D02,DCK02,29.055,29.055,above,,D02,DCK02
81AN-854Y,D02,DCK02,29.055,29.055,above,,D02,DCK02
803Z-852O,D02,DCK02,29.055,29.055,above,,D02,DCK02
783X-803Z,D02,DCK02,29.055,29.055,above,,D02,DCK02
792H-81AN,D02,DCK02,29.055,29.055,above,,D02,DCK02
68AD-68AF,D02,DCK02,46.55,46.55,above,,D02,DCK02
670X-670Z,D02,DCK02,46.55,46.55,above,,D02,DCK02
68AL-68AP,D02,DCK02,46.55,46.55,above,,D02,DCK02
680U-680X,D02,DCK02,46.55,46.55,above,,D02,DCK02
670L-670O,D02,DCK02,46.55,46.55,above,,D02,DCK02
68AP-690J,D02,DCK02,46.55,46.55,above,,D02,DCK02
670P-670T,D02,DCK02,46.55,46.55,above,,D02,DCK02
670G-670L,D02,DCK02,46.55,46.55,above,,D02,DCK02
680X-68AA,D02,DCK02,46.55,46.55,above,,D02,DCK02
670Z-67AK,D02,DCK02,46.55,46.55,above,,D02,DCK02
91AH-981K,D03,DCK03,29.055,29.055,above,,D03,DCK03
852V-853I,D03,DCK03,66.502,66.502,above,,D03,DCK03
74DT-74DU,D04,DCK04,29.055,29.055,above,,D04,DCK04
74FC-74FE,D04,DCK04,29.055,29.055,above,,D04,DCK04
77AJ-77AL,D04,DCK04,29.055,29.055,above,,D04,DCK04
799M-799O,D04,DCK04,29.055,29.055,above,,D04,DCK04
77AM-77AN,D04,DCK04,29.055,29.055,above,,D04,DCK04
77AR-77AS,D04,DCK04,29.055,29.055,above,,D04,DCK04
77AQ-77AR,D04,DCK04,29.055,29.055,above,,D04,DCK04
74DV-74DW,D04,DCK04,29.055,29.055,above,,D04,DCK04
74FF-74FG,D04,DCK04,29.055,29.055,above,,D04,DCK04
74DU-74DV,D04,DCK04,29.055,29.055,above,,D04,DCK04
74DU-74FE,D04,DCK04,29.055,29.055,above,,D04,DCK04
74FE-74FF,D04,DCK04,29.055,29.055,above,,D04,DCK04
799P-799Q,D04,DCK04,29.055,29.055,above,,D04,DCK04
77AL-77AM,D04,DCK04,29.055,29.055,above,,D04,DCK04
77AL-799O,D04,DCK04,29.055,29.055,above,,D04,DCK04
799O-799P,D04,DCK04,29.055,29.055,above,,D04,DCK04
74DZ-74EA,D04,DCK04,29.055,29.055,above,,D04,DCK04
74EA-74EB,D04,DCK04,29.055,29.055,above,,D04,DCK04
74FJ-74FK,D04,DCK04,29.055,29.055,above,,D04,DCK04
74FK-74FL,D04,DCK04,29.055,29.055,above,,D04,DCK04
74EB-74EC,D04,DCK04,29.055,29.055,above,,D04,DCK04
74EB-74FL,D04,DCK04,29.055,29.055,above,,D04,DCK04
74FL-74FN,D04,DCK04,29.055,29.055,above,,D04,DCK04
799U-799V,D04,DCK04,29.055,29.055,above,,D04,DCK04
799T-799U,D04,DCK04,29.055,29.055,above,,D04,DCK04
77AS-77AT,D04,DCK04,29.055,29.055,above,,D04,DCK04
77AS-799V,D04,DCK04,29.055,29.055,above,,D04,DCK04
799V-799X,D04,DCK04,29.055,29.055,above,,D04,DCK04
96AB-940N,D05,DCK05,34.555,34.555,above,,D05,DCK05
992W-941C,D05,DCK05,34.555,34.555,above,,D05,DCK05
833R-87CG,D05,DCK05,34.555,34.555,above,,D05,DCK05
851J-87BA,D05,DCK05,34.555,34.555,above,,D05,DCK05
85AH-87BD,D05,DCK05,34.555,34.555,above,,D05,DCK05
873O-880J,D05,DCK05,34.555,34.555,above,,D05,DCK05
920N-920K,D05,DCK05,34.555,34.555,above,,D05,DCK05
9200-920K,D05,DCK05,34.555,34.555,above,,D05,DCK05
9200-940S,D05,DCK05,34.555,34.555,above,,D05,DCK05
83AM-87CH,D05,DCK05,34.555,34.555,above,,D05,DCK05
87AE-880L,D05,DCK05,34.555,34.555,above,,D05,DCK05
833H-87CD,D05,DCK05,34.555,34.555,above,,D05,DCK05
840J-87CI,D05,DCK05,34.555,34.555,above,,D05,DCK05
871D-880I,D05,DCK05,34.555,34.555,above,,D05,DCK05
852E-87BB,D05,DCK05,34.555,34.555,above,,D05,DCK05
854Q-87BC,D05,DCK05,34.555,34.555,above,,D05,DCK05
861P-880F,D05,DCK05,34.555,34.555,above,,D05,DCK05
70AC-743D,D05,DCK05,46.55,46.55,above,,D05,DCK05
69AD-73AJ,D05,DCK05,46.55,46.55,above,,D05,DCK05
724L-74CD,D05,DCK05,46.55,46.55,above,,D05,DCK05
71AC-74AP,D05,DCK05,46.55,46.55,above,,D05,DCK05
941J-950Y,D05,DCK05,34.555,34.555,above,,D05,DCK05
941J-941O,D05,DCK05,34.555,34.555,above,,D05,DCK05
941J-941G,D05,DCK05,34.555,34.555,above,,D05,DCK05
941V-960V,D05,DCK05,34.555,34.555,above,,D05,DCK05
87CV-87CU,D05,DCK05,34.555,34.555,above,,D05,DCK05
880N-880L,D05,DCK05,34.555,34.555,above,,D05,DCK05
87CP-87CS,D05,DCK05,34.555,34.555,above,,D05,DCK05
87CP-903H,D05,DCK05,34.555,34.555,above,,D05,DCK05
87CI-903E,D05,DCK05,34.555,34.555,above,,D05,DCK05
87CI-87CL,D05,DCK05,34.555,34.555,above,,D05,DCK05
87CD-87CG,D05,DCK05,34.555,34.555,above,,D05,DCK05
87CD-87CC,D05,DCK05,34.555,34.555,above,,D05,DCK05
87CD-903B,D05,DCK05,34.555,34.555,above,,D05,DCK05
87CS-87CU,D05,DCK05,34.555,34.555,above,,D05,DCK05
87CA-87CC,D05,DCK05,34.555,34.555,above,,D05,DCK05
87CO-87CP,D05,DCK05,34.555,34.555,above,,D05,DCK05
87CO-903G,D05,DCK05,34.555,34.555,above,,D05,DCK05
87CG-87CH,D05,DCK05,34.555,34.555,above,,D05,DCK05
87CG-903C,D05,DCK05,34.555,34.555,above,,D05,DCK05
87CH-87CI,D05,DCK05,34.555,34.555,above,,D05,DCK05
87CH-903D,D05,DCK05,34.555,34.555,above,,D05,DCK05
941O-95AN,D05,DCK05,34.555,34.555,above,,D05,DCK05
941O-941U,D05,DCK05,34.555,34.555,above,,D05,DCK05
941U-960M,D05,DCK05,34.555,34.555,above,,D05,DCK05
941U-941V,D05,DCK05,34.555,34.555,above,,D05,DCK05
912E-93AF,D05,DCK05,34.555,34.555,above,,D05,DCK05
891E-903A,D05,DCK05,34.555,34.555,above,,D05,DCK05
941G-941E,D05,DCK05,34.555,34.555,above,,D05,DCK05
87CC-891E,D05,DCK05,34.555,34.555,above,,D05,DCK05
903E-904B,D05,DCK05,34.555,34.555,above,,D05,DCK05
903B-903C,D05,DCK05,34.555,34.555,above,,D05,DCK05
903B-903A,D05,DCK05,34.555,34.555,above,,D05,DCK05
903B-903X,D05,DCK05,34.555,34.555,above,,D05,DCK05
903C-903D,D05,DCK05,34.555,34.555,above,,D05,DCK05
903C-9040,D05,DCK05,34.555,34.555,above,,D05,DCK05
903D-903E,D05,DCK05,34.555,34.555,above,,D05,DCK05
903D-904A,D05,DCK05,34.555,34.555,above,,D05,DCK05
903A-903W,D05,DCK05,34.555,34.555,above,,D05,DCK05
904B-90BB,D05,DCK05,34.555,34.555,above,,D05,DCK05
903X-9040,D05,DCK05,34.555,34.555,above,,D05,DCK05
903X-903W,D05,DCK05,34.555,34.555,above,,D05,DCK05
903X-90AW,D05,DCK05,34.555,34.555,above,,D05,DCK05
9040-904A,D05,DCK05,34.555,34.555,above,,D05,DCK05
9040-90AY,D05,DCK05,34.555,34.555,above,,D05,DCK05
904A-904B,D05,DCK05,34.555,34.555,above,,D05,DCK05
904A-90BA,D05,DCK05,34.555,34.555,above,,D05,DCK05
903W-90AV,D05,DCK05,34.555,34.555,above,,D05,DCK05
90BB-93AL,D05,DCK05,34.555,34.555,above,,D05,DCK05
90AW-90AV,D05,DCK05,34.555,34.555,above,,D05,DCK05
90AW-90AX,D05,DCK05,34.555,34.555,above,,D05,DCK05
90AY-93AI,D05,DCK05,34.555,34.555,above,,D05,DCK05
90AY-90AZ,D05,DCK05,34.555,34.555,above,,D05,DCK05
90BA-90BB,D05,DCK05,34.555,34.555,above,,D05,DCK05
90AV-912E,D05,DCK05,34.555,34.555,above,,D05,DCK05
93AL-941V,D05,DCK05,34.555,34.555,above,,D05,DCK05
93AL-93AM,D05,DCK05,34.555,34.555,above,,D05,DCK05
93AG-941J,D05,DCK05,34.555,34.555,above,,D05,DCK05
93AG-93AF,D05,DCK05,34.555,34.555,above,,D05,DCK05
93AG-93AH,D05,DCK05,34.555,34.555,above,,D05,DCK05
93AI-941O,D05,DCK05,34.555,34.555,above,,D05,DCK05
93AI-93AJ,D05,DCK05,34.555,34.555,above,,D05,DCK05
93AK-941U,D05,DCK05,34.555,34.555,above,,D05,DCK05
93AK-93AL,D05,DCK05,34.555,34.555,above,,D05,DCK05
93AF-941G,D05,DCK05,34.555,34.555,above,,D05,DCK05
90AX-90AY,D05,DCK05,34.555,34.555,above,,D05,DCK05
90AX-93AH,D05,DCK05,34.555,34.555,above,,D05,DCK05
93AH-93AI,D05,DCK05,34.555,34.555,above,,D05,DCK05
90AZ-90BA,D05,DCK05,34.555,34.555,above,,D05,DCK05
90AZ-93AJ,D05,DCK05,34.555,34.555,above,,D05,DCK05
93AJ-93AK,D05,DCK05,34.555,34.555,above,,D05,DCK05
88AU-88AV,D05,DCK05,34.555,34.555,above,,D05,DCK05
87BB-87CP,D05,DCK05,34.555,34.555,above,,D05,DCK05
87AW-87AX,D05,DCK05,34.555,34.555,above,,D05,DCK05
87AX-851B,D05,DCK05,34.555,34.555,above,,D05,DCK05
87AX-87AY,D05,DCK05,34.555,34.555,above,,D05,DCK05
87BA-87CO,D05,DCK05,34.555,34.555,above,,D05,DCK05
87BA-87BB,D05,DCK05,34.555,34.555,above,,D05,DCK05
88BC-88BD,D05,DCK05,34.555,34.555,above,,D05,DCK05
903S-903T,D05,DCK05,34.555,34.555,above,,D05,DCK05
905G-905H,D05,DCK05,34.555,34.555,above,,D05,DCK05
910K-910L,D05,DCK05,34.555,34.555,above,,D05,DCK05
940M-940N,D05,DCK05,34.555,34.555,above,,D05,DCK05
940N-940O,D05,DCK05,34.555,34.555,above,,D05,DCK05
87CL-87CO,D05,DCK05,34.555,34.555,above,,D05,DCK05
87CL-87BI,D05,DCK05,34.555,34.555,above,,D05,DCK05
88AV-87CL,D05,DCK05,34.555,34.555,above,,D05,DCK05
87AY-87AZ,D05,DCK05,34.555,34.555,above,,D05,DCK05
88BD-88AV,D05,DCK05,34.555,34.555,above,,D05,DCK05
903T-903F,D05,DCK05,34.555,34.555,above,,D05,DCK05
905H-904C,D05,DCK05,34.555,34.555,above,,D05,DCK05
910L-90BC,D05,DCK05,34.555,34.555,above,,D05,DCK05
93AM-910L,D05,DCK05,34.555,34.555,above,,D05,DCK05
93AM-93AN,D05,DCK05,34.555,34.555,above,,D05,DCK05
940O-93AM,D05,DCK05,34.555,34.555,above,,D05,DCK05
940O-940P,D05,DCK05,34.555,34.555,above,,D05,DCK05
90BC-905H,D05,DCK05,34.555,34.555,above,,D05,DCK05
90BC-90BD,D05,DCK05,34.555,34.555,above,,D05,DCK05
90BD-90BE,D05,DCK05,34.555,34.555,above,,D05,DCK05
90BF-90BG,D05,DCK05,34.555,34.555,above,,D05,DCK05
904D-90BD,D05,DCK05,34.555,34.555,above,,D05,DCK05
904D-904E,D05,DCK05,34.555,34.555,above,,D05,DCK05
904C-903T,D05,DCK05,34.555,34.555,above,,D05,DCK05
904C-904D,D05,DCK05,34.555,34.555,above,,D05,DCK05
903F-88BD,D05,DCK05,34.555,34.555,above,,D05,DCK05
903F-903G,D05,DCK05,34.555,34.555,above,,D05,DCK05
903G-904D,D05,DCK05,34.555,34.555,above,,D05,DCK05
903G-903H,D05,DCK05,34.555,34.555,above,,D05,DCK05
903H-903I,D05,DCK05,34.555,34.555,above,,D05,DCK05
903H-904E,D05,DCK05,34.555,34.555,above,,D05,DCK05
93AN-940P,D05,DCK05,34.555,34.555,above,,D05,DCK05
93AN-93AO,D05,DCK05,34.555,34.555,above,,D05,DCK05
93AP-940Q,D05,DCK05,34.555,34.555,above,,D05,DCK05
93AP-93AQ,D05,DCK05,34.555,34.555,above,,D05,DCK05
940P-97AB,D05,DCK05,34.555,34.555,above,,D05,DCK05
940P-940Q,D05,DCK05,34.555,34.555,above,,D05,DCK05
940Q-980D,D05,DCK05,34.555,34.555,above,,D05,DCK05
940Q-940R,D05,DCK05,34.555,34.555,above,,D05,DCK05
87CM-87BJ,D05,DCK05,34.555,34.555,above,,D05,DCK05
87AZ-87BA,D05,DCK05,34.555,34.555,above,,D05,DCK05
87BI-87AY,D05,DCK05,34.555,34.555,above,,D05,DCK05
87BI-87BJ,D05,DCK05,34.555,34.555,above,,D05,DCK05
87BJ-87AZ,D05,DCK05,34.555,34.555,above,,D05,DCK05
90BE-90BF,D05,DCK05,34.555,34.555,above,,D05,DCK05
90BE-93AO,D05,DCK05,34.555,34.555,above,,D05,DCK05
93AO-93AP,D05,DCK05,34.555,34.555,above,,D05,DCK05
90BG-93AQ,D05,DCK05,34.555,34.555,above,,D05,DCK05
90BG-90BH,D05,DCK05,34.555,34.555,above,,D05,DCK05
93AQ-93AR,D05,DCK05,34.555,34.555,above,,D05,DCK05
87CR-903I,D05,DCK05,34.555,34.555,above,,D05,DCK05
90BH-91AC,D05,DCK05,34.555,34.555,above,,D05,DCK05
903I-904F,D05,DCK05,34.555,34.555,above,,D05,DCK05
93AR-940R,D05,DCK05,34.555,34.555,above,,D05,DCK05
940R-940S,D05,DCK05,34.555,34.555,above,,D05,DCK05
904F-905R,D05,DCK05,34.555,34.555,above,,D05,DCK05
904E-90BF,D05,DCK05,34.555,34.555,above,,D05,DCK05
904E-904F,D05,DCK05,34.555,34.555,above,,D05,DCK05
91AC-9200,D05,DCK05,34.555,34.555,above,,D05,DCK05
91AC-93AR,D05,DCK05,34.555,34.555,above,,D05,DCK05
905T-9200,D05,DCK05,34.555,34.555,above,,D05,DCK05
905R-90BH,D05,DCK05,34.555,34.555,above,,D05,DCK05
905R-905T,D05,DCK05,34.555,34.555,above,,D05,DCK05
940S-981D,D05,DCK05,34.555,34.555,above,,D05,DCK05
940S-940T,D05,DCK05,34.555,34.555,above,,D05,DCK05
94BP-001K,D05,DCK05,34.555,34.555,above,,D05,DCK05
94BP-94BN,D05,DCK05,34.555,34.555,above,,D05,DCK05
94BP-94BS,D05,DCK05,34.555,34.555,above,,D05,DCK05
94BA-99AK,D05,DCK05,34.555,34.555,above,,D05,DCK05
880A-87CV,D05,DCK05,34.555,34.555,above,,D05,DCK05
880A-903K,D05,DCK05,34.555,34.555,above,,D05,DCK05
880F-903N,D05,DCK05,34.555,34.555,above,,D05,DCK05
880F-880D,D05,DCK05,34.555,34.555,above,,D05,DCK05
880L-880J,D05,DCK05,34.555,34.555,above,,D05,DCK05
880L-880M,D05,DCK05,34.555,34.555,above,,D05,DCK05
880L-903Q,D05,DCK05,34.555,34.555,above,,D05,DCK05
880B-880A,D05,DCK05,34.555,34.555,above,,D05,DCK05
880B-903L,D05,DCK05,34.555,34.555,above,,D05,DCK05
880J-880I,D05,DCK05,34.555,34.555,above,,D05,DCK05
880J-903P,D05,DCK05,34.555,34.555,above,,D05,DCK05
880I-880F,D05,DCK05,34.555,34.555,above,,D05,DCK05
880I-903O,D05,DCK05,34.555,34.555,above,,D05,DCK05
94BN-000F,D05,DCK05,34.555,34.555,above,,D05,DCK05
94BN-94BJ,D05,DCK05,34.555,34.555,above,,D05,DCK05
94BJ-99AU,D05,DCK05,34.555,34.555,above,,D05,DCK05
94BJ-94BA,D05,DCK05,34.555,34.555,above,,D05,DCK05
931N-940J,D05,DCK05,34.555,34.555,above,,D05,DCK05
902D-931N,D05,DCK05,34.555,34.555,above,,D05,DCK05
94BS-94BU,D05,DCK05,34.555,34.555,above,,D05,DCK05
880M-902D,D05,DCK05,34.555,34.555,above,,D05,DCK05
903N-905B,D05,DCK05,34.555,34.555,above,,D05,DCK05
903Q-903P,D05,DCK05,34.555,34.555,above,,D05,DCK05
903Q-903R,D05,DCK05,34.555,34.555,above,,D05,DCK05
903Q-905E,D05,DCK05,34.555,34.555,above,,D05,DCK05
903P-903O,D05,DCK05,34.555,34.555,above,,D05,DCK05
903P-905D,D05,DCK05,34.555,34.555,above,,D05,DCK05
903O-903N,D05,DCK05,34.555,34.555,above,,D05,DCK05
903O-905C,D05,DCK05,34.555,34.555,above,,D05,DCK05
905B-910D,D05,DCK05,34.555,34.555,above,,D05,DCK05
905E-905D,D05,DCK05,34.555,34.555,above,,D05,DCK05
905E-905F,D05,DCK05,34.555,34.555,above,,D05,DCK05
905E-910I,D05,DCK05,34.555,34.555,above,,D05,DCK05
905D-905C,D05,DCK05,34.555,34.555,above,,D05,DCK05
905D-910G,D05,DCK05,34.555,34.555,above,,D05,DCK05
905C-905B,D05,DCK05,34.555,34.555,above,,D05,DCK05
905C-910E,D05,DCK05,34.555,34.555,above,,D05,DCK05
910D-940D,D05,DCK05,34.555,34.555,above,,D05,DCK05
910I-910G,D05,DCK05,34.555,34.555,above,,D05,DCK05
910I-910J,D05,DCK05,34.555,34.555,above,,D05,DCK05
910G-940G,D05,DCK05,34.555,34.555,above,,D05,DCK05
910G-910F,D05,DCK05,34.555,34.555,above,,D05,DCK05
910E-910D,D05,DCK05,34.555,34.555,above,,D05,DCK05
940D-94BA,D05,DCK05,34.555,34.555,above,,D05,DCK05
940D-940C,D05,DCK05,34.555,34.555,above,,D05,DCK05
940I-94BP,D05,DCK05,34.555,34.555,above,,D05,DCK05
940I-940J,D05,DCK05,34.555,34.555,above,,D05,DCK05
940I-940H,D05,DCK05,34.555,34.555,above,,D05,DCK05
940G-94BN,D05,DCK05,34.555,34.555,above,,D05,DCK05
940G-940F,D05,DCK05,34.555,34.555,above,,D05,DCK05
940E-94BJ,D05,DCK05,34.555,34.555,above,,D05,DCK05
940E-940D,D05,DCK05,34.555,34.555,above,,D05,DCK05
940J-94BS,D05,DCK05,34.555,34.555,above,,D05,DCK05
910H-940H,D05,DCK05,34.555,34.555,above,,D05,DCK05
940H-940G,D05,DCK05,34.555,34.555,above,,D05,DCK05
910F-910E,D05,DCK05,34.555,34.555,above,,D05,DCK05
910F-940F,D05,DCK05,34.555,34.555,above,,D05,DCK05
940F-940E,D05,DCK05,34.555,34.555,above,,D05,DCK05
88AX-88AW,D05,DCK05,34.555,34.555,above,,D05,DCK05
87BC-880A,D05,DCK05,34.555,34.555,above,,D05,DCK05
87BH-87BG,D05,DCK05,34.555,34.555,above,,D05,DCK05
87BG-8610,D05,DCK05,34.555,34.555,above,,D05,DCK05
87BG-87BF,D05,DCK05,34.555,34.555,above,,D05,DCK05
87BD-880B,D05,DCK05,34.555,34.555,above,,D05,DCK05
87BD-87BC,D05,DCK05,34.555,34.555,above,,D05,DCK05
88BF-88BE,D05,DCK05,34.555,34.555,above,,D05,DCK05
903V-903U,D05,DCK05,34.555,34.555,above,,D05,DCK05
905J-905I,D05,DCK05,34.555,34.555,above,,D05,DCK05
910N-910M,D05,DCK05,34.555,34.555,above,,D05,DCK05
941D-941C,D05,DCK05,34.555,34.555,above,,D05,DCK05
941C-941B,D05,DCK05,34.555,34.555,above,,D05,DCK05
880D-880B,D05,DCK05,34.555,34.555,above,,D05,DCK05
880D-87BL,D05,DCK05,34.555,34.555,above,,D05,DCK05
88AW-880D,D05,DCK05,34.555,34.555,above,,D05,DCK05
87BF-87BE,D05,DCK05,34.555,34.555,above,,D05,DCK05
88BE-88AW,D05,DCK05,34.555,34.555,above,,D05,DCK05
903U-903M,D05,DCK05,34.555,34.555,above,,D05,DCK05
905I-905A,D05,DCK05,34.555,34.555,above,,D05,DCK05
910M-910C,D05,DCK05,34.555,34.555,above,,D05,DCK05
940C-910M,D05,DCK05,34.555,34.555,above,,D05,DCK05
940C-940B,D05,DCK05,34.555,34.555,above,,D05,DCK05
941B-940C,D05,DCK05,34.555,34.555,above,,D05,DCK05
941B-941A,D05,DCK05,34.555,34.555,above,,D05,DCK05
910C-905I,D05,DCK05,34.555,34.555,above,,D05,DCK05
910C-910B,D05,DCK05,34.555,34.555,above,,D05,DCK05
910B-910A,D05,DCK05,34.555,34.555,above,,D05,DCK05
9101-9100,D05,DCK05,34.555,34.555,above,,D05,DCK05
9051-910B,D05,DCK05,34.555,34.555,above,,D05,DCK05
9051-9050,D05,DCK05,34.555,34.555,above,,D05,DCK05
905A-903U,D05,DCK05,34.555,34.555,above,,D05,DCK05
905A-9051,D05,DCK05,34.555,34.555,above,,D05,DCK05
903M-88BE,D05,DCK05,34.555,34.555,above,,D05,DCK05
903M-903L,D05,DCK05,34.555,34.555,above,,D05,DCK05
903L-9051,D05,DCK05,34.555,34.555,above,,D05,DCK05
903L-903K,D05,DCK05,34.555,34.555,above,,D05,DCK05
903K-903J,D05,DCK05,34.555,34.555,above,,D05,DCK05
903K-9050,D05,DCK05,34.555,34.555,above,,D05,DCK05
940B-941A,D05,DCK05,34.555,34.555,above,,D05,DCK05
940B-940A,D05,DCK05,34.555,34.555,above,,D05,DCK05
9400-9410,D05,DCK05,34.555,34.555,above,,D05,DCK05
9400-93AT,D05,DCK05,34.555,34.555,above,,D05,DCK05
941A-992J,D05,DCK05,34.555,34.555,above,,D05,DCK05
941A-9410,D05,DCK05,34.555,34.555,above,,D05,DCK05
9410-9900,D05,DCK05,34.555,34.555,above,,D05,DCK05
9410-940V,D05,DCK05,34.555,34.555,above,,D05,DCK05
880C-87BK,D05,DCK05,34.555,34.555,above,,D05,DCK05
87BE-87BD,D05,DCK05,34.555,34.555,above,,D05,DCK05
87BL-87BF,D05,DCK05,34.555,34.555,above,,D05,DCK05
87BL-87BK,D05,DCK05,34.555,34.555,above,,D05,DCK05
87BK-87BE,D05,DCK05,34.555,34.555,above,,D05,DCK05
910A-9101,D05,DCK05,34.555,34.555,above,,D05,DCK05
910A-940A,D05,DCK05,34.555,34.555,above,,D05,DCK05
940A-9400,D05,DCK05,34.555,34.555,above,,D05,DCK05
9100-93AT,D05,DCK05,34.555,34.555,above,,D05,DCK05
9100-90BI,D05,DCK05,34.555,34.555,above,,D05,DCK05
93AT-93AS,D05,DCK05,34.555,34.555,above,,D05,DCK05
87CX-903J,D05,DCK05,34.555,34.555,above,,D05,DCK05
90BI-93AS,D05,DCK05,34.555,34.555,above,,D05,DCK05
903J-904G,D05,DCK05,34.555,34.555,above,,D05,DCK05
93AS-940V,D05,DCK05,34.555,34.555,above,,D05,DCK05
940V-940U,D05,DCK05,34.555,34.555,above,,D05,DCK05
904G-90BI,D05,DCK05,34.555,34.555,above,,D05,DCK05
9050-9101,D05,DCK05,34.555,34.555,above,,D05,DCK05
9050-904G,D05,DCK05,34.555,34.555,above,,D05,DCK05
92AB-920N,D05,DCK05,34.555,34.555,above,,D05,DCK05
905W-905V,D05,DCK05,34.555,34.555,above,,D05,DCK05
940U-940T,D05,DCK05,34.555,34.555,above,,D05,DCK05
73AJ-74GM,D05,DCK05,46.55,46.55,above,,D05,DCK05
743D-751K,D05,DCK05,46.55,46.55,above,,D05,DCK05
74AP-760B,D05,DCK05,46.55,46.55,above,,D05,DCK05
74CD-763L,D05,DCK05,46.55,46.55,above,,D05,DCK05
74EE-74EF,D05,DCK05,46.55,46.55,above,,D05,DCK05
74EF-74EG,D05,DCK05,46.55,46.55,above,,D05,DCK05
74EF-74GP,D05,DCK05,46.55,46.55,above,,D05,DCK05
74EG-74EH,D05,DCK05,46.55,46.55,above,,D05,DCK05
74EG-750F,D05,DCK05,46.55,46.55,above,,D05,DCK05
74EH-74EI,D05,DCK05,46.55,46.55,above,,D05,DCK05
74EI-74EJ,D05,DCK05,46.55,46.55,above,,D05,DCK05
74EI-750L,D05,DCK05,46.55,46.55,above,,D05,DCK05
74EJ-74EK,D05,DCK05,46.55,46.55,above,,D05,DCK05
74EK-74EL,D05,DCK05,46.55,46.55,above,,D05,DCK05
74EK-751C,D05,DCK05,46.55,46.55,above,,D05,DCK05
74EM-74EN,D05,DCK05,46.55,46.55,above,,D05,DCK05
74EN-74EO,D05,DCK05,46.55,46.55,above,,D05,DCK05
74EN-760E,D05,DCK05,46.55,46.55,above,,D05,DCK05
74EO-74EP,D05,DCK05,46.55,46.55,above,,D05,DCK05
74EP-74EQ,D05,DCK05,46.55,46.55,above,,D05,DCK05
74EP-761K,D05,DCK05,46.55,46.55,above,,D05,DCK05
74EQ-74ER,D05,DCK05,46.55,46.55,above,,D05,DCK05
74ER-74ES,D05,DCK05,46.55,46.55,above,,D05,DCK05
74ER-762D,D05,DCK05,46.55,46.55,above,,D05,DCK05
74ES-74ET,D05,DCK05,46.55,46.55,above,,D05,DCK05
74ES-762I,D05,DCK05,46.55,46.55,above,,D05,DCK05
74GM-781C,D05,DCK05,46.55,46.55,above,,D05,DCK05
74GP-781D,D05,DCK05,46.55,46.55,above,,D05,DCK05
750F-782H,D05,DCK05,46.55,46.55,above,,D05,DCK05
750L-783H,D05,DCK05,46.55,46.55,above,,D05,DCK05
751C-783O,D05,DCK05,46.55,46.55,above,,D05,DCK05
751K-783U,D05,DCK05,46.55,46.55,above,,D05,DCK05
760B-793A,D05,DCK05,46.55,46.55,above,,D05,DCK05
760E-794C,D05,DCK05,46.55,46.55,above,,D05,DCK05
761K-796E,D05,DCK05,46.55,46.55,above,,D05,DCK05
762D-796I,D05,DCK05,46.55,46.55,above,,D05,DCK05
762I-797E,D05,DCK05,46.55,46.55,above,,D05,DCK05
763L-797N,D05,DCK05,46.55,46.55,above,,D05,DCK05
781C-801L,D05,DCK05,46.55,46.55,above,,D05,DCK05
781D-801X,D05,DCK05,46.55,46.55,above,,D05,DCK05
782H-803B,D05,DCK05,46.55,46.55,above,,D05,DCK05
783H-803M,D05,DCK05,46.55,46.55,above,,D05,DCK05
783O-803T,D05,DCK05,46.55,46.55,above,,D05,DCK05
783U-810B,D05,DCK05,46.55,46.55,above,,D05,DCK05
793A-81AL,D05,DCK05,46.55,46.55,above,,D05,DCK05
794C-820G,D05,DCK05,46.55,46.55,above,,D05,DCK05
796E-820I,D05,DCK05,46.55,46.55,above,,D05,DCK05
796I-820W,D05,DCK05,46.55,46.55,above,,D05,DCK05
797E-82AE,D05,DCK05,46.55,46.55,above,,D05,DCK05
797N-830E,D05,DCK05,46.55,46.55,above,,D05,DCK05
801L-8330,D05,DCK05,46.55,46.55,above,,D05,DCK05
801X-833V,D05,DCK05,46.55,46.55,above,,D05,DCK05
803B-83AP,D05,DCK05,46.55,46.55,above,,D05,DCK05
803B-803E,D05,DCK05,46.55,46.55,above,,D05,DCK05
803E-840O,D05,DCK05,46.55,46.55,above,,D05,DCK05
803E-803M,D05,DCK05,46.55,46.55,above,,D05,DCK05
803M-8500,D05,DCK05,46.55,46.55,above,,D05,DCK05
803T-8520,D05,DCK05,46.55,46.55,above,,D05,DCK05
810B-852F,D05,DCK05,46.55,46.55,above,,D05,DCK05
81AL-854T,D05,DCK05,46.55,46.55,above,,D05,DCK05
820G-85AE,D05,DCK05,46.55,46.55,above,,D05,DCK05
820I-860L,D05,DCK05,46.55,46.55,above,,D05,DCK05
820I-820P,D05,DCK05,46.55,46.55,above,,D05,DCK05
820P-861Q,D05,DCK05,46.55,46.55,above,,D05,DCK05
820P-820W,D05,DCK05,46.55,46.55,above,,D05,DCK05
820W-872B,D05,DCK05,46.55,46.55,above,,D05,DCK05
82AE-873H,D05,DCK05,46.55,46.55,above,,D05,DCK05
830E-873T,D05,DCK05,46.55,46.55,above,,D05,DCK05
912E-910O,D06,DCK06,34.555,34.555,above,,D06,DCK06
891E-891B,D06,DCK06,34.555,34.555,above,,D06,DCK06
931N-93AC,D06,DCK06,34.555,34.555,above,,D06,DCK06
902D-902M,D06,DCK06,34.555,34.555,above,,D06,DCK06
53CV-560B,D07,DCK07,59.055,59.055,above,,D07,DCK07
560C-56BS,D07,DCK07,66.502,66.502,above,,D07,DCK07
5610-56BX,D07,DCK07,66.502,66.502,above,,D07,DCK07
5630-56CE,D07,DCK07,66.502,66.502,above,,D07,DCK07
563G-570A,D07,DCK07,66.502,66.502,above,,D07,DCK07
592E-592M,D07,DCK07,59.055,59.055,above,,D07,DCK07
5640-570I,D07,DCK07,66.502,66.502,above,,D07,DCK07
550Z-567I,D07,DCK07,59.055,59.055,above,,D07,DCK07
567M-55BD,D07,DCK07,66.502,66.502,above,,D07,DCK07
567F-572P,D07,DCK07,66.502,66.502,above,,D07,DCK07
540C-56BW,D07,DCK07,59.055,59.055,above,,D07,DCK07
5660-571R,D07,DCK07,66.502,66.502,above,,D07,DCK07
55AE-567P,D07,DCK07,59.055,59.055,above,,D07,DCK07
580L-580O,D07,DCK07,59.055,59.055,above,,D07,DCK07
550F-566D,D07,DCK07,59.055,59.055,above,,D07,DCK07
590L-592E,D07,DCK07,59.055,59.055,above,,D07,DCK07
540J-563D,D07,DCK07,59.055,59.055,above,,D07,DCK07
541C-563H,D07,DCK07,59.055,59.055,above,,D07,DCK07
541H-563K,D07,DCK07,59.055,59.055,above,,D07,DCK07
54AD-565X,D07,DCK07,59.055,59.055,above,,D07,DCK07
550N-567C,D07,DCK07,59.055,59.055,above,,D07,DCK07
566C-572E,D07,DCK07,66.502,66.502,above,,D07,DCK07
567A-572H,D07,DCK07,66.502,66.502,above,,D07,DCK07
580O-580X,D07,DCK07,59.055,59.055,above,,D07,DCK07
570A-58AI,D07,DCK07,66.502,66.502,above,,D07,DCK07
56BS-580P,D07,DCK07,66.502,66.502,above,,D07,DCK07
580X-58AB,D07,DCK07,59.055,59.055,above,,D07,DCK07
56BX-580V,D07,DCK07,66.502,66.502,above,,D07,DCK07
570I-590E,D07,DCK07,66.502,66.502,above,,D07,DCK07
58AB-58AM,D07,DCK07,59.055,59.055,above,,D07,DCK07
56CE-58AF,D07,DCK07,66.502,66.502,above,,D07,DCK07
572U-56AI,D07,DCK07,66.502,66.502,above,,D07,DCK07
58AM-590D,D07,DCK07,59.055,59.055,above,,D07,DCK07
572P-594C,D07,DCK07,66.502,66.502,above,,D07,DCK07
571R-592O,D07,DCK07,66.502,66.502,above,,D07,DCK07
590D-590L,D07,DCK07,59.055,59.055,above,,D07,DCK07
592M-592Q,D07,DCK07,59.055,59.055,above,,D07,DCK07
565X-5720,D07,DCK07,59.055,59.055,above,,D07,DCK07
5720-592M,D07,DCK07,59.055,59.055,above,,D07,DCK07
592Q-592Z,D07,DCK07,59.055,59.055,above,,D07,DCK07
566D-572F,D07,DCK07,59.055,59.055,above,,D07,DCK07
572F-592Q,D07,DCK07,59.055,59.055,above,,D07,DCK07
592Z-594D,D07,DCK07,59.055,59.055,above,,D07,DCK07
567C-572L,D07,DCK07,59.055,59.055,above,,D07,DCK07
572L-592Z,D07,DCK07,59.055,59.055,above,,D07,DCK07
594D-594J,D07,DCK07,59.055,59.055,above,,D07,DCK07
567I-572R,D07,DCK07,59.055,59.055,above,,D07,DCK07
572R-594D,D07,DCK07,59.055,59.055,above,,D07,DCK07
594J-594T,D07,DCK07,59.055,59.055,above,,D07,DCK07
567P-5730,D07,DCK07,59.055,59.055,above,,D07,DCK07
5730-594J,D07,DCK07,59.055,59.055,above,,D07,DCK07
560B-56BQ,D07,DCK07,59.055,59.055,above,,D07,DCK07
56BQ-580O,D07,DCK07,59.055,59.055,above,,D07,DCK07
56BW-580X,D07,DCK07,59.055,59.055,above,,D07,DCK07
56CB-58AB,D07,DCK07,59.055,59.055,above,,D07,DCK07
5700-58AM,D07,DCK07,59.055,59.055,above,,D07,DCK07
570G-590D,D07,DCK07,59.055,59.055,above,,D07,DCK07
563D-56CB,D07,DCK07,59.055,59.055,above,,D07,DCK07
563H-5700,D07,DCK07,59.055,59.055,above,,D07,DCK07
563K-570G,D07,DCK07,59.055,59.055,above,,D07,DCK07
572E-592P,D07,DCK07,66.502,66.502,above,,D07,DCK07
572H-592W,D07,DCK07,66.502,66.502,above,,D07,DCK07
594L-572U,D07,DCK07,66.502,66.502,above,,D07,DCK07
501O-514A,D07,DCK07,46.55,46.55,above,,D07,DCK07
503F-514B,D07,DCK07,46.55,46.55,above,,D07,DCK07
5100-514F,D07,DCK07,46.55,46.55,above,,D07,DCK07
510S-514G,D07,DCK07,46.55,46.55,above,,D07,DCK07
530T-5500,D07,DCK07,46.55,46.55,above,,D07,DCK07
501A-5141,D07,DCK07,46.55,46.55,above,,D07,DCK07
504H-514D,D07,DCK07,46.55,46.55,above,,D07,DCK07
50BC-530T,D07,DCK07,46.55,46.55,above,,D07,DCK07
50BJ-514E,D07,DCK07,46.55,46.55,above,,D07,DCK07
511I-514H,D07,DCK07,46.55,46.55,above,,D07,DCK07
5141-514A,D07,DCK07,46.55,46.55,above,,D07,DCK07
5141-516G,D07,DCK07,46.55,46.55,above,,D07,DCK07
514A-514B,D07,DCK07,46.55,46.55,above,,D07,DCK07
514A-516H,D07,DCK07,46.55,46.55,above,,D07,DCK07
514B-516I,D07,DCK07,46.55,46.55,above,,D07,DCK07
514B-514C,D07,DCK07,46.55,46.55,above,,D07,DCK07
514D-516K,D07,DCK07,46.55,46.55,above,,D07,DCK07
516G-51AM,D07,DCK07,46.55,46.55,above,,D07,DCK07
516G-516H,D07,DCK07,46.55,46.55,above,,D07,DCK07
516H-51AP,D07,DCK07,46.55,46.55,above,,D07,DCK07
516H-516I,D07,DCK07,46.55,46.55,above,,D07,DCK07
516I-520G,D07,DCK07,46.55,46.55,above,,D07,DCK07
516I-516J,D07,DCK07,46.55,46.55,above,,D07,DCK07
516K-520R,D07,DCK07,46.55,46.55,above,,D07,DCK07
520N-540P,D07,DCK07,46.55,46.55,above,,D07,DCK07
504F-514C,D07,DCK07,46.55,46.55,above,,D07,DCK07
514C-514D,D07,DCK07,46.55,46.55,above,,D07,DCK07
514C-516J,D07,DCK07,46.55,46.55,above,,D07,DCK07
516J-516K,D07,DCK07,46.55,46.55,above,,D07,DCK07
516J-520N,D07,DCK07,46.55,46.55,above,,D07,DCK07
514H-514G,D07,DCK07,46.55,46.55,above,,D07,DCK07
514H-516O,D07,DCK07,46.55,46.55,above,,D07,DCK07
514G-514F,D07,DCK07,46.55,46.55,above,,D07,DCK07
514G-516N,D07,DCK07,46.55,46.55,above,,D07,DCK07
514F-514E,D07,DCK07,46.55,46.55,above,,D07,DCK07
514F-516M,D07,DCK07,46.55,46.55,above,,D07,DCK07
514E-516L,D07,DCK07,46.55,46.55,above,,D07,DCK07
516O-53BF,D07,DCK07,46.55,46.55,above,,D07,DCK07
516O-516N,D07,DCK07,46.55,46.55,above,,D07,DCK07
516N-53AV,D07,DCK07,46.55,46.55,above,,D07,DCK07
516N-516M,D07,DCK07,46.55,46.55,above,,D07,DCK07
516M-53AM,D07,DCK07,46.55,46.55,above,,D07,DCK07
516M-516L,D07,DCK07,46.55,46.55,above,,D07,DCK07
516L-530V,D07,DCK07,46.55,46.55,above,,D07,DCK07
50BE-530U,D07,DCK07,46.55,46.55,above,,D07,DCK07
55AZ-567F,D07,DCK07,66.502,66.502,above,,D07,DCK07
55BD-55AD,D07,DCK07,66.502,66.502,above,,D07,DCK07
56AI-567M,D07,DCK07,66.502,66.502,above,,D07,DCK07
53CY-560C,D07,DCK07,66.502,66.502,above,,D07,DCK07
540A-5610,D07,DCK07,66.502,66.502,above,,D07,DCK07
540O-5630,D07,DCK07,66.502,66.502,above,,D07,DCK07
541A-563G,D07,DCK07,66.502,66.502,above,,D07,DCK07
541K-5640,D07,DCK07,66.502,66.502,above,,D07,DCK07
550B-5660,D07,DCK07,66.502,66.502,above,,D07,DCK07
550G-566C,D07,DCK07,66.502,66.502,above,,D07,DCK07
550P-567A,D07,DCK07,66.502,66.502,above,,D07,DCK07
550Y-55AZ,D07,DCK07,66.502,66.502,above,,D07,DCK07
53CR-53CX,D08,DCK08,46.55,46.55,above,,D08,DCK08
55BS-5600,D08,DCK08,46.55,46.55,above,,D08,DCK08
565H-565W,D08,DCK08,46.55,46.55,above,,D08,DCK08
541W-5500,D08,DCK08,46.55,46.55,above,,D08,DCK08
564B-565H,D08,DCK08,46.55,46.55,above,,D08,DCK08
541M-541W,D08,DCK08,46.55,46.55,above,,D08,DCK08
540P-540Q,D08,DCK08,46.55,46.55,above,,D08,DCK08
550D-5500,D08,DCK08,46.55,46.55,above,,D08,DCK08
5600-561A,D08,DCK08,46.55,46.55,above,,D08,DCK08
561A-563C,D08,DCK08,46.55,46.55,above,,D08,DCK08
563C-563F,D08,DCK08,46.55,46.55,above,,D08,DCK08
563F-564A,D08,DCK08,46.55,46.55,above,,D08,DCK08
564A-564B,D08,DCK08,46.55,46.55,above,,D08,DCK08
566F-565W,D08,DCK08,46.55,46.55,above,,D08,DCK08
5670-566F,D08,DCK08,46.55,46.55,above,,D08,DCK08
567G-5670,D08,DCK08,46.55,46.55,above,,D08,DCK08
567O-56AB,D08,DCK08,46.55,46.55,above,,D08,DCK08
567O-567G,D08,DCK08,46.55,46.55,above,,D08,DCK08
53CX-540G,D08,DCK08,46.55,46.55,above,,D08,DCK08
540G-561A,D08,DCK08,46.55,46.55,above,,D08,DCK08
540G-540L,D08,DCK08,46.55,46.55,above,,D08,DCK08
540L-540P,D08,DCK08,46.55,46.55,above,,D08,DCK08
540L-563C,D08,DCK08,46.55,46.55,above,,D08,DCK08
540Q-563F,D08,DCK08,46.55,46.55,above,,D08,DCK08
540Q-541J,D08,DCK08,46.55,46.55,above,,D08,DCK08
541J-541M,D08,DCK08,46.55,46.55,above,,D08,DCK08
550K-550D,D08,DCK08,46.55,46.55,above,,D08,DCK08
550K-566F,D08,DCK08,46.55,46.55,above,,D08,DCK08
550R-5670,D08,DCK08,46.55,46.55,above,,D08,DCK08
550R-550K,D08,DCK08,46.55,46.55,above,,D08,DCK08
550W-567G,D08,DCK08,46.55,46.55,above,,D08,DCK08
550W-550R,D08,DCK08,46.55,46.55,above,,D08,DCK08
55AG-55AO,D08,DCK08,46.55,46.55,above,,D08,DCK08
55AG-550W,D08,DCK08,46.55,46.55,above,,D08,DCK08
723D-74BS,D09,DCK09,46.55,46.55,above,,D09,DCK09
703Q-742E,D09,DCK09,46.55,46.55,above,,D09,DCK09
724H-74BY,D09,DCK09,46.55,46.55,above,,D09,DCK09
701W-740I,D09,DCK09,46.55,46.55,above,,D09,DCK09
721C-74AY,D09,DCK09,46.55,46.55,above,,D09,DCK09
721Q-74BE,D09,DCK09,46.55,46.55,above,,D09,DCK09
701H-740E,D09,DCK09,46.55,46.55,above,,D09,DCK09
702G-741P,D09,DCK09,46.55,46.55,above,,D09,DCK09
70AC-670Z,D09,DCK09,46.55,46.55,above,,D09,DCK09
571F-571Q,D09,DCK09,46.55,46.55,above,,D09,DCK09
65DH-660A,D09,DCK09,46.55,46.55,above,,D09,DCK09
641B-641F,D09,DCK09,46.55,46.55,above,,D09,DCK09
62CY-62DD,D09,DCK09,46.55,46.55,above,,D09,DCK09
610E-610U,D09,DCK09,46.55,46.55,above,,D09,DCK09
580A-580M,D09,DCK09,46.55,46.55,above,,D09,DCK09
56BK-56BP,D09,DCK09,46.55,46.55,above,,D09,DCK09
65CG-65CE,D09,DCK09,46.55,46.55,above,,D09,DCK09
65BI-65BN,D09,DCK09,46.55,46.55,above,,D09,DCK09
630U-630Y,D09,DCK09,46.55,46.55,above,,D09,DCK09
59AM-59AN,D09,DCK09,46.55,46.55,above,,D09,DCK09
63AZ-63BC,D09,DCK09,46.55,46.55,above,,D09,DCK09
663J-664A,D09,DCK09,46.55,46.55,above,,D09,DCK09
650F-650O,D09,DCK09,46.55,46.55,above,,D09,DCK09
62FF-62FM,D09,DCK09,46.55,46.55,above,,D09,DCK09
592C-592N,D09,DCK09,46.55,46.55,above,,D09,DCK09
622C-622I,D09,DCK09,46.55,46.55,above,,D09,DCK09
600J-600L,D09,DCK09,46.55,46.55,above,,D09,DCK09
703J-7420,D09,DCK09,46.55,46.55,above,,D09,DCK09
661C-670T,D09,DCK09,46.55,46.55,above,,D09,DCK09
670T-703J,D09,DCK09,46.55,46.55,above,,D09,DCK09
660G-670O,D09,DCK09,46.55,46.55,above,,D09,DCK09
670O-701Y,D09,DCK09,46.55,46.55,above,,D09,DCK09
665F-68AF,D09,DCK09,46.55,46.55,above,,D09,DCK09
68AF-722C,D09,DCK09,46.55,46.55,above,,D09,DCK09
721G-74BB,D09,DCK09,46.55,46.55,above,,D09,DCK09
6650-68AA,D09,DCK09,46.55,46.55,above,,D09,DCK09
68AA-721G,D09,DCK09,46.55,46.55,above,,D09,DCK09
600V-600W,D09,DCK09,46.55,46.55,above,,D09,DCK09
600T-600V,D09,DCK09,46.55,46.55,above,,D09,DCK09
600D-600E,D09,DCK09,46.55,46.55,above,,D09,DCK09
600E-600H,D09,DCK09,46.55,46.55,above,,D09,DCK09
59AP-600B,D09,DCK09,46.55,46.55,above,,D09,DCK09
600L-600M,D09,DCK09,46.55,46.55,above,,D09,DCK09
600B-600D,D09,DCK09,46.55,46.55,above,,D09,DCK09
59AN-59AP,D09,DCK09,46.55,46.55,above,,D09,DCK09
600N-600T,D09,DCK09,46.55,46.55,above,,D09,DCK09
600M-600N,D09,DCK09,46.55,46.55,above,,D09,DCK09
63AK-63AM,D09,DCK09,46.55,46.55,above,,D09,DCK09
63BC-63BD,D09,DCK09,46.55,46.55,above,,D09,DCK09
63BQ-6400,D09,DCK09,46.55,46.55,above,,D09,DCK09
63AB-63AF,D09,DCK09,46.55,46.55,above,,D09,DCK09
63BG-63BN,D09,DCK09,46.55,46.55,above,,D09,DCK09
63BN-63BQ,D09,DCK09,46.55,46.55,above,,D09,DCK09
63AF-63AK,D09,DCK09,46.55,46.55,above,,D09,DCK09
630Y-63AB,D09,DCK09,46.55,46.55,above,,D09,DCK09
63BD-63BG,D09,DCK09,46.55,46.55,above,,D09,DCK09
63AM-63AP,D09,DCK09,46.55,46.55,above,,D09,DCK09
65BP-65BQ,D09,DCK09,46.55,46.55,above,,D09,DCK09
65CA-65BY,D09,DCK09,46.55,46.55,above,,D09,DCK09
65CC-65CB,D09,DCK09,46.55,46.55,above,,D09,DCK09
65BQ-65BR,D09,DCK09,46.55,46.55,above,,D09,DCK09
65CD-65CC,D09,DCK09,46.55,46.55,above,,D09,DCK09
65BO-65BP,D09,DCK09,46.55,46.55,above,,D09,DCK09
65CE-65CD,D09,DCK09,46.55,46.55,above,,D09,DCK09
65BN-65BO,D09,DCK09,46.55,46.55,above,,D09,DCK09
65CB-65CA,D09,DCK09,46.55,46.55,above,,D09,DCK09
65BR-65BS,D09,DCK09,46.55,46.55,above,,D09,DCK09
701Y-741G,D09,DCK09,46.55,46.55,above,,D09,DCK09
722C-74BK,D09,DCK09,46.55,46.55,above,,D09,DCK09
740E-74DG,D09,DCK09,46.55,46.55,above,,D09,DCK09
740I-74DH,D09,DCK09,46.55,46.55,above,,D09,DCK09
741G-74DI,D09,DCK09,46.55,46.55,above,,D09,DCK09
741P-74DJ,D09,DCK09,46.55,46.55,above,,D09,DCK09
7420-74DK,D09,DCK09,46.55,46.55,above,,D09,DCK09
742E-74DL,D09,DCK09,46.55,46.55,above,,D09,DCK09
74AY-74DM,D09,DCK09,46.55,46.55,above,,D09,DCK09
74BB-74DN,D09,DCK09,46.55,46.55,above,,D09,DCK09
74BE-74DO,D09,DCK09,46.55,46.55,above,,D09,DCK09
74BK-74DP,D09,DCK09,46.55,46.55,above,,D09,DCK09
74BS-74DQ,D09,DCK09,46.55,46.55,above,,D09,DCK09
74BY-74DR,D09,DCK09,46.55,46.55,above,,D09,DCK09
570E-570S,D09,DCK09,46.55,46.55,above,,D09,DCK09
572O-572T,D09,DCK09,46.55,46.55,above,,D09,DCK09
56CA-570D,D09,DCK09,46.55,46.55,above,,D09,DCK09
572J-572O,D09,DCK09,46.55,46.55,above,,D09,DCK09
56BP-56BU,D09,DCK09,46.55,46.55,above,,D09,DCK09
572T-573P,D09,DCK09,46.55,46.55,above,,D09,DCK09
570D-570E,D09,DCK09,46.55,46.55,above,,D09,DCK09
572G-572J,D09,DCK09,46.55,46.55,above,,D09,DCK09
56BU-56CA,D09,DCK09,46.55,46.55,above,,D09,DCK09
571Q-572G,D09,DCK09,46.55,46.55,above,,D09,DCK09
590A-591G,D09,DCK09,46.55,46.55,above,,D09,DCK09
594F-594H,D09,DCK09,46.55,46.55,above,,D09,DCK09
58AG-58AK,D09,DCK09,46.55,46.55,above,,D09,DCK09
5930-594F,D09,DCK09,46.55,46.55,above,,D09,DCK09
580M-580W,D09,DCK09,46.55,46.55,above,,D09,DCK09
594H-59AA,D09,DCK09,46.55,46.55,above,,D09,DCK09
58AK-590A,D09,DCK09,46.55,46.55,above,,D09,DCK09
592T-5930,D09,DCK09,46.55,46.55,above,,D09,DCK09
580W-58AG,D09,DCK09,46.55,46.55,above,,D09,DCK09
592N-592T,D09,DCK09,46.55,46.55,above,,D09,DCK09
61AI-61AM,D09,DCK09,46.55,46.55,above,,D09,DCK09
622W-62AA,D09,DCK09,46.55,46.55,above,,D09,DCK09
61AM-61BB,D09,DCK09,46.55,46.55,above,,D09,DCK09
62AA-62AM,D09,DCK09,46.55,46.55,above,,D09,DCK09
61AA-61AE,D09,DCK09,46.55,46.55,above,,D09,DCK09
622I-622N,D09,DCK09,46.55,46.55,above,,D09,DCK09
61AE-61AI,D09,DCK09,46.55,46.55,above,,D09,DCK09
610U-61AA,D09,DCK09,46.55,46.55,above,,D09,DCK09
622Q-622W,D09,DCK09,46.55,46.55,above,,D09,DCK09
622N-622Q,D09,DCK09,46.55,46.55,above,,D09,DCK09
62DT-62DV,D09,DCK09,46.55,46.55,above,,D09,DCK09
62GA-62GD,D09,DCK09,46.55,46.55,above,,D09,DCK09
62GD-62GP,D09,DCK09,46.55,46.55,above,,D09,DCK09
62DI-62DP,D09,DCK09,46.55,46.55,above,,D09,DCK09
62FM-62FR,D09,DCK09,46.55,46.55,above,,D09,DCK09
62DP-62DT,D09,DCK09,46.55,46.55,above,,D09,DCK09
62DD-62DI,D09,DCK09,46.55,46.55,above,,D09,DCK09
62FT-62GA,D09,DCK09,46.55,46.55,above,,D09,DCK09
62FR-62FT,D09,DCK09,46.55,46.55,above,,D09,DCK09
62DV-62EE,D09,DCK09,46.55,46.55,above,,D09,DCK09
650X-65AC,D09,DCK09,46.55,46.55,above,,D09,DCK09
641S-641V,D09,DCK09,46.55,46.55,above,,D09,DCK09
65AC-65AI,D09,DCK09,46.55,46.55,above,,D09,DCK09
641I-641N,D09,DCK09,46.55,46.55,above,,D09,DCK09
65AI-65AM,D09,DCK09,46.55,46.55,above,,D09,DCK09
650O-650S,D09,DCK09,46.55,46.55,above,,D09,DCK09
641N-641S,D09,DCK09,46.55,46.55,above,,D09,DCK09
641F-641I,D09,DCK09,46.55,46.55,above,,D09,DCK09
650S-650X,D09,DCK09,46.55,46.55,above,,D09,DCK09
641V-64AG,D09,DCK09,46.55,46.55,above,,D09,DCK09
665B-666C,D09,DCK09,46.55,46.55,above,,D09,DCK09
665B-68AD,D09,DCK09,46.55,46.55,above,,D09,DCK09
661E-662A,D09,DCK09,46.55,46.55,above,,D09,DCK09
661E-670X,D09,DCK09,46.55,46.55,above,,D09,DCK09
666C-666E,D09,DCK09,46.55,46.55,above,,D09,DCK09
666C-68AL,D09,DCK09,46.55,46.55,above,,D09,DCK09
660B-661B,D09,DCK09,46.55,46.55,above,,D09,DCK09
660B-670L,D09,DCK09,46.55,46.55,above,,D09,DCK09
666E-667B,D09,DCK09,46.55,46.55,above,,D09,DCK09
666E-68AP,D09,DCK09,46.55,46.55,above,,D09,DCK09
664A-664C,D09,DCK09,46.55,46.55,above,,D09,DCK09
664A-680U,D09,DCK09,46.55,46.55,above,,D09,DCK09
661B-661E,D09,DCK09,46.55,46.55,above,,D09,DCK09
661B-670P,D09,DCK09,46.55,46.55,above,,D09,DCK09
660A-660B,D09,DCK09,46.55,46.55,above,,D09,DCK09
660A-670G,D09,DCK09,46.55,46.55,above,,D09,DCK09
664C-665B,D09,DCK09,46.55,46.55,above,,D09,DCK09
664C-680X,D09,DCK09,46.55,46.55,above,,D09,DCK09
662A-662H,D09,DCK09,46.55,46.55,above,,D09,DCK09
68AD-721Q,D09,DCK09,46.55,46.55,above,,D09,DCK09
670X-703Q,D09,DCK09,46.55,46.55,above,,D09,DCK09
68AL-723D,D09,DCK09,46.55,46.55,above,,D09,DCK09
680U-71AC,D09,DCK09,46.55,46.55,above,,D09,DCK09
670L-701W,D09,DCK09,46.55,46.55,above,,D09,DCK09
68AP-724H,D09,DCK09,46.55,46.55,above,,D09,DCK09
670P-702G,D09,DCK09,46.55,46.55,above,,D09,DCK09
670G-701H,D09,DCK09,46.55,46.55,above,,D09,DCK09
680X-721C,D09,DCK09,46.55,46.55,above,,D09,DCK09
670Z-662A,D09,DCK09,46.55,46.55,above,,D09,DCK09
570S-571F,D10,DCK10,46.55,46.55,above,,D10,DCK10
65BY-65BS,D10,DCK10,46.55,46.55,above,,D10,DCK10
63AP-63AZ,D10,DCK10,46.55,46.55,above,,D10,DCK10
662H-663J,D10,DCK10,46.55,46.55,above,,D10,DCK10
64AG-650F,D10,DCK10,46.55,46.55,above,,D10,DCK10
62EE-62FF,D10,DCK10,46.55,46.55,above,,D10,DCK10
61BB-622C,D10,DCK10,46.55,46.55,above,,D10,DCK10
600H-600J,D10,DCK10,46.55,46.55,above,,D10,DCK10
591G-592C,D10,DCK10,46.55,46.55,above,,D10,DCK10
92AE-94AO,D11,DCK11,46.55,46.55,above,,D11,DCK11
905X-90AN,D11,DCK11,46.55,46.55,above,,D11,DCK11
900J-905X,D11,DCK11,46.55,46.55,above,,D11,DCK11
8800-900J,D11,DCK11,46.55,46.55,above,,D11,DCK11
94AO-94AQ,D11,DCK11,46.55,46.55,above,,D11,DCK11
94AO-9910,D11,DCK11,46.55,46.55,above,,D11,DCK11
87BU-8800,D11,DCK11,46.55,46.55,above,,D11,DCK11
87BU-87BV,D11,DCK11,46.55,46.55,above,,D11,DCK11
90AN-92AE,D11,DCK11,46.55,46.55,above,,D11,DCK11
90AN-90AO,D11,DCK11,46.55,46.55,above,,D11,DCK11
92AG-94AQ,D11,DCK11,46.55,46.55,above,,D11,DCK11
94AQ-94AS,D11,DCK11,46.55,46.55,above,,D11,DCK11
90AO-92AG,D11,DCK11,46.55,46.55,above,,D11,DCK11
90AO-90AP,D11,DCK11,46.55,46.55,above,,D11,DCK11
87BV-87BW,D11,DCK11,46.55,46.55,above,,D11,DCK11
87BV-85AE,D11,DCK11,46.55,46.55,above,,D11,DCK11
94AS-94AT,D11,DCK11,46.55,46.55,above,,D11,DCK11
94AS-992G,D11,DCK11,46.55,46.55,above,,D11,DCK11
92AK-90AP,D11,DCK11,46.55,46.55,above,,D11,DCK11
94AT-92AK,D11,DCK11,46.55,46.55,above,,D11,DCK11
94AT-94AX,D11,DCK11,46.55,46.55,above,,D11,DCK11
90AP-90AQ,D11,DCK11,46.55,46.55,above,,D11,DCK11
92AL-94AX,D11,DCK11,46.55,46.55,above,,D11,DCK11
905Y-90AQ,D11,DCK11,46.55,46.55,above,,D11,DCK11
905Y-905Z,D11,DCK11,46.55,46.55,above,,D11,DCK11
900S-905Y,D11,DCK11,46.55,46.55,above,,D11,DCK11
880E-900S,D11,DCK11,46.55,46.55,above,,D11,DCK11
880E-880G,D11,DCK11,46.55,46.55,above,,D11,DCK11
94AX-94BD,D11,DCK11,46.55,46.55,above,,D11,DCK11
94AX-99AC,D11,DCK11,46.55,46.55,above,,D11,DCK11
87BW-880E,D11,DCK11,46.55,46.55,above,,D11,DCK11
90AQ-92AL,D11,DCK11,46.55,46.55,above,,D11,DCK11
905Z-90AA,D11,DCK11,46.55,46.55,above,,D11,DCK11
905Z-930B,D11,DCK11,46.55,46.55,above,,D11,DCK11
880G-880H,D11,DCK11,46.55,46.55,above,,D11,DCK11
880G-901D,D11,DCK11,46.55,46.55,above,,D11,DCK11
94BD-94BI,D11,DCK11,46.55,46.55,above,,D11,DCK11
94BD-99AM,D11,DCK11,46.55,46.55,above,,D11,DCK11
9310-94BI,D11,DCK11,46.55,46.55,above,,D11,DCK11
901G-90AA,D11,DCK11,46.55,46.55,above,,D11,DCK11
90AA-90AR,D11,DCK11,46.55,46.55,above,,D11,DCK11
880H-901G,D11,DCK11,46.55,46.55,above,,D11,DCK11
94BI-94BK,D11,DCK11,46.55,46.55,above,,D11,DCK11
94BI-99BI,D11,DCK11,46.55,46.55,above,,D11,DCK11
87BX-880H,D11,DCK11,46.55,46.55,above,,D11,DCK11
87BX-87BY,D11,DCK11,46.55,46.55,above,,D11,DCK11
90AR-9310,D11,DCK11,46.55,46.55,above,,D11,DCK11
90AR-90AS,D11,DCK11,46.55,46.55,above,,D11,DCK11
931C-94BK,D11,DCK11,46.55,46.55,above,,D11,DCK11
94BK-94BM,D11,DCK11,46.55,46.55,above,,D11,DCK11
90AS-931C,D11,DCK11,46.55,46.55,above,,D11,DCK11
90AS-90AT,D11,DCK11,46.55,46.55,above,,D11,DCK11
94BM-94BO,D11,DCK11,46.55,46.55,above,,D11,DCK11
87BY-87BZ,D11,DCK11,46.55,46.55,above,,D11,DCK11
931H-94BO,D11,DCK11,46.55,46.55,above,,D11,DCK11
94BO-94BQ,D11,DCK11,46.55,46.55,above,,D11,DCK11
90AT-931H,D11,DCK11,46.55,46.55,above,,D11,DCK11
90AT-90AU,D11,DCK11,46.55,46.55,above,,D11,DCK11
931K-94BQ,D11,DCK11,46.55,46.55,above,,D11,DCK11
9020-90AB,D11,DCK11,46.55,46.55,above,,D11,DCK11
90AB-90AU,D11,DCK11,46.55,46.55,above,,D11,DCK11
880K-9020,D11,DCK11,46.55,46.55,above,,D11,DCK11
94BQ-0010,D11,DCK11,46.55,46.55,above,,D11,DCK11
87BZ-880K,D11,DCK11,46.55,46.55,above,,D11,DCK11
90AU-931K,D11,DCK11,46.55,46.55,above,,D11,DCK11
8330-87CE,D11,DCK11,46.55,46.55,above,,D11,DCK11
833V-87BN,D11,DCK11,46.55,46.55,above,,D11,DCK11
83AP-87BO,D11,DCK11,46.55,46.55,above,,D11,DCK11
8520-87BR,D11,DCK11,46.55,46.55,above,,D11,DCK11
852F-87BS,D11,DCK11,46.55,46.55,above,,D11,DCK11
854T-87BU,D11,DCK11,46.55,46.55,above,,D11,DCK11
860L-87BW,D11,DCK11,46.55,46.55,above,,D11,DCK11
861Q-880G,D11,DCK11,46.55,46.55,above,,D11,DCK11
872B-87BX,D11,DCK11,46.55,46.55,above,,D11,DCK11
873H-87BY,D11,DCK11,46.55,46.55,above,,D11,DCK11
873T-87BZ,D11,DCK11,46.55,46.55,above,,D11,DCK11
970C-941Z,D11,DCK11,46.55,46.55,above,,D11,DCK11
000C-94BM,D11,DCK11,46.55,46.55,above,,D11,DCK11
930B-94BD,D11,DCK11,46.55,46.55,above,,D11,DCK11
901D-905Z,D11,DCK11,46.55,46.55,above,,D11,DCK11
87BM-87CF,D11,DCK11,46.55,46.55,above,,D11,DCK11
87BN-87BM,D11,DCK11,46.55,46.55,above,,D11,DCK11
87BO-87BN,D11,DCK11,46.55,46.55,above,,D11,DCK11
87BP-87BO,D11,DCK11,46.55,46.55,above,,D11,DCK11
87BQ-87CN,D11,DCK11,46.55,46.55,above,,D11,DCK11
87BR-87BQ,D11,DCK11,46.55,46.55,above,,D11,DCK11
87BS-87BR,D11,DCK11,46.55,46.55,above,,D11,DCK11
87BT-87BS,D11,DCK11,46.55,46.55,above,,D11,DCK11
87CE-87CF,D11,DCK11,46.55,46.55,above,,D11,DCK11
87CE-892C,D11,DCK11,46.55,46.55,above,,D11,DCK11
87CF-892E,D11,DCK11,46.55,46.55,above,,D11,DCK11
87CJ-87BP,D11,DCK11,46.55,46.55,above,,D11,DCK11
87CJ-87CK,D11,DCK11,46.55,46.55,above,,D11,DCK11
87CK-8500,D11,DCK11,46.55,46.55,above,,D11,DCK11
87CK-87CN,D11,DCK11,46.55,46.55,above,,D11,DCK11
87CN-893S,D11,DCK11,46.55,46.55,above,,D11,DCK11
87CQ-87BT,D11,DCK11,46.55,46.55,above,,D11,DCK11
892C-905L,D11,DCK11,46.55,46.55,above,,D11,DCK11
892E-905M,D11,DCK11,46.55,46.55,above,,D11,DCK11
893G-87CJ,D11,DCK11,46.55,46.55,above,,D11,DCK11
893M-87CK,D11,DCK11,46.55,46.55,above,,D11,DCK11
893S-905P,D11,DCK11,46.55,46.55,above,,D11,DCK11
89AA-87CQ,D11,DCK11,46.55,46.55,above,,D11,DCK11
905L-905M,D11,DCK11,46.55,46.55,above,,D11,DCK11
905L-913C,D11,DCK11,46.55,46.55,above,,D11,DCK11
905M-90AF,D11,DCK11,46.55,46.55,above,,D11,DCK11
905N-893G,D11,DCK11,46.55,46.55,above,,D11,DCK11
905N-905O,D11,DCK11,46.55,46.55,above,,D11,DCK11
905O-893M,D11,DCK11,46.55,46.55,above,,D11,DCK11
905O-905P,D11,DCK11,46.55,46.55,above,,D11,DCK11
905P-90AJ,D11,DCK11,46.55,46.55,above,,D11,DCK11
905Q-89AA,D11,DCK11,46.55,46.55,above,,D11,DCK11
90AF-90AG,D11,DCK11,46.55,46.55,above,,D11,DCK11
90AF-913F,D11,DCK11,46.55,46.55,above,,D11,DCK11
90AG-90AH,D11,DCK11,46.55,46.55,above,,D11,DCK11
90AG-914B,D11,DCK11,46.55,46.55,above,,D11,DCK11
90AH-90AI,D11,DCK11,46.55,46.55,above,,D11,DCK11
90AH-914E,D11,DCK11,46.55,46.55,above,,D11,DCK11
90AI-905N,D11,DCK11,46.55,46.55,above,,D11,DCK11
90AJ-90AK,D11,DCK11,46.55,46.55,above,,D11,DCK11
90AK-90AL,D11,DCK11,46.55,46.55,above,,D11,DCK11
90AK-914T,D11,DCK11,46.55,46.55,above,,D11,DCK11
90AL-90AM,D11,DCK11,46.55,46.55,above,,D11,DCK11
90AL-914Z,D11,DCK11,46.55,46.55,above,,D11,DCK11
90AM-905Q,D11,DCK11,46.55,46.55,above,,D11,DCK11
913C-941I,D11,DCK11,46.55,46.55,above,,D11,DCK11
913F-941L,D11,DCK11,46.55,46.55,above,,D11,DCK11
914B-941P,D11,DCK11,46.55,46.55,above,,D11,DCK11
914E-941T,D11,DCK11,46.55,46.55,above,,D11,DCK11
914N-905O,D11,DCK11,46.55,46.55,above,,D11,DCK11
914T-94AE,D11,DCK11,46.55,46.55,above,,D11,DCK11
914Z-94AI,D11,DCK11,46.55,46.55,above,,D11,DCK11
941I-950S,D11,DCK11,46.55,46.55,above,,D11,DCK11
941I-941L,D11,DCK11,46.55,46.55,above,,D11,DCK11
941L-941M,D11,DCK11,46.55,46.55,above,,D11,DCK11
941M-95AK,D11,DCK11,46.55,46.55,above,,D11,DCK11
941M-941P,D11,DCK11,46.55,46.55,above,,D11,DCK11
941P-941T,D11,DCK11,46.55,46.55,above,,D11,DCK11
941T-960J,D11,DCK11,46.55,46.55,above,,D11,DCK11
941T-941Z,D11,DCK11,46.55,46.55,above,,D11,DCK11
941Z-914N,D11,DCK11,46.55,46.55,above,,D11,DCK11
941Z-94AE,D11,DCK11,46.55,46.55,above,,D11,DCK11
94AE-94AG,D11,DCK11,46.55,46.55,above,,D11,DCK11
94AG-970Z,D11,DCK11,46.55,46.55,above,,D11,DCK11
94AG-94AI,D11,DCK11,46.55,46.55,above,,D11,DCK11
94AI-97AC,D11,DCK11,46.55,46.55,above,,D11,DCK11
905U-905X,D12,DCK12,46.55,46.55,above,,D12,DCK12
900C-900J,D12,DCK12,46.55,46.55,above,,D12,DCK12
87CW-8800,D12,DCK12,46.55,46.55,above,,D12,DCK12
94AN-94AO,D12,DCK12,46.55,46.55,above,,D12,DCK12
92AE-92AG,D12,DCK12,46.55,46.55,above,,D12,DCK12
890C-892C,D12,DCK12,46.55,46.55,above,,D12,DCK12
911D-913C,D12,DCK12,46.55,46.55,above,,D12,DCK12
92AG-92AK,D12,DCK12,46.55,46.55,above,,D12,DCK12
92AK-92AL,D12,DCK12,46.55,46.55,above,,D12,DCK12
92AL-930B,D12,DCK12,46.55,46.55,above,,D12,DCK12
900S-901D,D12,DCK12,46.55,46.55,above,,D12,DCK12
9310-931C,D12,DCK12,46.55,46.55,above,,D12,DCK12
931C-931H,D12,DCK12,46.55,46.55,above,,D12,DCK12
931H-931X,D12,DCK12,46.55,46.55,above,,D12,DCK12
9020-902E,D12,DCK12,46.55,46.55,above,,D12,DCK12
90AB-90AC,D12,DCK12,46.55,46.55,above,,D12,DCK12
880K-880O,D12,DCK12,46.55,46.55,above,,D12,DCK12
94BQ-94BT,D12,DCK12,46.55,46.55,above,,D12,DCK12
920L-92AE,D12,DCK12,46.55,46.55,above,,D12,DCK12
930B-9310,D12,DCK12,46.55,46.55,above,,D12,DCK12
901D-901G,D12,DCK12,46.55,46.55,above,,D12,DCK12
74DG-74EF,D12,DCK12,46.55,46.55,above,,D12,DCK12
74DH-74EG,D12,DCK12,46.55,46.55,above,,D12,DCK12
74DI-74EH,D12,DCK12,46.55,46.55,above,,D12,DCK12
74DJ-74EI,D12,DCK12,46.55,46.55,above,,D12,DCK12
74DK-74EJ,D12,DCK12,46.55,46.55,above,,D12,DCK12
74DL-74EK,D12,DCK12,46.55,46.55,above,,D12,DCK12
74DM-74EN,D12,DCK12,46.55,46.55,above,,D12,DCK12
74DN-74EO,D12,DCK12,46.55,46.55,above,,D12,DCK12
74DO-74EP,D12,DCK12,46.55,46.55,above,,D12,DCK12
74DP-74EQ,D12,DCK12,46.55,46.55,above,,D12,DCK12
74DQ-74ER,D12,DCK12,46.55,46.55,above,,D12,DCK12
74DR-74ES,D12,DCK12,46.55,46.55,above,,D12,DCK12
87CB-87CE,D12,DCK12,46.55,46.55,above,,D12,DCK12
87CQ-87CT,D12,DCK12,46.55,46.55,above,,D12,DCK12
892C-892E,D12,DCK12,46.55,46.55,above,,D12,DCK12
893G-893M,D12,DCK12,46.55,46.55,above,,D12,DCK12
893M-893S,D12,DCK12,46.55,46.55,above,,D12,DCK12
89AA-89AN,D12,DCK12,46.55,46.55,above,,D12,DCK12
905K-905L,D12,DCK12,46.55,46.55,above,,D12,DCK12
905Q-905S,D12,DCK12,46.55,46.55,above,,D12,DCK12
913C-913F,D12,DCK12,46.55,46.55,above,,D12,DCK12
913F-914B,D12,DCK12,46.55,46.55,above,,D12,DCK12
914B-914E,D12,DCK12,46.55,46.55,above,,D12,DCK12
914E-914N,D12,DCK12,46.55,46.55,above,,D12,DCK12
914N-914T,D12,DCK12,46.55,46.55,above,,D12,DCK12
914T-914Z,D12,DCK12,46.55,46.55,above,,D12,DCK12
914Z-91AE,D12,DCK12,46.55,46.55,above,,D12,DCK12
941F-941I,D12,DCK12,46.55,46.55,above,,D12,DCK12
94AI-94AK,D12,DCK12,46.55,46.55,above,,D12,DCK12
694H-694W,D13,DCK13,66.502,66.502,above,,D13,DCK13
73AB-73AD,D13,DCK13,66.502,66.502,above,,D13,DCK13
74FX-74GK,D13,DCK13,66.502,66.502,above,,D13,DCK13
77BC-781A,D13,DCK13,66.502,66.502,above,,D13,DCK13
801B-801Q,D13,DCK13,66.502,66.502,above,,D13,DCK13
73AD-740F,D13,DCK13,66.502,66.502,above,,D13,DCK13
74GK-74GV,D13,DCK13,66.502,66.502,above,,D13,DCK13
781A-782C,D13,DCK13,66.502,66.502,above,,D13,DCK13
801Q-801V,D13,DCK13,66.502,66.502,above,,D13,DCK13
694X-701E,D13,DCK13,66.502,66.502,above,,D13,DCK13
74CH-74BX,D13,DCK13,66.502,66.502,above,,D13,DCK13
763K-76AB,D13,DCK13,66.502,66.502,above,,D13,DCK13
830G-831H,D13,DCK13,66.502,66.502,above,,D13,DCK13
797M-799K,D13,DCK13,66.502,66.502,above,,D13,DCK13
724K-726F,D13,DCK13,66.502,66.502,above,,D13,DCK13
622O-622T,D13,DCK13,66.502,66.502,above,,D13,DCK13
622T-622Y,D13,DCK13,66.502,66.502,above,,D13,DCK13
622K-622O,D13,DCK13,66.502,66.502,above,,D13,DCK13
62AD-62AO,D13,DCK13,66.502,66.502,above,,D13,DCK13
622Y-62AD,D13,DCK13,66.502,66.502,above,,D13,DCK13
61AP-61AS,D13,DCK13,66.502,66.502,above,,D13,DCK13
61AL-61AP,D13,DCK13,66.502,66.502,above,,D13,DCK13
610W-610Y,D13,DCK13,66.502,66.502,above,,D13,DCK13
610Y-61AF,D13,DCK13,66.502,66.502,above,,D13,DCK13
61AF-61AL,D13,DCK13,66.502,66.502,above,,D13,DCK13
62DU-62DX,D13,DCK13,66.502,66.502,above,,D13,DCK13
62DQ-62DU,D13,DCK13,66.502,66.502,above,,D13,DCK13
62DJ-62DQ,D13,DCK13,66.502,66.502,above,,D13,DCK13
62DE-62DJ,D13,DCK13,66.502,66.502,above,,D13,DCK13
62DX-62EG,D13,DCK13,66.502,66.502,above,,D13,DCK13
62GB-62GF,D13,DCK13,66.502,66.502,above,,D13,DCK13
62GF-62GX,D13,DCK13,66.502,66.502,above,,D13,DCK13
62FP-62FU,D13,DCK13,66.502,66.502,above,,D13,DCK13
62FU-62GB,D13,DCK13,66.502,66.502,above,,D13,DCK13
62FN-62FP,D13,DCK13,66.502,66.502,above,,D13,DCK13
641Q-641U,D13,DCK13,66.502,66.502,above,,D13,DCK13
641O-641Q,D13,DCK13,66.502,66.502,above,,D13,DCK13
641G-641O,D13,DCK13,66.502,66.502,above,,D13,DCK13
641D-641G,D13,DCK13,66.502,66.502,above,,D13,DCK13
641U-64AN,D13,DCK13,66.502,66.502,above,,D13,DCK13
650W-65AE,D13,DCK13,66.502,66.502,above,,D13,DCK13
65AE-65AG,D13,DCK13,66.502,66.502,above,,D13,DCK13
65AG-65AQ,D13,DCK13,66.502,66.502,above,,D13,DCK13
650T-650W,D13,DCK13,66.502,66.502,above,,D13,DCK13
650Q-650T,D13,DCK13,66.502,66.502,above,,D13,DCK13
661D-6622,D13,DCK13,66.502,66.502,above,,D13,DCK13
6610-661D,D13,DCK13,66.502,66.502,above,,D13,DCK13
660D-6610,D13,DCK13,66.502,66.502,above,,D13,DCK13
6601-660D,D13,DCK13,66.502,66.502,above,,D13,DCK13
6601-670E,D13,DCK13,66.502,66.502,above,,D13,DCK13
6622-662D,D13,DCK13,66.502,66.502,above,,D13,DCK13
665C-666B,D13,DCK13,66.502,66.502,above,,D13,DCK13
666B-6670,D13,DCK13,66.502,66.502,above,,D13,DCK13
6670-68AM,D13,DCK13,66.502,66.502,above,,D13,DCK13
6670-667H,D13,DCK13,66.502,66.502,above,,D13,DCK13
664B-665C,D13,DCK13,66.502,66.502,above,,D13,DCK13
663T-664B,D13,DCK13,66.502,66.502,above,,D13,DCK13
670E-670I,D13,DCK13,66.502,66.502,above,,D13,DCK13
670E-701E,D13,DCK13,66.502,66.502,above,,D13,DCK13
670V-67AB,D13,DCK13,66.502,66.502,above,,D13,DCK13
670R-670V,D13,DCK13,66.502,66.502,above,,D13,DCK13
67AB-67AJ,D13,DCK13,66.502,66.502,above,,D13,DCK13
670I-670R,D13,DCK13,66.502,66.502,above,,D13,DCK13
68AB-68AI,D13,DCK13,66.502,66.502,above,,D13,DCK13
68AI-68AM,D13,DCK13,66.502,66.502,above,,D13,DCK13
68AM-724I,D13,DCK13,66.502,66.502,above,,D13,DCK13
68AM-690H,D13,DCK13,66.502,66.502,above,,D13,DCK13
680Y-68AB,D13,DCK13,66.502,66.502,above,,D13,DCK13
680V-680Y,D13,DCK13,66.502,66.502,above,,D13,DCK13
701E-701Q,D13,DCK13,66.502,66.502,above,,D13,DCK13
70AA-710E,D13,DCK13,66.502,66.502,above,,D13,DCK13
703P-70AA,D13,DCK13,66.502,66.502,above,,D13,DCK13
701Q-703I,D13,DCK13,66.502,66.502,above,,D13,DCK13
703I-703P,D13,DCK13,66.502,66.502,above,,D13,DCK13
721J-723C,D13,DCK13,66.502,66.502,above,,D13,DCK13
723C-724I,D13,DCK13,66.502,66.502,above,,D13,DCK13
721D-721J,D13,DCK13,66.502,66.502,above,,D13,DCK13
724I-724K,D13,DCK13,66.502,66.502,above,,D13,DCK13
711Z-721D,D13,DCK13,66.502,66.502,above,,D13,DCK13
740F-741D,D13,DCK13,66.502,66.502,above,,D13,DCK13
743C-743M,D13,DCK13,66.502,66.502,above,,D13,DCK13
742D-743C,D13,DCK13,66.502,66.502,above,,D13,DCK13
741D-741N,D13,DCK13,66.502,66.502,above,,D13,DCK13
741N-742D,D13,DCK13,66.502,66.502,above,,D13,DCK13
74BG-74AW,D13,DCK13,66.502,66.502,above,,D13,DCK13
74BR-74BG,D13,DCK13,66.502,66.502,above,,D13,DCK13
74AW-74AQ,D13,DCK13,66.502,66.502,above,,D13,DCK13
74BX-74BR,D13,DCK13,66.502,66.502,above,,D13,DCK13
74AQ-74AC,D13,DCK13,66.502,66.502,above,,D13,DCK13
761L-762H,D13,DCK13,66.502,66.502,above,,D13,DCK13
762H-763B,D13,DCK13,66.502,66.502,above,,D13,DCK13
763B-763K,D13,DCK13,66.502,66.502,above,,D13,DCK13
761C-761L,D13,DCK13,66.502,66.502,above,,D13,DCK13
75AW-761C,D13,DCK13,66.502,66.502,above,,D13,DCK13
751J-751Z,D13,DCK13,66.502,66.502,above,,D13,DCK13
750M-751H,D13,DCK13,66.502,66.502,above,,D13,DCK13
74GV-750D,D13,DCK13,66.502,66.502,above,,D13,DCK13
750D-750M,D13,DCK13,66.502,66.502,above,,D13,DCK13
751H-751J,D13,DCK13,66.502,66.502,above,,D13,DCK13
783G-783S,D13,DCK13,66.502,66.502,above,,D13,DCK13
7830-783G,D13,DCK13,66.502,66.502,above,,D13,DCK13
782C-7830,D13,DCK13,66.502,66.502,above,,D13,DCK13
783S-783W,D13,DCK13,66.502,66.502,above,,D13,DCK13
783W-790H,D13,DCK13,66.502,66.502,above,,D13,DCK13
7970-797F,D13,DCK13,66.502,66.502,above,,D13,DCK13
796B-7970,D13,DCK13,66.502,66.502,above,,D13,DCK13
797F-797M,D13,DCK13,66.502,66.502,above,,D13,DCK13
794B-796B,D13,DCK13,66.502,66.502,above,,D13,DCK13
792I-794B,D13,DCK13,66.502,66.502,above,,D13,DCK13
803S-803Y,D13,DCK13,66.502,66.502,above,,D13,DCK13
803L-803S,D13,DCK13,66.502,66.502,above,,D13,DCK13
802A-803L,D13,DCK13,66.502,66.502,above,,D13,DCK13
801V-802A,D13,DCK13,66.502,66.502,above,,D13,DCK13
803Y-810P,D13,DCK13,66.502,66.502,above,,D13,DCK13
830B-830G,D13,DCK13,66.502,66.502,above,,D13,DCK13
82AA-830B,D13,DCK13,66.502,66.502,above,,D13,DCK13
820O-82AA,D13,DCK13,66.502,66.502,above,,D13,DCK13
81AK-820F,D13,DCK13,66.502,66.502,above,,D13,DCK13
820F-820O,D13,DCK13,66.502,66.502,above,,D13,DCK13
66AV-670E,D13,DCK13,66.502,66.502,above,,D13,DCK13
66AV-701B,D13,DCK13,66.502,66.502,above,,D13,DCK13
66AS-694W,D13,DCK13,66.502,66.502,above,,D13,DCK13
694W-694X,D13,DCK13,66.502,66.502,above,,D13,DCK13
690M-726F,D13,DCK13,66.502,66.502,above,,D13,DCK13
726F-726M,D13,DCK13,66.502,66.502,above,,D13,DCK13
61AS-622H,D13,DCK13,66.502,66.502,above,,D13,DCK13
62EG-62FH,D13,DCK13,66.502,66.502,above,,D13,DCK13
64AN-650A,D13,DCK13,66.502,66.502,above,,D13,DCK13
662D-663O,D13,DCK13,66.502,66.502,above,,D13,DCK13
67AJ-680J,D13,DCK13,66.502,66.502,above,,D13,DCK13
710E-711L,D13,DCK13,66.502,66.502,above,,D13,DCK13
743M-74AC,D13,DCK13,66.502,66.502,above,,D13,DCK13
751Z-75AG,D13,DCK13,66.502,66.502,above,,D13,DCK13
790H-791D,D13,DCK13,66.502,66.502,above,,D13,DCK13
810P-810Y,D13,DCK13,66.502,66.502,above,,D13,DCK13
622H-622K,D13,DCK13,66.502,66.502,above,,D13,DCK13
62FH-62FN,D13,DCK13,66.502,66.502,above,,D13,DCK13
650A-650Q,D13,DCK13,66.502,66.502,above,,D13,DCK13
663O-663T,D13,DCK13,66.502,66.502,above,,D13,DCK13
680J-680V,D13,DCK13,66.502,66.502,above,,D13,DCK13
711L-711Z,D13,DCK13,66.502,66.502,above,,D13,DCK13
75AG-75AW,D13,DCK13,66.502,66.502,above,,D13,DCK13
791D-792I,D13,DCK13,66.502,66.502,above,,D13,DCK13
810Y-81AK,D13,DCK13,66.502,66.502,above,,D13,DCK13
690H-724J,D13,DCK13,66.502,66.502,above,,D13,DCK13
74CQ-74CH,D13,DCK13,66.502,66.502,above,,D13,DCK13
610H-610W,D13,DCK13,66.502,66.502,above,,D13,DCK13
62CL-62DE,D13,DCK13,66.502,66.502,above,,D13,DCK13
640P-641D,D13,DCK13,66.502,66.502,above,,D13,DCK13
65DC-6601,D13,DCK13,66.502,66.502,above,,D13,DCK13
90AS-88BB,EQP,,46.55,50.341,above,,EQP,
62BD-630D,EQP,,24.555,33.484,above,,EQP,
62BT-630J,EQP,,24.555,33.484,above,,EQP,
592O-574W,EQP,,66.502,71.756,above,,EQP,
622Y-622O,EQP,,66.502,66.502,above,,EQP,
7830-799Y,EQP,,66.502,70.5,above,,EQP,
796B-79AE,EQP,,66.502,70.5,above,,EQP,
87CD-90AE,EQP,,34.555,40.397,above,,EQP,
903B-90AE,EQP,,34.555,40.397,above,,EQP,
903X-90AE,EQP,,34.555,40.397,above,,EQP,
90AW-90AE,EQP,,34.555,40.397,above,,EQP,
93AH-90AE,EQP,,34.555,40.397,above,,EQP,
6650-664C,EQP,,46.55,46.55,above,,EQP,
97AJ-00AF,EQP,,49.676,51.61,above,,EQP,
992L-00AG,EQP,,49.676,51.61,above,,EQP,
000M-00AH,EQP,,49.676,51.61,above,,EQP,
982Z-00AG,EQP,,49.676,51.61,above,,EQP,
571O-574W,EQP,,66.502,71.756,above,,EQP,
77AY-77AT,EQP,,30.492,29.055,above,,EQP,
77AY-799X,EQP,,30.492,29.055,above,,EQP,
77AY-77AR,EQP,,30.492,29.055,above,,EQP,
77AY-77AQ,EQP,,30.492,29.055,above,,EQP,
77AY-799U,EQP,,30.492,29.055,above,,EQP,
77AY-799T,EQP,,30.492,29.055,above,,EQP,
77AY-77AS,EQP,,30.492,29.055,above,,EQP,
77AY-799V,EQP,,30.492,29.055,above,,EQP,
00AK-982R,EQP,,60.3,59.055,above,,EQP,
00AK-992D,EQP,,60.3,59.055,above,,EQP,
00AK-9920,EQP,,60.3,62.778,above,,EQP,
00AK-982Y,EQP,,60.3,62.778,above,,EQP,
00AL-99AV,EQP,,60.3,59.055,above,,EQP,
00AL-000J,EQP,,60.3,59.055,above,,EQP,
00AL-000A,EQP,,60.3,62.778,above,,EQP,
00AL-99AZ,EQP,,60.3,62.778,above,,EQP,
00AJ-97AD,EQP,,60.3,59.055,above,,EQP,
00AJ-970O,EQP,,60.3,59.055,above,,EQP,
00AJ-970Q,EQP,,60.3,62.778,above,,EQP,
00AJ-97AH,EQP,,60.3,62.778,above,,EQP,
00AI-960F,EQP,,60.3,59.055,above,,EQP,
00AI-95AP,EQP,,60.3,59.055,above,,EQP,
00AI-95AT,EQP,,60.3,62.778,above,,EQP,
00AI-960N,EQP,,60.3,62.778,above,,EQP,
77AX-77AJ,EQP,,30.477,29.055,above,,EQP,
77AX-799M,EQP,,30.477,29.055,above,,EQP,
77AX-77AM,EQP,,30.477,29.055,above,,EQP,
77AX-77AN,EQP,,30.477,29.055,above,,EQP,
77AX-799P,EQP,,30.477,29.055,above,,EQP,
77AX-799Q,EQP,,30.477,29.055,above,,EQP,
77AX-77AL,EQP,,30.477,29.055,above,,EQP,
77AX-799O,EQP,,30.477,29.055,above,,EQP,
74EV-74EC,EQP,,30.492,29.055,above,,EQP,
74EV-74FN,EQP,,30.492,29.055,above,,EQP,
74EV-74DZ,EQP,,30.492,29.055,above,,EQP,
74EV-74EA,EQP,,30.492,29.055,above,,EQP,
74EV-74FJ,EQP,,30.492,29.055,above,,EQP,
74EV-74FK,EQP,,30.492,29.055,above,,EQP,
74EV-74EB,EQP,,30.492,29.055,above,,EQP,
74EV-74FL,EQP,,30.492,29.055,above,,EQP,
74EU-74DT,EQP,,30.477,29.055,above,,EQP,
74EU-74FC,EQP,,30.477,29.055,above,,EQP,
74EU-74DV,EQP,,30.477,29.055,above,,EQP,
74EU-74DW,EQP,,30.477,29.055,above,,EQP,
74EU-74FF,EQP,,30.477,29.055,above,,EQP,
74EU-74FG,EQP,,30.477,29.055,above,,EQP,
74EU-74DU,EQP,,30.477,29.055,above,,EQP,
74EU-74FE,EQP,,30.477,29.055,above,,EQP,
79AH-820H,EQP,,29.925,29.055,above,,EQP,
79AH-81AN,EQP,,29.925,29.055,above,,EQP,
79AH-792H,EQP,,29.925,29.055,above,,EQP,
79AH-7940,EQP,,29.925,29.055,above,,EQP,
77AG-760D,EQP,,29.925,29.055,above,,EQP,
77AG-761E,EQP,,29.925,29.055,above,,EQP,
77AG-792H,EQP,,29.925,29.055,above,,EQP,
77AG-7940,EQP,,29.925,29.055,above,,EQP,
74DF-74AN,EQP,,29.925,29.055,above,,EQP,
74DF-74BA,EQP,,29.925,29.055,above,,EQP,
74EZ-74AN,EQP,,29.925,29.055,above,,EQP,
74EZ-74BA,EQP,,29.925,29.055,above,,EQP,
74EZ-760D,EQP,,29.925,29.055,above,,EQP,
74EZ-761E,EQP,,29.925,29.055,above,,EQP,
74EY-742C,EQP,,29.925,29.055,above,,EQP,
74EY-743F,EQP,,29.925,29.055,above,,EQP,
74EY-751E,EQP,,29.925,29.055,above,,EQP,
74EY-751L,EQP,,29.925,29.055,above,,EQP,
74DE-742C,EQP,,29.925,29.055,above,,EQP,
74DE-743F,EQP,,29.925,29.055,above,,EQP,
77AI-751E,EQP,,29.925,29.055,above,,EQP,
77AI-751L,EQP,,29.925,29.055,above,,EQP,
77AI-783P,EQP,,29.925,29.055,above,,EQP,
77AI-783X,EQP,,29.925,29.055,above,,EQP,
79AG-803V,EQP,,29.925,29.055,above,,EQP,
79AG-803Z,EQP,,29.925,29.055,above,,EQP,
79AG-783P,EQP,,29.925,29.055,above,,EQP,
79AG-783X,EQP,,29.925,29.055,above,,EQP,
79AC-794B,EQP,,70.5,66.502,above,,EQP,
79AC-792I,EQP,,70.5,66.502,above,,EQP,
79AC-81AK,EQP,,70.5,66.502,above,,EQP,
79AC-820F,EQP,,70.5,66.502,above,,EQP,
79AD-796B,EQP,,70.5,66.502,above,,EQP,
79AD-794B,EQP,,70.5,66.502,above,,EQP,
79AD-820O,EQP,,70.5,66.502,above,,EQP,
79AD-820F,EQP,,70.5,66.502,above,,EQP,
79AE-794B,EQP,,70.5,66.502,above,,EQP,
79AE-820O,EQP,,70.5,66.502,above,,EQP,
79AE-820F,EQP,,70.5,66.502,above,,EQP,
79AF-7970,EQP,,70.5,66.502,above,,EQP,
79AF-796B,EQP,,70.5,66.502,above,,EQP,
79AF-82AA,EQP,,70.5,66.502,above,,EQP,
79AF-820O,EQP,,70.5,66.502,above,,EQP,
799Y-783G,EQP,,70.5,66.502,above,,EQP,
799Y-803L,EQP,,70.5,66.502,above,,EQP,
799Y-802A,EQP,,70.5,66.502,above,,EQP,
799Z-783G,EQP,,70.5,66.502,above,,EQP,
799Z-783S,EQP,,70.5,66.502,above,,EQP,
799Z-803S,EQP,,70.5,66.502,above,,EQP,
799Z-803L,EQP,,70.5,66.502,above,,EQP,
79AA-783G,EQP,,70.5,66.502,above,,EQP,
79AA-783S,EQP,,70.5,66.502,above,,EQP,
79AA-803S,EQP,,70.5,66.502,above,,EQP,
79AA-803L,EQP,,70.5,66.502,above,,EQP,
79AB-783S,EQP,,70.5,66.502,above,,EQP,
79AB-783W,EQP,,70.5,66.502,above,,EQP,
79AB-803S,EQP,,70.5,66.502,above,,EQP,
79AB-803Y,EQP,,70.5,66.502,above,,EQP,
65CR-650U,EQP,,33.484,24.555,above,,EQP,
65CR-650N,EQP,,33.484,24.555,above,,EQP,
65CR-664D,EQP,,33.484,24.555,above,,EQP,
65CR-6640,EQP,,33.484,24.555,above,,EQP,
630L-62FX,EQP,,33.484,24.555,above,,EQP,
630L-62FV,EQP,,33.484,24.555,above,,EQP,
630L-62FS,EQP,,33.484,24.555,above,,EQP,
630L-62BZ,EQP,,33.484,24.555,above,,EQP,
630L-62BY,EQP,,33.484,24.555,above,,EQP,
630L-62BW,EQP,,33.484,24.555,above,,EQP,
630L-63BJ,EQP,,33.484,24.555,above,,EQP,
630L-63BI,EQP,,33.484,24.555,above,,EQP,
630L-63BF,EQP,,33.484,24.555,above,,EQP,
630M-62GC,EQP,,33.484,24.555,above,,EQP,
630M-62GG,EQP,,33.484,24.555,above,,EQP,
630M-62CB,EQP,,33.484,24.555,above,,EQP,
630M-62CD,EQP,,33.484,24.555,above,,EQP,
630M-63BM,EQP,,33.484,24.555,above,,EQP,
630M-63BP,EQP,,33.484,24.555,above,,EQP,
65CV-65AB,EQP,,33.484,24.555,above,,EQP,
65CV-65AH,EQP,,33.484,24.555,above,,EQP,
65CV-666A,EQP,,33.484,24.555,above,,EQP,
65CV-666F,EQP,,33.484,24.555,above,,EQP,
65CU-650Z,EQP,,33.484,24.555,above,,EQP,
65CU-650V,EQP,,33.484,24.555,above,,EQP,
65CU-650U,EQP,,33.484,24.555,above,,EQP,
65CU-665E,EQP,,33.484,24.555,above,,EQP,
65CU-665A,EQP,,33.484,24.555,above,,EQP,
65CU-664D,EQP,,33.484,24.555,above,,EQP,
630J-62FS,EQP,,33.484,24.555,above,,EQP,
630J-62FO,EQP,,33.484,24.555,above,,EQP,
630J-62BW,EQP,,33.484,24.555,above,,EQP,
630J-63BF,EQP,,33.484,24.555,above,,EQP,
630J-63BB,EQP,,33.484,24.555,above,,EQP,
630K-63BG,EQP,,54.964,46.55,above,,EQP,
630K-63BD,EQP,,54.964,46.55,above,,EQP,
630K-622Q,EQP,,54.964,46.55,above,,EQP,
630K-622N,EQP,,54.964,46.55,above,,EQP,
630K-62FT,EQP,,54.964,46.55,above,,EQP,
630K-62FR,EQP,,54.964,46.55,above,,EQP,
630N-63BQ,EQP,,54.963,46.55,above,,EQP,
630N-63BN,EQP,,54.963,46.55,above,,EQP,
630N-622W,EQP,,54.963,46.55,above,,EQP,
630N-62AA,EQP,,54.963,46.55,above,,EQP,
630N-62GA,EQP,,54.963,46.55,above,,EQP,
630N-62GD,EQP,,54.963,46.55,above,,EQP,
65CT-65CC,EQP,,54.964,46.55,above,,EQP,
65CT-65CB,EQP,,54.964,46.55,above,,EQP,
65CT-650X,EQP,,54.964,46.55,above,,EQP,
65CT-650S,EQP,,54.964,46.55,above,,EQP,
65CT-665B,EQP,,54.964,46.55,above,,EQP,
65CT-664C,EQP,,54.964,46.55,above,,EQP,
65CW-65CD,EQP,,54.964,46.55,above,,EQP,
65CW-65CE,EQP,,54.964,46.55,above,,EQP,
65CW-65AC,EQP,,54.964,46.55,above,,EQP,
65CW-65AI,EQP,,54.964,46.55,above,,EQP,
65CW-666C,EQP,,54.964,46.55,above,,EQP,
65CW-666E,EQP,,54.964,46.55,above,,EQP,
65CS-65CA,EQP,,54.964,46.55,above,,EQP,
65CS-65CB,EQP,,54.964,46.55,above,,EQP,
65CS-650O,EQP,,54.964,46.55,above,,EQP,
65CS-650S,EQP,,54.964,46.55,above,,EQP,
65CS-664A,EQP,,54.964,46.55,above,,EQP,
65CS-664C,EQP,,54.964,46.55,above,,EQP,
630I-63BC,EQP,,54.964,46.55,above,,EQP,
630I-63BD,EQP,,54.964,46.55,above,,EQP,
630I-622I,EQP,,54.964,46.55,above,,EQP,
630I-622N,EQP,,54.964,46.55,above,,EQP,
630I-62FM,EQP,,54.964,46.55,above,,EQP,
630I-62FR,EQP,,54.964,46.55,above,,EQP,
00AG-992G,EQP,,51.61,46.55,above,,EQP,
00AG-9910,EQP,,51.61,46.55,above,,EQP,
00AH-000C,EQP,,51.61,46.55,above,,EQP,
00AH-99BI,EQP,,51.61,46.55,above,,EQP,
00AH-99BF,EQP,,51.61,49.676,above,,EQP,
00AE-960J,EQP,,51.61,46.55,above,,EQP,
00AE-95AK,EQP,,51.61,46.55,above,,EQP,
00AE-95AG,EQP,,51.61,49.676,above,,EQP,
00AE-960K,EQP,,51.61,49.676,above,,EQP,
00AF-970Z,EQP,,51.61,46.55,above,,EQP,
00AF-97AC,EQP,,51.61,46.55,above,,EQP,
00AF-970U,EQP,,51.61,49.676,above,,EQP,
65BG-66AY,EQP,,77.07,71.707,above,,EQP,
74EW-742D,EQP,,70.5,66.502,above,,EQP,
74EW-741N,EQP,,70.5,66.502,above,,EQP,
74EW-750M,EQP,,70.5,66.502,above,,EQP,
74EW-751H,EQP,,70.5,66.502,above,,EQP,
65CQ-641R,EQP,,33.484,24.555,above,,EQP,
65CQ-641X,EQP,,33.484,24.555,above,,EQP,
65CQ-661F,EQP,,33.484,24.555,above,,EQP,
65CQ-6621,EQP,,33.484,24.555,above,,EQP,
630G-62DS,EQP,,33.484,24.555,above,,EQP,
630G-62DY,EQP,,33.484,24.555,above,,EQP,
630G-62BL,EQP,,33.484,24.555,above,,EQP,
630G-62BO,EQP,,33.484,24.555,above,,EQP,
630G-63AI,EQP,,33.484,24.555,above,,EQP,
630G-63AN,EQP,,33.484,24.555,above,,EQP,
630F-62DS,EQP,,33.484,24.555,above,,EQP,
630F-62DN,EQP,,33.484,24.555,above,,EQP,
630F-62BL,EQP,,33.484,24.555,above,,EQP,
630F-62BJ,EQP,,33.484,24.555,above,,EQP,
630F-62BI,EQP,,33.484,24.555,above,,EQP,
630F-63AI,EQP,,33.484,24.555,above,,EQP,
630F-63AH,EQP,,33.484,24.555,above,,EQP,
630F-63AE,EQP,,33.484,24.555,above,,EQP,
65CN-641R,EQP,,33.484,24.555,above,,EQP,
65CN-641P,EQP,,33.484,24.555,above,,EQP,
65CN-641K,EQP,,33.484,24.555,above,,EQP,
65CN-661F,EQP,,33.484,24.555,above,,EQP,
65CN-661A,EQP,,33.484,24.555,above,,EQP,
65CN-660F,EQP,,33.484,24.555,above,,EQP,
630D-62DG,EQP,,33.484,24.555,above,,EQP,
630D-62DK,EQP,,33.484,24.555,above,,EQP,
630D-62BG,EQP,,33.484,24.555,above,,EQP,
630D-630X,EQP,,33.484,24.555,above,,EQP,
630D-63AA,EQP,,33.484,24.555,above,,EQP,
65CL-641E,EQP,,33.484,24.555,above,,EQP,
65CL-641H,EQP,,33.484,24.555,above,,EQP,
65CL-65DS,EQP,,33.484,24.555,above,,EQP,
65CL-660C,EQP,,33.484,24.555,above,,EQP,
65CM-65BO,EQP,,54.964,46.55,above,,EQP,
65CM-65BN,EQP,,54.964,46.55,above,,EQP,
65CM-641I,EQP,,54.964,46.55,above,,EQP,
65CM-641F,EQP,,54.964,46.55,above,,EQP,
65CM-660B,EQP,,54.964,46.55,above,,EQP,
65CM-660A,EQP,,54.964,46.55,above,,EQP,
65CO-65BP,EQP,,54.964,46.55,above,,EQP,
65CO-65BQ,EQP,,54.964,46.55,above,,EQP,
65CO-641S,EQP,,54.964,46.55,above,,EQP,
65CO-641N,EQP,,54.964,46.55,above,,EQP,
65CO-661E,EQP,,54.964,46.55,above,,EQP,
65CO-661B,EQP,,54.964,46.55,above,,EQP,
630E-63AK,EQP,,54.964,46.55,above,,EQP,
630E-63AF,EQP,,54.964,46.55,above,,EQP,
630E-61AI,EQP,,54.964,46.55,above,,EQP,
630E-61AE,EQP,,54.964,46.55,above,,EQP,
630E-62DT,EQP,,54.964,46.55,above,,EQP,
630E-62DP,EQP,,54.964,46.55,above,,EQP,
630C-63AB,EQP,,54.964,46.55,above,,EQP,
630C-630Y,EQP,,54.964,46.55,above,,EQP,
630C-61AA,EQP,,54.964,46.55,above,,EQP,
630C-610U,EQP,,54.964,46.55,above,,EQP,
630C-62DI,EQP,,54.964,46.55,above,,EQP,
630C-62DD,EQP,,54.964,46.55,above,,EQP,
65CP-65BQ,EQP,,54.964,46.55,above,,EQP,
65CP-65BR,EQP,,54.964,46.55,above,,EQP,
65CP-641S,EQP,,54.964,46.55,above,,EQP,
65CP-641V,EQP,,54.964,46.55,above,,EQP,
65CP-661E,EQP,,54.964,46.55,above,,EQP,
65CP-662A,EQP,,54.964,46.55,above,,EQP,
630H-63AK,EQP,,54.964,46.55,above,,EQP,
630H-63AM,EQP,,54.964,46.55,above,,EQP,
630H-61AI,EQP,,54.964,46.55,above,,EQP,
630H-61AM,EQP,,54.964,46.55,above,,EQP,
630H-62DT,EQP,,54.964,46.55,above,,EQP,
630H-62DV,EQP,,54.964,46.55,above,,EQP,
667Y-665C,EQP,,70.5,66.502,above,,EQP,
667Y-664B,EQP,,70.5,66.502,above,,EQP,
667Y-68AB,EQP,,70.5,66.502,above,,EQP,
667Y-680Y,EQP,,70.5,66.502,above,,EQP,
691S-68AB,EQP,,70.5,66.502,above,,EQP,
691S-680Y,EQP,,70.5,66.502,above,,EQP,
691S-721J,EQP,,70.5,66.502,above,,EQP,
691S-721D,EQP,,70.5,66.502,above,,EQP,
727E-721J,EQP,,70.5,66.502,above,,EQP,
727E-721D,EQP,,70.5,66.502,above,,EQP,
730J-721J,EQP,,70.5,66.502,above,,EQP,
730J-721D,EQP,,70.5,66.502,above,,EQP,
730J-74BG,EQP,,70.5,66.502,above,,EQP,
730J-74AW,EQP,,70.5,66.502,above,,EQP,
74EX-74BG,EQP,,70.5,66.502,above,,EQP,
74EX-74AW,EQP,,70.5,66.502,above,,EQP,
74EX-761L,EQP,,70.5,66.502,above,,EQP,
74EX-761C,EQP,,70.5,66.502,above,,EQP,
667X-661D,EQP,,70.5,66.502,above,,EQP,
667X-6610,EQP,,70.5,66.502,above,,EQP,
667X-670V,EQP,,70.5,66.502,above,,EQP,
667X-670R,EQP,,70.5,66.502,above,,EQP,
691R-670V,EQP,,70.5,66.502,above,,EQP,
691R-670R,EQP,,70.5,66.502,above,,EQP,
691R-703P,EQP,,70.5,66.502,above,,EQP,
691R-703I,EQP,,70.5,66.502,above,,EQP,
727D-703P,EQP,,70.5,66.502,above,,EQP,
727D-703I,EQP,,70.5,66.502,above,,EQP,
730I-703P,EQP,,70.5,66.502,above,,EQP,
730I-703I,EQP,,70.5,66.502,above,,EQP,
730I-742D,EQP,,70.5,66.502,above,,EQP,
730I-741N,EQP,,70.5,66.502,above,,EQP,
77BA-831H,EQP,,70.0,66.502,above,,EQP,
77BA-763K,EQP,,70.0,66.502,above,,EQP,
77BA-830G,EQP,,70.0,66.502,above,,EQP,
77BA-797M,EQP,,70.0,66.502,above,,EQP,
77BA-76AB,EQP,,70.0,66.502,above,,EQP,
77BA-799K,EQP,,70.0,66.502,above,,EQP,
77AZ-74FX,EQP,,70.0,66.502,above,,EQP,
77AZ-77BC,EQP,,70.0,66.502,above,,EQP,
77AZ-801B,EQP,,70.0,66.502,above,,EQP,
77AZ-74GK,EQP,,70.0,66.502,above,,EQP,
77AZ-781A,EQP,,70.0,66.502,above,,EQP,
77AZ-801Q,EQP,,70.0,66.502,above,,EQP,
9030-89AI,EQP,,71.294,66.502,above,,EQP,
9030-89AV,EQP,,71.294,66.502,above,,EQP,
9030-920H,EQP,,71.294,66.502,above,,EQP,
9030-920X,EQP,,71.294,66.502,above,,EQP,
90AD-880A,EQP,,40.303,34.555,above,,EQP,
90AD-880B,EQP,,40.303,34.555,above,,EQP,
90AD-880J,EQP,,40.303,34.555,above,,EQP,
90AD-880I,EQP,,40.303,34.555,above,,EQP,
90AD-903P,EQP,,40.303,34.555,above,,EQP,
90AD-903O,EQP,,40.303,34.555,above,,EQP,
90AD-905D,EQP,,40.303,34.555,above,,EQP,
90AD-905C,EQP,,40.303,34.555,above,,EQP,
90AD-910G,EQP,,40.303,34.555,above,,EQP,
90AD-940D,EQP,,40.303,34.555,above,,EQP,
90AD-940G,EQP,,40.303,34.555,above,,EQP,
90AD-940E,EQP,,40.303,34.555,above,,EQP,
90AD-910F,EQP,,40.303,34.555,above,,EQP,
90AD-940F,EQP,,40.303,34.555,above,,EQP,
90AD-880D,EQP,,40.303,34.555,above,,EQP,
90AD-88AW,EQP,,40.303,34.555,above,,EQP,
90AD-88BE,EQP,,40.303,34.555,above,,EQP,
90AD-940C,EQP,,40.303,34.555,above,,EQP,
90AD-9051,EQP,,40.303,34.555,above,,EQP,
90AD-905A,EQP,,40.303,34.555,above,,EQP,
90AD-903M,EQP,,40.303,34.555,above,,EQP,
90AD-903L,EQP,,40.303,34.555,above,,EQP,
90AD-903K,EQP,,40.303,34.555,above,,EQP,
90AD-9400,EQP,,40.303,34.555,above,,EQP,
90AD-940A,EQP,,40.303,34.555,above,,EQP,
90AD-9100,EQP,,40.303,34.555,above,,EQP,
90AD-93AT,EQP,,40.303,34.555,above,,EQP,
90AD-9050,EQP,,40.303,34.555,above,,EQP,
90AE-87CP,EQP,,40.397,34.555,above,,EQP,
90AE-87CI,EQP,,40.397,34.555,above,,EQP,
90AE-87CO,EQP,,40.397,34.555,above,,EQP,
90AE-87CG,EQP,,40.397,34.555,above,,EQP,
90AE-87CH,EQP,,40.397,34.555,above,,EQP,
90AE-903E,EQP,,40.397,34.555,above,,EQP,
90AE-903C,EQP,,40.397,34.555,above,,EQP,
90AE-903D,EQP,,40.397,34.555,above,,EQP,
90AE-9040,EQP,,40.397,34.555,above,,EQP,
90AE-904A,EQP,,40.397,34.555,above,,EQP,
90AE-90BB,EQP,,40.397,34.555,above,,EQP,
90AE-90AY,EQP,,40.397,34.555,above,,EQP,
90AE-90BA,EQP,,40.397,34.555,above,,EQP,
90AE-93AL,EQP,,40.397,34.555,above,,EQP,
90AE-93AI,EQP,,40.397,34.555,above,,EQP,
90AE-90AX,EQP,,40.397,34.555,above,,EQP,
90AE-93AJ,EQP,,40.397,34.555,above,,EQP,
90AE-88AU,EQP,,40.397,34.555,above,,EQP,
90AE-88BC,EQP,,40.397,34.555,above,,EQP,
90AE-903S,EQP,,40.397,34.555,above,,EQP,
90AE-905G,EQP,,40.397,34.555,above,,EQP,
90AE-87CL,EQP,,40.397,34.555,above,,EQP,
90AE-88AV,EQP,,40.397,34.555,above,,EQP,
90AE-88BD,EQP,,40.397,34.555,above,,EQP,
90AE-93AM,EQP,,40.397,34.555,above,,EQP,
90AE-90BC,EQP,,40.397,34.555,above,,EQP,
90AE-90BD,EQP,,40.397,34.555,above,,EQP,
90AE-90BF,EQP,,40.397,34.555,above,,EQP,
90AE-904D,EQP,,40.397,34.555,above,,EQP,
90AE-904C,EQP,,40.397,34.555,above,,EQP,
90AE-903F,EQP,,40.397,34.555,above,,EQP,
90AE-903G,EQP,,40.397,34.555,above,,EQP,
90AE-903H,EQP,,40.397,34.555,above,,EQP,
90AE-93AN,EQP,,40.397,34.555,above,,EQP,
90AE-90BE,EQP,,40.397,34.555,above,,EQP,
90AE-93AO,EQP,,40.397,34.555,above,,EQP,
90AE-90BG,EQP,,40.397,34.555,above,,EQP,
90AE-93AQ,EQP,,40.397,34.555,above,,EQP,
90AE-904E,EQP,,40.397,34.555,above,,EQP,
60AC-567M,EQP,,70.007,66.502,above,,EQP,
60AC-567F,EQP,,70.007,66.502,above,,EQP,
60AC-566C,EQP,,70.007,66.502,above,,EQP,
60AC-567A,EQP,,70.007,66.502,above,,EQP,
60AC-572U,EQP,,70.007,66.502,above,,EQP,
60AC-572P,EQP,,70.007,66.502,above,,EQP,
60AC-572E,EQP,,70.007,66.502,above,,EQP,
60AC-572H,EQP,,70.007,66.502,above,,EQP,
60AC-592P,EQP,,70.007,66.502,above,,EQP,
60AC-592W,EQP,,70.007,66.502,above,,EQP,
60AC-594C,EQP,,70.007,66.502,above,,EQP,
60AC-594L,EQP,,70.007,66.502,above,,EQP,
60AC-622O,EQP,,70.007,66.502,above,,EQP,
60AC-622T,EQP,,70.007,66.502,above,,EQP,
60AC-62AD,EQP,,70.007,66.502,above,,EQP,
60AC-622Y,EQP,,70.007,66.502,above,,EQP,
60AC-62GB,EQP,,70.007,66.502,above,,EQP,
60AC-62GF,EQP,,70.007,66.502,above,,EQP,
60AC-62FP,EQP,,70.007,66.502,above,,EQP,
60AC-62FU,EQP,,70.007,66.502,above,,EQP,
77AH-792D,EQP,,35.365,34.555,above,,EQP,
77AH-75AF,EQP,,35.365,34.555,above,,EQP,
77AH-760A,EQP,,35.365,34.555,above,,EQP,
77AH-792J,EQP,,35.365,34.555,above,,EQP,
770D-763J,EQP,,35.919,34.555,above,,EQP,
770D-763C,EQP,,35.919,34.555,above,,EQP,
770D-797O,EQP,,35.919,34.555,above,,EQP,
770D-797G,EQP,,35.919,34.555,above,,EQP,
770C-74GH,EQP,,35.919,34.555,above,,EQP,
770C-74GS,EQP,,35.919,34.555,above,,EQP,
770C-780L,EQP,,35.919,34.555,above,,EQP,
770C-782D,EQP,,35.919,34.555,above,,EQP,
00AM-992E,EQP,,27.206,26.805,above,,EQP,
00AM-990A,EQP,,27.206,26.805,above,,EQP,
00AM-982Q,EQP,,27.206,21.555,above,,EQP,
00AM-992H,EQP,,27.206,21.555,above,,EQP,
00AM-982S,EQP,,27.206,24.555,above,,EQP,
00AM-991B,EQP,,27.206,24.555,above,,EQP,
5001-504L,EQP,,22.5,21.555,above,,EQP,
5001-504V,EQP,,22.5,21.555,above,,EQP,
5001-504M,EQP,,22.5,24.555,above,,EQP,
5001-504W,EQP,,22.5,24.555,above,,EQP,
592R-574L,EQP,,24.555,32.132,above,,EQP,
573V-580K,EQP,,24.56,24.555,above,,EQP,
573V-56AX,EQP,,24.56,24.555,above,,EQP,
573V-55CA,EQP,,24.56,24.555,above,,EQP,
667V-65DB,EQP,,24.56,24.555,above,,EQP,
667V-66AZ,EQP,,24.56,24.555,above,,EQP,
667V-694G,EQP,,24.56,24.555,above,,EQP,
667V-66AL,EQP,,24.56,24.555,above,,EQP,
573W-56AH,EQP,,24.56,24.555,above,,EQP,
573W-594V,EQP,,24.56,24.555,above,,EQP,
573W-573G,EQP,,24.56,24.555,above,,EQP,
667W-667F,EQP,,24.56,24.555,above,,EQP,
667W-690C,EQP,,24.56,24.555,above,,EQP,
667W-727A,EQP,,24.56,24.555,above,,EQP,
667W-691A,EQP,,24.56,24.555,above,,EQP,
730G-730L,EQP,,29.055,29.055,above,,EQP,
730G-694Q,EQP,,29.055,29.055,above,,EQP,
730G-727G,EQP,,29.055,29.055,above,,EQP,
730G-74DT,EQP,,29.055,29.055,above,,EQP,
730H-74DD,EQP,,29.055,29.055,above,,EQP,
730H-726O,EQP,,29.055,29.055,above,,EQP,
730H-730F,EQP,,29.055,29.055,above,,EQP,
730H-74EC,EQP,,29.055,29.055,above,,EQP,
74FA-730T,EQP,,34.555,34.555,above,,EQP,
74FA-74FU,EQP,,34.555,34.555,above,,EQP,
74FA-780K,EQP,,34.555,34.555,above,,EQP,
940K-910O,EQP,,34.555,34.555,above,,EQP,
940K-950I,EQP,,34.555,34.555,above,,EQP,
940K-941E,EQP,,34.555,34.555,above,,EQP,
74FB-799E,EQP,,34.555,34.555,above,,EQP,
74FB-763W,EQP,,34.555,34.555,above,,EQP,
74FB-74CN,EQP,,34.555,34.555,above,,EQP,
940L-93AC,EQP,,34.555,34.555,above,,EQP,
940L-94BU,EQP,,34.555,34.555,above,,EQP,
77AV-780C,EQP,,39.755,39.755,above,,EQP,
77AV-74FS,EQP,,39.755,39.755,above,,EQP,
77AV-801E,EQP,,39.755,39.755,above,,EQP,
77AW-763T,EQP,,39.755,39.755,above,,EQP,
77AW-799F,EQP,,39.755,39.755,above,,EQP,
77AW-8310,EQP,,39.755,39.755,above,,EQP,
79AY-780A,EQP,,46.55,46.55,above,,EQP,
79AY-801D,EQP,,46.55,46.55,above,,EQP,
79AY-832A,EQP,,46.55,46.55,above,,EQP,
79AZ-831K,EQP,,46.55,46.55,above,,EQP,
79AZ-87AN,EQP,,46.55,46.55,above,,EQP,
79AZ-799C,EQP,,46.55,46.55,above,,EQP,
574U-56BG,EQP,,59.055,59.055,above,,EQP,
574U-580L,EQP,,59.055,59.055,above,,EQP,
574V-573Q,EQP,,59.055,59.055,above,,EQP,
574V-594T,EQP,,59.055,59.055,above,,EQP,
574W-5610,EQP,,71.756,66.502,above,,EQP,
574W-5630,EQP,,71.756,66.502,above,,EQP,
574W-563G,EQP,,71.756,66.502,above,,EQP,
574W-5640,EQP,,71.756,66.502,above,,EQP,
574W-5660,EQP,,71.756,66.502,above,,EQP,
574W-570A,EQP,,71.756,66.502,above,,EQP,
574W-56BX,EQP,,71.756,66.502,above,,EQP,
574W-570I,EQP,,71.756,66.502,above,,EQP,
574W-56CE,EQP,,71.756,66.502,above,,EQP,
574W-571R,EQP,,71.756,66.502,above,,EQP,
574W-580V,EQP,,71.756,66.502,above,,EQP,
574W-58AF,EQP,,71.756,66.502,above,,EQP,
574W-58AI,EQP,,71.756,66.502,above,,EQP,
574W-590E,EQP,,71.756,66.502,above,,EQP,
574W-622K,EQP,,71.756,66.502,above,,EQP,
574W-61AP,EQP,,71.756,66.502,above,,EQP,
574W-61AL,EQP,,71.756,66.502,above,,EQP,
574W-610Y,EQP,,71.756,66.502,above,,EQP,
574W-61AF,EQP,,71.756,66.502,above,,EQP,
574W-62DU,EQP,,71.756,66.502,above,,EQP,
574W-62DQ,EQP,,71.756,66.502,above,,EQP,
574W-62DJ,EQP,,71.756,66.502,above,,EQP,
574W-62DX,EQP,,71.756,66.502,above,,EQP,
574W-62FN,EQP,,71.756,66.502,above,,EQP,
574W-5650,EQP,,71.756,66.502,above,,EQP,
574W-570T,EQP,,71.756,66.502,above,,EQP,
574W-590H,EQP,,71.756,66.502,above,,EQP,
574W-61AS,EQP,,71.756,66.502,above,,EQP,
574W-62EG,EQP,,71.756,66.502,above,,EQP,
574W-565U,EQP,,71.756,66.502,above,,EQP,
574W-591J,EQP,,71.756,66.502,above,,EQP,
574W-622H,EQP,,71.756,66.502,above,,EQP,
574W-62FH,EQP,,71.756,66.502,above,,EQP,
574N-574H,EQP,,32.132,24.555,above,,EQP,
574N-572S,EQP,,32.132,24.555,above,,EQP,
574N-573B,EQP,,32.132,24.555,above,,EQP,
574N-594G,EQP,,32.132,24.555,above,,EQP,
574N-594I,EQP,,32.132,24.555,above,,EQP,
574L-572D,EQP,,32.132,24.555,above,,EQP,
574L-572B,EQP,,32.132,24.555,above,,EQP,
574L-592K,EQP,,32.132,24.555,above,,EQP,
574M-574C,EQP,,32.132,24.555,above,,EQP,
574M-574E,EQP,,32.132,24.555,above,,EQP,
574M-572C,EQP,,32.132,21.555,above,,EQP,
574M-572K,EQP,,32.132,24.555,above,,EQP,
574M-592R,EQP,,32.132,24.555,above,,EQP,
574M-592X,EQP,,32.132,24.555,above,,EQP,
574M-5940,EQP,,32.132,24.555,above,,EQP,
574J-574B,EQP,,32.132,24.555,above,,EQP,
574J-5741,EQP,,32.132,24.555,above,,EQP,
574J-570B,EQP,,32.132,24.555,above,,EQP,
574J-56CD,EQP,,32.132,24.555,above,,EQP,
574J-56BY,EQP,,32.132,24.555,above,,EQP,
574J-58AD,EQP,,32.132,24.555,above,,EQP,
574J-58AL,EQP,,32.132,24.555,above,,EQP,
574J-580Z,EQP,,32.132,24.555,above,,EQP,
574I-573X,EQP,,32.132,24.555,above,,EQP,
574I-56BO,EQP,,32.132,24.555,above,,EQP,
574I-56BT,EQP,,32.132,24.555,above,,EQP,
574I-580R,EQP,,32.132,24.555,above,,EQP,
574I-580T,EQP,,32.132,24.555,above,,EQP,
574K-570B,EQP,,32.132,24.555,above,,EQP,
574K-570F,EQP,,32.132,24.555,above,,EQP,
574K-58AL,EQP,,32.132,24.555,above,,EQP,
574K-590C,EQP,,32.132,24.555,above,,EQP,
574R-572G,EQP,,52.172,46.55,above,,EQP,
574R-571Q,EQP,,52.172,46.55,above,,EQP,
574R-592T,EQP,,52.172,46.55,above,,EQP,
574R-592N,EQP,,52.172,46.55,above,,EQP,
574S-572J,EQP,,52.172,46.55,above,,EQP,
574S-572G,EQP,,52.172,46.55,above,,EQP,
574S-5930,EQP,,52.172,46.55,above,,EQP,
574S-592T,EQP,,52.172,46.55,above,,EQP,
574T-572O,EQP,,52.172,46.55,above,,EQP,
574T-572T,EQP,,52.172,46.55,above,,EQP,
574T-594F,EQP,,52.172,46.55,above,,EQP,
574T-594H,EQP,,52.172,46.55,above,,EQP,
574O-56BP,EQP,,52.172,46.55,above,,EQP,
574O-56BU,EQP,,52.172,46.55,above,,EQP,
574O-580M,EQP,,52.172,46.55,above,,EQP,
574O-580W,EQP,,52.172,46.55,above,,EQP,
574Q-570E,EQP,,52.172,46.55,above,,EQP,
574Q-570D,EQP,,52.172,46.55,above,,EQP,
574Q-590A,EQP,,52.172,46.55,above,,EQP,
574Q-58AK,EQP,,52.172,46.55,above,,EQP,
574P-56CA,EQP,,52.172,46.55,above,,EQP,
574P-570D,EQP,,52.172,46.55,above,,EQP,
574P-58AG,EQP,,52.172,46.55,above,,EQP,
574P-58AK,EQP,,52.172,46.55,above,,EQP,
68AV-65BF,EQP,,71.707,77.07,above,,EQP,
88BA-905X,EQP,,50.341,46.55,above,,EQP,
88BA-900J,EQP,,50.341,46.55,above,,EQP,
88BA-8800,EQP,,50.341,46.55,above,,EQP,
88BA-87BU,EQP,,50.341,46.55,above,,EQP,
88BA-90AN,EQP,,50.341,46.55,above,,EQP,
88BA-90AO,EQP,,50.341,46.55,above,,EQP,
88BA-87BV,EQP,,50.341,46.55,above,,EQP,
88BA-90AP,EQP,,50.341,46.55,above,,EQP,
88BA-905Y,EQP,,50.341,46.55,above,,EQP,
88BA-900S,EQP,,50.341,46.55,above,,EQP,
88BA-880E,EQP,,50.341,46.55,above,,EQP,
88BA-87BW,EQP,,50.341,46.55,above,,EQP,
88BA-90AQ,EQP,,50.341,46.55,above,,EQP,
88BB-901G,EQP,,50.341,46.55,above,,EQP,
88BB-90AA,EQP,,50.341,46.55,above,,EQP,
88BB-880H,EQP,,50.341,46.55,above,,EQP,
88BB-87BX,EQP,,50.341,46.55,above,,EQP,
88BB-90AR,EQP,,50.341,46.55,above,,EQP,
88BB-87BY,EQP,,50.341,46.55,above,,EQP,
88BB-90AT,EQP,,50.341,46.55,above,,EQP,
88BB-9020,EQP,,50.341,46.55,above,,EQP,
88BB-90AB,EQP,,50.341,46.55,above,,EQP,
88BB-880K,EQP,,50.341,46.55,above,,EQP,
88BB-87BZ,EQP,,50.341,46.55,above,,EQP,
88BB-90AU,EQP,,50.341,46.55,above,,EQP,
88AY-87BM,EQP,,50.341,46.55,above,,EQP,
88AY-87BN,EQP,,50.341,46.55,above,,EQP,
88AY-87BO,EQP,,50.341,46.55,above,,EQP,
88AY-87BP,EQP,,50.341,46.55,above,,EQP,
88AY-87CF,EQP,,50.341,46.55,above,,EQP,
88AY-87CJ,EQP,,50.341,46.55,above,,EQP,
88AY-892E,EQP,,50.341,46.55,above,,EQP,
88AY-893G,EQP,,50.341,46.55,above,,EQP,
88AY-905M,EQP,,50.341,46.55,above,,EQP,
88AY-905N,EQP,,50.341,46.55,above,,EQP,
88AY-90AF,EQP,,50.341,46.55,above,,EQP,
88AY-90AG,EQP,,50.341,46.55,above,,EQP,
88AY-90AH,EQP,,50.341,46.55,above,,EQP,
88AY-90AI,EQP,,50.341,46.55,above,,EQP,
88AZ-87BQ,EQP,,50.341,46.55,above,,EQP,
88AZ-87BR,EQP,,50.341,46.55,above,,EQP,
88AZ-87BS,EQP,,50.341,46.55,above,,EQP,
88AZ-87BT,EQP,,50.341,46.55,above,,EQP,
88AZ-87CN,EQP,,50.341,46.55,above,,EQP,
88AZ-87CQ,EQP,,50.341,46.55,above,,EQP,
88AZ-893S,EQP,,50.341,46.55,above,,EQP,
88AZ-89AA,EQP,,50.341,46.55,above,,EQP,
88AZ-905P,EQP,,50.341,46.55,above,,EQP,
88AZ-905Q,EQP,,50.341,46.55,above,,EQP,
88AZ-90AJ,EQP,,50.341,46.55,above,,EQP,
88AZ-90AK,EQP,,50.341,46.55,above,,EQP,
88AZ-90AL,EQP,,50.341,46.55,above,,EQP,
88AZ-90AM,EQP,,50.341,46.55,above,,EQP,
701I-701L,FC1,F91C1,21.555,24.555,above,,FC1,F91C1
701T-701P,FC1,F91C1,21.555,24.555,above,,FC1,F91C1
703H-703G,FC1,F91C1,21.555,24.555,above,,FC1,F91C1
703M-703U,FC1,F91C1,21.555,24.555,above,,FC1,F91C1
721E-721A,FC1,F91C1,21.555,24.555,above,,FC1,F91C1
721L-721M,FC1,F91C1,21.555,24.555,above,,FC1,F91C1
723F-723J,FC1,F91C1,21.555,24.555,above,,FC1,F91C1
723K-724D,FC1,F91C1,21.555,24.555,above,,FC1,F91C1
701L-701D,FC1,F91C1,24.555,26.805,above,,FC1,F91C1
701P-701X,FC1,F91C1,24.555,26.805,above,,FC1,F91C1
702C-702E,FC1,F91C1,24.555,26.805,above,,FC1,F91C1
703G-703C,FC1,F91C1,24.555,26.805,above,,FC1,F91C1
703U-703L,FC1,F91C1,24.555,26.805,above,,FC1,F91C1
721A-720F,FC1,F91C1,24.555,26.805,above,,FC1,F91C1
721M-721P,FC1,F91C1,24.555,26.805,above,,FC1,F91C1
722G-722E,FC1,F91C1,24.555,26.805,above,,FC1,F91C1
723J-723A,FC1,F91C1,24.555,26.805,above,,FC1,F91C1
724D-724C,FC1,F91C1,24.555,26.805,above,,FC1,F91C1
740C-740D,FC1,F91C1,21.555,24.555,above,,FC1,F91C1
7421-742B,FC1,F91C1,21.555,24.555,above,,FC1,F91C1
74AV-74AU,FC1,F91C1,21.555,24.555,above,,FC1,F91C1
74CB-74CA,FC1,F91C1,21.555,24.555,above,,FC1,F91C1
74GR-74GT,FC1,F91C1,21.555,24.555,above,,FC1,F91C1
751F-751D,FC1,F91C1,21.555,24.555,above,,FC1,F91C1
761A-761D,FC1,F91C1,21.555,24.555,above,,FC1,F91C1
7630-763A,FC1,F91C1,21.555,24.555,above,,FC1,F91C1
782B-782E,FC1,F91C1,21.555,24.555,above,,FC1,F91C1
783M-783N,FC1,F91C1,21.555,24.555,above,,FC1,F91C1
795B-7950,FC1,F91C1,21.555,24.555,above,,FC1,F91C1
797H-797I,FC1,F91C1,21.555,24.555,above,,FC1,F91C1
722B-722A,FC1,F91C1,29.055,31.805,above,,FC1,F91C1
723H-723I,FC1,F91C1,29.055,31.805,above,,FC1,F91C1
721O-721K,FC1,F91C1,29.055,31.805,above,,FC1,F91C1
701M-701J,FC1,F91C1,29.055,31.805,above,,FC1,F91C1
7240-724G,FC1,F91C1,29.055,31.805,above,,FC1,F91C1
721F-720C,FC1,F91C1,29.055,31.805,above,,FC1,F91C1
703N-703R,FC1,F91C1,29.055,31.805,above,,FC1,F91C1
701V-701S,FC1,F91C1,29.055,31.805,above,,FC1,F91C1
702A-702B,FC1,F91C1,29.055,31.805,above,,FC1,F91C1
703A-703B,FC1,F91C1,29.055,31.805,above,,FC1,F91C1
8020-801W,FC1,F91C1,21.555,24.555,above,,FC1,F91C1
803W-803U,FC1,F91C1,21.555,24.555,above,,FC1,F91C1
820B-820C,FC1,F91C1,21.555,24.555,above,,FC1,F91C1
830A-8300,FC1,F91C1,21.555,24.555,above,,FC1,F91C1
701U-701R,FC1,F91C1,34.555,37.155,above,,FC1,F91C1
701K-701C,FC1,F91C1,34.555,37.155,above,,FC1,F91C1
703O-703K,FC1,F91C1,34.555,37.155,above,,FC1,F91C1
720D-720E,FC1,F91C1,34.555,37.155,above,,FC1,F91C1
7030-703D,FC1,F91C1,34.555,37.155,above,,FC1,F91C1
724A-724E,FC1,F91C1,34.555,37.155,above,,FC1,F91C1
7230-723E,FC1,F91C1,34.555,37.155,above,,FC1,F91C1
721N-7220,FC1,F91C1,34.555,37.155,above,,FC1,F91C1
8930-892F,FC1,F91C1,21.555,24.555,above,,FC1,F91C1
893U-893T,FC1,F91C1,21.555,24.555,above,,FC1,F91C1
900M-900O,FC1,F91C1,21.555,24.555,above,,FC1,F91C1
901L-901K,FC1,F91C1,21.555,24.555,above,,FC1,F91C1
9140-914A,FC1,F91C1,21.555,24.555,above,,FC1,F91C1
914U-914V,FC1,F91C1,21.555,24.555,above,,FC1,F91C1
92AI-92AH,FC1,F91C1,21.555,24.555,above,,FC1,F91C1
931D-931E,FC1,F91C1,21.555,24.555,above,,FC1,F91C1
703F-703E,FC1,F91C1,39.755,43.152,above,,FC1,F91C1
701G-701F,FC1,F91C1,39.755,43.152,above,,FC1,F91C1
721I-721H,FC1,F91C1,39.755,43.152,above,,FC1,F91C1
721B-7210,FC1,F91C1,39.755,43.152,above,,FC1,F91C1
701O-701N,FC1,F91C1,39.755,43.152,above,,FC1,F91C1
724F-724B,FC1,F91C1,39.755,43.152,above,,FC1,F91C1
703T-703S,FC1,F91C1,39.755,43.152,above,,FC1,F91C1
723B-723G,FC1,F91C1,39.755,43.152,above,,FC1,F91C1
724C-7240,FC1,F91C1,26.805,29.055,above,,FC1,F91C1
723A-723H,FC1,F91C1,26.805,29.055,above,,FC1,F91C1
722E-722B,FC1,F91C1,26.805,29.055,above,,FC1,F91C1
721P-721O,FC1,F91C1,26.805,29.055,above,,FC1,F91C1
720F-721F,FC1,F91C1,26.805,29.055,above,,FC1,F91C1
703L-703N,FC1,F91C1,26.805,29.055,above,,FC1,F91C1
703C-703A,FC1,F91C1,26.805,29.055,above,,FC1,F91C1
702E-702A,FC1,F91C1,26.805,29.055,above,,FC1,F91C1
701X-701V,FC1,F91C1,26.805,29.055,above,,FC1,F91C1
701D-701M,FC1,F91C1,26.805,29.055,above,,FC1,F91C1
703B-7030,FC1,F91C1,31.805,34.555,above,,FC1,F91C1
702B-702D,FC1,F91C1,31.805,34.555,above,,FC1,F91C1
701S-701U,FC1,F91C1,31.805,34.555,above,,FC1,F91C1
703R-703O,FC1,F91C1,31.805,34.555,above,,FC1,F91C1
720C-720D,FC1,F91C1,31.805,34.555,above,,FC1,F91C1
724G-724A,FC1,F91C1,31.805,34.555,above,,FC1,F91C1
701J-701K,FC1,F91C1,31.805,34.555,above,,FC1,F91C1
721K-721N,FC1,F91C1,31.805,34.555,above,,FC1,F91C1
723I-7230,FC1,F91C1,31.805,34.555,above,,FC1,F91C1
722A-722F,FC1,F91C1,31.805,34.555,above,,FC1,F91C1
7220-721I,FC1,F91C1,37.155,39.755,above,,FC1,F91C1
723E-723B,FC1,F91C1,37.155,39.755,above,,FC1,F91C1
724E-724F,FC1,F91C1,37.155,39.755,above,,FC1,F91C1
703D-703F,FC1,F91C1,37.155,39.755,above,,FC1,F91C1
720E-721B,FC1,F91C1,37.155,39.755,above,,FC1,F91C1
703K-703T,FC1,F91C1,37.155,39.755,above,,FC1,F91C1
701C-701G,FC1,F91C1,37.155,39.755,above,,FC1,F91C1
701R-701O,FC1,F91C1,37.155,39.755,above,,FC1,F91C1
703E-702G,FC1,F91C1,43.152,46.55,above,,FC1,F91C1
701F-701H,FC1,F91C1,43.152,46.55,above,,FC1,F91C1
721H-721Q,FC1,F91C1,43.152,46.55,above,,FC1,F91C1
7210-721C,FC1,F91C1,43.152,46.55,above,,FC1,F91C1
701N-701W,FC1,F91C1,43.152,46.55,above,,FC1,F91C1
724B-724H,FC1,F91C1,43.152,46.55,above,,FC1,F91C1
703S-703Q,FC1,F91C1,43.152,46.55,above,,FC1,F91C1
723G-723D,FC1,F91C1,43.152,46.55,above,,FC1,F91C1
694Z-694Y,FC2,F91C2,21.555,24.555,above,,FC2,F91C2
703Z-703Y,FC2,F91C2,21.555,24.555,above,,FC2,F91C2
71AD-720A,FC2,F91C2,21.555,24.555,above,,FC2,F91C2
725B-725A,FC2,F91C2,21.555,24.555,above,,FC2,F91C2
694Y-700A,FC2,F91C2,24.555,26.805,above,,FC2,F91C2
703Y-710A,FC2,F91C2,24.555,26.805,above,,FC2,F91C2
720A-7200,FC2,F91C2,24.555,26.805,above,,FC2,F91C2
725A-726D,FC2,F91C2,24.555,26.805,above,,FC2,F91C2
73AG-73AE,FC2,F91C2,21.555,24.555,above,,FC2,F91C2
743A-743E,FC2,F91C2,21.555,24.555,above,,FC2,F91C2
74AO-74AS,FC2,F91C2,21.555,24.555,above,,FC2,F91C2
74CE-74CJ,FC2,F91C2,21.555,24.555,above,,FC2,F91C2
74GI-74GL,FC2,F91C2,21.555,24.555,above,,FC2,F91C2
751M-751O,FC2,F91C2,21.555,24.555,above,,FC2,F91C2
7600-760C,FC2,F91C2,21.555,24.555,above,,FC2,F91C2
763G-763F,FC2,F91C2,21.555,24.555,above,,FC2,F91C2
5920-591L,FC2,F91C2,29.055,31.805,above,,FC2,F91C2
780M-781B,FC2,F91C2,21.555,24.555,above,,FC2,F91C2
783Y-783Z,FC2,F91C2,21.555,24.555,above,,FC2,F91C2
792K-792G,FC2,F91C2,21.555,24.555,above,,FC2,F91C2
797Q-797L,FC2,F91C2,21.555,24.555,above,,FC2,F91C2
7100-703W,FC2,F91C2,29.055,31.805,above,,FC2,F91C2
720B-71AA,FC2,F91C2,29.055,31.805,above,,FC2,F91C2
7250-726E,FC2,F91C2,29.055,31.805,above,,FC2,F91C2
69AB-7010,FC2,F91C2,29.055,31.805,above,,FC2,F91C2
590M-590G,FC2,F91C2,29.055,31.805,above,,FC2,F91C2
590N-591D,FC2,F91C2,34.555,37.155,above,,FC2,F91C2
592F-592A,FC2,F91C2,34.555,37.155,above,,FC2,F91C2
801P-801R,FC2,F91C2,21.555,24.555,above,,FC2,F91C2
810C-810A,FC2,F91C2,21.555,24.555,above,,FC2,F91C2
820A-81AJ,FC2,F91C2,21.555,24.555,above,,FC2,F91C2
830K-830F,FC2,F91C2,21.555,24.555,above,,FC2,F91C2
726C-7260,FC2,F91C2,34.555,37.155,above,,FC2,F91C2
7000-69AC,FC2,F91C2,34.555,37.155,above,,FC2,F91C2
70AB-710B,FC2,F91C2,34.555,37.155,above,,FC2,F91C2
711X-711Y,FC2,F91C2,34.555,37.155,above,,FC2,F91C2
892A-892B,FC2,F91C2,21.555,24.555,above,,FC2,F91C2
893X-893Y,FC2,F91C2,21.555,24.555,above,,FC2,F91C2
900I-900L,FC2,F91C2,21.555,24.555,above,,FC2,F91C2
902B-902C,FC2,F91C2,21.555,24.555,above,,FC2,F91C2
591I-591M,FC2,F91C2,39.755,42.755,above,,FC2,F91C2
590J-590I,FC2,F91C2,39.755,42.755,above,,FC2,F91C2
9130-913D,FC2,F91C2,21.555,24.555,above,,FC2,F91C2
91AA-914Y,FC2,F91C2,21.555,24.555,above,,FC2,F91C2
92AD-92AC,FC2,F91C2,21.555,24.555,above,,FC2,F91C2
931M-931I,FC2,F91C2,21.555,24.555,above,,FC2,F91C2
71AB-711W,FC2,F91C2,39.755,43.152,above,,FC2,F91C2
726B-726A,FC2,F91C2,39.755,43.152,above,,FC2,F91C2
69AA-701A,FC2,F91C2,39.755,43.152,above,,FC2,F91C2
703X-703V,FC2,F91C2,39.755,43.152,above,,FC2,F91C2
590F-591F,FC2,F91C2,24.555,26.805,above,,FC2,F91C2
591F-590M,FC2,F91C2,26.805,29.055,above,,FC2,F91C2
726D-7250,FC2,F91C2,26.805,29.055,above,,FC2,F91C2
7200-720B,FC2,F91C2,26.805,29.055,above,,FC2,F91C2
710A-7100,FC2,F91C2,26.805,29.055,above,,FC2,F91C2
700A-69AB,FC2,F91C2,26.805,29.055,above,,FC2,F91C2
591L-592F,FC2,F91C2,31.805,34.555,above,,FC2,F91C2
590G-590N,FC2,F91C2,31.805,34.555,above,,FC2,F91C2
7010-7000,FC2,F91C2,31.805,34.555,above,,FC2,F91C2
726E-726C,FC2,F91C2,31.805,34.555,above,,FC2,F91C2
71AA-711X,FC2,F91C2,31.805,34.555,above,,FC2,F91C2
703W-70AB,FC2,F91C2,31.805,34.555,above,,FC2,F91C2
591D-590J,FC2,F91C2,37.155,39.755,above,,FC2,F91C2
711Y-71AB,FC2,F91C2,37.155,39.755,above,,FC2,F91C2
710B-703X,FC2,F91C2,37.155,39.755,above,,FC2,F91C2
69AC-69AA,FC2,F91C2,37.155,39.755,above,,FC2,F91C2
7260-726B,FC2,F91C2,37.155,39.755,above,,FC2,F91C2
591A-591G,FC2,F91C2,43.152,46.55,above,,FC2,F91C2
711W-71AC,FC2,F91C2,43.152,46.55,above,,FC2,F91C2
726A-724L,FC2,F91C2,43.152,46.55,above,,FC2,F91C2
701A-69AD,FC2,F91C2,43.152,46.55,above,,FC2,F91C2
703V-70AC,FC2,F91C2,43.152,46.55,above,,FC2,F91C2
590I-591A,FC2,F91C2,42.755,43.152,above,,FC2,F91C2
592I-592B,FC2,F91C2,24.555,26.805,above,,FC2,F91C2
591M-591H,FC2,F91C2,42.755,43.152,above,,FC2,F91C2
831K-831D,FC3,F91C3,46.55,49.676,above,,FC3,F91C3
830N-830O,FC3,F91C3,24.555,26.805,above,,FC3,F91C3
831G-831E,FC3,F91C3,34.555,37.155,above,,FC3,F91C3
83AE-840C,FC3,F91C3,27.055,27.055,above,,FC3,F91C3
840F-840Q,FC3,F91C3,27.055,27.055,above,,FC3,F91C3
860J-861K,FC3,F91C3,27.055,27.055,above,,FC3,F91C3
861V-870A,FC3,F91C3,27.055,27.055,above,,FC3,F91C3
840D-840B,FC3,F91C3,21.555,24.555,above,,FC3,F91C3
840P-840R,FC3,F91C3,21.555,24.555,above,,FC3,F91C3
861L-861J,FC3,F91C3,21.555,24.555,above,,FC3,F91C3
870C-870B,FC3,F91C3,21.555,24.555,above,,FC3,F91C3
840B-840C,FC3,F91C3,24.555,27.055,above,,FC3,F91C3
840R-840Q,FC3,F91C3,24.555,27.055,above,,FC3,F91C3
840C-840F,FC3,F91C3,27.055,27.055,above,,FC3,F91C3
840Q-840X,FC3,F91C3,27.055,27.055,above,,FC3,F91C3
861K-861V,FC3,F91C3,27.055,27.055,above,,FC3,F91C3
861K-861J,FC3,F91C3,27.055,24.555,above,,FC3,F91C3
870A-871B,FC3,F91C3,27.055,27.055,above,,FC3,F91C3
870A-870B,FC3,F91C3,27.055,24.555,above,,FC3,F91C3
902O-902R,FC3,F91C3,24.555,26.805,above,,FC3,F91C3
902M-902U,FC3,F91C3,34.555,37.155,above,,FC3,F91C3
931X-931S,FC3,F91C3,46.55,49.676,above,,FC3,F91C3
931Q-931P,FC3,F91C3,24.555,26.805,above,,FC3,F91C3
790I-7910,FC3,F91C3,34.555,37.155,above,,FC3,F91C3
93AC-931Y,FC3,F91C3,34.555,37.155,above,,FC3,F91C3
74DA-726R,FC3,F91C3,27.055,27.055,above,,FC3,F91C3
74DA-74DD,FC3,F91C3,27.055,29.055,above,,FC3,F91C3
76AA-74DA,FC3,F91C3,27.055,27.055,above,,FC3,F91C3
76AA-763R,FC3,F91C3,27.055,29.055,above,,FC3,F91C3
799H-77AF,FC3,F91C3,27.055,27.055,above,,FC3,F91C3
831I-79AV,FC3,F91C3,27.055,27.055,above,,FC3,F91C3
831I-831N,FC3,F91C3,27.055,29.055,above,,FC3,F91C3
831J-831G,FC3,F91C3,33.755,34.555,above,,FC3,F91C3
831J-79AW,FC3,F91C3,33.755,33.755,above,,FC3,F91C3
7980-77AE,FC3,F91C3,33.755,33.755,above,,FC3,F91C3
7980-799E,FC3,F91C3,33.755,34.555,above,,FC3,F91C3
763O-74CY,FC3,F91C3,33.755,33.755,above,,FC3,F91C3
763O-763W,FC3,F91C3,33.755,34.555,above,,FC3,F91C3
74CY-74CN,FC3,F91C3,33.755,34.555,above,,FC3,F91C3
79AV-799H,FC3,F91C3,27.055,27.055,above,,FC3,F91C3
79AV-79AU,FC3,F91C3,27.055,29.055,above,,FC3,F91C3
79AW-7980,FC3,F91C3,33.755,33.755,above,,FC3,F91C3
77AF-76AA,FC3,F91C3,27.055,27.055,above,,FC3,F91C3
77AF-77AC,FC3,F91C3,27.055,29.055,above,,FC3,F91C3
77AE-763O,FC3,F91C3,33.755,33.755,above,,FC3,F91C3
65AP-65BD,FC3,F91C3,27.055,29.055,above,,FC3,F91C3
65AP-640A,FC3,F91C3,27.055,27.055,above,,FC3,F91C3
630B-62GO,FC3,F91C3,27.055,24.555,above,,FC3,F91C3
630B-62GU,FC3,F91C3,27.055,29.055,above,,FC3,F91C3
630B-62CG,FC3,F91C3,27.055,27.055,above,,FC3,F91C3
62AG-62AI,FC3,F91C3,27.055,29.055,above,,FC3,F91C3
730M-730P,FC3,F91C3,46.55,49.676,above,,FC3,F91C3
730O-730U,FC3,F91C3,24.555,27.055,above,,FC3,F91C3
730T-730W,FC3,F91C3,34.555,37.155,above,,FC3,F91C3
74GE-74FY,FC3,F91C3,46.55,49.676,above,,FC3,F91C3
74FT-74FP,FC3,F91C3,24.555,27.055,above,,FC3,F91C3
74FU-74GA,FC3,F91C3,34.555,37.155,above,,FC3,F91C3
780A-77BB,FC3,F91C3,46.55,49.676,above,,FC3,F91C3
780D-780H,FC3,F91C3,24.555,27.055,above,,FC3,F91C3
780K-780E,FC3,F91C3,34.555,37.155,above,,FC3,F91C3
801D-800B,FC3,F91C3,46.55,49.676,above,,FC3,F91C3
8000-801F,FC3,F91C3,24.555,26.805,above,,FC3,F91C3
800A-801G,FC3,F91C3,34.555,37.155,above,,FC3,F91C3
890C-890E,FC3,F91C3,46.55,49.676,above,,FC3,F91C3
891A-891C,FC3,F91C3,24.555,26.805,above,,FC3,F91C3
891B-88BH,FC3,F91C3,34.555,37.155,above,,FC3,F91C3
911D-911B,FC3,F91C3,46.55,49.676,above,,FC3,F91C3
912D-910S,FC3,F91C3,24.555,26.805,above,,FC3,F91C3
910O-912C,FC3,F91C3,34.555,37.155,above,,FC3,F91C3
730U-694K,FC3,F91C3,27.055,27.055,above,,FC3,F91C3
730U-730L,FC3,F91C3,27.055,29.055,above,,FC3,F91C3
74FP-730U,FC3,F91C3,27.055,27.055,above,,FC3,F91C3
74FP-74FW,FC3,F91C3,27.055,29.055,above,,FC3,F91C3
780H-770T,FC3,F91C3,27.055,27.055,above,,FC3,F91C3
800D-79AK,FC3,F91C3,27.055,27.055,above,,FC3,F91C3
800D-801I,FC3,F91C3,27.055,29.055,above,,FC3,F91C3
801A-800A,FC3,F91C3,33.755,34.555,above,,FC3,F91C3
801A-79AI,FC3,F91C3,33.755,33.755,above,,FC3,F91C3
780J-780K,FC3,F91C3,33.755,34.555,above,,FC3,F91C3
780J-770Q,FC3,F91C3,33.755,33.755,above,,FC3,F91C3
74FQ-74FU,FC3,F91C3,33.755,34.555,above,,FC3,F91C3
74FQ-730Z,FC3,F91C3,33.755,33.755,above,,FC3,F91C3
730Z-730T,FC3,F91C3,33.755,34.555,above,,FC3,F91C3
79AK-780H,FC3,F91C3,27.055,27.055,above,,FC3,F91C3
79AK-79AJ,FC3,F91C3,27.055,29.055,above,,FC3,F91C3
79AI-780J,FC3,F91C3,33.755,33.755,above,,FC3,F91C3
770T-74FP,FC3,F91C3,27.055,27.055,above,,FC3,F91C3
770T-770R,FC3,F91C3,27.055,29.055,above,,FC3,F91C3
770Q-74FQ,FC3,F91C3,33.755,33.755,above,,FC3,F91C3
640O-630Q,FC3,F91C3,27.055,27.055,above,,FC3,F91C3
62CI-62CS,FC3,F91C3,27.055,24.555,above,,FC3,F91C3
62CI-62BB,FC3,F91C3,27.055,27.055,above,,FC3,F91C3
61BC-61BF,FC3,F91C3,24.555,26.805,above,,FC3,F91C3
620H-622E,FC3,F91C3,24.555,26.805,above,,FC3,F91C3
610P-60AD,FC3,F91C3,24.555,26.805,above,,FC3,F91C3
62AS-62AL,FC3,F91C3,24.555,26.805,above,,FC3,F91C3
62FE-62FK,FC3,F91C3,24.555,26.805,above,,FC3,F91C3
62EH-62EP,FC3,F91C3,24.555,26.805,above,,FC3,F91C3
592E-592D,FC3,F91C3,59.055,62.778,above,,FC3,F91C3
573Q-573S,FC3,F91C3,59.055,62.778,above,,FC3,F91C3
565L-565Q,FC3,F91C3,59.055,62.778,above,,FC3,F91C3
56BG-56AY,FC3,F91C3,59.055,62.778,above,,FC3,F91C3
55CG-55CE,FC3,F91C3,59.055,62.778,above,,FC3,F91C3
567V-567X,FC3,F91C3,59.055,62.778,above,,FC3,F91C3
564J-564G,FC3,F91C3,59.055,62.778,above,,FC3,F91C3
580L-580C,FC3,F91C3,59.055,62.778,above,,FC3,F91C3
594T-594W,FC3,F91C3,59.055,62.778,above,,FC3,F91C3
570V-570L,FC3,F91C3,59.055,62.778,above,,FC3,F91C3
590L-591B,FC3,F91C3,59.055,62.778,above,,FC3,F91C3
571L-571K,FC3,F91C3,59.055,62.778,above,,FC3,F91C3
650C-64AU,FC3,F91C3,59.055,62.778,above,,FC3,F91C3
711U-711I,FC3,F91C3,59.055,62.778,above,,FC3,F91C3
62FA-62FD,FC3,F91C3,59.055,62.778,above,,FC3,F91C3
743Z-74AD,FC3,F91C3,59.055,62.778,above,,FC3,F91C3
920C-920D,FC3,F91C3,59.055,62.778,above,,FC3,F91C3
81AF-81AA,FC3,F91C3,59.055,62.778,above,,FC3,F91C3
622A-620G,FC3,F91C3,59.055,55.929,above,,FC3,F91C3
743V-743I,FC3,F91C3,59.055,62.778,above,,FC3,F91C3
920W-920Z,FC3,F91C3,59.055,62.778,above,,FC3,F91C3
622B-622D,FC3,F91C3,52.803,49.676,above,,FC3,F91C3
853G-853F,FC3,F91C3,59.055,62.778,above,,FC3,F91C3
62EB-62ER,FC3,F91C3,59.055,62.778,above,,FC3,F91C3
791B-791J,FC3,F91C3,59.055,62.778,above,,FC3,F91C3
61AX-61AV,FC3,F91C3,59.055,55.929,above,,FC3,F91C3
790B-790E,FC3,F91C3,59.055,62.778,above,,FC3,F91C3
650E-650M,FC3,F91C3,24.555,26.805,above,,FC3,F91C3
662N-662K,FC3,F91C3,59.055,62.778,above,,FC3,F91C3
8540-854D,FC3,F91C3,59.055,62.778,above,,FC3,F91C3
75AK-75AQ,FC3,F91C3,59.055,62.778,above,,FC3,F91C3
680B-67AO,FC3,F91C3,59.055,62.778,above,,FC3,F91C3
64AO-64AC,FC3,F91C3,59.055,62.778,above,,FC3,F91C3
710G-710J,FC3,F91C3,59.055,62.778,above,,FC3,F91C3
751Y-751P,FC3,F91C3,59.055,62.778,above,,FC3,F91C3
810J-810S,FC3,F91C3,59.055,62.778,above,,FC3,F91C3
663C-663Q,FC3,F91C3,59.055,62.778,above,,FC3,F91C3
680M-680R,FC3,F91C3,59.055,62.778,above,,FC3,F91C3
65AT-65AN,FC3,F91C3,24.555,26.805,above,,FC3,F91C3
64AH-641Z,FC3,F91C3,24.555,26.805,above,,FC3,F91C3
662I-662J,FC3,F91C3,24.555,26.805,above,,FC3,F91C3
663D-663H,FC3,F91C3,24.555,26.805,above,,FC3,F91C3
667F-667J,FC3,F91C3,24.555,26.805,above,,FC3,F91C3
690C-68AU,FC3,F91C3,24.555,26.805,above,,FC3,F91C3
66AZ-66BF,FC3,F91C3,24.555,26.805,above,,FC3,F91C3
680I-680N,FC3,F91C3,24.555,26.805,above,,FC3,F91C3
67AI-67AM,FC3,F91C3,24.555,26.805,above,,FC3,F91C3
743S-743R,FC3,F91C3,24.555,26.805,above,,FC3,F91C3
74AE-743Y,FC3,F91C3,24.555,26.805,above,,FC3,F91C3
74CV-74CZ,FC3,F91C3,24.555,26.805,above,,FC3,F91C3
75AJ-75AI,FC3,F91C3,24.555,26.805,above,,FC3,F91C3
56BH-56BJ,FC3,F91C3,29.055,26.805,above,,FC3,F91C3
55BR-55BX,FC3,F91C3,29.055,31.805,above,,FC3,F91C3
573O-573E,FC3,F91C3,29.055,31.805,above,,FC3,F91C3
59AG-59AC,FC3,F91C3,29.055,31.805,above,,FC3,F91C3
751R-751S,FC3,F91C3,24.555,26.805,above,,FC3,F91C3
640I-640O,FC3,F91C3,29.055,27.055,above,,FC3,F91C3
62CX-62CI,FC3,F91C3,29.055,27.055,above,,FC3,F91C3
610S-610C,FC3,F91C3,29.055,27.055,above,,FC3,F91C3
574X-580F,FC3,F91C3,29.055,26.805,above,,FC3,F91C3
65CX-65DF,FC3,F91C3,29.055,26.805,above,,FC3,F91C3
920Y-920S,FC3,F91C3,29.055,31.805,above,,FC3,F91C3
74AI-74AB,FC3,F91C3,29.055,31.805,above,,FC3,F91C3
810F-810I,FC3,F91C3,29.055,31.805,above,,FC3,F91C3
751U-751Q,FC3,F91C3,29.055,31.805,above,,FC3,F91C3
743H-743N,FC3,F91C3,29.055,31.805,above,,FC3,F91C3
852O-852B,FC3,F91C3,29.055,31.805,above,,FC3,F91C3
851E-852A,FC3,F91C3,29.055,31.805,above,,FC3,F91C3
833U-833Y,FC3,F91C3,29.055,31.805,above,,FC3,F91C3
860A-85AG,FC3,F91C3,29.055,31.805,above,,FC3,F91C3
74FW-74FV,FC3,F91C3,29.055,31.805,above,,FC3,F91C3
730L-730R,FC3,F91C3,29.055,31.805,above,,FC3,F91C3
910P-911A,FC3,F91C3,29.055,31.805,above,,FC3,F91C3
763R-763U,FC3,F91C3,29.055,31.805,above,,FC3,F91C3
902Q-902P,FC3,F91C3,29.055,31.805,above,,FC3,F91C3
790F-790A,FC3,F91C3,29.055,31.805,above,,FC3,F91C3
75AS-75AP,FC3,F91C3,29.055,31.805,above,,FC3,F91C3
87AC-87AD,FC3,F91C3,29.055,31.805,above,,FC3,F91C3
854Y-854S,FC3,F91C3,29.055,31.805,above,,FC3,F91C3
79AJ-79AL,FC3,F91C3,29.055,31.805,above,,FC3,F91C3
810X-81AC,FC3,F91C3,29.055,31.805,above,,FC3,F91C3
763S-763N,FC3,F91C3,24.555,26.805,above,,FC3,F91C3
93AE-931V,FC3,F91C3,29.055,31.805,above,,FC3,F91C3
74DD-74DB,FC3,F91C3,29.055,31.805,above,,FC3,F91C3
831N-831C,FC3,F91C3,29.055,31.805,above,,FC3,F91C3
801I-800C,FC3,F91C3,29.055,31.805,above,,FC3,F91C3
833E-833F,FC3,F91C3,29.055,31.805,above,,FC3,F91C3
873L-873I,FC3,F91C3,29.055,31.805,above,,FC3,F91C3
890B-890G,FC3,F91C3,29.055,31.805,above,,FC3,F91C3
79AU-79AX,FC3,F91C3,29.055,31.805,above,,FC3,F91C3
791I-792B,FC3,F91C3,29.055,31.805,above,,FC3,F91C3
567S-56AD,FC3,F91C3,29.055,31.805,above,,FC3,F91C3
6210-620F,FC3,F91C3,29.055,27.055,above,,FC3,F91C3
62ES-62EY,FC3,F91C3,29.055,31.805,above,,FC3,F91C3
650K-64AS,FC3,F91C3,29.055,31.805,above,,FC3,F91C3
7920-792C,FC3,F91C3,24.555,26.805,above,,FC3,F91C3
571P-571E,FC3,F91C3,29.055,31.805,above,,FC3,F91C3
565P-565V,FC3,F91C3,29.055,31.805,above,,FC3,F91C3
799A-7990,FC3,F91C3,24.555,26.805,above,,FC3,F91C3
62EM-62EL,FC3,F91C3,29.055,31.805,above,,FC3,F91C3
64AB-64AM,FC3,F91C3,29.055,31.805,above,,FC3,F91C3
61AW-61AZ,FC3,F91C3,29.055,27.055,above,,FC3,F91C3
770R-770S,FC3,F91C3,29.055,31.805,above,,FC3,F91C3
77AC-77AD,FC3,F91C3,29.055,31.805,above,,FC3,F91C3
570W-570U,FC3,F91C3,29.055,31.805,above,,FC3,F91C3
564H-564E,FC3,F91C3,29.055,31.805,above,,FC3,F91C3
680A-6800,FC3,F91C3,29.055,31.805,above,,FC3,F91C3
680D-680C,FC3,F91C3,29.055,31.805,above,,FC3,F91C3
670C-6700,FC3,F91C3,29.055,31.805,above,,FC3,F91C3
68AX-690B,FC3,F91C3,29.055,31.805,above,,FC3,F91C3
667O-667G,FC3,F91C3,29.055,31.805,above,,FC3,F91C3
663S-663K,FC3,F91C3,29.055,31.805,above,,FC3,F91C3
662R-6630,FC3,F91C3,29.055,31.805,above,,FC3,F91C3
62AI-62AJ,FC3,F91C3,29.055,31.805,above,,FC3,F91C3
62GU-62GN,FC3,F91C3,29.055,31.805,above,,FC3,F91C3
65BD-65AK,FC3,F91C3,29.055,31.805,above,,FC3,F91C3
790G-78AA,FC3,F91C3,24.555,26.805,above,,FC3,F91C3
65AJ-65BE,FC3,F91C3,34.555,37.155,above,,FC3,F91C3
62GI-62GR,FC3,F91C3,34.555,37.155,above,,FC3,F91C3
62AN-62AH,FC3,F91C3,34.555,37.155,above,,FC3,F91C3
662F-662Q,FC3,F91C3,34.555,37.155,above,,FC3,F91C3
663B-663F,FC3,F91C3,34.555,37.155,above,,FC3,F91C3
667E-667U,FC3,F91C3,34.555,37.155,above,,FC3,F91C3
68AT-690G,FC3,F91C3,34.555,37.155,above,,FC3,F91C3
66BI-66BB,FC3,F91C3,34.555,37.155,above,,FC3,F91C3
680Q-680K,FC3,F91C3,34.555,37.155,above,,FC3,F91C3
67AG-67AL,FC3,F91C3,34.555,37.155,above,,FC3,F91C3
565D-565A,FC3,F91C3,34.555,37.155,above,,FC3,F91C3
570O-570P,FC3,F91C3,34.555,37.155,above,,FC3,F91C3
61AT-61AQ,FC3,F91C3,34.555,31.805,above,,FC3,F91C3
641Y-64AI,FC3,F91C3,34.555,37.155,above,,FC3,F91C3
62DZ-62EN,FC3,F91C3,34.555,37.155,above,,FC3,F91C3
565N-565F,FC3,F91C3,34.555,37.155,above,,FC3,F91C3
571I-571C,FC3,F91C3,34.555,37.155,above,,FC3,F91C3
650L-650I,FC3,F91C3,34.555,37.155,above,,FC3,F91C3
62FG-62FI,FC3,F91C3,34.555,37.155,above,,FC3,F91C3
620B-620C,FC3,F91C3,34.555,31.805,above,,FC3,F91C3
56AE-567Y,FC3,F91C3,34.555,37.155,above,,FC3,F91C3
65DJ-65DG,FC3,F91C3,34.555,31.805,above,,FC3,F91C3
580I-580B,FC3,F91C3,34.555,31.805,above,,FC3,F91C3
610N-610F,FC3,F91C3,34.555,31.805,above,,FC3,F91C3
62CO-62CR,FC3,F91C3,34.555,31.805,above,,FC3,F91C3
640E-640H,FC3,F91C3,34.555,31.805,above,,FC3,F91C3
810K-810G,FC3,F91C3,24.555,26.805,above,,FC3,F91C3
810V-81AG,FC3,F91C3,24.555,26.805,above,,FC3,F91C3
594U-59AB,FC3,F91C3,34.555,37.155,above,,FC3,F91C3
573D-573J,FC3,F91C3,34.555,37.155,above,,FC3,F91C3
55CF-55BQ,FC3,F91C3,34.555,37.155,above,,FC3,F91C3
56BM-56BB,FC3,F91C3,34.555,31.805,above,,FC3,F91C3
799E-799D,FC3,F91C3,34.555,37.155,above,,FC3,F91C3
763W-763Q,FC3,F91C3,34.555,37.155,above,,FC3,F91C3
74CN-74CP,FC3,F91C3,34.555,37.155,above,,FC3,F91C3
920N-920U,FC3,F91C3,34.555,37.155,above,,FC3,F91C3
792D-792E,FC3,F91C3,34.555,37.155,above,,FC3,F91C3
9200-920G,FC3,F91C3,34.555,37.155,above,,FC3,F91C3
810Z-81AD,FC3,F91C3,34.555,37.155,above,,FC3,F91C3
810O-810N,FC3,F91C3,34.555,37.155,above,,FC3,F91C3
75AF-75AO,FC3,F91C3,34.555,37.155,above,,FC3,F91C3
75AB-751V,FC3,F91C3,34.555,37.155,above,,FC3,F91C3
743X-74AK,FC3,F91C3,34.555,37.155,above,,FC3,F91C3
743P-743W,FC3,F91C3,34.555,37.155,above,,FC3,F91C3
83AM-83AF,FC3,F91C3,34.555,37.155,above,,FC3,F91C3
851B-840W,FC3,F91C3,34.555,37.155,above,,FC3,F91C3
87AE-873S,FC3,F91C3,34.555,37.155,above,,FC3,F91C3
833H-833I,FC3,F91C3,34.555,37.155,above,,FC3,F91C3
840J-840L,FC3,F91C3,34.555,37.155,above,,FC3,F91C3
871D-8720,FC3,F91C3,34.555,37.155,above,,FC3,F91C3
852E-852M,FC3,F91C3,34.555,37.155,above,,FC3,F91C3
854Q-854M,FC3,F91C3,34.555,37.155,above,,FC3,F91C3
861P-861T,FC3,F91C3,34.555,37.155,above,,FC3,F91C3
8610-860H,FC3,F91C3,34.555,37.155,above,,FC3,F91C3
902I-902T,FC3,F91C3,39.755,43.152,above,,FC3,F91C3
931U-93AA,FC3,F91C3,39.755,43.152,above,,FC3,F91C3
890A-890H,FC3,F91C3,39.755,43.152,above,,FC3,F91C3
9120-911C,FC3,F91C3,39.755,43.152,above,,FC3,F91C3
920B-920A,FC3,F91C3,39.755,43.152,above,,FC3,F91C3
920P-920R,FC3,F91C3,39.755,43.152,above,,FC3,F91C3
640D-6410,FC3,F91C3,24.555,26.805,above,,FC3,F91C3
56BA-56BC,FC3,F91C3,39.755,37.155,above,,FC3,F91C3
55BU-55BY,FC3,F91C3,39.755,40.25,above,,FC3,F91C3
573U-573N,FC3,F91C3,39.755,43.152,above,,FC3,F91C3
594R-594O,FC3,F91C3,39.755,42.755,above,,FC3,F91C3
640L-640J,FC3,F91C3,39.755,37.155,above,,FC3,F91C3
62CW-62CZ,FC3,F91C3,39.755,37.155,above,,FC3,F91C3
610L-610D,FC3,F91C3,39.755,37.155,above,,FC3,F91C3
580J-580E,FC3,F91C3,39.755,37.155,above,,FC3,F91C3
65DP-65DQ,FC3,F91C3,39.755,37.155,above,,FC3,F91C3
567Z-56AF,FC3,F91C3,39.755,40.25,above,,FC3,F91C3
620D-622F,FC3,F91C3,39.755,37.155,above,,FC3,F91C3
62EX-62ET,FC3,F91C3,39.755,42.755,above,,FC3,F91C3
6500-650G,FC3,F91C3,39.755,42.755,above,,FC3,F91C3
571H-571D,FC3,F91C3,39.755,43.152,above,,FC3,F91C3
565J-565R,FC3,F91C3,39.755,40.25,above,,FC3,F91C3
62EA-62EF,FC3,F91C3,39.755,42.755,above,,FC3,F91C3
64AK-64AJ,FC3,F91C3,39.755,42.755,above,,FC3,F91C3
832J-833B,FC3,F91C3,21.555,24.555,above,,FC3,F91C3
8330-833G,FC3,F91C3,46.55,49.676,above,,FC3,F91C3
833V-833X,FC3,F91C3,46.55,49.676,above,,FC3,F91C3
833W-833T,FC3,F91C3,21.555,24.555,above,,FC3,F91C3
83AP-840A,FC3,F91C3,46.55,49.676,above,,FC3,F91C3
8500-840U,FC3,F91C3,46.55,49.676,above,,FC3,F91C3
8520-851M,FC3,F91C3,46.55,49.676,above,,FC3,F91C3
851D-851O,FC3,F91C3,21.555,24.555,above,,FC3,F91C3
852F-852L,FC3,F91C3,46.55,49.676,above,,FC3,F91C3
852G-852P,FC3,F91C3,21.555,24.555,above,,FC3,F91C3
852W-852S,FC3,F91C3,46.55,49.676,above,,FC3,F91C3
854I-854F,FC3,F91C3,46.55,49.676,above,,FC3,F91C3
854T-854Z,FC3,F91C3,46.55,49.676,above,,FC3,F91C3
854U-854N,FC3,F91C3,21.555,24.555,above,,FC3,F91C3
85AE-85AC,FC3,F91C3,46.55,49.676,above,,FC3,F91C3
85AF-85AJ,FC3,F91C3,21.555,24.555,above,,FC3,F91C3
860L-860I,FC3,F91C3,46.55,49.676,above,,FC3,F91C3
872B-871A,FC3,F91C3,46.55,49.676,above,,FC3,F91C3
873H-873K,FC3,F91C3,46.55,49.676,above,,FC3,F91C3
873G-873M,FC3,F91C3,21.555,24.555,above,,FC3,F91C3
873T-87AA,FC3,F91C3,46.55,49.676,above,,FC3,F91C3
873U-873X,FC3,F91C3,21.555,24.555,above,,FC3,F91C3
620A-6200,FC3,F91C3,39.755,37.155,above,,FC3,F91C3
833B-833C,FC3,F91C3,24.555,26.805,above,,FC3,F91C3
833T-833P,FC3,F91C3,24.555,26.805,above,,FC3,F91C3
851O-851K,FC3,F91C3,24.555,26.805,above,,FC3,F91C3
852P-852N,FC3,F91C3,24.555,26.805,above,,FC3,F91C3
854N-854O,FC3,F91C3,24.555,26.805,above,,FC3,F91C3
85AJ-860F,FC3,F91C3,24.555,26.805,above,,FC3,F91C3
873M-873A,FC3,F91C3,24.555,26.805,above,,FC3,F91C3
873X-873V,FC3,F91C3,24.555,26.805,above,,FC3,F91C3
5710-570N,FC3,F91C3,39.755,43.152,above,,FC3,F91C3
564F-564L,FC3,F91C3,39.755,40.25,above,,FC3,F91C3
67AN-67AD,FC3,F91C3,39.755,43.152,above,,FC3,F91C3
680H-680P,FC3,F91C3,39.755,43.152,above,,FC3,F91C3
66BC-66BE,FC3,F91C3,39.755,43.152,above,,FC3,F91C3
690D-68AS,FC3,F91C3,39.755,43.152,above,,FC3,F91C3
667P-667T,FC3,F91C3,39.755,42.755,above,,FC3,F91C3
663N-663L,FC3,F91C3,39.755,42.755,above,,FC3,F91C3
662O-662L,FC3,F91C3,39.755,42.755,above,,FC3,F91C3
62AK-62AX,FC3,F91C3,39.755,42.755,above,,FC3,F91C3
62GY-62GT,FC3,F91C3,39.755,42.755,above,,FC3,F91C3
65AW-65AL,FC3,F91C3,39.755,42.755,above,,FC3,F91C3
74CL-74CW,FC3,F91C3,39.755,43.152,above,,FC3,F91C3
790D-78AC,FC3,F91C3,39.755,43.152,above,,FC3,F91C3
751W-75AD,FC3,F91C3,39.755,43.152,above,,FC3,F91C3
840Z-840Y,FC3,F91C3,39.755,43.152,above,,FC3,F91C3
840H-840E,FC3,F91C3,39.755,43.152,above,,FC3,F91C3
861X-861U,FC3,F91C3,39.755,43.152,above,,FC3,F91C3
780C-780G,FC3,F91C3,39.755,43.152,above,,FC3,F91C3
74FS-74GC,FC3,F91C3,39.755,43.152,above,,FC3,F91C3
743J-743Q,FC3,F91C3,39.755,43.152,above,,FC3,F91C3
873Y-873R,FC3,F91C3,39.755,43.152,above,,FC3,F91C3
920Q-92AA,FC3,F91C3,24.555,26.805,above,,FC3,F91C3
801E-79BA,FC3,F91C3,39.755,43.152,above,,FC3,F91C3
763T-76AC,FC3,F91C3,39.755,43.152,above,,FC3,F91C3
810W-81AB,FC3,F91C3,39.755,43.152,above,,FC3,F91C3
854W-854L,FC3,F91C3,39.755,43.152,above,,FC3,F91C3
75AT-75AU,FC3,F91C3,39.755,43.152,above,,FC3,F91C3
872A-871G,FC3,F91C3,39.755,43.152,above,,FC3,F91C3
74AL-74AJ,FC3,F91C3,39.755,43.152,above,,FC3,F91C3
83AJ-83AO,FC3,F91C3,39.755,43.152,above,,FC3,F91C3
730K-73AA,FC3,F91C3,39.755,43.152,above,,FC3,F91C3
799F-798B,FC3,F91C3,39.755,43.152,above,,FC3,F91C3
791E-792A,FC3,F91C3,39.755,43.152,above,,FC3,F91C3
852H-852Q,FC3,F91C3,39.755,43.152,above,,FC3,F91C3
810D-810M,FC3,F91C3,39.755,43.152,above,,FC3,F91C3
833D-832I,FC3,F91C3,39.755,43.152,above,,FC3,F91C3
8310-831L,FC3,F91C3,39.755,43.152,above,,FC3,F91C3
861I-861D,FC3,F91C3,39.755,43.152,above,,FC3,F91C3
711V-711Q,FC3,F91C3,46.55,49.676,above,,FC3,F91C3
726J-726S,FC3,F91C3,46.55,49.676,above,,FC3,F91C3
694P-694R,FC3,F91C3,46.55,49.676,above,,FC3,F91C3
710F-710H,FC3,F91C3,46.55,49.676,above,,FC3,F91C3
810Q-810E,FC3,F91C3,46.55,49.676,above,,FC3,F91C3
564K-564D,FC3,F91C3,24.555,26.805,above,,FC3,F91C3
791H-791C,FC3,F91C3,46.55,49.676,above,,FC3,F91C3
570J-570M,FC3,F91C3,24.555,26.805,above,,FC3,F91C3
799C-799I,FC3,F91C3,46.55,49.676,above,,FC3,F91C3
74AH-74AA,FC3,F91C3,46.55,49.676,above,,FC3,F91C3
75AH-75AR,FC3,F91C3,46.55,49.676,above,,FC3,F91C3
810T-81AI,FC3,F91C3,46.55,49.676,above,,FC3,F91C3
763X-763P,FC3,F91C3,46.55,49.676,above,,FC3,F91C3
743T-743U,FC3,F91C3,46.55,49.676,above,,FC3,F91C3
75AC-75AE,FC3,F91C3,46.55,49.676,above,,FC3,F91C3
790C-790J,FC3,F91C3,46.55,49.676,above,,FC3,F91C3
74DC-74CR,FC3,F91C3,46.55,49.676,above,,FC3,F91C3
690J-690K,FC3,F91C3,46.55,47.155,above,,FC3,F91C3
66AX-66AW,FC3,F91C3,46.55,47.155,above,,FC3,F91C3
680G-680E,FC3,F91C3,46.55,49.676,above,,FC3,F91C3
67AK-67AC,FC3,F91C3,46.55,49.676,above,,FC3,F91C3
570S-570Q,FC3,F91C3,46.55,49.676,above,,FC3,F91C3
571F-571A,FC3,F91C3,46.55,49.676,above,,FC3,F91C3
960J-960K,FC3,F91C3,46.55,49.676,above,,FC3,F91C3
95AK-95AG,FC3,F91C3,46.55,49.676,above,,FC3,F91C3
970Z-970U,FC3,F91C3,46.55,49.676,above,,FC3,F91C3
992G-992L,FC3,F91C3,46.55,49.676,above,,FC3,F91C3
0010-000N,FC3,F91C3,46.55,49.676,above,,FC3,F91C3
950S-950V,FC3,F91C3,46.55,49.676,above,,FC3,F91C3
000C-000M,FC3,F91C3,46.55,49.676,above,,FC3,F91C3
99BI-99BF,FC3,F91C3,46.55,49.676,above,,FC3,F91C3
97AC-97AJ,FC3,F91C3,46.55,49.676,above,,FC3,F91C3
9910-982Z,FC3,F91C3,46.55,49.676,above,,FC3,F91C3
99AC-992T,FC3,F91C3,46.55,49.676,above,,FC3,F91C3
920L-920T,FC3,F91C3,46.55,49.676,above,,FC3,F91C3
91AE-920J,FC3,F91C3,46.55,49.676,above,,FC3,F91C3
902E-902G,FC3,F91C3,46.55,49.676,above,,FC3,F91C3
55BS-55CC,FC3,F91C3,46.55,49.676,above,,FC3,F91C3
56AB-567W,FC3,F91C3,46.55,49.676,above,,FC3,F91C3
65BY-65BZ,FC3,F91C3,46.55,48.555,above,,FC3,F91C3
63AZ-63AW,FC3,F91C3,46.55,48.555,above,,FC3,F91C3
663J-663E,FC3,F91C3,46.55,48.555,above,,FC3,F91C3
650F-650H,FC3,F91C3,46.55,48.555,above,,FC3,F91C3
62FF-62EW,FC3,F91C3,46.55,48.555,above,,FC3,F91C3
565H-565G,FC3,F91C3,46.55,49.676,above,,FC3,F91C3
592C-591N,FC3,F91C3,46.55,49.676,above,,FC3,F91C3
622C-6220,FC3,F91C3,46.55,43.152,above,,FC3,F91C3
65BS-65BU,FC3,F91C3,46.55,48.555,above,,FC3,F91C3
63AP-63AR,FC3,F91C3,46.55,48.555,above,,FC3,F91C3
662H-663A,FC3,F91C3,46.55,48.555,above,,FC3,F91C3
64AG-64AP,FC3,F91C3,46.55,48.555,above,,FC3,F91C3
62EE-62EJ,FC3,F91C3,46.55,48.555,above,,FC3,F91C3
61BB-61AR,FC3,F91C3,46.55,43.152,above,,FC3,F91C3
564B-564C,FC3,F91C3,46.55,49.676,above,,FC3,F91C3
600J-600I,FC3,F91C3,46.55,43.152,above,,FC3,F91C3
600H-600F,FC3,F91C3,46.55,43.152,above,,FC3,F91C3
591G-591C,FC3,F91C3,46.55,49.676,above,,FC3,F91C3
902L-902S,FC3,F91C3,59.055,60.28,above,,FC3,F91C3
992Y-992P,FC3,F91C3,59.055,62.778,above,,FC3,F91C3
982R-982Y,FC3,F91C3,59.055,62.778,above,,FC3,F91C3
99AV-99AZ,FC3,F91C3,59.055,62.778,above,,FC3,F91C3
000J-000A,FC3,F91C3,59.055,62.778,above,,FC3,F91C3
001E-001N,FC3,F91C3,59.055,62.778,above,,FC3,F91C3
992D-9920,FC3,F91C3,59.055,62.778,above,,FC3,F91C3
65DO-65CZ,FC3,F91C3,59.055,60.28,above,,FC3,F91C3
640K-640F,FC3,F91C3,59.055,60.28,above,,FC3,F91C3
62CK-62CP,FC3,F91C3,59.055,60.28,above,,FC3,F91C3
610O-610K,FC3,F91C3,59.055,60.28,above,,FC3,F91C3
893O-893J,FC3,F91C3,59.055,62.778,above,,FC3,F91C3
914Q-914J,FC3,F91C3,59.055,62.778,above,,FC3,F91C3
97AD-97AH,FC3,F91C3,59.055,62.778,above,,FC3,F91C3
970O-970Q,FC3,F91C3,59.055,62.778,above,,FC3,F91C3
960F-960N,FC3,F91C3,59.055,62.778,above,,FC3,F91C3
95AP-95AT,FC3,F91C3,59.055,62.778,above,,FC3,F91C3
950Q-95AD,FC3,F91C3,59.055,62.778,above,,FC3,F91C3
798A-799L,FC3,F91C3,59.055,60.28,above,,FC3,F91C3
763V-7700,FC3,F91C3,59.055,60.28,above,,FC3,F91C3
74CX-74CS,FC3,F91C3,59.055,60.28,above,,FC3,F91C3
7270-726G,FC3,F91C3,59.055,60.28,above,,FC3,F91C3
694T-694I,FC3,F91C3,59.055,60.28,above,,FC3,F91C3
901C-900W,FC3,F91C3,59.055,62.778,above,,FC3,F91C3
92AS-92AT,FC3,F91C3,59.055,62.778,above,,FC3,F91C3
62GH-62GK,FC3,F91C3,59.055,60.28,above,,FC3,F91C3
667K-667A,FC3,F91C3,59.055,60.28,above,,FC3,F91C3
62AP-62AZ,FC3,F91C3,59.055,60.28,above,,FC3,F91C3
65AS-65AY,FC3,F91C3,59.055,60.28,above,,FC3,F91C3
87AF-873Q,FC3,F91C3,59.055,62.778,above,,FC3,F91C3
873D-873P,FC3,F91C3,59.055,62.778,above,,FC3,F91C3
870D-870F,FC3,F91C3,59.055,62.778,above,,FC3,F91C3
861G-861F,FC3,F91C3,59.055,62.778,above,,FC3,F91C3
860B-8600,FC3,F91C3,59.055,62.778,above,,FC3,F91C3
854V-854X,FC3,F91C3,59.055,62.778,above,,FC3,F91C3
852D-852K,FC3,F91C3,59.055,62.778,above,,FC3,F91C3
851L-851C,FC3,F91C3,59.055,62.778,above,,FC3,F91C3
84AA-840S,FC3,F91C3,59.055,62.778,above,,FC3,F91C3
83AI-8400,FC3,F91C3,59.055,62.778,above,,FC3,F91C3
833Q-833N,FC3,F91C3,59.055,62.778,above,,FC3,F91C3
832G-832H,FC3,F91C3,59.055,62.778,above,,FC3,F91C3
9110-910R,FC3,F91C3,59.055,60.28,above,,FC3,F91C3
88BG-8900,FC3,F91C3,59.055,60.28,above,,FC3,F91C3
8010-801C,FC3,F91C3,59.055,60.28,above,,FC3,F91C3
7800-77BD,FC3,F91C3,59.055,60.28,above,,FC3,F91C3
74GD-74FZ,FC3,F91C3,59.055,60.28,above,,FC3,F91C3
730X-730Q,FC3,F91C3,59.055,60.28,above,,FC3,F91C3
931W-931R,FC3,F91C3,59.055,60.28,above,,FC3,F91C3
830M-831M,FC3,F91C3,59.055,60.28,above,,FC3,F91C3
592B-5920,FC3,F91C3,26.805,29.055,above,,FC3,F91C3
662J-662R,FC3,F91C3,26.805,29.055,above,,FC3,F91C3
663H-663S,FC3,F91C3,26.805,29.055,above,,FC3,F91C3
667J-667O,FC3,F91C3,26.805,29.055,above,,FC3,F91C3
68AU-68AX,FC3,F91C3,26.805,29.055,above,,FC3,F91C3
66BF-670C,FC3,F91C3,26.805,29.055,above,,FC3,F91C3
680N-680D,FC3,F91C3,26.805,29.055,above,,FC3,F91C3
67AM-680A,FC3,F91C3,26.805,29.055,above,,FC3,F91C3
564D-564H,FC3,F91C3,26.805,29.055,above,,FC3,F91C3
570M-570W,FC3,F91C3,26.805,29.055,above,,FC3,F91C3
565I-565P,FC3,F91C3,26.805,29.055,above,,FC3,F91C3
571G-571P,FC3,F91C3,26.805,29.055,above,,FC3,F91C3
56AA-567S,FC3,F91C3,26.805,29.055,above,,FC3,F91C3
65DF-65DB,FC3,F91C3,26.805,24.555,above,,FC3,F91C3
580F-580K,FC3,F91C3,26.805,24.555,above,,FC3,F91C3
59AD-59AG,FC3,F91C3,26.805,29.055,above,,FC3,F91C3
573K-573O,FC3,F91C3,26.805,29.055,above,,FC3,F91C3
55CD-55BR,FC3,F91C3,26.805,29.055,above,,FC3,F91C3
56BJ-56AX,FC3,F91C3,26.805,24.555,above,,FC3,F91C3
92AA-920Y,FC3,F91C3,26.805,29.055,above,,FC3,F91C3
873V-87AC,FC3,F91C3,26.805,29.055,above,,FC3,F91C3
873A-873L,FC3,F91C3,26.805,29.055,above,,FC3,F91C3
860F-860A,FC3,F91C3,26.805,29.055,above,,FC3,F91C3
854O-854Y,FC3,F91C3,26.805,29.055,above,,FC3,F91C3
852N-852O,FC3,F91C3,26.805,29.055,above,,FC3,F91C3
851K-851E,FC3,F91C3,26.805,29.055,above,,FC3,F91C3
833P-833U,FC3,F91C3,26.805,29.055,above,,FC3,F91C3
833C-833E,FC3,F91C3,26.805,29.055,above,,FC3,F91C3
6410-640O,FC3,F91C3,26.805,27.055,above,,FC3,F91C3
81AG-810X,FC3,F91C3,26.805,29.055,above,,FC3,F91C3
810G-810F,FC3,F91C3,26.805,29.055,above,,FC3,F91C3
78AA-790F,FC3,F91C3,26.805,29.055,above,,FC3,F91C3
7990-799H,FC3,F91C3,26.805,27.055,above,,FC3,F91C3
792C-791I,FC3,F91C3,26.805,29.055,above,,FC3,F91C3
763N-76AA,FC3,F91C3,26.805,27.055,above,,FC3,F91C3
751S-751U,FC3,F91C3,26.805,29.055,above,,FC3,F91C3
75AI-75AS,FC3,F91C3,26.805,29.055,above,,FC3,F91C3
74CZ-74DA,FC3,F91C3,26.805,27.055,above,,FC3,F91C3
743Y-74AI,FC3,F91C3,26.805,29.055,above,,FC3,F91C3
743R-743H,FC3,F91C3,26.805,29.055,above,,FC3,F91C3
641Z-64AD,FC3,F91C3,26.805,27.055,above,,FC3,F91C3
65AN-65AP,FC3,F91C3,26.805,27.055,above,,FC3,F91C3
650M-650J,FC3,F91C3,26.805,27.055,above,,FC3,F91C3
62EP-62EO,FC3,F91C3,26.805,27.055,above,,FC3,F91C3
62FK-62EU,FC3,F91C3,26.805,27.055,above,,FC3,F91C3
62AL-62AG,FC3,F91C3,26.805,27.055,above,,FC3,F91C3
60AD-610C,FC3,F91C3,26.805,27.055,above,,FC3,F91C3
622E-620F,FC3,F91C3,26.805,27.055,above,,FC3,F91C3
61BF-61AZ,FC3,F91C3,26.805,27.055,above,,FC3,F91C3
910S-910P,FC3,F91C3,26.805,29.055,above,,FC3,F91C3
891C-890B,FC3,F91C3,26.805,29.055,above,,FC3,F91C3
801F-800D,FC3,F91C3,26.805,27.055,above,,FC3,F91C3
931P-93AE,FC3,F91C3,26.805,29.055,above,,FC3,F91C3
902R-902Q,FC3,F91C3,26.805,29.055,above,,FC3,F91C3
830O-831I,FC3,F91C3,26.805,27.055,above,,FC3,F91C3
56BB-56BH,FC3,F91C3,31.805,29.055,above,,FC3,F91C3
55BX-55CF,FC3,F91C3,31.805,34.555,above,,FC3,F91C3
573E-573D,FC3,F91C3,31.805,34.555,above,,FC3,F91C3
59AC-594U,FC3,F91C3,31.805,34.555,above,,FC3,F91C3
640H-640I,FC3,F91C3,31.805,29.055,above,,FC3,F91C3
62CR-62CX,FC3,F91C3,31.805,29.055,above,,FC3,F91C3
610F-610S,FC3,F91C3,31.805,29.055,above,,FC3,F91C3
580B-574X,FC3,F91C3,31.805,29.055,above,,FC3,F91C3
65DG-65CX,FC3,F91C3,31.805,29.055,above,,FC3,F91C3
56AD-56AE,FC3,F91C3,31.805,34.555,above,,FC3,F91C3
620C-6210,FC3,F91C3,31.805,29.055,above,,FC3,F91C3
62EY-62FG,FC3,F91C3,31.805,34.555,above,,FC3,F91C3
64AS-650L,FC3,F91C3,31.805,34.555,above,,FC3,F91C3
571E-571I,FC3,F91C3,31.805,34.555,above,,FC3,F91C3
565V-565N,FC3,F91C3,31.805,34.555,above,,FC3,F91C3
62EL-62DZ,FC3,F91C3,31.805,34.555,above,,FC3,F91C3
64AM-641Y,FC3,F91C3,31.805,34.555,above,,FC3,F91C3
61AQ-61AW,FC3,F91C3,31.805,29.055,above,,FC3,F91C3
570U-570O,FC3,F91C3,31.805,34.555,above,,FC3,F91C3
564E-565D,FC3,F91C3,31.805,34.555,above,,FC3,F91C3
6800-67AG,FC3,F91C3,31.805,34.555,above,,FC3,F91C3
680C-680Q,FC3,F91C3,31.805,34.555,above,,FC3,F91C3
6700-66BI,FC3,F91C3,31.805,34.555,above,,FC3,F91C3
690B-68AT,FC3,F91C3,31.805,34.555,above,,FC3,F91C3
667G-667E,FC3,F91C3,31.805,34.555,above,,FC3,F91C3
663K-663B,FC3,F91C3,31.805,34.555,above,,FC3,F91C3
6630-662F,FC3,F91C3,31.805,34.555,above,,FC3,F91C3
62AJ-62AN,FC3,F91C3,31.805,34.555,above,,FC3,F91C3
62GN-62GI,FC3,F91C3,31.805,34.555,above,,FC3,F91C3
65AK-65AJ,FC3,F91C3,31.805,34.555,above,,FC3,F91C3
77AD-77AE,FC3,F91C3,31.805,33.755,above,,FC3,F91C3
770S-770Q,FC3,F91C3,31.805,33.755,above,,FC3,F91C3
792B-792D,FC3,F91C3,31.805,34.555,above,,FC3,F91C3
79AX-79AW,FC3,F91C3,31.805,33.755,above,,FC3,F91C3
890G-891B,FC3,F91C3,31.805,34.555,above,,FC3,F91C3
873I-873O,FC3,F91C3,31.805,34.555,above,,FC3,F91C3
833F-833H,FC3,F91C3,31.805,34.555,above,,FC3,F91C3
800C-801A,FC3,F91C3,31.805,33.755,above,,FC3,F91C3
831C-831J,FC3,F91C3,31.805,33.755,above,,FC3,F91C3
74DB-74CY,FC3,F91C3,31.805,33.755,above,,FC3,F91C3
931V-93AC,FC3,F91C3,31.805,34.555,above,,FC3,F91C3
81AC-810Z,FC3,F91C3,31.805,34.555,above,,FC3,F91C3
79AL-79AI,FC3,F91C3,31.805,33.755,above,,FC3,F91C3
854S-854Q,FC3,F91C3,31.805,34.555,above,,FC3,F91C3
87AD-87AE,FC3,F91C3,31.805,34.555,above,,FC3,F91C3
75AP-75AF,FC3,F91C3,31.805,34.555,above,,FC3,F91C3
790A-790I,FC3,F91C3,31.805,34.555,above,,FC3,F91C3
902P-902M,FC3,F91C3,31.805,34.555,above,,FC3,F91C3
763U-763O,FC3,F91C3,31.805,33.755,above,,FC3,F91C3
911A-910O,FC3,F91C3,31.805,34.555,above,,FC3,F91C3
730R-730Z,FC3,F91C3,31.805,33.755,above,,FC3,F91C3
74FV-74FQ,FC3,F91C3,31.805,33.755,above,,FC3,F91C3
85AG-85AH,FC3,F91C3,31.805,34.555,above,,FC3,F91C3
833Y-833R,FC3,F91C3,31.805,34.555,above,,FC3,F91C3
852A-851J,FC3,F91C3,31.805,34.555,above,,FC3,F91C3
852B-852E,FC3,F91C3,31.805,34.555,above,,FC3,F91C3
743N-743P,FC3,F91C3,31.805,34.555,above,,FC3,F91C3
751Q-75AB,FC3,F91C3,31.805,34.555,above,,FC3,F91C3
810I-810O,FC3,F91C3,31.805,34.555,above,,FC3,F91C3
74AB-743X,FC3,F91C3,31.805,34.555,above,,FC3,F91C3
920S-920N,FC3,F91C3,31.805,34.555,above,,FC3,F91C3
592A-591I,FC3,F91C3,37.155,39.755,above,,FC3,F91C3
65BE-65AW,FC3,F91C3,37.155,39.755,above,,FC3,F91C3
62GR-62GY,FC3,F91C3,37.155,39.755,above,,FC3,F91C3
62AH-62AK,FC3,F91C3,37.155,39.755,above,,FC3,F91C3
662Q-662O,FC3,F91C3,37.155,39.755,above,,FC3,F91C3
663F-663N,FC3,F91C3,37.155,39.755,above,,FC3,F91C3
667U-667P,FC3,F91C3,37.155,39.755,above,,FC3,F91C3
690G-690D,FC3,F91C3,37.155,39.755,above,,FC3,F91C3
66BB-66BC,FC3,F91C3,37.155,39.755,above,,FC3,F91C3
680K-680H,FC3,F91C3,37.155,39.755,above,,FC3,F91C3
67AL-67AN,FC3,F91C3,37.155,39.755,above,,FC3,F91C3
565A-564F,FC3,F91C3,37.155,39.755,above,,FC3,F91C3
570P-5710,FC3,F91C3,37.155,39.755,above,,FC3,F91C3
6200-61AT,FC3,F91C3,37.155,34.555,above,,FC3,F91C3
64AI-64AK,FC3,F91C3,37.155,39.755,above,,FC3,F91C3
62EN-62EA,FC3,F91C3,37.155,39.755,above,,FC3,F91C3
565F-565J,FC3,F91C3,37.155,39.755,above,,FC3,F91C3
571C-571H,FC3,F91C3,37.155,39.755,above,,FC3,F91C3
650I-6500,FC3,F91C3,37.155,39.755,above,,FC3,F91C3
62FI-62EX,FC3,F91C3,37.155,39.755,above,,FC3,F91C3
622F-620B,FC3,F91C3,37.155,34.555,above,,FC3,F91C3
567Y-567Z,FC3,F91C3,37.155,39.755,above,,FC3,F91C3
65DQ-65DJ,FC3,F91C3,37.155,34.555,above,,FC3,F91C3
580E-580I,FC3,F91C3,37.155,34.555,above,,FC3,F91C3
610D-610N,FC3,F91C3,37.155,34.555,above,,FC3,F91C3
62CZ-62CO,FC3,F91C3,37.155,34.555,above,,FC3,F91C3
640J-640E,FC3,F91C3,37.155,34.555,above,,FC3,F91C3
59AB-594R,FC3,F91C3,37.155,39.755,above,,FC3,F91C3
573J-573U,FC3,F91C3,37.155,39.755,above,,FC3,F91C3
55BQ-55BU,FC3,F91C3,37.155,39.755,above,,FC3,F91C3
56BC-56BM,FC3,F91C3,37.155,34.555,above,,FC3,F91C3
920U-920P,FC3,F91C3,37.155,39.755,above,,FC3,F91C3
920G-920B,FC3,F91C3,37.155,39.755,above,,FC3,F91C3
912C-9120,FC3,F91C3,37.155,39.755,above,,FC3,F91C3
88BH-890A,FC3,F91C3,37.155,39.755,above,,FC3,F91C3
931Y-931U,FC3,F91C3,37.155,39.755,above,,FC3,F91C3
902U-902I,FC3,F91C3,37.155,39.755,above,,FC3,F91C3
831E-8310,FC3,F91C3,37.155,39.755,above,,FC3,F91C3
7910-790D,FC3,F91C3,37.155,39.755,above,,FC3,F91C3
730W-730K,FC3,F91C3,37.155,39.755,above,,FC3,F91C3
74GA-74FS,FC3,F91C3,37.155,39.755,above,,FC3,F91C3
780E-780C,FC3,F91C3,37.155,39.755,above,,FC3,F91C3
801G-801E,FC3,F91C3,37.155,39.755,above,,FC3,F91C3
860H-861I,FC3,F91C3,37.155,39.755,above,,FC3,F91C3
861T-861X,FC3,F91C3,37.155,39.755,above,,FC3,F91C3
854M-854W,FC3,F91C3,37.155,39.755,above,,FC3,F91C3
852M-852H,FC3,F91C3,37.155,39.755,above,,FC3,F91C3
8720-872A,FC3,F91C3,37.155,39.755,above,,FC3,F91C3
840L-840H,FC3,F91C3,37.155,39.755,above,,FC3,F91C3
833I-833D,FC3,F91C3,37.155,39.755,above,,FC3,F91C3
873S-873Y,FC3,F91C3,37.155,39.755,above,,FC3,F91C3
840W-840Z,FC3,F91C3,37.155,39.755,above,,FC3,F91C3
83AF-83AJ,FC3,F91C3,37.155,39.755,above,,FC3,F91C3
743W-743J,FC3,F91C3,37.155,39.755,above,,FC3,F91C3
74AK-74AL,FC3,F91C3,37.155,39.755,above,,FC3,F91C3
751V-751W,FC3,F91C3,37.155,39.755,above,,FC3,F91C3
75AO-75AT,FC3,F91C3,37.155,39.755,above,,FC3,F91C3
810N-810D,FC3,F91C3,37.155,39.755,above,,FC3,F91C3
81AD-810W,FC3,F91C3,37.155,39.755,above,,FC3,F91C3
792E-791E,FC3,F91C3,37.155,39.755,above,,FC3,F91C3
74CP-74CL,FC3,F91C3,37.155,39.755,above,,FC3,F91C3
763Q-763T,FC3,F91C3,37.155,39.755,above,,FC3,F91C3
799D-799F,FC3,F91C3,37.155,39.755,above,,FC3,F91C3
591H-592C,FC3,F91C3,43.152,46.55,above,,FC3,F91C3
600F-600G,FC3,F91C3,43.152,42.755,above,,FC3,F91C3
600I-600K,FC3,F91C3,43.152,42.755,above,,FC3,F91C3
541L-541M,FC3,F91C3,43.152,46.55,above,,FC3,F91C3
565E-564B,FC3,F91C3,43.152,46.55,above,,FC3,F91C3
61AR-61AU,FC3,F91C3,43.152,42.755,above,,FC3,F91C3
62EI-62EE,FC3,F91C3,43.152,46.55,above,,FC3,F91C3
64AA-64AG,FC3,F91C3,43.152,46.55,above,,FC3,F91C3
662C-662H,FC3,F91C3,43.152,46.55,above,,FC3,F91C3
63AS-63AP,FC3,F91C3,43.152,46.55,above,,FC3,F91C3
65BT-65BS,FC3,F91C3,43.152,46.55,above,,FC3,F91C3
565K-565H,FC3,F91C3,43.152,46.55,above,,FC3,F91C3
6220-620E,FC3,F91C3,43.152,42.755,above,,FC3,F91C3
65BW-65BY,FC3,F91C3,43.152,46.55,above,,FC3,F91C3
541X-541W,FC3,F91C3,43.152,46.55,above,,FC3,F91C3
62FJ-62FF,FC3,F91C3,43.152,46.55,above,,FC3,F91C3
64AT-650F,FC3,F91C3,43.152,46.55,above,,FC3,F91C3
663I-663J,FC3,F91C3,43.152,46.55,above,,FC3,F91C3
63AX-63AZ,FC3,F91C3,43.152,46.55,above,,FC3,F91C3
55AM-55AO,FC3,F91C3,43.152,46.55,above,,FC3,F91C3
56AC-56AB,FC3,F91C3,43.152,46.55,above,,FC3,F91C3
53CN-53CR,FC3,F91C3,43.152,46.55,above,,FC3,F91C3
55BW-55BS,FC3,F91C3,43.152,46.55,above,,FC3,F91C3
902T-902E,FC3,F91C3,43.152,46.55,above,,FC3,F91C3
93AA-931X,FC3,F91C3,43.152,46.55,above,,FC3,F91C3
890H-890C,FC3,F91C3,43.152,46.55,above,,FC3,F91C3
911C-911D,FC3,F91C3,43.152,46.55,above,,FC3,F91C3
920A-91AE,FC3,F91C3,43.152,46.55,above,,FC3,F91C3
920R-920L,FC3,F91C3,43.152,46.55,above,,FC3,F91C3
571D-571F,FC3,F91C3,43.152,46.55,above,,FC3,F91C3
570N-570S,FC3,F91C3,43.152,46.55,above,,FC3,F91C3
67AD-67AK,FC3,F91C3,43.152,46.55,above,,FC3,F91C3
680P-680G,FC3,F91C3,43.152,46.55,above,,FC3,F91C3
66BE-66AX,FC3,F91C3,43.152,46.55,above,,FC3,F91C3
68AS-690J,FC3,F91C3,43.152,46.55,above,,FC3,F91C3
74CW-74DC,FC3,F91C3,43.152,46.55,above,,FC3,F91C3
78AC-790C,FC3,F91C3,43.152,46.55,above,,FC3,F91C3
75AD-75AC,FC3,F91C3,43.152,46.55,above,,FC3,F91C3
840Y-8500,FC3,F91C3,43.152,46.55,above,,FC3,F91C3
840E-840O,FC3,F91C3,43.152,46.55,above,,FC3,F91C3
861U-861Q,FC3,F91C3,43.152,46.55,above,,FC3,F91C3
780G-780A,FC3,F91C3,43.152,46.55,above,,FC3,F91C3
74GC-74GE,FC3,F91C3,43.152,46.55,above,,FC3,F91C3
743Q-743T,FC3,F91C3,43.152,46.55,above,,FC3,F91C3
873R-873T,FC3,F91C3,43.152,46.55,above,,FC3,F91C3
79BA-801D,FC3,F91C3,43.152,46.55,above,,FC3,F91C3
76AC-763X,FC3,F91C3,43.152,46.55,above,,FC3,F91C3
81AB-810T,FC3,F91C3,43.152,46.55,above,,FC3,F91C3
854L-854T,FC3,F91C3,43.152,46.55,above,,FC3,F91C3
75AU-75AH,FC3,F91C3,43.152,46.55,above,,FC3,F91C3
871G-872B,FC3,F91C3,43.152,46.55,above,,FC3,F91C3
727F-727G,FC3,F91C3,27.055,29.055,above,,FC3,F91C3
74DS-74DT,FC3,F91C3,27.055,29.055,above,,FC3,F91C3
74FD-74FC,FC3,F91C3,27.055,29.055,above,,FC3,F91C3
77AK-77AJ,FC3,F91C3,27.055,29.055,above,,FC3,F91C3
799N-799M,FC3,F91C3,27.055,29.055,above,,FC3,F91C3
730E-730F,FC3,F91C3,27.055,29.055,above,,FC3,F91C3
74ED-74EC,FC3,F91C3,27.055,29.055,above,,FC3,F91C3
74FM-74FN,FC3,F91C3,27.055,29.055,above,,FC3,F91C3
77AU-77AT,FC3,F91C3,27.055,29.055,above,,FC3,F91C3
799W-799X,FC3,F91C3,27.055,29.055,above,,FC3,F91C3
74AJ-74AH,FC3,F91C3,43.152,46.55,above,,FC3,F91C3
83AO-83AP,FC3,F91C3,43.152,46.55,above,,FC3,F91C3
73AA-730M,FC3,F91C3,43.152,46.55,above,,FC3,F91C3
798B-799C,FC3,F91C3,43.152,46.55,above,,FC3,F91C3
792A-791H,FC3,F91C3,43.152,46.55,above,,FC3,F91C3
852Q-852F,FC3,F91C3,43.152,46.55,above,,FC3,F91C3
810M-810Q,FC3,F91C3,43.152,46.55,above,,FC3,F91C3
832I-8330,FC3,F91C3,43.152,46.55,above,,FC3,F91C3
831L-831K,FC3,F91C3,43.152,46.55,above,,FC3,F91C3
861D-860L,FC3,F91C3,43.152,46.55,above,,FC3,F91C3
59AI-59AK,FC3,F91C3,43.955,43.152,above,,FC3,F91C3
59AJ-59AH,FC3,F91C3,47.155,48.555,above,,FC3,F91C3
59AL-610A,FC3,F91C3,42.755,42.755,above,,FC3,F91C3
59AH-610B,FC3,F91C3,48.555,48.555,above,,FC3,F91C3
630O-630R,FC3,F91C3,43.955,43.152,above,,FC3,F91C3
630W-630V,FC3,F91C3,47.155,48.555,above,,FC3,F91C3
573N-573I,FC3,F91C3,43.152,43.955,above,,FC3,F91C3
56BL-56BA,FC3,F91C3,43.152,39.755,above,,FC3,F91C3
65DR-65DK,FC3,F91C3,43.152,42.755,above,,FC3,F91C3
630P-640N,FC3,F91C3,42.755,42.755,above,,FC3,F91C3
630V-640U,FC3,F91C3,48.555,48.555,above,,FC3,F91C3
65BL-65BH,FC3,F91C3,43.955,43.152,above,,FC3,F91C3
65BK-65BJ,FC3,F91C3,47.155,48.555,above,,FC3,F91C3
640C-640N,FC3,F91C3,43.152,42.755,above,,FC3,F91C3
65BM-65DK,FC3,F91C3,42.755,42.755,above,,FC3,F91C3
65BJ-65CY,FC3,F91C3,48.555,48.555,above,,FC3,F91C3
62CG-62AG,FC3,F91C3,27.055,27.055,above,,FC3,F91C3
62CG-62CH,FC3,F91C3,27.055,24.555,above,,FC3,F91C3
62CQ-62CT,FC3,F91C3,43.152,42.755,above,,FC3,F91C3
6100-610A,FC3,F91C3,43.152,42.755,above,,FC3,F91C3
640A-630B,FC3,F91C3,27.055,27.055,above,,FC3,F91C3
640A-63BS,FC3,F91C3,27.055,24.555,above,,FC3,F91C3
574Y-574Z,FC3,F91C3,43.152,42.755,above,,FC3,F91C3
65CF-65CJ,FC3,F91C3,43.152,43.955,above,,FC3,F91C3
63BT-640B,FC3,F91C3,43.152,43.955,above,,FC3,F91C3
60AA-600X,FC3,F91C3,43.152,43.955,above,,FC3,F91C3
65AZ-65CH,FC3,F91C3,48.555,48.555,above,,FC3,F91C3
65AZ-65BA,FC3,F91C3,48.555,49.676,above,,FC3,F91C3
59AF-600Z,FC3,F91C3,48.555,48.555,above,,FC3,F91C3
59AF-594Q,FC3,F91C3,48.555,49.676,above,,FC3,F91C3
62AV-62AY,FC3,F91C3,48.555,49.676,above,,FC3,F91C3
667M-667R,FC3,F91C3,48.555,49.676,above,,FC3,F91C3
62GS-63BU,FC3,F91C3,48.555,48.555,above,,FC3,F91C3
62GS-62GV,FC3,F91C3,48.555,49.676,above,,FC3,F91C3
62GT-63BV,FC3,F91C3,42.755,42.755,above,,FC3,F91C3
62GT-62GQ,FC3,F91C3,42.755,43.152,above,,FC3,F91C3
65AL-65CI,FC3,F91C3,42.755,42.755,above,,FC3,F91C3
65AL-65BC,FC3,F91C3,42.755,43.152,above,,FC3,F91C3
62AX-62AE,FC3,F91C3,42.755,43.152,above,,FC3,F91C3
594O-60AB,FC3,F91C3,42.755,42.755,above,,FC3,F91C3
594O-594S,FC3,F91C3,42.755,43.152,above,,FC3,F91C3
667T-667C,FC3,F91C3,42.755,43.152,above,,FC3,F91C3
600Y-600Z,FC3,F91C3,47.155,48.555,above,,FC3,F91C3
667C-667L,FC3,F91C3,43.152,43.955,above,,FC3,F91C3
600Z-62AV,FC3,F91C3,48.555,48.555,above,,FC3,F91C3
60AB-60AA,FC3,F91C3,42.755,43.152,above,,FC3,F91C3
60AB-62AX,FC3,F91C3,42.755,42.755,above,,FC3,F91C3
63BR-63BU,FC3,F91C3,47.155,48.555,above,,FC3,F91C3
594S-594Y,FC3,F91C3,43.152,43.955,above,,FC3,F91C3
63BU-65AZ,FC3,F91C3,48.555,48.555,above,,FC3,F91C3
63BV-63BT,FC3,F91C3,42.755,43.152,above,,FC3,F91C3
63BV-65AL,FC3,F91C3,42.755,42.755,above,,FC3,F91C3
65CK-65CH,FC3,F91C3,47.155,48.555,above,,FC3,F91C3
62AE-62AT,FC3,F91C3,43.152,43.955,above,,FC3,F91C3
65CH-667M,FC3,F91C3,48.555,48.555,above,,FC3,F91C3
65CI-65CF,FC3,F91C3,42.755,43.152,above,,FC3,F91C3
65CI-667T,FC3,F91C3,42.755,42.755,above,,FC3,F91C3
65BC-65AU,FC3,F91C3,43.152,43.955,above,,FC3,F91C3
62GQ-6300,FC3,F91C3,43.152,43.955,above,,FC3,F91C3
65BH-65BM,FC3,F91C3,43.152,42.755,above,,FC3,F91C3
630R-630P,FC3,F91C3,43.152,42.755,above,,FC3,F91C3
59AK-59AL,FC3,F91C3,43.152,42.755,above,,FC3,F91C3
831D-831A,FC3,F91C3,49.676,52.803,above,,FC3,F91C3
931S-93AB,FC3,F91C3,49.676,52.803,above,,FC3,F91C3
730P-730S,FC3,F91C3,49.676,52.803,above,,FC3,F91C3
74FY-74GB,FC3,F91C3,49.676,52.803,above,,FC3,F91C3
77BB-77BE,FC3,F91C3,49.676,52.803,above,,FC3,F91C3
800B-800E,FC3,F91C3,49.676,52.803,above,,FC3,F91C3
890E-890I,FC3,F91C3,49.676,52.803,above,,FC3,F91C3
911B-911F,FC3,F91C3,49.676,52.803,above,,FC3,F91C3
833G-833K,FC3,F91C3,49.676,52.803,above,,FC3,F91C3
833X-833S,FC3,F91C3,49.676,52.803,above,,FC3,F91C3
840A-83AD,FC3,F91C3,49.676,52.803,above,,FC3,F91C3
840U-84AB,FC3,F91C3,49.676,52.803,above,,FC3,F91C3
851M-851G,FC3,F91C3,49.676,52.803,above,,FC3,F91C3
852L-852J,FC3,F91C3,49.676,52.803,above,,FC3,F91C3
854Z-854R,FC3,F91C3,49.676,52.803,above,,FC3,F91C3
85AC-85AB,FC3,F91C3,49.676,52.803,above,,FC3,F91C3
860I-861B,FC3,F91C3,49.676,52.803,above,,FC3,F91C3
871A-870G,FC3,F91C3,49.676,52.803,above,,FC3,F91C3
873K-873B,FC3,F91C3,49.676,52.803,above,,FC3,F91C3
87AA-873Z,FC3,F91C3,49.676,52.803,above,,FC3,F91C3
65BA-65AR,FC3,F91C3,49.676,52.803,above,,FC3,F91C3
62AY-62AR,FC3,F91C3,49.676,52.803,above,,FC3,F91C3
667R-667D,FC3,F91C3,49.676,52.803,above,,FC3,F91C3
62GV-62GL,FC3,F91C3,49.676,52.803,above,,FC3,F91C3
930A-930D,FC3,F91C3,49.676,52.803,above,,FC3,F91C3
901B-900U,FC3,F91C3,49.676,52.803,above,,FC3,F91C3
694R-694S,FC3,F91C3,49.676,52.803,above,,FC3,F91C3
726S-726P,FC3,F91C3,49.676,52.803,above,,FC3,F91C3
74CR-74CM,FC3,F91C3,49.676,52.803,above,,FC3,F91C3
763P-763Z,FC3,F91C3,49.676,52.803,above,,FC3,F91C3
799I-798C,FC3,F91C3,49.676,52.803,above,,FC3,F91C3
950V-950X,FC3,F91C3,49.676,52.803,above,,FC3,F91C3
95AG-95AU,FC3,F91C3,49.676,52.803,above,,FC3,F91C3
960K-960B,FC3,F91C3,49.676,52.803,above,,FC3,F91C3
970U-970M,FC3,F91C3,49.676,52.803,above,,FC3,F91C3
97AJ-97AF,FC3,F91C3,49.676,52.803,above,,FC3,F91C3
914M-914O,FC3,F91C3,49.676,52.803,above,,FC3,F91C3
893K-893L,FC3,F91C3,49.676,52.803,above,,FC3,F91C3
610Q-610T,FC3,F91C3,49.676,52.803,above,,FC3,F91C3
62CJ-62DA,FC3,F91C3,49.676,52.803,above,,FC3,F91C3
640G-640M,FC3,F91C3,49.676,52.803,above,,FC3,F91C3
65DL-65DA,FC3,F91C3,49.676,52.803,above,,FC3,F91C3
992L-992A,FC3,F91C3,49.676,52.803,above,,FC3,F91C3
000N-001A,FC3,F91C3,49.676,52.803,above,,FC3,F91C3
000M-000K,FC3,F91C3,49.676,52.803,above,,FC3,F91C3
99BF-99BG,FC3,F91C3,49.676,52.803,above,,FC3,F91C3
982Z-982W,FC3,F91C3,49.676,52.803,above,,FC3,F91C3
992T-992R,FC3,F91C3,49.676,52.803,above,,FC3,F91C3
902G-902H,FC3,F91C3,49.676,52.803,above,,FC3,F91C3
56BN-56AZ,FC3,F91C3,49.676,52.803,above,,FC3,F91C3
573T-573M,FC3,F91C3,49.676,52.803,above,,FC3,F91C3
564C-564I,FC3,F91C3,49.676,52.803,above,,FC3,F91C3
565G-565O,FC3,F91C3,49.676,52.803,above,,FC3,F91C3
567W-567U,FC3,F91C3,49.676,52.803,above,,FC3,F91C3
55CC-55BT,FC3,F91C3,49.676,52.803,above,,FC3,F91C3
580H-580D,FC3,F91C3,49.676,52.803,above,,FC3,F91C3
920T-920O,FC3,F91C3,49.676,52.803,above,,FC3,F91C3
81AI-81AH,FC3,F91C3,49.676,52.803,above,,FC3,F91C3
75AR-75AL,FC3,F91C3,49.676,52.803,above,,FC3,F91C3
663R-663P,FC3,F91C3,49.676,52.803,above,,FC3,F91C3
62EZ-62EV,FC3,F91C3,49.676,52.803,above,,FC3,F91C3
791C-791G,FC3,F91C3,49.676,52.803,above,,FC3,F91C3
74AA-74AF,FC3,F91C3,49.676,52.803,above,,FC3,F91C3
64AV-650B,FC3,F91C3,49.676,52.803,above,,FC3,F91C3
680E-680F,FC3,F91C3,49.676,52.803,above,,FC3,F91C3
591N-591K,FC3,F91C3,49.676,52.803,above,,FC3,F91C3
571A-571J,FC3,F91C3,49.676,52.803,above,,FC3,F91C3
711Q-711O,FC3,F91C3,49.676,52.803,above,,FC3,F91C3
920J-91AF,FC3,F91C3,49.676,52.803,above,,FC3,F91C3
810E-810R,FC3,F91C3,49.676,52.803,above,,FC3,F91C3
790J-791A,FC3,F91C3,49.676,52.803,above,,FC3,F91C3
75AE-75AA,FC3,F91C3,49.676,52.803,above,,FC3,F91C3
743U-743O,FC3,F91C3,49.676,52.803,above,,FC3,F91C3
710H-711D,FC3,F91C3,49.676,52.803,above,,FC3,F91C3
662P-662E,FC3,F91C3,49.676,52.803,above,,FC3,F91C3
64AE-64AL,FC3,F91C3,49.676,52.803,above,,FC3,F91C3
62ED-62EK,FC3,F91C3,49.676,52.803,above,,FC3,F91C3
67AC-67AF,FC3,F91C3,49.676,52.803,above,,FC3,F91C3
591C-5910,FC3,F91C3,49.676,52.803,above,,FC3,F91C3
570Q-570K,FC3,F91C3,49.676,52.803,above,,FC3,F91C3
594Q-594P,FC3,F91C3,49.676,52.803,above,,FC3,F91C3
854F-854G,FC3,F91C3,49.676,52.803,above,,FC3,F91C3
852S-852T,FC3,F91C3,49.676,52.803,above,,FC3,F91C3
61BD-61BB,FC3,F91C3,49.676,46.55,above,,FC3,F91C3
622D-622C,FC3,F91C3,49.676,46.55,above,,FC3,F91C3
61BE-61BD,FC3,F91C3,52.803,49.676,above,,FC3,F91C3
852T-853A,FC3,F91C3,52.803,55.929,above,,FC3,F91C3
854G-854E,FC3,F91C3,52.803,55.929,above,,FC3,F91C3
594P-59AE,FC3,F91C3,52.803,55.929,above,,FC3,F91C3
570K-570R,FC3,F91C3,52.803,55.929,above,,FC3,F91C3
5910-590K,FC3,F91C3,52.803,55.929,above,,FC3,F91C3
67AF-67AE,FC3,F91C3,52.803,55.929,above,,FC3,F91C3
62EK-62EQ,FC3,F91C3,52.803,55.929,above,,FC3,F91C3
64AL-64AQ,FC3,F91C3,52.803,55.929,above,,FC3,F91C3
662E-662M,FC3,F91C3,52.803,55.929,above,,FC3,F91C3
711D-710C,FC3,F91C3,52.803,55.929,above,,FC3,F91C3
743O-743L,FC3,F91C3,52.803,55.929,above,,FC3,F91C3
75AA-751T,FC3,F91C3,52.803,55.929,above,,FC3,F91C3
791A-7900,FC3,F91C3,52.803,55.929,above,,FC3,F91C3
810R-810H,FC3,F91C3,52.803,55.929,above,,FC3,F91C3
91AF-920F,FC3,F91C3,52.803,55.929,above,,FC3,F91C3
711O-711K,FC3,F91C3,52.803,55.929,above,,FC3,F91C3
571J-571B,FC3,F91C3,52.803,55.929,above,,FC3,F91C3
591K-592G,FC3,F91C3,52.803,55.929,above,,FC3,F91C3
680F-680O,FC3,F91C3,52.803,55.929,above,,FC3,F91C3
62EV-62FC,FC3,F91C3,52.803,55.929,above,,FC3,F91C3
650B-650D,FC3,F91C3,52.803,55.929,above,,FC3,F91C3
663P-663G,FC3,F91C3,52.803,55.929,above,,FC3,F91C3
74AF-74AG,FC3,F91C3,52.803,55.929,above,,FC3,F91C3
791G-792F,FC3,F91C3,52.803,55.929,above,,FC3,F91C3
75AL-75AN,FC3,F91C3,52.803,55.929,above,,FC3,F91C3
81AH-81AE,FC3,F91C3,52.803,55.929,above,,FC3,F91C3
920O-920V,FC3,F91C3,52.803,55.929,above,,FC3,F91C3
580D-580G,FC3,F91C3,52.803,55.929,above,,FC3,F91C3
55BT-55BV,FC3,F91C3,52.803,55.929,above,,FC3,F91C3
567U-567T,FC3,F91C3,52.803,55.929,above,,FC3,F91C3
565O-565M,FC3,F91C3,52.803,55.929,above,,FC3,F91C3
564I-565B,FC3,F91C3,52.803,55.929,above,,FC3,F91C3
573M-573R,FC3,F91C3,52.803,55.929,above,,FC3,F91C3
56AZ-56BI,FC3,F91C3,52.803,55.929,above,,FC3,F91C3
902H-902N,FC3,F91C3,52.803,55.929,above,,FC3,F91C3
992R-992O,FC3,F91C3,52.803,55.929,above,,FC3,F91C3
982W-982V,FC3,F91C3,52.803,55.929,above,,FC3,F91C3
99BG-99BC,FC3,F91C3,52.803,55.929,above,,FC3,F91C3
000K-000I,FC3,F91C3,52.803,55.929,above,,FC3,F91C3
001A-001H,FC3,F91C3,52.803,55.929,above,,FC3,F91C3
992A-992I,FC3,F91C3,52.803,55.929,above,,FC3,F91C3
65DA-65DI,FC3,F91C3,52.803,55.929,above,,FC3,F91C3
640M-641A,FC3,F91C3,52.803,55.929,above,,FC3,F91C3
62DA-62DB,FC3,F91C3,52.803,55.929,above,,FC3,F91C3
610T-610R,FC3,F91C3,52.803,55.929,above,,FC3,F91C3
893L-893Q,FC3,F91C3,52.803,55.929,above,,FC3,F91C3
914O-914L,FC3,F91C3,52.803,55.929,above,,FC3,F91C3
97AF-9800,FC3,F91C3,52.803,55.929,above,,FC3,F91C3
970M-970W,FC3,F91C3,52.803,55.929,above,,FC3,F91C3
960B-960H,FC3,F91C3,52.803,55.929,above,,FC3,F91C3
95AU-95AI,FC3,F91C3,52.803,55.929,above,,FC3,F91C3
950X-950U,FC3,F91C3,52.803,55.929,above,,FC3,F91C3
798C-799B,FC3,F91C3,52.803,55.929,above,,FC3,F91C3
763Z-770B,FC3,F91C3,52.803,55.929,above,,FC3,F91C3
74CM-74CO,FC3,F91C3,52.803,55.929,above,,FC3,F91C3
726P-726I,FC3,F91C3,52.803,55.929,above,,FC3,F91C3
694S-694V,FC3,F91C3,52.803,55.929,above,,FC3,F91C3
900U-901A,FC3,F91C3,52.803,55.929,above,,FC3,F91C3
930D-92AR,FC3,F91C3,52.803,55.929,above,,FC3,F91C3
62GL-62GM,FC3,F91C3,52.803,55.929,above,,FC3,F91C3
667D-667Q,FC3,F91C3,52.803,55.929,above,,FC3,F91C3
62AR-62AQ,FC3,F91C3,52.803,55.929,above,,FC3,F91C3
65AR-65AO,FC3,F91C3,52.803,55.929,above,,FC3,F91C3
873Z-87AB,FC3,F91C3,52.803,55.929,above,,FC3,F91C3
873B-873J,FC3,F91C3,52.803,55.929,above,,FC3,F91C3
870G-8730,FC3,F91C3,52.803,55.929,above,,FC3,F91C3
861B-861E,FC3,F91C3,52.803,55.929,above,,FC3,F91C3
85AB-85AI,FC3,F91C3,52.803,55.929,above,,FC3,F91C3
854R-854P,FC3,F91C3,52.803,55.929,above,,FC3,F91C3
852J-852C,FC3,F91C3,52.803,55.929,above,,FC3,F91C3
851G-851H,FC3,F91C3,52.803,55.929,above,,FC3,F91C3
84AB-850B,FC3,F91C3,52.803,55.929,above,,FC3,F91C3
83AD-83AL,FC3,F91C3,52.803,55.929,above,,FC3,F91C3
833S-833M,FC3,F91C3,52.803,55.929,above,,FC3,F91C3
833K-833J,FC3,F91C3,52.803,55.929,above,,FC3,F91C3
911F-911E,FC3,F91C3,52.803,55.929,above,,FC3,F91C3
890I-890F,FC3,F91C3,52.803,55.929,above,,FC3,F91C3
800E-801H,FC3,F91C3,52.803,55.929,above,,FC3,F91C3
77BE-780F,FC3,F91C3,52.803,55.929,above,,FC3,F91C3
74GB-74FO,FC3,F91C3,52.803,55.929,above,,FC3,F91C3
730S-730V,FC3,F91C3,52.803,55.929,above,,FC3,F91C3
93AB-931T,FC3,F91C3,52.803,55.929,above,,FC3,F91C3
831A-831F,FC3,F91C3,52.803,55.929,above,,FC3,F91C3
831F-830M,FC3,F91C3,55.929,59.055,above,,FC3,F91C3
931T-931W,FC3,F91C3,55.929,59.055,above,,FC3,F91C3
730V-730X,FC3,F91C3,55.929,59.055,above,,FC3,F91C3
74FO-74GD,FC3,F91C3,55.929,59.055,above,,FC3,F91C3
780F-7800,FC3,F91C3,55.929,59.055,above,,FC3,F91C3
801H-8010,FC3,F91C3,55.929,59.055,above,,FC3,F91C3
890F-88BG,FC3,F91C3,55.929,59.055,above,,FC3,F91C3
911E-9110,FC3,F91C3,55.929,59.055,above,,FC3,F91C3
833J-832G,FC3,F91C3,55.929,59.055,above,,FC3,F91C3
833M-833Q,FC3,F91C3,55.929,59.055,above,,FC3,F91C3
83AL-83AI,FC3,F91C3,55.929,59.055,above,,FC3,F91C3
850B-84AA,FC3,F91C3,55.929,59.055,above,,FC3,F91C3
851H-851L,FC3,F91C3,55.929,59.055,above,,FC3,F91C3
852C-852D,FC3,F91C3,55.929,59.055,above,,FC3,F91C3
854P-854V,FC3,F91C3,55.929,59.055,above,,FC3,F91C3
85AI-860B,FC3,F91C3,55.929,59.055,above,,FC3,F91C3
861E-861G,FC3,F91C3,55.929,59.055,above,,FC3,F91C3
8730-870D,FC3,F91C3,55.929,59.055,above,,FC3,F91C3
873J-873D,FC3,F91C3,55.929,59.055,above,,FC3,F91C3
87AB-87AF,FC3,F91C3,55.929,59.055,above,,FC3,F91C3
65AO-65AS,FC3,F91C3,55.929,59.055,above,,FC3,F91C3
62AQ-62AP,FC3,F91C3,55.929,59.055,above,,FC3,F91C3
667Q-667K,FC3,F91C3,55.929,59.055,above,,FC3,F91C3
62GM-62GH,FC3,F91C3,55.929,59.055,above,,FC3,F91C3
92AR-92AS,FC3,F91C3,55.929,59.055,above,,FC3,F91C3
901A-901C,FC3,F91C3,55.929,59.055,above,,FC3,F91C3
694V-694T,FC3,F91C3,55.929,59.055,above,,FC3,F91C3
726I-7270,FC3,F91C3,55.929,59.055,above,,FC3,F91C3
74CO-74CX,FC3,F91C3,55.929,59.055,above,,FC3,F91C3
770B-763V,FC3,F91C3,55.929,59.055,above,,FC3,F91C3
799B-798A,FC3,F91C3,55.929,59.055,above,,FC3,F91C3
950U-950Q,FC3,F91C3,55.929,59.055,above,,FC3,F91C3
95AI-95AP,FC3,F91C3,55.929,59.055,above,,FC3,F91C3
960H-960F,FC3,F91C3,55.929,59.055,above,,FC3,F91C3
970W-970O,FC3,F91C3,55.929,59.055,above,,FC3,F91C3
9800-97AD,FC3,F91C3,55.929,59.055,above,,FC3,F91C3
914L-914Q,FC3,F91C3,55.929,59.055,above,,FC3,F91C3
893Q-893O,FC3,F91C3,55.929,59.055,above,,FC3,F91C3
610R-610O,FC3,F91C3,55.929,59.055,above,,FC3,F91C3
62DB-62CK,FC3,F91C3,55.929,59.055,above,,FC3,F91C3
641A-640K,FC3,F91C3,55.929,59.055,above,,FC3,F91C3
65DI-65DO,FC3,F91C3,55.929,59.055,above,,FC3,F91C3
992I-992D,FC3,F91C3,55.929,59.055,above,,FC3,F91C3
001H-001E,FC3,F91C3,55.929,59.055,above,,FC3,F91C3
000I-000J,FC3,F91C3,55.929,59.055,above,,FC3,F91C3
99BC-99AV,FC3,F91C3,55.929,59.055,above,,FC3,F91C3
982V-982R,FC3,F91C3,55.929,59.055,above,,FC3,F91C3
992O-992Y,FC3,F91C3,55.929,59.055,above,,FC3,F91C3
902N-902L,FC3,F91C3,55.929,59.055,above,,FC3,F91C3
56BI-56BG,FC3,F91C3,55.929,59.055,above,,FC3,F91C3
573R-573Q,FC3,F91C3,55.929,59.055,above,,FC3,F91C3
565B-564J,FC3,F91C3,55.929,59.055,above,,FC3,F91C3
565M-565L,FC3,F91C3,55.929,59.055,above,,FC3,F91C3
567T-567V,FC3,F91C3,55.929,59.055,above,,FC3,F91C3
55BV-55CG,FC3,F91C3,55.929,59.055,above,,FC3,F91C3
580G-580L,FC3,F91C3,55.929,59.055,above,,FC3,F91C3
920V-920W,FC3,F91C3,55.929,59.055,above,,FC3,F91C3
81AE-81AF,FC3,F91C3,55.929,59.055,above,,FC3,F91C3
75AN-75AK,FC3,F91C3,55.929,59.055,above,,FC3,F91C3
663G-663C,FC3,F91C3,55.929,59.055,above,,FC3,F91C3
62FC-62FA,FC3,F91C3,55.929,59.055,above,,FC3,F91C3
792F-791B,FC3,F91C3,55.929,59.055,above,,FC3,F91C3
74AG-743Z,FC3,F91C3,55.929,59.055,above,,FC3,F91C3
650D-650C,FC3,F91C3,55.929,59.055,above,,FC3,F91C3
680O-680M,FC3,F91C3,55.929,59.055,above,,FC3,F91C3
592G-592E,FC3,F91C3,55.929,59.055,above,,FC3,F91C3
571B-571L,FC3,F91C3,55.929,59.055,above,,FC3,F91C3
711K-711U,FC3,F91C3,55.929,59.055,above,,FC3,F91C3
920F-920C,FC3,F91C3,55.929,59.055,above,,FC3,F91C3
810H-810J,FC3,F91C3,55.929,59.055,above,,FC3,F91C3
7900-790B,FC3,F91C3,55.929,59.055,above,,FC3,F91C3
751T-751Y,FC3,F91C3,55.929,59.055,above,,FC3,F91C3
743L-743V,FC3,F91C3,55.929,59.055,above,,FC3,F91C3
710C-710G,FC3,F91C3,55.929,59.055,above,,FC3,F91C3
662M-662N,FC3,F91C3,55.929,59.055,above,,FC3,F91C3
64AQ-64AO,FC3,F91C3,55.929,59.055,above,,FC3,F91C3
62EQ-62EB,FC3,F91C3,55.929,59.055,above,,FC3,F91C3
67AE-680B,FC3,F91C3,55.929,59.055,above,,FC3,F91C3
590K-590L,FC3,F91C3,55.929,59.055,above,,FC3,F91C3
570R-570V,FC3,F91C3,55.929,59.055,above,,FC3,F91C3
59AE-594T,FC3,F91C3,55.929,59.055,above,,FC3,F91C3
854E-8540,FC3,F91C3,55.929,59.055,above,,FC3,F91C3
853A-853G,FC3,F91C3,55.929,59.055,above,,FC3,F91C3
61AV-61BE,FC3,F91C3,55.929,52.803,above,,FC3,F91C3
620G-622B,FC3,F91C3,55.929,52.803,above,,FC3,F91C3
592D-591J,FC3,F91C3,62.778,66.502,above,,FC3,F91C3
573S-573H,FC3,F91C3,62.778,66.502,above,,FC3,F91C3
565Q-565U,FC3,F91C3,62.778,66.502,above,,FC3,F91C3
56AY-56BD,FC3,F91C3,62.778,66.502,above,,FC3,F91C3
55CE-55CB,FC3,F91C3,62.778,66.502,above,,FC3,F91C3
567X-567R,FC3,F91C3,62.778,66.502,above,,FC3,F91C3
564G-5650,FC3,F91C3,62.778,66.502,above,,FC3,F91C3
580C-57AA,FC3,F91C3,62.778,66.502,above,,FC3,F91C3
594W-594X,FC3,F91C3,62.778,66.502,above,,FC3,F91C3
570L-570T,FC3,F91C3,62.778,66.502,above,,FC3,F91C3
591B-590H,FC3,F91C3,62.778,66.502,above,,FC3,F91C3
571K-571O,FC3,F91C3,62.778,66.502,above,,FC3,F91C3
64AU-650A,FC3,F91C3,62.778,66.502,above,,FC3,F91C3
711I-711L,FC3,F91C3,62.778,66.502,above,,FC3,F91C3
74AD-74AC,FC3,F91C3,62.778,66.502,above,,FC3,F91C3
920D-920H,FC3,F91C3,62.778,66.502,above,,FC3,F91C3
541P-541L,FC3,F91C3,40.25,43.152,above,,FC3,F91C3
541P-564L,FC3,F91C3,40.25,40.25,above,,FC3,F91C3
52AK-541P,FC3,F91C3,40.25,40.25,above,,FC3,F91C3
564L-565E,FC3,F91C3,40.25,43.152,above,,FC3,F91C3
81AA-810Y,FC3,F91C3,62.778,66.502,above,,FC3,F91C3
743I-743M,FC3,F91C3,62.778,66.502,above,,FC3,F91C3
920Z-920X,FC3,F91C3,62.778,66.502,above,,FC3,F91C3
853F-852V,FC3,F91C3,62.778,66.502,above,,FC3,F91C3
62ER-62EG,FC3,F91C3,62.778,66.502,above,,FC3,F91C3
62FD-62FH,FC3,F91C3,62.778,66.502,above,,FC3,F91C3
791J-791D,FC3,F91C3,62.778,66.502,above,,FC3,F91C3
790E-790H,FC3,F91C3,62.778,66.502,above,,FC3,F91C3
662K-662D,FC3,F91C3,62.778,66.502,above,,FC3,F91C3
854D-853I,FC3,F91C3,62.778,66.502,above,,FC3,F91C3
75AQ-75AG,FC3,F91C3,62.778,66.502,above,,FC3,F91C3
67AO-67AJ,FC3,F91C3,62.778,66.502,above,,FC3,F91C3
64AC-64AN,FC3,F91C3,62.778,66.502,above,,FC3,F91C3
61AS-61AY,FC3,F91C3,66.502,62.778,above,,FC3,F91C3
590I-600G,FC3,F91C3,42.755,42.755,above,,FC3,F91C3
61AU-620A,FC3,F91C3,42.755,39.755,above,,FC3,F91C3
710J-710E,FC3,F91C3,62.778,66.502,above,,FC3,F91C3
751P-751Z,FC3,F91C3,62.778,66.502,above,,FC3,F91C3
810S-810P,FC3,F91C3,62.778,66.502,above,,FC3,F91C3
62EF-62EI,FC3,F91C3,42.755,43.152,above,,FC3,F91C3
62EF-63AQ,FC3,F91C3,42.755,42.755,above,,FC3,F91C3
663Q-663O,FC3,F91C3,62.778,66.502,above,,FC3,F91C3
680R-680J,FC3,F91C3,62.778,66.502,above,,FC3,F91C3
64AJ-64AA,FC3,F91C3,42.755,43.152,above,,FC3,F91C3
64AJ-65BV,FC3,F91C3,42.755,42.755,above,,FC3,F91C3
662L-662C,FC3,F91C3,42.755,43.152,above,,FC3,F91C3
832H-833A,FC3,F91C3,62.778,66.502,above,,FC3,F91C3
833N-833O,FC3,F91C3,62.778,66.502,above,,FC3,F91C3
62EJ-62ED,FC3,F91C3,48.555,49.676,above,,FC3,F91C3
62EJ-63AR,FC3,F91C3,48.555,48.555,above,,FC3,F91C3
8400-83AG,FC3,F91C3,62.778,66.502,above,,FC3,F91C3
840S-850C,FC3,F91C3,62.778,66.502,above,,FC3,F91C3
64AP-64AE,FC3,F91C3,48.555,49.676,above,,FC3,F91C3
64AP-65BU,FC3,F91C3,48.555,48.555,above,,FC3,F91C3
663A-662P,FC3,F91C3,48.555,49.676,above,,FC3,F91C3
851C-851I,FC3,F91C3,62.778,66.502,above,,FC3,F91C3
852K-852I,FC3,F91C3,62.778,66.502,above,,FC3,F91C3
854X-85AA,FC3,F91C3,62.778,66.502,above,,FC3,F91C3
8600-860C,FC3,F91C3,62.778,66.502,above,,FC3,F91C3
861F-860G,FC3,F91C3,62.778,66.502,above,,FC3,F91C3
870F-871F,FC3,F91C3,62.778,66.502,above,,FC3,F91C3
600G-61AU,FC3,F91C3,42.755,42.755,above,,FC3,F91C3
873P-873F,FC3,F91C3,62.778,66.502,above,,FC3,F91C3
873Q-873W,FC3,F91C3,62.778,66.502,above,,FC3,F91C3
61AY-61AX,FC3,F91C3,62.778,59.055,above,,FC3,F91C3
63AQ-63AS,FC3,F91C3,42.755,43.152,above,,FC3,F91C3
63AQ-64AJ,FC3,F91C3,42.755,42.755,above,,FC3,F91C3
63AR-64AP,FC3,F91C3,48.555,48.555,above,,FC3,F91C3
621A-622A,FC3,F91C3,62.778,59.055,above,,FC3,F91C3
92AT-930C,FC3,F91C3,62.778,66.502,above,,FC3,F91C3
65BV-65BT,FC3,F91C3,42.755,43.152,above,,FC3,F91C3
65BV-662L,FC3,F91C3,42.755,42.755,above,,FC3,F91C3
900W-901E,FC3,F91C3,62.778,66.502,above,,FC3,F91C3
95AD-95AB,FC3,F91C3,62.778,66.502,above,,FC3,F91C3
95AT-95AM,FC3,F91C3,62.778,66.502,above,,FC3,F91C3
960N-960E,FC3,F91C3,62.778,66.502,above,,FC3,F91C3
970Q-97AA,FC3,F91C3,62.778,66.502,above,,FC3,F91C3
97AH-980A,FC3,F91C3,62.778,66.502,above,,FC3,F91C3
65BU-663A,FC3,F91C3,48.555,48.555,above,,FC3,F91C3
914J-914K,FC3,F91C3,62.778,66.502,above,,FC3,F91C3
893J-893N,FC3,F91C3,62.778,66.502,above,,FC3,F91C3
9920-992B,FC3,F91C3,62.778,66.502,above,,FC3,F91C3
001N-001G,FC3,F91C3,62.778,66.502,above,,FC3,F91C3
64AD-64AB,FC3,F91C3,27.055,29.055,above,,FC3,F91C3
64AD-62EO,FC3,F91C3,27.055,27.055,above,,FC3,F91C3
62EO-62EM,FC3,F91C3,27.055,29.055,above,,FC3,F91C3
62EO-61AZ,FC3,F91C3,27.055,27.055,above,,FC3,F91C3
000A-000H,FC3,F91C3,62.778,66.502,above,,FC3,F91C3
99AZ-99AX,FC3,F91C3,62.778,66.502,above,,FC3,F91C3
982Y-991A,FC3,F91C3,62.778,66.502,above,,FC3,F91C3
992P-992X,FC3,F91C3,62.778,66.502,above,,FC3,F91C3
54AA-541X,FC3,F91C3,40.25,43.152,above,,FC3,F91C3
54AA-565R,FC3,F91C3,40.25,40.25,above,,FC3,F91C3
5300-54AA,FC3,F91C3,40.25,40.25,above,,FC3,F91C3
565R-565K,FC3,F91C3,40.25,43.152,above,,FC3,F91C3
565T-565I,FC3,F91C3,24.555,26.805,above,,FC3,F91C3
571N-571G,FC3,F91C3,24.555,26.805,above,,FC3,F91C3
622H-621A,FC3,F91C3,66.502,62.778,above,,FC3,F91C3
591M-600K,FC3,F91C3,42.755,42.755,above,,FC3,F91C3
620E-620D,FC3,F91C3,42.755,39.755,above,,FC3,F91C3
62ET-62FJ,FC3,F91C3,42.755,43.152,above,,FC3,F91C3
62ET-63AV,FC3,F91C3,42.755,42.755,above,,FC3,F91C3
650G-64AT,FC3,F91C3,42.755,43.152,above,,FC3,F91C3
650G-65BX,FC3,F91C3,42.755,42.755,above,,FC3,F91C3
650H-64AV,FC3,F91C3,48.555,49.676,above,,FC3,F91C3
650H-65BZ,FC3,F91C3,48.555,48.555,above,,FC3,F91C3
663E-663R,FC3,F91C3,48.555,49.676,above,,FC3,F91C3
65BX-65BW,FC3,F91C3,42.755,43.152,above,,FC3,F91C3
65BX-663L,FC3,F91C3,42.755,42.755,above,,FC3,F91C3
650J-650K,FC3,F91C3,27.055,29.055,above,,FC3,F91C3
650J-62EU,FC3,F91C3,27.055,27.055,above,,FC3,F91C3
62EU-62ES,FC3,F91C3,27.055,29.055,above,,FC3,F91C3
62EU-620F,FC3,F91C3,27.055,27.055,above,,FC3,F91C3
663L-663I,FC3,F91C3,42.755,43.152,above,,FC3,F91C3
62EW-62EZ,FC3,F91C3,48.555,49.676,above,,FC3,F91C3
62EW-63AW,FC3,F91C3,48.555,48.555,above,,FC3,F91C3
600K-620E,FC3,F91C3,42.755,42.755,above,,FC3,F91C3
63AV-63AX,FC3,F91C3,42.755,43.152,above,,FC3,F91C3
63AV-650G,FC3,F91C3,42.755,42.755,above,,FC3,F91C3
63AW-650H,FC3,F91C3,48.555,48.555,above,,FC3,F91C3
65BZ-663E,FC3,F91C3,48.555,48.555,above,,FC3,F91C3
930B-930A,FC3,F91C3,46.55,49.676,above,,FC3,F91C3
901D-901B,FC3,F91C3,46.55,49.676,above,,FC3,F91C3
893M-893K,FC3,F91C3,46.55,49.676,above,,FC3,F91C3
914N-914M,FC3,F91C3,46.55,49.676,above,,FC3,F91C3
55AQ-55AM,FC3,F91C3,40.25,43.152,above,,FC3,F91C3
55AQ-56AF,FC3,F91C3,40.25,40.25,above,,FC3,F91C3
53BU-55AQ,FC3,F91C3,40.25,40.25,above,,FC3,F91C3
56AF-56AC,FC3,F91C3,40.25,43.152,above,,FC3,F91C3
56AH-56AA,FC3,F91C3,24.555,26.805,above,,FC3,F91C3
62BB-610C,FC3,F91C3,27.055,27.055,above,,FC3,F91C3
62BB-62BA,FC3,F91C3,27.055,24.555,above,,FC3,F91C3
630Q-62CI,FC3,F91C3,27.055,27.055,above,,FC3,F91C3
630Q-630T,FC3,F91C3,27.055,24.555,above,,FC3,F91C3
65DK-65DP,FC3,F91C3,42.755,39.755,above,,FC3,F91C3
574Z-580J,FC3,F91C3,42.755,39.755,above,,FC3,F91C3
574Z-59AL,FC3,F91C3,42.755,42.755,above,,FC3,F91C3
610A-610L,FC3,F91C3,42.755,39.755,above,,FC3,F91C3
62CT-62CW,FC3,F91C3,42.755,39.755,above,,FC3,F91C3
62CT-630P,FC3,F91C3,42.755,42.755,above,,FC3,F91C3
640N-640L,FC3,F91C3,42.755,39.755,above,,FC3,F91C3
640N-65BM,FC3,F91C3,42.755,42.755,above,,FC3,F91C3
610B-610Q,FC3,F91C3,48.555,49.676,above,,FC3,F91C3
62CV-630V,FC3,F91C3,48.555,48.555,above,,FC3,F91C3
62CV-62CJ,FC3,F91C3,48.555,49.676,above,,FC3,F91C3
640U-65BJ,FC3,F91C3,48.555,48.555,above,,FC3,F91C3
640U-640G,FC3,F91C3,48.555,49.676,above,,FC3,F91C3
65CY-65DL,FC3,F91C3,48.555,49.676,above,,FC3,F91C3
57AD-59AH,FC3,F91C3,48.555,48.555,above,,FC3,F91C3
57AD-580H,FC3,F91C3,48.555,49.676,above,,FC3,F91C3
594V-59AD,FC3,F91C3,24.555,26.805,above,,FC3,F91C3
573G-573K,FC3,F91C3,24.555,26.805,above,,FC3,F91C3
573L-573T,FC3,F91C3,47.155,49.676,above,,FC3,F91C3
594Z-59AF,FC3,F91C3,47.155,48.555,above,,FC3,F91C3
62AU-62AV,FC3,F91C3,47.155,48.555,above,,FC3,F91C3
62GJ-62GS,FC3,F91C3,47.155,48.555,above,,FC3,F91C3
65AV-65AZ,FC3,F91C3,47.155,48.555,above,,FC3,F91C3
667N-667M,FC3,F91C3,47.155,48.555,above,,FC3,F91C3
53CQ-53CN,FC3,F91C3,40.25,43.152,above,,FC3,F91C3
53CQ-55BY,FC3,F91C3,40.25,40.25,above,,FC3,F91C3
51AC-53CQ,FC3,F91C3,40.25,40.25,above,,FC3,F91C3
55BY-55BW,FC3,F91C3,40.25,43.152,above,,FC3,F91C3
55CA-55CD,FC3,F91C3,24.555,26.805,above,,FC3,F91C3
56BE-56BL,FC3,F91C3,43.955,43.152,above,,FC3,F91C3
56BF-56BN,FC3,F91C3,47.155,49.676,above,,FC3,F91C3
57AB-574Y,FC3,F91C3,43.955,43.152,above,,FC3,F91C3
57AC-57AD,FC3,F91C3,47.155,48.555,above,,FC3,F91C3
610I-6100,FC3,F91C3,43.955,43.152,above,,FC3,F91C3
610J-610B,FC3,F91C3,47.155,48.555,above,,FC3,F91C3
62CM-62CQ,FC3,F91C3,43.955,43.152,above,,FC3,F91C3
62CN-62CV,FC3,F91C3,47.155,48.555,above,,FC3,F91C3
640Q-640C,FC3,F91C3,43.955,43.152,above,,FC3,F91C3
640R-640U,FC3,F91C3,47.155,48.555,above,,FC3,F91C3
65DD-65DR,FC3,F91C3,43.955,43.152,above,,FC3,F91C3
65DE-65CY,FC3,F91C3,47.155,48.555,above,,FC3,F91C3
83AE-83AN,FC4,F91C4,27.055,29.055,above,,FC4,F91C4
840F-840I,FC4,F91C4,27.055,29.055,above,,FC4,F91C4
840X-851A,FC4,F91C4,27.055,29.055,above,,FC4,F91C4
860J-861H,FC4,F91C4,27.055,29.055,above,,FC4,F91C4
861V-861Z,FC4,F91C4,27.055,29.055,above,,FC4,F91C4
861V-861M,FC4,F91C4,27.055,24.555,above,,FC4,F91C4
871B-870E,FC4,F91C4,27.055,29.055,above,,FC4,F91C4
870E-871C,FC4,F91C4,29.055,31.805,above,,FC4,F91C4
861Z-8700,FC4,F91C4,29.055,31.805,above,,FC4,F91C4
851A-840T,FC4,F91C4,29.055,31.805,above,,FC4,F91C4
840I-840G,FC4,F91C4,29.055,31.805,above,,FC4,F91C4
83AN-83AH,FC4,F91C4,29.055,31.805,above,,FC4,F91C4
861H-861A,FC4,F91C4,29.055,31.805,above,,FC4,F91C4
833R-833L,FC4,F91C4,34.555,37.155,above,,FC4,F91C4
851J-851F,FC4,F91C4,34.555,37.155,above,,FC4,F91C4
85AH-860E,FC4,F91C4,34.555,37.155,above,,FC4,F91C4
873O-873E,FC4,F91C4,34.555,37.155,above,,FC4,F91C4
83AB-83AC,FC4,F91C4,21.555,24.555,above,,FC4,F91C4
840K-840N,FC4,F91C4,21.555,24.555,above,,FC4,F91C4
850A-8510,FC4,F91C4,21.555,24.555,above,,FC4,F91C4
860M-861C,FC4,F91C4,21.555,24.555,above,,FC4,F91C4
86AA-861M,FC4,F91C4,21.555,24.555,above,,FC4,F91C4
870H-871E,FC4,F91C4,21.555,24.555,above,,FC4,F91C4
83AC-83AK,FC4,F91C4,24.555,26.805,above,,FC4,F91C4
840N-840F,FC4,F91C4,24.555,27.055,above,,FC4,F91C4
8510-840V,FC4,F91C4,24.555,26.805,above,,FC4,F91C4
861C-860K,FC4,F91C4,24.555,26.805,above,,FC4,F91C4
871E-8710,FC4,F91C4,24.555,26.805,above,,FC4,F91C4
85AD-860D,FC4,F91C4,39.755,43.152,above,,FC4,F91C4
83AA-833Z,FC4,F91C4,39.755,43.152,above,,FC4,F91C4
873N-873C,FC4,F91C4,39.755,43.152,above,,FC4,F91C4
851N-851P,FC4,F91C4,39.755,43.152,above,,FC4,F91C4
8710-871B,FC4,F91C4,26.805,27.055,above,,FC4,F91C4
860K-860J,FC4,F91C4,26.805,27.055,above,,FC4,F91C4
840V-840X,FC4,F91C4,26.805,27.055,above,,FC4,F91C4
83AK-83AE,FC4,F91C4,26.805,27.055,above,,FC4,F91C4
861A-8610,FC4,F91C4,31.805,34.555,above,,FC4,F91C4
83AH-83AM,FC4,F91C4,31.805,34.555,above,,FC4,F91C4
840G-840J,FC4,F91C4,31.805,34.555,above,,FC4,F91C4
840T-851B,FC4,F91C4,31.805,34.555,above,,FC4,F91C4
8700-861P,FC4,F91C4,31.805,34.555,above,,FC4,F91C4
871C-871D,FC4,F91C4,31.805,34.555,above,,FC4,F91C4
873E-873N,FC4,F91C4,37.155,39.755,above,,FC4,F91C4
860E-85AD,FC4,F91C4,37.155,39.755,above,,FC4,F91C4
851F-851N,FC4,F91C4,37.155,39.755,above,,FC4,F91C4
833L-83AA,FC4,F91C4,37.155,39.755,above,,FC4,F91C4
860D-85AE,FC4,F91C4,43.152,46.55,above,,FC4,F91C4
833Z-833V,FC4,F91C4,43.152,46.55,above,,FC4,F91C4
873C-873H,FC4,F91C4,43.152,46.55,above,,FC4,F91C4
851P-8520,FC4,F91C4,43.152,46.55,above,,FC4,F91C4
992N-99AA,FC5,F91C5,29.055,31.805,above,,FC5,F91C5
980C-980F,FC5,F91C5,29.055,31.805,above,,FC5,F91C5
960C-95AV,FC5,F91C5,29.055,31.805,above,,FC5,F91C5
95AS-95AJ,FC5,F91C5,29.055,31.805,above,,FC5,F91C5
982U-990B,FC5,F91C5,29.055,31.805,above,,FC5,F91C5
960Q-960S,FC5,F91C5,29.055,31.805,above,,FC5,F91C5
000L-99BL,FC5,F91C5,29.055,31.805,above,,FC5,F91C5
992C-991C,FC5,F91C5,29.055,31.805,above,,FC5,F91C5
981K-981N,FC5,F91C5,29.055,31.805,above,,FC5,F91C5
970B-96AC,FC5,F91C5,29.055,31.805,above,,FC5,F91C5
99AT-99AS,FC5,F91C5,29.055,31.805,above,,FC5,F91C5
950W-950R,FC5,F91C5,29.055,31.805,above,,FC5,F91C5
001F-001I,FC5,F91C5,29.055,31.805,above,,FC5,F91C5
970V-970S,FC5,F91C5,29.055,31.805,above,,FC5,F91C5
99BH-99BA,FC5,F91C5,29.055,31.805,above,,FC5,F91C5
960M-960D,FC5,F91C5,34.555,37.155,above,,FC5,F91C5
95AN-95AQ,FC5,F91C5,34.555,37.155,above,,FC5,F91C5
97AB-970P,FC5,F91C5,34.555,37.155,above,,FC5,F91C5
992J-992M,FC5,F91C5,34.555,37.155,above,,FC5,F91C5
96AB-970H,FC5,F91C5,34.555,37.155,above,,FC5,F91C5
001K-001J,FC5,F91C5,34.555,37.155,above,,FC5,F91C5
950Y-950P,FC5,F91C5,34.555,37.155,above,,FC5,F91C5
960V-960P,FC5,F91C5,34.555,37.155,above,,FC5,F91C5
000F-000D,FC5,F91C5,34.555,37.155,above,,FC5,F91C5
99AU-99BD,FC5,F91C5,34.555,37.155,above,,FC5,F91C5
980D-97AK,FC5,F91C5,34.555,37.155,above,,FC5,F91C5
9900-98AA,FC5,F91C5,34.555,37.155,above,,FC5,F91C5
99AK-99AN,FC5,F91C5,34.555,37.155,above,,FC5,F91C5
992W-992Z,FC5,F91C5,34.555,37.155,above,,FC5,F91C5
992U-992Q,FC5,F91C5,39.755,43.152,above,,FC5,F91C5
99AD-99AP,FC5,F91C5,39.755,43.152,above,,FC5,F91C5
982X-982T,FC5,F91C5,39.755,43.152,above,,FC5,F91C5
97AG-980E,FC5,F91C5,39.755,43.152,above,,FC5,F91C5
99BB-99AY,FC5,F91C5,39.755,43.152,above,,FC5,F91C5
99BK-0000,FC5,F91C5,39.755,43.152,above,,FC5,F91C5
960Z-960X,FC5,F91C5,39.755,43.152,above,,FC5,F91C5
950Z-950T,FC5,F91C5,39.755,43.152,above,,FC5,F91C5
001L-001D,FC5,F91C5,39.755,43.152,above,,FC5,F91C5
970I-9700,FC5,F91C5,39.755,43.152,above,,FC5,F91C5
992F-992K,FC5,F91C5,39.755,43.152,above,,FC5,F91C5
970N-970R,FC5,F91C5,39.755,43.152,above,,FC5,F91C5
95AH-95AF,FC5,F91C5,39.755,43.152,above,,FC5,F91C5
9600-960I,FC5,F91C5,39.755,43.152,above,,FC5,F91C5
981F-981M,FC5,F91C5,24.555,26.805,above,,FC5,F91C5
001C-001F,FC5,F91C5,26.805,29.055,above,,FC5,F91C5
000E-000L,FC5,F91C5,26.805,29.055,above,,FC5,F91C5
99AW-99BH,FC5,F91C5,26.805,29.055,above,,FC5,F91C5
99AL-99AT,FC5,F91C5,26.805,29.055,above,,FC5,F91C5
99AB-992N,FC5,F91C5,26.805,29.055,above,,FC5,F91C5
992E-992C,FC5,F91C5,26.805,29.055,above,,FC5,F91C5
990A-982U,FC5,F91C5,26.805,29.055,above,,FC5,F91C5
980B-980C,FC5,F91C5,26.805,29.055,above,,FC5,F91C5
970Y-970V,FC5,F91C5,26.805,29.055,above,,FC5,F91C5
970L-970B,FC5,F91C5,26.805,29.055,above,,FC5,F91C5
960U-960Q,FC5,F91C5,26.805,29.055,above,,FC5,F91C5
960G-960C,FC5,F91C5,26.805,29.055,above,,FC5,F91C5
95AR-95AS,FC5,F91C5,26.805,29.055,above,,FC5,F91C5
95AE-950W,FC5,F91C5,26.805,29.055,above,,FC5,F91C5
981M-981K,FC5,F91C5,26.805,29.055,above,,FC5,F91C5
99BA-99AU,FC5,F91C5,31.805,34.555,above,,FC5,F91C5
970S-97AB,FC5,F91C5,31.805,34.555,above,,FC5,F91C5
001I-001K,FC5,F91C5,31.805,34.555,above,,FC5,F91C5
950R-950Y,FC5,F91C5,31.805,34.555,above,,FC5,F91C5
99AS-99AK,FC5,F91C5,31.805,34.555,above,,FC5,F91C5
96AC-96AB,FC5,F91C5,31.805,34.555,above,,FC5,F91C5
981N-981D,FC5,F91C5,31.805,34.555,above,,FC5,F91C5
991C-992J,FC5,F91C5,31.805,34.555,above,,FC5,F91C5
99BL-000F,FC5,F91C5,31.805,34.555,above,,FC5,F91C5
960S-960V,FC5,F91C5,31.805,34.555,above,,FC5,F91C5
990B-9900,FC5,F91C5,31.805,34.555,above,,FC5,F91C5
95AJ-95AN,FC5,F91C5,31.805,34.555,above,,FC5,F91C5
95AV-960M,FC5,F91C5,31.805,34.555,above,,FC5,F91C5
980F-980D,FC5,F91C5,31.805,34.555,above,,FC5,F91C5
99AA-992W,FC5,F91C5,31.805,34.555,above,,FC5,F91C5
960D-9600,FC5,F91C5,37.155,39.755,above,,FC5,F91C5
95AQ-95AH,FC5,F91C5,37.155,39.755,above,,FC5,F91C5
970P-970N,FC5,F91C5,37.155,39.755,above,,FC5,F91C5
992M-992F,FC5,F91C5,37.155,39.755,above,,FC5,F91C5
970H-970I,FC5,F91C5,37.155,39.755,above,,FC5,F91C5
001J-001L,FC5,F91C5,37.155,39.755,above,,FC5,F91C5
950P-950Z,FC5,F91C5,37.155,39.755,above,,FC5,F91C5
960P-960Z,FC5,F91C5,37.155,39.755,above,,FC5,F91C5
000D-99BK,FC5,F91C5,37.155,39.755,above,,FC5,F91C5
99BD-99BB,FC5,F91C5,37.155,39.755,above,,FC5,F91C5
97AK-97AG,FC5,F91C5,37.155,39.755,above,,FC5,F91C5
98AA-982X,FC5,F91C5,37.155,39.755,above,,FC5,F91C5
99AN-99AD,FC5,F91C5,37.155,39.755,above,,FC5,F91C5
992Z-992U,FC5,F91C5,37.155,39.755,above,,FC5,F91C5
992Q-99AC,FC5,F91C5,43.152,46.55,above,,FC5,F91C5
99AP-99AM,FC5,F91C5,43.152,46.55,above,,FC5,F91C5
982T-9910,FC5,F91C5,43.152,46.55,above,,FC5,F91C5
980E-97AC,FC5,F91C5,43.152,46.55,above,,FC5,F91C5
99AY-99BI,FC5,F91C5,43.152,46.55,above,,FC5,F91C5
0000-000C,FC5,F91C5,43.152,46.55,above,,FC5,F91C5
960X-960Y,FC5,F91C5,43.152,46.55,above,,FC5,F91C5
950T-950S,FC5,F91C5,43.152,46.55,above,,FC5,F91C5
001D-0010,FC5,F91C5,43.152,46.55,above,,FC5,F91C5
9700-970C,FC5,F91C5,43.152,46.55,above,,FC5,F91C5
992K-992G,FC5,F91C5,43.152,46.55,above,,FC5,F91C5
970R-970Z,FC5,F91C5,43.152,46.55,above,,FC5,F91C5
95AF-95AK,FC5,F91C5,43.152,46.55,above,,FC5,F91C5
960I-960J,FC5,F91C5,43.152,46.55,above,,FC5,F91C5
95AA-95AC,FC5,F91C5,21.555,24.555,above,,FC5,F91C5
95AL-95AO,FC5,F91C5,21.555,24.555,above,,FC5,F91C5
960L-960A,FC5,F91C5,21.555,24.555,above,,FC5,F91C5
970G-970A,FC5,F91C5,21.555,24.555,above,,FC5,F91C5
970X-970T,FC5,F91C5,21.555,24.555,above,,FC5,F91C5
97AI-97AE,FC5,F91C5,21.555,24.555,above,,FC5,F91C5
982Q-982S,FC5,F91C5,21.555,24.555,above,,FC5,F91C5
992H-991B,FC5,F91C5,21.555,24.555,above,,FC5,F91C5
992S-992V,FC5,F91C5,21.555,24.555,above,,FC5,F91C5
99BJ-99BE,FC5,F91C5,21.555,24.555,above,,FC5,F91C5
000G-000B,FC5,F91C5,21.555,24.555,above,,FC5,F91C5
001M-001B,FC5,F91C5,21.555,24.555,above,,FC5,F91C5
95AC-95AE,FC5,F91C5,24.555,26.805,above,,FC5,F91C5
95AO-95AR,FC5,F91C5,24.555,26.805,above,,FC5,F91C5
960A-960G,FC5,F91C5,24.555,26.805,above,,FC5,F91C5
960R-960U,FC5,F91C5,24.555,26.805,above,,FC5,F91C5
970A-970L,FC5,F91C5,24.555,26.805,above,,FC5,F91C5
970T-970Y,FC5,F91C5,24.555,26.805,above,,FC5,F91C5
97AE-980B,FC5,F91C5,24.555,26.805,above,,FC5,F91C5
982S-990A,FC5,F91C5,24.555,26.805,above,,FC5,F91C5
991B-992E,FC5,F91C5,24.555,26.805,above,,FC5,F91C5
992V-99AB,FC5,F91C5,24.555,26.805,above,,FC5,F91C5
99AG-99AL,FC5,F91C5,24.555,26.805,above,,FC5,F91C5
99BE-99AW,FC5,F91C5,24.555,26.805,above,,FC5,F91C5
000B-000E,FC5,F91C5,24.555,26.805,above,,FC5,F91C5
001B-001C,FC5,F91C5,24.555,26.805,above,,FC5,F91C5
65DH-65DE,FC6,F91C6,46.55,47.155,above,,FC6,F91C6
641B-640R,FC6,F91C6,46.55,47.155,above,,FC6,F91C6
62CY-62CN,FC6,F91C6,46.55,47.155,above,,FC6,F91C6
610E-610J,FC6,F91C6,46.55,47.155,above,,FC6,F91C6
580A-57AC,FC6,F91C6,46.55,47.155,above,,FC6,F91C6
56BK-56BF,FC6,F91C6,46.55,47.155,above,,FC6,F91C6
667B-667N,FC6,F91C6,46.55,47.155,above,,FC6,F91C6
65AM-65AV,FC6,F91C6,46.55,47.155,above,,FC6,F91C6
62GP-62GJ,FC6,F91C6,46.55,47.155,above,,FC6,F91C6
62AM-62AU,FC6,F91C6,46.55,47.155,above,,FC6,F91C6
59AA-594Z,FC6,F91C6,46.55,47.155,above,,FC6,F91C6
573P-573L,FC6,F91C6,46.55,47.155,above,,FC6,F91C6
65CG-65CK,FC6,F91C6,46.55,47.155,above,,FC6,F91C6
6400-63BR,FC6,F91C6,46.55,47.155,above,,FC6,F91C6
600W-600Y,FC6,F91C6,46.55,47.155,above,,FC6,F91C6
65BI-65BK,FC6,F91C6,46.55,47.155,above,,FC6,F91C6
630U-630W,FC6,F91C6,46.55,47.155,above,,FC6,F91C6
59AM-59AJ,FC6,F91C6,46.55,47.155,above,,FC6,F91C6
59AI-59AM,FC6,F91C6,43.955,46.55,above,,FC6,F91C6
630O-630U,FC6,F91C6,43.955,46.55,above,,FC6,F91C6
65BL-65BI,FC6,F91C6,43.955,46.55,above,,FC6,F91C6
600X-600W,FC6,F91C6,43.955,46.55,above,,FC6,F91C6
640B-6400,FC6,F91C6,43.955,46.55,above,,FC6,F91C6
65CJ-65CG,FC6,F91C6,43.955,46.55,above,,FC6,F91C6
573I-573P,FC6,F91C6,43.955,46.55,above,,FC6,F91C6
594Y-59AA,FC6,F91C6,43.955,46.55,above,,FC6,F91C6
62AT-62AM,FC6,F91C6,43.955,46.55,above,,FC6,F91C6
6300-62GP,FC6,F91C6,43.955,46.55,above,,FC6,F91C6
65AU-65AM,FC6,F91C6,43.955,46.55,above,,FC6,F91C6
667L-667B,FC6,F91C6,43.955,46.55,above,,FC6,F91C6
56BE-56BK,FC6,F91C6,43.955,46.55,above,,FC6,F91C6
57AB-580A,FC6,F91C6,43.955,46.55,above,,FC6,F91C6
610I-610E,FC6,F91C6,43.955,46.55,above,,FC6,F91C6
62CM-62CY,FC6,F91C6,43.955,46.55,above,,FC6,F91C6
640Q-641B,FC6,F91C6,43.955,46.55,above,,FC6,F91C6
65DD-65DH,FC6,F91C6,43.955,46.55,above,,FC6,F91C6
831M-831B,FC7,F91C7,60.28,62.778,above,,FC7,F91C7
902S-902K,FC7,F91C7,60.28,62.778,above,,FC7,F91C7
931R-931Z,FC7,F91C7,60.28,62.778,above,,FC7,F91C7
65CZ-65DM,FC7,F91C7,60.28,62.778,above,,FC7,F91C7
640F-640S,FC7,F91C7,60.28,62.778,above,,FC7,F91C7
62CP-62DC,FC7,F91C7,60.28,62.778,above,,FC7,F91C7
610K-610G,FC7,F91C7,60.28,62.778,above,,FC7,F91C7
694I-694E,FC7,F91C7,60.28,62.778,above,,FC7,F91C7
730Q-730Y,FC7,F91C7,60.28,62.778,above,,FC7,F91C7
74FZ-74FR,FC7,F91C7,60.28,62.778,above,,FC7,F91C7
77BD-780I,FC7,F91C7,60.28,62.778,above,,FC7,F91C7
801C-801K,FC7,F91C7,60.28,62.778,above,,FC7,F91C7
8900-8910,FC7,F91C7,60.28,62.778,above,,FC7,F91C7
910R-912B,FC7,F91C7,60.28,62.778,above,,FC7,F91C7
799J-799K,FC7,F91C7,62.778,66.502,above,,FC7,F91C7
770A-76AB,FC7,F91C7,62.778,66.502,above,,FC7,F91C7
74CT-74CQ,FC7,F91C7,62.778,66.502,above,,FC7,F91C7
727B-726M,FC7,F91C7,62.778,66.502,above,,FC7,F91C7
62AW-62AO,FC7,F91C7,62.778,66.502,above,,FC7,F91C7
62GW-62GX,FC7,F91C7,62.778,66.502,above,,FC7,F91C7
65AX-65AQ,FC7,F91C7,62.778,66.502,above,,FC7,F91C7
667I-667H,FC7,F91C7,62.778,66.502,above,,FC7,F91C7
912B-910Q,FC7,F91C7,62.778,66.502,above,,FC7,F91C7
8910-891D,FC7,F91C7,62.778,66.502,above,,FC7,F91C7
801K-801B,FC7,F91C7,62.778,66.502,above,,FC7,F91C7
780I-77BC,FC7,F91C7,62.778,66.502,above,,FC7,F91C7
74FR-74FX,FC7,F91C7,62.778,66.502,above,,FC7,F91C7
730Y-73AB,FC7,F91C7,62.778,66.502,above,,FC7,F91C7
694E-694H,FC7,F91C7,62.778,66.502,above,,FC7,F91C7
610G-610H,FC7,F91C7,62.778,66.502,above,,FC7,F91C7
62DC-62CL,FC7,F91C7,62.778,66.502,above,,FC7,F91C7
640S-640P,FC7,F91C7,62.778,66.502,above,,FC7,F91C7
65DM-65DC,FC7,F91C7,62.778,66.502,above,,FC7,F91C7
931Z-93AD,FC7,F91C7,62.778,66.502,above,,FC7,F91C7
902K-902F,FC7,F91C7,62.778,66.502,above,,FC7,F91C7
831B-831H,FC7,F91C7,62.778,66.502,above,,FC7,F91C7
667A-667I,FC7,F91C7,60.28,62.778,above,,FC7,F91C7
65AY-65AX,FC7,F91C7,60.28,62.778,above,,FC7,F91C7
62GK-62GW,FC7,F91C7,60.28,62.778,above,,FC7,F91C7
62AZ-62AW,FC7,F91C7,60.28,62.778,above,,FC7,F91C7
726G-727B,FC7,F91C7,60.28,62.778,above,,FC7,F91C7
74CS-74CT,FC7,F91C7,60.28,62.778,above,,FC7,F91C7
7700-770A,FC7,F91C7,60.28,62.778,above,,FC7,F91C7
799L-799J,FC7,F91C7,60.28,62.778,above,,FC7,F91C7
580O-580N,FC8,F91C8,59.055,62.778,above,,FC8,F91C8
580X-580U,FC8,F91C8,59.055,62.778,above,,FC8,F91C8
58AB-58AE,FC8,F91C8,59.055,62.778,above,,FC8,F91C8
58AM-58AJ,FC8,F91C8,59.055,62.778,above,,FC8,F91C8
590D-5900,FC8,F91C8,59.055,62.778,above,,FC8,F91C8
592M-592J,FC8,F91C8,59.055,62.778,above,,FC8,F91C8
592Q-592U,FC8,F91C8,59.055,62.778,above,,FC8,F91C8
592Z-592V,FC8,F91C8,59.055,62.778,above,,FC8,F91C8
594D-594B,FC8,F91C8,59.055,62.778,above,,FC8,F91C8
594J-594K,FC8,F91C8,59.055,62.778,above,,FC8,F91C8
580N-580P,FC8,F91C8,62.778,66.502,above,,FC8,F91C8
580U-580V,FC8,F91C8,62.778,66.502,above,,FC8,F91C8
58AE-58AF,FC8,F91C8,62.778,66.502,above,,FC8,F91C8
58AJ-58AI,FC8,F91C8,62.778,66.502,above,,FC8,F91C8
5900-590E,FC8,F91C8,62.778,66.502,above,,FC8,F91C8
592J-592O,FC8,F91C8,62.778,66.502,above,,FC8,F91C8
592U-592P,FC8,F91C8,62.778,66.502,above,,FC8,F91C8
592V-592W,FC8,F91C8,62.778,66.502,above,,FC8,F91C8
594B-594C,FC8,F91C8,62.778,66.502,above,,FC8,F91C8
594K-594L,FC8,F91C8,62.778,66.502,above,,FC8,F91C8
622M-622P,HBB,HBB,21.555,24.555,above,,HBB,HBB
610X-610V,HBB,HBB,21.555,24.555,above,,HBB,HBB
61AN-61AO,HBB,HBB,21.555,24.555,above,,HBB,HBB
61AJ-61AK,HBB,HBB,21.555,24.555,above,,HBB,HBB
62AB-62AC,HBB,HBB,21.555,24.555,above,,HBB,HBB
622J-622L,HBB,HBB,21.555,24.555,above,,HBB,HBB
62FQ-62FS,HBB,HBB,21.555,24.555,above,,HBB,HBB
62DF-62DG,HBB,HBB,21.555,24.555,above,,HBB,HBB
62DW-62DY,HBB,HBB,21.555,24.555,above,,HBB,HBB
62DR-62DS,HBB,HBB,21.555,24.555,above,,HBB,HBB
62GE-62GG,HBB,HBB,21.555,24.555,above,,HBB,HBB
62FL-62FO,HBB,HBB,21.555,24.555,above,,HBB,HBB
62BV-62BW,HBB,HBB,21.555,24.555,above,,HBB,HBB
62BE-62BD,HBB,HBB,21.555,24.555,above,,HBB,HBB
62BN-62BO,HBB,HBB,21.555,24.555,above,,HBB,HBB
62BM-62BL,HBB,HBB,21.555,24.555,above,,HBB,HBB
62CE-62CD,HBB,HBB,21.555,24.555,above,,HBB,HBB
62BU-62BT,HBB,HBB,21.555,24.555,above,,HBB,HBB
63BE-63BF,HBB,HBB,21.555,24.555,above,,HBB,HBB
630Z-630X,HBB,HBB,21.555,24.555,above,,HBB,HBB
63AL-63AN,HBB,HBB,21.555,24.555,above,,HBB,HBB
63AJ-63AI,HBB,HBB,21.555,24.555,above,,HBB,HBB
63BO-63BP,HBB,HBB,21.555,24.555,above,,HBB,HBB
63BA-63BB,HBB,HBB,21.555,24.555,above,,HBB,HBB
650R-650U,HBB,HBB,21.555,24.555,above,,HBB,HBB
641C-641E,HBB,HBB,21.555,24.555,above,,HBB,HBB
641W-641X,HBB,HBB,21.555,24.555,above,,HBB,HBB
641T-641R,HBB,HBB,21.555,24.555,above,,HBB,HBB
65AF-65AH,HBB,HBB,21.555,24.555,above,,HBB,HBB
650P-650N,HBB,HBB,21.555,24.555,above,,HBB,HBB
664E-664D,HBB,HBB,21.555,24.555,above,,HBB,HBB
6600-65DS,HBB,HBB,21.555,24.555,above,,HBB,HBB
662B-6621,HBB,HBB,21.555,24.555,above,,HBB,HBB
6620-661F,HBB,HBB,21.555,24.555,above,,HBB,HBB
666D-666F,HBB,HBB,21.555,24.555,above,,HBB,HBB
663U-6640,HBB,HBB,21.555,24.555,above,,HBB,HBB
680W-680Z,HBB,HBB,21.555,24.555,above,,HBB,HBB
670F-670H,HBB,HBB,21.555,24.555,above,,HBB,HBB
67AA-670Y,HBB,HBB,21.555,24.555,above,,HBB,HBB
670W-670U,HBB,HBB,21.555,24.555,above,,HBB,HBB
68AO-68AN,HBB,HBB,21.555,24.555,above,,HBB,HBB
680T-680S,HBB,HBB,21.555,24.555,above,,HBB,HBB
560A-55CH,HBB,HBB,21.555,24.555,above,,HBB,HBB
563L-563J,HBB,HBB,21.555,24.555,above,,HBB,HBB
566G-566E,HBB,HBB,21.555,24.555,above,,HBB,HBB
567N-567L,HBB,HBB,21.555,24.555,above,,HBB,HBB
566A-566B,HBB,HBB,21.555,24.555,above,,HBB,HBB
563E-563I,HBB,HBB,21.555,24.555,above,,HBB,HBB
572C-572D,HBB,HBB,21.555,24.555,above,,HBB,HBB
56BR-56BO,HBB,HBB,21.555,24.555,above,,HBB,HBB
570H-570F,HBB,HBB,21.555,24.555,above,,HBB,HBB
570C-570B,HBB,HBB,21.555,24.555,above,,HBB,HBB
573A-573B,HBB,HBB,21.555,24.555,above,,HBB,HBB
572A-572B,HBB,HBB,21.555,24.555,above,,HBB,HBB
580Q-580R,HBB,HBB,21.555,24.555,above,,HBB,HBB
58AH-58AL,HBB,HBB,21.555,24.555,above,,HBB,HBB
590B-590C,HBB,HBB,21.555,24.555,above,,HBB,HBB
592L-592K,HBB,HBB,21.555,24.555,above,,HBB,HBB
592S-592R,HBB,HBB,21.555,24.555,above,,HBB,HBB
594M-594I,HBB,HBB,21.555,24.555,above,,HBB,HBB
55AA-53BY,HLK,HHH,62.778,66.502,above,,HLK,HHH
55AF-53BZ,HLK,HHH,62.778,66.502,above,,HLK,HHH
56AP-56AQ,HLK,HHH,75.136,74.586,above,,HLK,HHH
55AY-55AU,HLK,HHH,75.136,74.586,above,,HLK,HHH
514O-514M,HLK,HHH,75.136,74.586,above,,HLK,HHH
53CH-53CL,HLK,HHH,75.136,74.586,above,,HLK,HHH
56AQ-53CL,HLK,HHH,74.586,74.586,above,,HLK,HHH
56AQ-56AR,HLK,HHH,74.586,72.441,above,,HLK,HHH
55AU-56AQ,HLK,HHH,74.586,74.586,above,,HLK,HHH
55AU-55AX,HLK,HHH,74.586,72.441,above,,HLK,HHH
514M-55AU,HLK,HHH,74.586,74.586,above,,HLK,HHH
514M-514L,HLK,HHH,74.586,72.441,above,,HLK,HHH
53CL-514M,HLK,HHH,74.586,74.586,above,,HLK,HHH
53CL-53CK,HLK,HHH,74.586,72.441,above,,HLK,HHH
56AR-55AX,HLK,HHH,72.441,72.441,above,,HLK,HHH
56AR-56AN,HLK,HHH,72.441,71.341,above,,HLK,HHH
55AX-514L,HLK,HHH,72.441,72.441,above,,HLK,HHH
55AX-55AV,HLK,HHH,72.441,71.341,above,,HLK,HHH
514Q-53CD,HLK,HHH,71.341,71.341,above,,HLK,HHH
514Q-514P,HLK,HHH,71.341,70.086,above,,HLK,HHH
56AJ-56AN,HLK,HHH,71.341,71.341,above,,HLK,HHH
56AJ-56AL,HLK,HHH,71.341,70.086,above,,HLK,HHH
514J-53CA,HLK,HHH,71.341,71.341,above,,HLK,HHH
514J-514N,HLK,HHH,71.341,71.341,above,,HLK,HHH
514J-514I,HLK,HHH,71.341,70.086,above,,HLK,HHH
56AT-55BL,HLK,HHH,71.341,71.341,above,,HLK,HHH
56AT-56AU,HLK,HHH,71.341,70.086,above,,HLK,HHH
55BB-55BE,HLK,HHH,71.341,71.341,above,,HLK,HHH
55BB-55BC,HLK,HHH,71.341,70.086,above,,HLK,HHH
53BW-53CA,HLK,HHH,71.341,71.341,above,,HLK,HHH
53BW-53BX,HLK,HHH,71.341,70.086,above,,HLK,HHH
55BO-55BP,HLK,HHH,71.341,70.086,above,,HLK,HHH
53CA-55BE,HLK,HHH,71.341,71.341,above,,HLK,HHH
53CA-53CD,HLK,HHH,71.341,71.341,above,,HLK,HHH
53CA-53CB,HLK,HHH,71.341,70.086,above,,HLK,HHH
55BE-55BG,HLK,HHH,71.341,71.341,above,,HLK,HHH
55BE-55BF,HLK,HHH,71.341,70.086,above,,HLK,HHH
55BL-55BO,HLK,HHH,71.341,71.341,above,,HLK,HHH
55BL-53CG,HLK,HHH,71.341,71.341,above,,HLK,HHH
55BL-55BM,HLK,HHH,71.341,70.086,above,,HLK,HHH
53CG-53CI,HLK,HHH,71.341,71.341,above,,HLK,HHH
53CG-53CF,HLK,HHH,71.341,70.086,above,,HLK,HHH
55BG-56AJ,HLK,HHH,71.341,71.341,above,,HLK,HHH
55BG-55BL,HLK,HHH,71.341,71.341,above,,HLK,HHH
55BG-55BI,HLK,HHH,71.341,70.086,above,,HLK,HHH
53CD-53CG,HLK,HHH,71.341,71.341,above,,HLK,HHH
53CD-55BG,HLK,HHH,71.341,71.341,above,,HLK,HHH
53CD-53CE,HLK,HHH,71.341,70.086,above,,HLK,HHH
53CB-53BZ,HLK,HHH,70.086,66.502,above,,HLK,HHH
53CB-53CE,HLK,HHH,70.086,70.086,above,,HLK,HHH
53CB-55BF,HLK,HHH,70.086,70.086,above,,HLK,HHH
53BZ-53CC,HLK,HHH,66.502,66.502,above,,HLK,HHH
53CE-53CC,HLK,HHH,70.086,66.502,above,,HLK,HHH
53CE-53CF,HLK,HHH,70.086,70.086,above,,HLK,HHH
53CE-55BI,HLK,HHH,70.086,70.086,above,,HLK,HHH
53CC-55AK,HLK,HHH,66.502,66.502,above,,HLK,HHH
53CC-55AJ,HLK,HHH,66.502,62.778,above,,HLK,HHH
53CC-53CF,HLK,HHH,66.502,70.086,above,,HLK,HHH
516R-516S,HLK,HHH,71.341,70.086,above,,HLK,HHH
516P-516R,HLK,HHH,71.341,71.341,above,,HLK,HHH
516P-516Q,HLK,HHH,71.341,70.086,above,,HLK,HHH
56AS-56AU,HLK,HHH,70.086,70.086,above,,HLK,HHH
514K-514P,HLK,HHH,70.086,70.086,above,,HLK,HHH
514L-53CK,HLK,HHH,72.441,72.441,above,,HLK,HHH
514L-514N,HLK,HHH,72.441,71.341,above,,HLK,HHH
53CK-56AR,HLK,HHH,72.441,72.441,above,,HLK,HHH
53CK-53CI,HLK,HHH,72.441,71.341,above,,HLK,HHH
56AN-56AT,HLK,HHH,71.341,71.341,above,,HLK,HHH
56AN-56AS,HLK,HHH,71.341,70.086,above,,HLK,HHH
55AV-55BB,HLK,HHH,71.341,71.341,above,,HLK,HHH
55AV-53BW,HLK,HHH,71.341,71.341,above,,HLK,HHH
55AV-55AW,HLK,HHH,71.341,70.086,above,,HLK,HHH
514N-514Q,HLK,HHH,71.341,71.341,above,,HLK,HHH
514N-514K,HLK,HHH,71.341,70.086,above,,HLK,HHH
53CI-55BO,HLK,HHH,71.341,71.341,above,,HLK,HHH
53CI-53CJ,HLK,HHH,71.341,70.086,above,,HLK,HHH
53CJ-55BP,HLK,HHH,70.086,70.086,above,,HLK,HHH
514P-53CE,HLK,HHH,70.086,70.086,above,,HLK,HHH
56AL-56AS,HLK,HHH,70.086,70.086,above,,HLK,HHH
55AW-55BC,HLK,HHH,70.086,70.086,above,,HLK,HHH
55AW-53BX,HLK,HHH,70.086,70.086,above,,HLK,HHH
55BC-55BF,HLK,HHH,70.086,70.086,above,,HLK,HHH
55BC-55BA,HLK,HHH,70.086,66.502,above,,HLK,HHH
53BX-53CB,HLK,HHH,70.086,70.086,above,,HLK,HHH
53BX-53BY,HLK,HHH,70.086,66.502,above,,HLK,HHH
53BY-55AB,HLK,HHH,66.502,66.502,above,,HLK,HHH
53BY-53BZ,HLK,HHH,66.502,66.502,above,,HLK,HHH
514I-53CB,HLK,HHH,70.086,70.086,above,,HLK,HHH
514I-514K,HLK,HHH,70.086,70.086,above,,HLK,HHH
56AU-55BM,HLK,HHH,70.086,70.086,above,,HLK,HHH
56AU-56AV,HLK,HHH,70.086,66.502,above,,HLK,HHH
55BF-55BI,HLK,HHH,70.086,70.086,above,,HLK,HHH
55BF-55BD,HLK,HHH,70.086,66.502,above,,HLK,HHH
55BM-55BP,HLK,HHH,70.086,70.086,above,,HLK,HHH
55BM-53CF,HLK,HHH,70.086,70.086,above,,HLK,HHH
55BM-55BN,HLK,HHH,70.086,66.502,above,,HLK,HHH
53CF-53CJ,HLK,HHH,70.086,70.086,above,,HLK,HHH
55BI-56AL,HLK,HHH,70.086,70.086,above,,HLK,HHH
55BI-55BM,HLK,HHH,70.086,70.086,above,,HLK,HHH
516S-53CC,HLK,HHH,70.086,66.502,above,,HLK,HHH
516S-516Q,HLK,HHH,70.086,70.086,above,,HLK,HHH
516Q-53BZ,HLK,HHH,70.086,66.502,above,,HLK,HHH
56AV-56AM,HLK,HHH,66.502,66.502,above,,HLK,HHH
56AV-56AO,HLK,HHH,66.502,62.778,above,,HLK,HHH
55BN-53CF,HLK,HHH,66.502,70.086,above,,HLK,HHH
55BN-56AV,HLK,HHH,66.502,66.502,above,,HLK,HHH
55BN-55BJ,HLK,HHH,66.502,66.502,above,,HLK,HHH
55BN-55BK,HLK,HHH,66.502,62.778,above,,HLK,HHH
56AK-56AL,HLK,HHH,66.502,70.086,above,,HLK,HHH
55BH-55BI,HLK,HHH,66.502,70.086,above,,HLK,HHH
55AD-53BZ,HLK,HHH,66.502,66.502,above,,HLK,HHH
53CV-53CW,SSC,SSB,59.055,62.778,above,,SSC,SSB
550Z-550U,SSC,SSB,59.055,62.778,above,,SSC,SSB
540C-540B,SSC,SSB,59.055,62.778,above,,SSC,SSB
55AE-55AF,SSC,SSB,59.055,62.778,above,,SSC,SSB
550F-550E,SSC,SSB,59.055,62.778,above,,SSC,SSB
540J-540K,SSC,SSB,59.055,62.778,above,,SSC,SSB
541C-541D,SSC,SSB,59.055,62.778,above,,SSC,SSB
541H-541F,SSC,SSB,59.055,62.778,above,,SSC,SSB
54AD-550A,SSC,SSB,59.055,62.778,above,,SSC,SSB
550N-550L,SSC,SSB,59.055,62.778,above,,SSC,SSB
511J-511D,SSC,SSB,29.055,31.805,above,,SSC,SSB
510R-511A,SSC,SSB,29.055,31.805,above,,SSC,SSB
510F-510G,SSC,SSB,29.055,31.805,above,,SSC,SSB
510D-510C,SSC,SSB,29.055,31.805,above,,SSC,SSB
50BM-50BO,SSC,SSB,29.055,31.805,above,,SSC,SSB
50AY-50BD,SSC,SSB,29.055,31.805,above,,SSC,SSB
504Y-504T,SSC,SSB,29.055,31.805,above,,SSC,SSB
504I-504J,SSC,SSB,29.055,31.805,above,,SSC,SSB
504E-503E,SSC,SSB,29.055,31.805,above,,SSC,SSB
503B-503A,SSC,SSB,29.055,31.805,above,,SSC,SSB
501N-501M,SSC,SSB,29.055,31.805,above,,SSC,SSB
501J-501I,SSC,SSB,29.055,31.805,above,,SSC,SSB
53BC-53BJ,SSC,SSB,29.055,31.805,above,,SSC,SSB
53AY-53AU,SSC,SSB,29.055,31.805,above,,SSC,SSB
53AJ-53AL,SSC,SSB,29.055,31.805,above,,SSC,SSB
53AB-530Y,SSC,SSB,29.055,31.805,above,,SSC,SSB
530Q-530P,SSC,SSB,29.055,31.805,above,,SSC,SSB
520Y-52AC,SSC,SSB,29.055,31.805,above,,SSC,SSB
520X-520U,SSC,SSB,29.055,31.805,above,,SSC,SSB
520F-520D,SSC,SSB,29.055,31.805,above,,SSC,SSB
520A-51AT,SSC,SSB,29.055,31.805,above,,SSC,SSB
51AG-51AJ,SSC,SSB,29.055,31.805,above,,SSC,SSB
51AK-51AF,SSC,SSB,34.555,37.155,above,,SSC,SSB
51AO-51AS,SSC,SSB,34.555,37.155,above,,SSC,SSB
520M-520E,SSC,SSB,34.555,37.155,above,,SSC,SSB
520W-520Q,SSC,SSB,34.555,37.155,above,,SSC,SSB
52AG-52AD,SSC,SSB,34.555,37.155,above,,SSC,SSB
530R-530K,SSC,SSB,34.555,37.155,above,,SSC,SSB
53AC-53AA,SSC,SSB,34.555,37.155,above,,SSC,SSB
53AK-53AO,SSC,SSB,34.555,37.155,above,,SSC,SSB
53AZ-53AS,SSC,SSB,34.555,37.155,above,,SSC,SSB
53BG-53BB,SSC,SSB,34.555,37.155,above,,SSC,SSB
501B-501C,SSC,SSB,34.555,37.155,above,,SSC,SSB
501P-501T,SSC,SSB,34.555,35.055,above,,SSC,SSB
502A-5030,SSC,SSB,34.555,35.055,above,,SSC,SSB
504C-504A,SSC,SSB,34.555,35.055,above,,SSC,SSB
504O-504G,SSC,SSB,34.555,37.155,above,,SSC,SSB
504X-504S,SSC,SSB,34.555,37.155,above,,SSC,SSB
50BB-50AX,SSC,SSB,34.555,37.155,above,,SSC,SSB
50BN-50BI,SSC,SSB,34.555,37.155,above,,SSC,SSB
510E-510B,SSC,SSB,34.555,35.055,above,,SSC,SSB
510M-510K,SSC,SSB,34.555,35.055,above,,SSC,SSB
510P-5110,SSC,SSB,34.555,35.055,above,,SSC,SSB
511G-511C,SSC,SSB,34.555,37.155,above,,SSC,SSB
511H-511E,SSC,SSB,39.755,43.152,above,,SSC,SSB
50BG-50BH,SSC,SSB,39.755,43.152,above,,SSC,SSB
50AU-50AW,SSC,SSB,39.755,43.152,above,,SSC,SSB
504U-504Z,SSC,SSB,39.755,43.152,above,,SSC,SSB
504N-504K,SSC,SSB,39.755,43.152,above,,SSC,SSB
501D-501E,SSC,SSB,39.755,43.152,above,,SSC,SSB
53BD-53BK,SSC,SSB,39.755,43.152,above,,SSC,SSB
530X-530W,SSC,SSB,39.755,43.152,above,,SSC,SSB
530O-530S,SSC,SSB,39.755,43.152,above,,SSC,SSB
52AE-520Z,SSC,SSB,39.755,43.152,above,,SSC,SSB
520V-520P,SSC,SSB,39.755,43.152,above,,SSC,SSB
51AL-51AN,SSC,SSB,39.755,43.152,above,,SSC,SSB
510N-510Q,SSC,SSB,39.755,43.152,above,,SSC,SSB
50BR-50BP,SSC,SSB,39.755,43.152,above,,SSC,SSB
504D-503D,SSC,SSB,39.755,43.152,above,,SSC,SSB
501L-501U,SSC,SSB,39.755,43.152,above,,SSC,SSB
53BA-53AR,SSC,SSB,39.755,43.152,above,,SSC,SSB
53AF-53AN,SSC,SSB,39.755,43.152,above,,SSC,SSB
520I-520H,SSC,SSB,39.755,43.152,above,,SSC,SSB
51AQ-51AV,SSC,SSB,39.755,43.152,above,,SSC,SSB
51AE-51AG,SSC,SSB,26.805,29.055,above,,SSC,SSB
5200-520A,SSC,SSB,26.805,29.055,above,,SSC,SSB
520J-520F,SSC,SSB,26.805,29.055,above,,SSC,SSB
520O-520X,SSC,SSB,26.805,29.055,above,,SSC,SSB
52AH-520Y,SSC,SSB,26.805,29.055,above,,SSC,SSB
530N-530Q,SSC,SSB,26.805,29.055,above,,SSC,SSB
530Z-53AB,SSC,SSB,26.805,29.055,above,,SSC,SSB
53AG-53AJ,SSC,SSB,26.805,29.055,above,,SSC,SSB
53AT-53AY,SSC,SSB,26.805,29.055,above,,SSC,SSB
53BE-53BC,SSC,SSB,26.805,29.055,above,,SSC,SSB
501F-501J,SSC,SSB,26.805,29.055,above,,SSC,SSB
501K-501N,SSC,SSB,26.805,29.055,above,,SSC,SSB
5020-503B,SSC,SSB,26.805,29.055,above,,SSC,SSB
503C-504E,SSC,SSB,26.805,29.055,above,,SSC,SSB
504P-504I,SSC,SSB,26.805,29.055,above,,SSC,SSB
504Q-504Y,SSC,SSB,26.805,29.055,above,,SSC,SSB
50AV-50AY,SSC,SSB,26.805,29.055,above,,SSC,SSB
50BF-50BM,SSC,SSB,26.805,29.055,above,,SSC,SSB
50BQ-510D,SSC,SSB,26.805,29.055,above,,SSC,SSB
510H-510F,SSC,SSB,26.805,29.055,above,,SSC,SSB
510O-510R,SSC,SSB,26.805,29.055,above,,SSC,SSB
511F-511J,SSC,SSB,26.805,29.055,above,,SSC,SSB
511D-511G,SSC,SSB,31.805,34.555,above,,SSC,SSB
511A-510P,SSC,SSB,31.805,34.555,above,,SSC,SSB
510G-510M,SSC,SSB,31.805,34.555,above,,SSC,SSB
510C-510E,SSC,SSB,31.805,34.555,above,,SSC,SSB
50BO-50BN,SSC,SSB,31.805,34.555,above,,SSC,SSB
50BD-50BB,SSC,SSB,31.805,34.555,above,,SSC,SSB
504T-504X,SSC,SSB,31.805,34.555,above,,SSC,SSB
504J-504O,SSC,SSB,31.805,34.555,above,,SSC,SSB
503E-504C,SSC,SSB,31.805,34.555,above,,SSC,SSB
503A-502A,SSC,SSB,31.805,34.555,above,,SSC,SSB
501M-501P,SSC,SSB,31.805,34.555,above,,SSC,SSB
501I-501B,SSC,SSB,31.805,34.555,above,,SSC,SSB
53BJ-53BG,SSC,SSB,31.805,34.555,above,,SSC,SSB
53AU-53AZ,SSC,SSB,31.805,34.555,above,,SSC,SSB
53AL-53AK,SSC,SSB,31.805,34.555,above,,SSC,SSB
530Y-53AC,SSC,SSB,31.805,34.555,above,,SSC,SSB
530P-530R,SSC,SSB,31.805,34.555,above,,SSC,SSB
52AC-52AG,SSC,SSB,31.805,34.555,above,,SSC,SSB
520U-520W,SSC,SSB,31.805,34.555,above,,SSC,SSB
520D-520M,SSC,SSB,31.805,34.555,above,,SSC,SSB
51AT-51AO,SSC,SSB,31.805,34.555,above,,SSC,SSB
51AJ-51AK,SSC,SSB,31.805,34.555,above,,SSC,SSB
51AS-51AQ,SSC,SSB,37.155,39.755,above,,SSC,SSB
520E-520I,SSC,SSB,37.155,39.755,above,,SSC,SSB
53AO-53AF,SSC,SSB,37.155,39.755,above,,SSC,SSB
53AS-53BA,SSC,SSB,37.155,39.755,above,,SSC,SSB
501Q-501L,SSC,SSB,37.155,39.755,above,,SSC,SSB
504B-504D,SSC,SSB,37.155,39.755,above,,SSC,SSB
510A-50BR,SSC,SSB,37.155,39.755,above,,SSC,SSB
511B-510N,SSC,SSB,37.155,39.755,above,,SSC,SSB
51AF-51AL,SSC,SSB,37.155,39.755,above,,SSC,SSB
520Q-520V,SSC,SSB,37.155,39.755,above,,SSC,SSB
52AD-52AE,SSC,SSB,37.155,39.755,above,,SSC,SSB
530K-530O,SSC,SSB,37.155,39.755,above,,SSC,SSB
53AA-530X,SSC,SSB,37.155,39.755,above,,SSC,SSB
53BB-53BD,SSC,SSB,37.155,39.755,above,,SSC,SSB
501C-501D,SSC,SSB,37.155,39.755,above,,SSC,SSB
504G-504N,SSC,SSB,37.155,39.755,above,,SSC,SSB
504S-504U,SSC,SSB,37.155,39.755,above,,SSC,SSB
50AX-50AU,SSC,SSB,37.155,39.755,above,,SSC,SSB
50BI-50BG,SSC,SSB,37.155,39.755,above,,SSC,SSB
511C-511H,SSC,SSB,37.155,39.755,above,,SSC,SSB
511E-511I,SSC,SSB,43.152,46.55,above,,SSC,SSB
50BH-50BJ,SSC,SSB,43.152,46.55,above,,SSC,SSB
50AW-50BC,SSC,SSB,43.152,46.55,above,,SSC,SSB
504Z-504R,SSC,SSB,43.152,46.55,above,,SSC,SSB
504K-504H,SSC,SSB,43.152,46.55,above,,SSC,SSB
501E-501A,SSC,SSB,43.152,46.55,above,,SSC,SSB
53BK-53BF,SSC,SSB,43.152,46.55,above,,SSC,SSB
530W-530V,SSC,SSB,43.152,46.55,above,,SSC,SSB
530S-530T,SSC,SSB,43.152,46.55,above,,SSC,SSB
520Z-52AF,SSC,SSB,43.152,46.55,above,,SSC,SSB
520P-520R,SSC,SSB,43.152,46.55,above,,SSC,SSB
51AN-51AM,SSC,SSB,43.152,46.55,above,,SSC,SSB
510Q-510S,SSC,SSB,43.152,46.55,above,,SSC,SSB
50BP-5100,SSC,SSB,43.152,46.55,above,,SSC,SSB
503D-503F,SSC,SSB,43.152,46.55,above,,SSC,SSB
501U-501O,SSC,SSB,43.152,46.55,above,,SSC,SSB
53AR-53AV,SSC,SSB,43.152,46.55,above,,SSC,SSB
53AN-53AM,SSC,SSB,43.152,46.55,above,,SSC,SSB
520H-520G,SSC,SSB,43.152,46.55,above,,SSC,SSB
51AV-51AP,SSC,SSB,43.152,46.55,above,,SSC,SSB
55AI-55AC,SSC,SSB,49.676,52.803,above,,SSC,SSB
550T-550V,SSC,SSB,49.676,52.803,above,,SSC,SSB
550Q-550M,SSC,SSB,49.676,52.803,above,,SSC,SSB
550I-550H,SSC,SSB,49.676,52.803,above,,SSC,SSB
54AF-54AE,SSC,SSB,49.676,52.803,above,,SSC,SSB
541I-541E,SSC,SSB,49.676,52.803,above,,SSC,SSB
540R-541B,SSC,SSB,49.676,52.803,above,,SSC,SSB
540I-540M,SSC,SSB,49.676,52.803,above,,SSC,SSB
540F-540E,SSC,SSB,49.676,52.803,above,,SSC,SSB
53DA-53CZ,SSC,SSB,49.676,52.803,above,,SSC,SSB
53CZ-5400,SSC,SSB,52.803,55.929,above,,SSC,SSB
540E-540D,SSC,SSB,52.803,55.929,above,,SSC,SSB
540M-540N,SSC,SSB,52.803,55.929,above,,SSC,SSB
541B-5410,SSC,SSB,52.803,55.929,above,,SSC,SSB
541E-541G,SSC,SSB,52.803,55.929,above,,SSC,SSB
54AE-550C,SSC,SSB,52.803,55.929,above,,SSC,SSB
550H-550J,SSC,SSB,52.803,55.929,above,,SSC,SSB
550M-550O,SSC,SSB,52.803,55.929,above,,SSC,SSB
550V-550X,SSC,SSB,52.803,55.929,above,,SSC,SSB
55AC-55AH,SSC,SSB,52.803,55.929,above,,SSC,SSB
55AH-55AE,SSC,SSB,55.929,59.055,above,,SSC,SSB
550X-550Z,SSC,SSB,55.929,59.055,above,,SSC,SSB
550O-550N,SSC,SSB,55.929,59.055,above,,SSC,SSB
550J-550F,SSC,SSB,55.929,59.055,above,,SSC,SSB
550C-54AD,SSC,SSB,55.929,59.055,above,,SSC,SSB
541G-541H,SSC,SSB,55.929,59.055,above,,SSC,SSB
5410-541C,SSC,SSB,55.929,59.055,above,,SSC,SSB
540N-540J,SSC,SSB,55.929,59.055,above,,SSC,SSB
540D-540C,SSC,SSB,55.929,59.055,above,,SSC,SSB
5400-53CV,SSC,SSB,55.929,59.055,above,,SSC,SSB
53CW-53CY,SSC,SSB,62.778,66.502,above,,SSC,SSB
550U-550Y,SSC,SSB,62.778,66.502,above,,SSC,SSB
540B-540A,SSC,SSB,62.778,66.502,above,,SSC,SSB
55AF-55AD,SSC,SSB,62.778,66.502,above,,SSC,SSB
550E-550G,SSC,SSB,62.778,66.502,above,,SSC,SSB
540K-540O,SSC,SSB,62.778,66.502,above,,SSC,SSB
541D-541A,SSC,SSB,62.778,66.502,above,,SSC,SSB
541F-541K,SSC,SSB,62.778,66.502,above,,SSC,SSB
550A-550B,SSC,SSB,62.778,66.502,above,,SSC,SSB
550L-550P,SSC,SSB,62.778,66.502,above,,SSC,SSB
51AH-51AI,SSC,SSB,21.555,24.555,above,,SSC,SSB
51AR-51AU,SSC,SSB,21.555,24.555,above,,SSC,SSB
51AI-51AE,SSC,SSB,24.555,26.805,above,,SSC,SSB
51AU-5200,SSC,SSB,24.555,26.805,above,,SSC,SSB
520K-520L,SSC,SSB,21.555,24.555,above,,SSC,SSB
520S-520T,SSC,SSB,21.555,24.555,above,,SSC,SSB
52AA-52AB,SSC,SSB,21.555,24.555,above,,SSC,SSB
530L-530M,SSC,SSB,21.555,24.555,above,,SSC,SSB
53AE-53AD,SSC,SSB,21.555,24.555,above,,SSC,SSB
53AH-53AI,SSC,SSB,21.555,24.555,above,,SSC,SSB
53AX-53AW,SSC,SSB,21.555,24.555,above,,SSC,SSB
53BH-53BI,SSC,SSB,21.555,24.555,above,,SSC,SSB
520L-520J,SSC,SSB,24.555,26.805,above,,SSC,SSB
520T-520O,SSC,SSB,24.555,26.805,above,,SSC,SSB
52AB-52AH,SSC,SSB,24.555,26.805,above,,SSC,SSB
530M-530N,SSC,SSB,24.555,26.805,above,,SSC,SSB
53AD-530Z,SSC,SSB,24.555,26.805,above,,SSC,SSB
53AI-53AG,SSC,SSB,24.555,26.805,above,,SSC,SSB
53AW-53AT,SSC,SSB,24.555,26.805,above,,SSC,SSB
53BI-53BE,SSC,SSB,24.555,26.805,above,,SSC,SSB
501G-501H,SSC,SSB,21.555,24.555,above,,SSC,SSB
501R-501S,SSC,SSB,21.555,24.555,above,,SSC,SSB
501H-501F,SSC,SSB,24.555,26.805,above,,SSC,SSB
501S-501K,SSC,SSB,24.555,26.805,above,,SSC,SSB
503G-5040,SSC,SSB,21.555,24.555,above,,SSC,SSB
504L-504M,SSC,SSB,21.555,24.555,above,,SSC,SSB
504V-504W,SSC,SSB,21.555,24.555,above,,SSC,SSB
50AZ-50BA,SSC,SSB,21.555,24.555,above,,SSC,SSB
50BK-50BL,SSC,SSB,21.555,24.555,above,,SSC,SSB
50BS-50BT,SSC,SSB,21.555,24.555,above,,SSC,SSB
510T-510U,SSC,SSB,21.555,24.555,above,,SSC,SSB
511K-5120,SSC,SSB,21.555,24.555,above,,SSC,SSB
502C-5020,SSC,SSB,24.555,26.805,above,,SSC,SSB
5040-503C,SSC,SSB,24.555,26.805,above,,SSC,SSB
504M-504P,SSC,SSB,24.555,26.805,above,,SSC,SSB
504W-504Q,SSC,SSB,24.555,26.805,above,,SSC,SSB
50BA-50AV,SSC,SSB,24.555,26.805,above,,SSC,SSB
50BL-50BF,SSC,SSB,24.555,26.805,above,,SSC,SSB
50BT-50BQ,SSC,SSB,24.555,26.805,above,,SSC,SSB
510J-510H,SSC,SSB,24.555,26.805,above,,SSC,SSB
510U-510O,SSC,SSB,24.555,26.805,above,,SSC,SSB
5120-511F,SSC,SSB,24.555,26.805,above,,SSC,SSB
501T-501Q,SSC,SSB,35.055,37.155,above,,SSC,SSB
501T-5030,SSC,SSB,35.055,35.055,above,,SSC,SSB
5030-504A,SSC,SSB,35.055,35.055,above,,SSC,SSB
504A-504B,SSC,SSB,35.055,37.155,above,,SSC,SSB
510B-510A,SSC,SSB,35.055,37.155,above,,SSC,SSB
510B-510K,SSC,SSB,35.055,35.055,above,,SSC,SSB
510K-5110,SSC,SSB,35.055,35.055,above,,SSC,SSB
5110-511B,SSC,SSB,35.055,37.155,above,,SSC,SSB
53CX-53DA,SSC,SSB,46.55,49.676,above,,SSC,SSB
540G-540F,SSC,SSB,46.55,49.676,above,,SSC,SSB
540L-540I,SSC,SSB,46.55,49.676,above,,SSC,SSB
540Q-540R,SSC,SSB,46.55,49.676,above,,SSC,SSB
541J-541I,SSC,SSB,46.55,49.676,above,,SSC,SSB
5500-54AF,SSC,SSB,46.55,49.676,above,,SSC,SSB
550K-550I,SSC,SSB,46.55,49.676,above,,SSC,SSB
550R-550Q,SSC,SSB,46.55,49.676,above,,SSC,SSB
550W-550T,SSC,SSB,46.55,49.676,above,,SSC,SSB
55AG-55AI,SSC,SSB,46.55,49.676,above,,SSC,SSB
702F-702C,LT1,,21.555,24.555,above,,LT1,
722H-722G,LT1,,21.555,24.555,above,,LT1,
593A-5940,LT1,,21.555,24.555,above,,LT1,
LGA1-502B,LT1,,18.545,21.555,above,,LT1,
LGA3-510I,LT1,,18.545,21.555,above,,LT1,
LGB1-580Y,LT1,,18.545,21.555,above,,LT1,
580Y-580Z,LT1,,21.555,24.555,above,,LT1,
LGB3-593A,LT1,,18.545,21.555,above,,LT1,
502B-502C,LT1,,21.555,24.555,above,,LT1,
510I-510J,LT1,,21.555,24.555,above,,LT1,
LGC1-702F,LT2,,18.545,21.555,above,,LT2,
LGC3-722H,LT2,,18.545,21.555,above,,LT2,
LGD1-960T,LT2,,18.545,21.555,above,,LT2,
LGD3-99AJ,LT2,,18.545,21.555,above,,LT2,
960T-960R,LT2,,21.555,24.555,above,,LT2,
99AJ-99AG,LT2,,21.555,24.555,above,,LT2,
3038-300A,XE2,,-3.105,-2.109,in,,XE2,
300A-3235,XAL,,-2.109,-1.112,in,,XAL,
300B-3627,VA1,,8.817,9.403,above,,VA1,
3259-3000,HAV,C5K1,-6.0,-6.0,below,,HAV,C5K1
3000-3503,HAP,,-6.0,-6.0,below,,HAP,
3161-3240,XB2,C5U,-3.264,-2.643,in,,XB2,C5U
3240-3177,XY4,,-2.643,-0.538,in,,XY4,
3138-3245,HBH,C5V,-6.0,-6.0,below,,HBH,C5V
3245-3051,HDB,,-6.0,-6.0,below,,HDB,
3132-3247,HBI,C5W,-6.0,-6.0,below,,HBI,C5W
3247-3166,HEB,,-6.0,-6.0,below,,HEB,
3196-3262,XCB,C5M1,-3.306,-2.683,in,,XCB,C5M1
3262-3200,XAA,,-2.683,-0.523,in,,XAA,
3094-3264,HBO,C5Y,-6.0,-6.0,below,,HBO,C5Y
3264-3099,HEB,,-6.0,-6.0,below,,HEB,
2293-2195,HAY,C5L1,-6.0,-6.0,below,,HAY,C5L1
2195-3241,HDB,,-6.0,-6.0,below,,HDB,
3175-3265,HBU,C5A1,-6.0,-6.0,below,,HBU,C5A1
3265-3185,HDB,,-6.0,-6.0,below,,HDB,
3230-3266,XA8,,-1.594,-2.22,in,,XA8,
3266-K595,XA8,,-2.22,-2.633,in,,XA8,
3211-3267,XAP,,-1.893,-1.288,in,,XAP,
3267-3215,XAK,,-1.288,-0.704,in,,XAK,
3217-3268,XAK,,0.481,1.086,in,,XAK,
3143-3269,XBR,C5DB,-0.544,0.08,in,,XBR,C5DB
3269-3142,XAA,,0.08,2.416,in,,XAA,
3227-3270,XA8,,-1.098,-1.723,in,,XA8,
3270-3202,XA8,,-1.723,-2.146,in,,XA8,
2122-2292,HB6,C5G1,-22.0,-22.0,below,,HB6,C5G1
2292-2131,HB8,,-22.0,-22.0,below,,HB8,
2120-2294,HB7,C5H1,-22.0,-22.0,below,,HB7,C5H1
2294-2136,HAC,,-22.0,-22.0,below,,HAC,
300D-K140,XAA,,8.2,5.818,in,,XAA,
BO08-300D,VA0,,9.455,8.2,in,member straddles splash zone boundary,VA0,
3115-300E,XAA,,6.528,8.201,in,member straddles splash zone boundary,XAA,
300E-3261,VA1,,8.201,9.255,above,,VA1,
3615-300G,XAA,,7.371,8.201,in,member straddles splash zone boundary,XAA,
3263-300G,VA1,,9.255,8.201,above,,VA1,
2058-200A,HB4,HGCONEC,-19.88,-19.435,below,,HB4,HGCONEC
200A-2180,VBD,,-19.435,-19.118,below,,VBD,
J063-J743,JT9,,16.335,13.0,above,,JT9,
J743-J061,JT9,,13.0,11.75,above,,JT9,
J743-4000,JS0,,13.0,13.0,above,,JS0,
J064-K706,JT0,,16.335,13.0,above,,JT0,
K706-J075,JT1,,13.0,8.2,in,member straddles splash zone boundary,JT1,
J116-K708,JT9,,16.335,13.0,above,,JT9,
K708-K138,JT9,,13.0,12.099,above,,JT9,
3198-300B,VA1,,8.201,8.817,above,,VA1,
J581-K753,JT0,,16.335,13.0,above,,JT0,
K753-J579,JT1,,13.0,8.2,in,member straddles splash zone boundary,JT1,
J510-K747,JT0,,16.335,13.0,above,,JT0,
K747-J511,JT1,,13.0,8.2,in,member straddles splash zone boundary,JT1,
J441-K746,JT0,,16.335,13.0,above,,JT0,
K746-J440,JT1,,13.0,8.2,in,member straddles splash zone boundary,JT1,
J430-K724,JT0,,16.335,13.0,above,,JT0,
K724-J431,JT1,,13.0,8.2,in,member straddles splash zone boundary,JT1,
J361-K723,JT9,,16.335,13.0,above,,JT9,
K723-K556,JT9,,13.0,8.522,above,,JT9,
J290-GD19,JT0,,16.335,13.0,above,,JT0,
GD19-J293,JT1,,13.0,8.2,in,member straddles splash zone boundary,JT1,
J676-K755,JT9,,16.335,13.0,above,,JT9,
K755-J677,JT9,,13.0,10.2,above,,JT9,
J673-K756,JT9,,16.335,13.0,above,,JT9,
K756-J674,JT9,,13.0,10.2,above,,JT9,
J671-K757,JT9,,16.335,13.0,above,,JT9,
K757-J670,JT9,,13.0,10.2,above,,JT9,
J667-K758,JT9,,16.335,13.0,above,,JT9,
K758-J669,JT9,,13.0,10.2,above,,JT9,
J665-K759,JT9,,16.335,13.0,above,,JT9,
K759-J664,JT9,,13.0,11.2,above,,JT9,
J661-K760,JT9,,16.335,13.0,above,,JT9,
K760-K217,JT9,,13.0,8.669,above,,JT9,
J658-K761,JT9,,16.335,13.0,above,,JT9,
K761-K214,JT9,,13.0,9.882,above,,JT9,
J279-K762,JT0,,16.335,13.0,above,,JT0,
K762-J278,JT1,,13.0,8.2,in,member straddles splash zone boundary,JT1,
J275-K763,JT0,,16.335,13.0,above,,JT0,
K763-J274,JT1,,13.0,8.2,in,member straddles splash zone boundary,JT1,
J270-K764,JT0,,16.335,13.0,above,,JT0,
K764-J271,JT1,,13.0,8.2,in,member straddles splash zone boundary,JT1,
J656-K765,JT9,,16.335,13.0,above,,JT9,
K765-K186,JT9,,13.0,9.882,above,,JT9,
J652-K766,JT9,,16.335,13.0,above,,JT9,
K766-K183,JT9,,13.0,8.669,above,,JT9,
J650-K767,JT9,,16.335,13.0,above,,JT9,
K767-J651,JT9,,13.0,11.2,above,,JT9,
J647-K768,JT9,,16.335,13.0,above,,JT9,
K768-J648,JT9,,13.0,10.2,above,,JT9,
J643-K769,JT9,,16.335,13.0,above,,JT9,
K769-J644,JT9,,13.0,10.2,above,,JT9,
J640-K770,JT9,,16.335,13.0,above,,JT9,
K770-J642,JT9,,13.0,10.2,above,,JT9,
J639-K771,JT9,,16.335,13.0,above,,JT9,
K771-J637,JT9,,13.0,10.2,above,,JT9,
J353-K772,JT9,,16.335,13.0,above,,JT9,
K772-J376,JT9,,13.0,8.522,above,,JT9,
J451-K773,JT0,,16.335,13.0,above,,JT0,
K773-J458,JT1,,13.0,8.2,in,member straddles splash zone boundary,JT1,
J548-K774,JT0,,16.335,13.0,above,,JT0,
K774-J558,JT1,,13.0,8.2,in,member straddles splash zone boundary,JT1,
K389-K775,JT0,,16.335,13.0,above,,JT0,
K775-K394,JT1,,13.0,8.2,in,member straddles splash zone boundary,JT1,
K641-K776,JT0,,16.335,13.0,above,,JT0,
K776-K646,JT1,,13.0,8.2,in,member straddles splash zone boundary,JT1,
J118-K777,JT9,,16.335,13.0,above,,JT9,
K777-K709,JT9,,13.0,12.253,above,,JT9,
J067-K778,JT9,,16.335,13.0,above,,JT9,
K778-J065,JT9,,13.0,11.75,above,,JT9,
3562-3151,LBP,,-4.25,-6.0,in,member straddles splash zone boundary,LBP,
3207-3183,XY4,,6.973,8.201,in,member straddles splash zone boundary,XY4,
3242-2227,HAP,,-6.0,-6.0,below,,HAP,
3055-3223,XBS,,4.39,4.952,in,,XBS,
3155-3223,XBD,,5.666,4.952,in,,XBD,
2000-3271,XBH,HGCONEE,0.362,0.987,in,,XBH,HGCONEE
3271-3272,XCJ,,0.987,1.613,in,,XCJ,
3272-3075,XCJ,,1.613,2.424,in,,XCJ,
3612-3274,XCJ,,8.192,10.032,in,member straddles splash zone boundary,XCJ,
3274-3086,XCK,,10.032,10.663,above,,XCK,
3225-3188,XAJ,,4.414,4.874,in,,XAJ,
3357-3048,ZAE,,4.805,4.811,in,,ZAE,
3048-3577,ZAZ,,4.811,4.816,in,,ZAZ,
3546-3273,ZAZ,,4.805,4.805,in,,ZAZ,
3273-3357,ZAE,,4.805,4.805,in,,ZAE,
3188-3275,XY1,,4.874,5.615,in,,XY1,
3275-3585,XY1,,5.615,6.003,in,,XY1,
3268-3276,XB6,C5OA,1.086,1.69,in,,XB6,C5OA
3276-3194,XZ3,,1.69,2.584,in,,XZ3,
3539-3277,ZAI,,3.156,3.785,in,,ZAI,
3277-3540,ZAI,,3.785,4.78,in,,ZAI,
3537-3278,ZAM,C5QA,0.856,0.227,in,,ZAM,C5QA
3278-3536,VBC,,0.227,-2.452,in,,VBC,
2295-2198,XAG,,-3.192,-2.771,in,,XAG,
2198-2296,XA8,,-2.771,-2.458,in,,XA8,
2296-3202,XA8,,-2.458,-2.146,in,,XA8,
2297-K595,XA8,,-3.005,-2.633,in,,XA8,
3001-2297,XAG,,-4.1737,-3.005,in,,XAG,
2295-3037,XAG,,-3.192,-4.1714,in,,XAG,
2298-3211,XAP,,-2.241,-1.893,in,,XAP,
2299-3216,XAT,,-2.293,-1.965,in,,XAT,
2300-2299,XA3,C5IA,-2.917,-2.293,in,,XA3,C5IA
3170-2300,XAD,,-3.7043,-2.917,in,,XAD,
2301-2298,XA4,C5JA,-2.893,-2.241,in,,XA4,C5JA
2301-3170,XAF,,-2.893,-3.6882,in,,XAF,
3255-3253,XA1,,4.322,5.179,in,,XA1,
3239-3074,XAJ,,2.714,2.273,in,,XAJ,
3074-3224,XBY,,2.273,0.953,in,,XBY,
3212-3042,XAT,,0.328,0.978,in,,XAT,
3042-3209,XAT,,0.978,1.629,in,,XAT,
3183-3206,VZ1,,8.201,9.399,above,,VZ1,
3092-3157,VCB,,-4.2122,-3.466,in,,VCB,
3092-3160,VCB,,-4.1634,-3.438,in,,VCB,
3160-2302,VCD,C9Z,-3.438,-2.809,in,,VCD,C9Z
2302-3163,VCC,,-2.809,2.407,in,,VCC,
3157-2303,VCD,C9Z,-3.466,-2.835,in,,VCD,C9Z
2303-3162,VCC,,-2.835,2.391,in,,VCC,
3067-3131,VCB,,-4.3139,-3.499,in,member straddles splash zone boundary,VCB,
3067-3088,VCB,,-4.2893,-3.485,in,,VCB,
3131-2304,VCD,C9Z,-3.499,-2.871,in,,VCD,C9Z
2304-3147,VCC,,-2.871,2.021,in,,VCC,
3088-2305,VCD,C9Z,-3.485,-2.857,in,,VCD,C9Z
2305-3097,VCC,,-2.857,-1.756,in,,VCC,
